solid OpenSCAD_Model
  facet normal 0 0 -1
    outer loop
      vertex -9.238795325112868 -3.826834323650899 -50
      vertex -5.29152758609013 -2.8283804209559866 -50
      vertex -8.81921264348355 -4.713967368259978 -50
    endloop
  endfacet
  facet normal 0 0 -1
    outer loop
      vertex -9.569403357322088 -2.902846772544624 -50
      vertex -5.54327719506772 -2.2961005941905395 -50
      vertex -9.238795325112868 -3.826834323650899 -50
    endloop
  endfacet
  facet normal 0 0 -1
    outer loop
      vertex -9.807852804032304 -1.9509032201612861 -50
      vertex -9.951847266721968 -0.9801714032956083 -50
      vertex -5.884711682419383 -1.1705419320967716 -50
    endloop
  endfacet
  facet normal 0 0 -1
    outer loop
      vertex -9.569403357322088 -2.902846772544624 -50
      vertex -9.807852804032304 -1.9509032201612861 -50
      vertex -5.741642014393253 -1.7417080635267748 -50
    endloop
  endfacet
  facet normal 0 0 -1
    outer loop
      vertex -9.951847266721968 -0.9801714032956083 -50
      vertex -10 0 -50
      vertex -5.971108360033181 -0.5881028419773651 -50
    endloop
  endfacet
  facet normal 0 0 -1
    outer loop
      vertex -10 0 -50
      vertex -9.95184726672197 0.9801714032956059 -50
      vertex -6 0 -50
    endloop
  endfacet
  facet normal 0 0 -1
    outer loop
      vertex -8.314696123025453 -5.555702330196022 -50
      vertex -4.638062720176422 -3.8063597049818734 -50
      vertex -7.73010453362737 -6.343932841636455 -50
    endloop
  endfacet
  facet normal 0 0 -1
    outer loop
      vertex -7.73010453362737 -6.343932841636455 -50
      vertex -4.242640687119285 -4.242640687119286 -50
      vertex -7.071067811865475 -7.0710678118654755 -50
    endloop
  endfacet
  facet normal 0 0 -1
    outer loop
      vertex -6.3439328416364535 -7.730104533627371 -50
      vertex -7.071067811865475 -7.0710678118654755 -50
      vertex -4.242640687119285 -4.242640687119286 -50
    endloop
  endfacet
  facet normal 0 0 -1
    outer loop
      vertex -6.3439328416364535 -7.730104533627371 -50
      vertex -3.8063597049818725 -4.638062720176423 -50
      vertex -5.55570233019602 -8.314696123025453 -50
    endloop
  endfacet
  facet normal 0 0 -1
    outer loop
      vertex -8.314696123025453 -5.555702330196022 -50
      vertex -8.81921264348355 -4.713967368259978 -50
      vertex -4.988817673815272 -3.3334213981176135 -50
    endloop
  endfacet
  facet normal 0 0 -1
    outer loop
      vertex -9.569403357322088 -2.902846772544624 -50
      vertex -5.741642014393253 -1.7417080635267748 -50
      vertex -5.54327719506772 -2.2961005941905395 -50
    endloop
  endfacet
  facet normal 0 0 -1
    outer loop
      vertex -8.81921264348355 -4.713967368259978 -50
      vertex -5.29152758609013 -2.8283804209559866 -50
      vertex -4.988817673815272 -3.3334213981176135 -50
    endloop
  endfacet
  facet normal 0 0 -1
    outer loop
      vertex -9.238795325112868 -3.826834323650899 -50
      vertex -5.54327719506772 -2.2961005941905395 -50
      vertex -5.29152758609013 -2.8283804209559866 -50
    endloop
  endfacet
  facet normal 0 0 -1
    outer loop
      vertex -9.951847266721968 -0.9801714032956083 -50
      vertex -5.971108360033181 -0.5881028419773651 -50
      vertex -5.884711682419383 -1.1705419320967716 -50
    endloop
  endfacet
  facet normal 0 0 -1
    outer loop
      vertex -9.807852804032304 -1.9509032201612861 -50
      vertex -5.884711682419383 -1.1705419320967716 -50
      vertex -5.741642014393253 -1.7417080635267748 -50
    endloop
  endfacet
  facet normal 0 0 -1
    outer loop
      vertex -10 0 -50
      vertex -6 0 -50
      vertex -5.971108360033181 -0.5881028419773651 -50
    endloop
  endfacet
  facet normal 0 0 -1
    outer loop
      vertex -8.314696123025453 -5.555702330196022 -50
      vertex -4.988817673815272 -3.3334213981176135 -50
      vertex -4.638062720176422 -3.8063597049818734 -50
    endloop
  endfacet
  facet normal 0 0 -1
    outer loop
      vertex -7.73010453362737 -6.343932841636455 -50
      vertex -4.638062720176422 -3.8063597049818734 -50
      vertex -4.242640687119285 -4.242640687119286 -50
    endloop
  endfacet
  facet normal -0.8577286100002719 -0.5141027441932219 0
    outer loop
      vertex -8.314696123025453 -5.555702330196022 -50
      vertex -8.81921264348355 -4.713967368259978 0
      vertex -8.81921264348355 -4.713967368259978 -50
    endloop
  endfacet
  facet normal -0.7409511253549588 -0.6715589548470188 0
    outer loop
      vertex -7.73010453362737 -6.343932841636455 -50
      vertex -7.071067811865475 -7.0710678118654755 -50
      vertex -7.73010453362737 -6.343932841636455 0
    endloop
  endfacet
  facet normal -0.8032075314806452 -0.5956993044924331 0
    outer loop
      vertex -8.314696123025453 -5.555702330196022 -50
      vertex -7.73010453362737 -6.343932841636455 -50
      vertex -8.314696123025453 -5.555702330196022 0
    endloop
  endfacet
  facet normal -0.9700312531945436 -0.24298017990326526 0
    outer loop
      vertex -9.569403357322088 -2.902846772544624 -50
      vertex -9.807852804032304 -1.9509032201612861 0
      vertex -9.807852804032304 -1.9509032201612861 -50
    endloop
  endfacet
  facet normal -0.9415440651830213 -0.33688985339221883 0
    outer loop
      vertex -9.569403357322088 -2.902846772544624 -50
      vertex -9.238795325112868 -3.826834323650899 -50
      vertex -9.569403357322088 -2.902846772544624 0
    endloop
  endfacet
  facet normal -0.9039892931234431 -0.4275550934302828 0
    outer loop
      vertex -9.238795325112868 -3.826834323650899 -50
      vertex -8.81921264348355 -4.713967368259978 -50
      vertex -9.238795325112868 -3.826834323650899 0
    endloop
  endfacet
  facet normal -0.989176509964781 -0.14673047445536083 0
    outer loop
      vertex -9.807852804032304 -1.9509032201612861 -50
      vertex -9.951847266721968 -0.9801714032956083 0
      vertex -9.951847266721968 -0.9801714032956083 -50
    endloop
  endfacet
  facet normal -0.9987954562051723 -0.04906767432741882 0
    outer loop
      vertex -9.951847266721968 -0.9801714032956083 -50
      vertex -10 0 0
      vertex -10 0 -50
    endloop
  endfacet
  facet normal -0.9987954562051723 0.04906767432741834 0
    outer loop
      vertex -10 0 -50
      vertex -10 0 -25
      vertex -9.951847266721968 0.9801714032956179 -25.654929593181503
    endloop
  endfacet
  facet normal -0.6715589548470183 -0.7409511253549591 0
    outer loop
      vertex -6.3439328416364535 -7.730104533627371 -50
      vertex -6.3439328416364535 -7.730104533627371 0
      vertex -7.071067811865475 -7.0710678118654755 -50
    endloop
  endfacet
  facet normal -0.5956993044924325 -0.8032075314806456 0
    outer loop
      vertex -6.3439328416364535 -7.730104533627371 -50
      vertex -5.55570233019602 -8.314696123025453 -50
      vertex -5.55570233019602 -8.314696123025453 0
    endloop
  endfacet
  facet normal 0 0 -1
    outer loop
      vertex -9.95184726672197 0.9801714032956059 -50
      vertex -9.807852804032304 1.9509032201612837 -50
      vertex -5.971108360033181 0.5881028419773635 -50
    endloop
  endfacet
  facet normal 0 0 -1
    outer loop
      vertex -9.807852804032304 1.9509032201612837 -50
      vertex -9.56940335732209 2.902846772544621 -50
      vertex -5.884711682419383 1.17054193209677 -50
    endloop
  endfacet
  facet normal 0 0 -1
    outer loop
      vertex -9.56940335732209 2.902846772544621 -50
      vertex -9.238795325112868 3.8268343236508966 -50
      vertex -5.741642014393253 1.7417080635267725 -50
    endloop
  endfacet
  facet normal 0 0 -1
    outer loop
      vertex -9.238795325112868 3.8268343236508966 -50
      vertex -8.819212643483551 4.7139673682599765 -50
      vertex -5.543277195067721 2.296100594190538 -50
    endloop
  endfacet
  facet normal -0.9987954562051724 0.049067674327417134 4.879361827003578e-17
    outer loop
      vertex -10 0 -50
      vertex -9.951847266721968 0.9801714032956179 -25.654929593181503
      vertex -9.95184726672197 0.9801714032956059 -50
    endloop
  endfacet
  facet normal -0.9891765099647809 0.14673047445536266 0
    outer loop
      vertex -9.95184726672197 0.9801714032956059 -50
      vertex -9.807852804032304 1.9509032201612837 -26.303551856359743
      vertex -9.807852804032304 1.9509032201612837 -50
    endloop
  endfacet
  facet normal -0.970031253194544 0.2429801799032637 2.3303004226935966e-17
    outer loop
      vertex -9.807852804032304 1.9509032201612837 -50
      vertex -9.569403357322088 2.902846772544626 -26.9396202025673
      vertex -9.56940335732209 2.902846772544621 -50
    endloop
  endfacet
  facet normal -0.9415440651830208 0.33688985339222016 0
    outer loop
      vertex -9.56940335732209 2.902846772544621 -50
      vertex -9.238795325112868 3.8268343236508966 -27.55700894591988
      vertex -9.238795325112868 3.8268343236508966 -50
    endloop
  endfacet
  facet normal -0.9039892931234437 0.4275550934302811 2.0710414175605685e-17
    outer loop
      vertex -9.238795325112868 3.8268343236508966 -50
      vertex -8.81921264348355 4.713967368259979 -28.149772295319977
      vertex -8.819212643483551 4.7139673682599765 -50
    endloop
  endfacet
  facet normal -0.857728610000272 0.5141027441932219 7.971595819094446e-18
    outer loop
      vertex -8.819212643483551 4.7139673682599765 -50
      vertex -8.314696123025453 5.555702330196023 -28.712201615675454
      vertex -8.314696123025454 5.55570233019602 -50
    endloop
  endfacet
  facet normal -0.8032075314806444 0.5956993044924341 8.173823373211311e-18
    outer loop
      vertex -8.314696123025454 5.55570233019602 -50
      vertex -7.73010453362737 6.3439328416364535 -29.238880405176154
      vertex -7.730104533627371 6.343932841636453 -50
    endloop
  endfacet
  facet normal 0 0 -1
    outer loop
      vertex -9.95184726672197 0.9801714032956059 -50
      vertex -5.971108360033181 0.5881028419773635 -50
      vertex -6 0 -50
    endloop
  endfacet
  facet normal 0 0 -1
    outer loop
      vertex -9.807852804032304 1.9509032201612837 -50
      vertex -5.884711682419383 1.17054193209677 -50
      vertex -5.971108360033181 0.5881028419773635 -50
    endloop
  endfacet
  facet normal 0 0 -1
    outer loop
      vertex -9.56940335732209 2.902846772544621 -50
      vertex -5.741642014393253 1.7417080635267725 -50
      vertex -5.884711682419383 1.17054193209677 -50
    endloop
  endfacet
  facet normal 0 0 -1
    outer loop
      vertex -9.238795325112868 3.8268343236508966 -50
      vertex -5.543277195067721 2.296100594190538 -50
      vertex -5.741642014393253 1.7417080635267725 -50
    endloop
  endfacet
  facet normal 0 0 -1
    outer loop
      vertex -8.819212643483551 4.7139673682599765 -50
      vertex -8.314696123025454 5.55570233019602 -50
      vertex -5.2915275860901305 2.8283804209559857 -50
    endloop
  endfacet
  facet normal 0 0 -1
    outer loop
      vertex -8.314696123025454 5.55570233019602 -50
      vertex -7.730104533627371 6.343932841636453 -50
      vertex -4.988817673815273 3.3334213981176117 -50
    endloop
  endfacet
  facet normal 0 0 -1
    outer loop
      vertex -8.819212643483551 4.7139673682599765 -50
      vertex -5.2915275860901305 2.8283804209559857 -50
      vertex -5.543277195067721 2.296100594190538 -50
    endloop
  endfacet
  facet normal 0 0 -1
    outer loop
      vertex -8.314696123025454 5.55570233019602 -50
      vertex -4.988817673815273 3.3334213981176117 -50
      vertex -5.2915275860901305 2.8283804209559857 -50
    endloop
  endfacet
  facet normal 0 0 -1
    outer loop
      vertex -7.730104533627371 6.343932841636453 -50
      vertex -4.638062720176423 3.8063597049818716 -50
      vertex -4.988817673815273 3.3334213981176117 -50
    endloop
  endfacet
  facet normal 0 0 -1
    outer loop
      vertex -7.071067811865477 7.071067811865475 -50
      vertex -4.242640687119286 4.242640687119284 -50
      vertex -4.638062720176423 3.8063597049818716 -50
    endloop
  endfacet
  facet normal 0 0 -1
    outer loop
      vertex -7.071067811865477 7.071067811865475 -50
      vertex -3.8063597049818756 4.6380627201764195 -50
      vertex -4.242640687119286 4.242640687119284 -50
    endloop
  endfacet
  facet normal 0 0 -1
    outer loop
      vertex -7.730104533627371 6.343932841636453 -50
      vertex -7.071067811865477 7.071067811865475 -50
      vertex -4.638062720176423 3.8063597049818716 -50
    endloop
  endfacet
  facet normal 0 0 -1
    outer loop
      vertex -7.071067811865477 7.071067811865475 -50
      vertex -6.343932841636459 7.730104533627367 -50
      vertex -3.8063597049818756 4.6380627201764195 -50
    endloop
  endfacet
  facet normal 0 0 -1
    outer loop
      vertex -6.343932841636459 7.730104533627367 -50
      vertex -5.555702330196022 8.314696123025453 -50
      vertex -3.333421398117613 4.988817673815271 -50
    endloop
  endfacet
  facet normal -0.7409511253549604 0.671558954847017 8.369692667937416e-18
    outer loop
      vertex -7.730104533627371 6.343932841636453 -50
      vertex -7.071067811865475 7.071067811865477 -29.72473645916727
      vertex -7.071067811865477 7.071067811865475 -50
    endloop
  endfacet
  facet normal -0.6715589548470183 0.7409511253549592 4.8481211873994534e-17
    outer loop
      vertex -7.071067811865477 7.071067811865475 -50
      vertex -6.3439328416364535 7.730104533627371 -30.165090718252937
      vertex -6.343932841636459 7.730104533627367 -50
    endloop
  endfacet
  facet normal -0.595699304492433 0.8032075314806452 -2.03638806667068e-17
    outer loop
      vertex -6.343932841636459 7.730104533627367 -50
      vertex -5.55570233019602 8.314696123025454 -30.55570233019602
      vertex -5.555702330196022 8.314696123025453 -50
    endloop
  endfacet
  facet normal -0.9700312531945439 0.24298017990326426 0
    outer loop
      vertex -9.807852804032304 1.9509032201612837 -50
      vertex -9.807852804032304 1.9509032201612837 -26.303551856359743
      vertex -9.569403357322088 2.902846772544626 -26.9396202025673
    endloop
  endfacet
  facet normal -0.9891765099647808 0.1467304744553626 -9.151313105880084e-20
    outer loop
      vertex -9.95184726672197 0.9801714032956059 -50
      vertex -9.951847266721968 0.9801714032956179 -25.654929593181503
      vertex -9.807852804032304 1.9509032201612837 -26.303551856359743
    endloop
  endfacet
  facet normal -0.9415440651830207 0.3368898533922201 1.1629298054128588e-18
    outer loop
      vertex -9.56940335732209 2.902846772544621 -50
      vertex -9.569403357322088 2.902846772544626 -26.9396202025673
      vertex -9.238795325112868 3.8268343236508966 -27.55700894591988
    endloop
  endfacet
  facet normal -0.9039892931234436 0.4275550934302816 0
    outer loop
      vertex -9.238795325112868 3.8268343236508966 -50
      vertex -9.238795325112868 3.8268343236508966 -27.55700894591988
      vertex -8.81921264348355 4.713967368259979 -28.149772295319977
    endloop
  endfacet
  facet normal -0.857728610000272 0.514102744193222 7.038242168396866e-18
    outer loop
      vertex -8.819212643483551 4.7139673682599765 -50
      vertex -8.81921264348355 4.713967368259979 -28.149772295319977
      vertex -8.314696123025453 5.555702330196023 -28.712201615675454
    endloop
  endfacet
  facet normal -0.8032075314806442 0.5956993044924344 -7.538525390976908e-18
    outer loop
      vertex -8.314696123025454 5.55570233019602 -50
      vertex -8.314696123025453 5.555702330196023 -28.712201615675454
      vertex -7.73010453362737 6.3439328416364535 -29.238880405176154
    endloop
  endfacet
  facet normal -0.7409511253549603 0.671558954847017 2.968656293308618e-18
    outer loop
      vertex -7.730104533627371 6.343932841636453 -50
      vertex -7.73010453362737 6.3439328416364535 -29.238880405176154
      vertex -7.071067811865475 7.071067811865477 -29.72473645916727
    endloop
  endfacet
  facet normal -0.6715589548470173 0.74095112535496 -9.119382574315197e-18
    outer loop
      vertex -7.071067811865477 7.071067811865475 -50
      vertex -7.071067811865475 7.071067811865477 -29.72473645916727
      vertex -6.3439328416364535 7.730104533627371 -30.165090718252937
    endloop
  endfacet
  facet normal -0.5956993044924336 0.8032075314806447 1.6181431067688747e-17
    outer loop
      vertex -6.343932841636459 7.730104533627367 -50
      vertex -6.3439328416364535 7.730104533627371 -30.165090718252937
      vertex -5.55570233019602 8.314696123025454 -30.55570233019602
    endloop
  endfacet
  facet normal -0.514102744193221 0.8577286100002726 -3.139234788969069e-17
    outer loop
      vertex -5.555702330196022 8.314696123025453 -50
      vertex -5.55570233019602 8.314696123025454 -30.55570233019602
      vertex -4.713967368259977 8.81921264348355 -30.8928094916435
    endloop
  endfacet
  facet normal 0 0 -1
    outer loop
      vertex -4.713967368259977 -8.819212643483551 -50
      vertex -2.828380420955986 -5.2915275860901305 -50
      vertex -3.826834323650897 -9.238795325112868 -50
    endloop
  endfacet
  facet normal 0 0 -1
    outer loop
      vertex -5.55570233019602 -8.314696123025453 -50
      vertex -3.3334213981176117 -4.988817673815272 -50
      vertex -4.713967368259977 -8.819212643483551 -50
    endloop
  endfacet
  facet normal 0 0 -1
    outer loop
      vertex -6.3439328416364535 -7.730104533627371 -50
      vertex -4.242640687119285 -4.242640687119286 -50
      vertex -3.8063597049818725 -4.638062720176423 -50
    endloop
  endfacet
  facet normal 0 0 -1
    outer loop
      vertex -5.55570233019602 -8.314696123025453 -50
      vertex -3.8063597049818725 -4.638062720176423 -50
      vertex -3.3334213981176117 -4.988817673815272 -50
    endloop
  endfacet
  facet normal 0 0 -1
    outer loop
      vertex -3.826834323650897 -9.238795325112868 -50
      vertex -2.296100594190538 -5.54327719506772 -50
      vertex -2.9028467725446214 -9.56940335732209 -50
    endloop
  endfacet
  facet normal 0 0 -1
    outer loop
      vertex -4.713967368259977 -8.819212643483551 -50
      vertex -3.3334213981176117 -4.988817673815272 -50
      vertex -2.828380420955986 -5.2915275860901305 -50
    endloop
  endfacet
  facet normal 0 0 -1
    outer loop
      vertex -3.826834323650897 -9.238795325112868 -50
      vertex -2.828380420955986 -5.2915275860901305 -50
      vertex -2.296100594190538 -5.54327719506772 -50
    endloop
  endfacet
  facet normal 0 0 -1
    outer loop
      vertex -2.9028467725446214 -9.56940335732209 -50
      vertex -1.7417080635267728 -5.741642014393253 -50
      vertex -1.950903220161282 -9.807852804032304 -50
    endloop
  endfacet
  facet normal 0 0 -1
    outer loop
      vertex -1.950903220161282 -9.807852804032304 -50
      vertex -1.1705419320967692 -5.884711682419383 -50
      vertex -0.9801714032956065 -9.95184726672197 -50
    endloop
  endfacet
  facet normal 0 0 -1
    outer loop
      vertex -2.9028467725446214 -9.56940335732209 -50
      vertex -2.296100594190538 -5.54327719506772 -50
      vertex -1.7417080635267728 -5.741642014393253 -50
    endloop
  endfacet
  facet normal 0 0 -1
    outer loop
      vertex -1.950903220161282 -9.807852804032304 -50
      vertex -1.7417080635267728 -5.741642014393253 -50
      vertex -1.1705419320967692 -5.884711682419383 -50
    endloop
  endfacet
  facet normal 0 0 -1
    outer loop
      vertex -0.9801714032956065 -9.95184726672197 -50
      vertex -0.5881028419773638 -5.971108360033181 -50
      vertex 0 -10 -50
    endloop
  endfacet
  facet normal 0 0 -1
    outer loop
      vertex -0.9801714032956065 -9.95184726672197 -50
      vertex -1.1705419320967692 -5.884711682419383 -50
      vertex -0.5881028419773638 -5.971108360033181 -50
    endloop
  endfacet
  facet normal 0 0 -1
    outer loop
      vertex 0 -10 -50
      vertex -0.5881028419773638 -5.971108360033181 -50
      vertex 0 -6 -50
    endloop
  endfacet
  facet normal -0.5141027441932237 -0.8577286100002709 0
    outer loop
      vertex -5.55570233019602 -8.314696123025453 -50
      vertex -4.713967368259977 -8.819212643483551 -50
      vertex -4.713967368259977 -8.819212643483551 0
    endloop
  endfacet
  facet normal -0.427555093430281 -0.9039892931234438 0
    outer loop
      vertex -4.713967368259977 -8.819212643483551 -50
      vertex -3.826834323650897 -9.238795325112868 -50
      vertex -3.826834323650897 -9.238795325112868 0
    endloop
  endfacet
  facet normal -0.3368898533922201 -0.9415440651830207 0
    outer loop
      vertex -3.826834323650897 -9.238795325112868 -50
      vertex -2.9028467725446214 -9.56940335732209 -50
      vertex -2.9028467725446214 -9.56940335732209 0
    endloop
  endfacet
  facet normal -0.24298017990326315 -0.9700312531945441 0
    outer loop
      vertex -2.9028467725446214 -9.56940335732209 -50
      vertex -1.950903220161282 -9.807852804032304 -50
      vertex -1.950903220161282 -9.807852804032304 0
    endloop
  endfacet
  facet normal -0.14673047445536297 -0.9891765099647807 0
    outer loop
      vertex -1.950903220161282 -9.807852804032304 -50
      vertex -0.9801714032956065 -9.95184726672197 -50
      vertex -0.9801714032956065 -9.95184726672197 0
    endloop
  endfacet
  facet normal -0.049067674327417106 -0.9987954562051723 0
    outer loop
      vertex -0.9801714032956065 -9.95184726672197 -50
      vertex 0 -10 -50
      vertex 0 -10 0
    endloop
  endfacet
  facet normal 0 0 -1
    outer loop
      vertex -6.343932841636459 7.730104533627367 -50
      vertex -3.333421398117613 4.988817673815271 -50
      vertex -3.8063597049818756 4.6380627201764195 -50
    endloop
  endfacet
  facet normal 0 0 -1
    outer loop
      vertex -5.555702330196022 8.314696123025453 -50
      vertex -2.828380420955987 5.29152758609013 -50
      vertex -3.333421398117613 4.988817673815271 -50
    endloop
  endfacet
  facet normal 0 0 -1
    outer loop
      vertex -5.555702330196022 8.314696123025453 -50
      vertex -4.713967368259978 8.81921264348355 -50
      vertex -2.828380420955987 5.29152758609013 -50
    endloop
  endfacet
  facet normal 0 0 -1
    outer loop
      vertex -4.713967368259978 8.81921264348355 -50
      vertex -2.2961005941905426 5.543277195067719 -50
      vertex -2.828380420955987 5.29152758609013 -50
    endloop
  endfacet
  facet normal 0 0 -1
    outer loop
      vertex -4.713967368259978 8.81921264348355 -50
      vertex -3.8268343236509033 9.238795325112864 -50
      vertex -2.2961005941905426 5.543277195067719 -50
    endloop
  endfacet
  facet normal 0 0 -1
    outer loop
      vertex -3.8268343236509033 9.238795325112864 -50
      vertex -1.741708063526775 5.741642014393253 -50
      vertex -2.2961005941905426 5.543277195067719 -50
    endloop
  endfacet
  facet normal 0 0 -1
    outer loop
      vertex -3.8268343236509033 9.238795325112864 -50
      vertex -2.9028467725446245 9.569403357322088 -50
      vertex -1.741708063526775 5.741642014393253 -50
    endloop
  endfacet
  facet normal -0.33688985339222066 0.9415440651830204 5.77639659954503e-17
    outer loop
      vertex -3.8268343236509033 9.238795325112864 -50
      vertex -2.9028467725446214 9.569403357322088 -31.39407090099584
      vertex -2.9028467725446245 9.569403357322088 -50
    endloop
  endfacet
  facet normal -0.5141027441932219 0.8577286100002719 2.3683610910631087e-17
    outer loop
      vertex -5.555702330196022 8.314696123025453 -50
      vertex -4.713967368259977 8.81921264348355 -30.8928094916435
      vertex -4.713967368259978 8.81921264348355 -50
    endloop
  endfacet
  facet normal -0.42755509343028153 0.9039892931234436 5.708619076965621e-17
    outer loop
      vertex -4.713967368259978 8.81921264348355 -50
      vertex -3.826834323650897 9.238795325112866 -31.173165676349104
      vertex -3.8268343236509033 9.238795325112864 -50
    endloop
  endfacet
  facet normal -0.33688985339222016 0.9415440651830207 2.241533739305528e-17
    outer loop
      vertex -3.8268343236509033 9.238795325112864 -50
      vertex -3.826834323650897 9.238795325112866 -31.173165676349104
      vertex -2.9028467725446214 9.569403357322088 -31.39407090099584
    endloop
  endfacet
  facet normal -0.24298017990326315 0.9700312531945441 4.059642110308218e-17
    outer loop
      vertex -2.9028467725446245 9.569403357322088 -50
      vertex -2.9028467725446214 9.569403357322088 -31.39407090099584
      vertex -1.950903220161282 9.807852804032303 -31.553397727511282
    endloop
  endfacet
  facet normal 0 0 -1
    outer loop
      vertex -2.9028467725446245 9.569403357322088 -50
      vertex -1.170541932096772 5.884711682419382 -50
      vertex -1.741708063526775 5.741642014393253 -50
    endloop
  endfacet
  facet normal 0 0 -1
    outer loop
      vertex -2.9028467725446245 9.569403357322088 -50
      vertex -1.9509032201612866 9.807852804032303 -50
      vertex -1.170541932096772 5.884711682419382 -50
    endloop
  endfacet
  facet normal -0.24298017990326357 0.9700312531945441 6.132935200079077e-17
    outer loop
      vertex -2.9028467725446245 9.569403357322088 -50
      vertex -1.950903220161282 9.807852804032303 -31.553397727511282
      vertex -1.9509032201612866 9.807852804032303 -50
    endloop
  endfacet
  facet normal -0.14673047445536377 0.9891765099647807 0
    outer loop
      vertex -1.9509032201612866 9.807852804032303 -50
      vertex -0.9801714032956045 9.95184726672197 -31.649611751459183
      vertex -0.9801714032956045 9.95184726672197 -50
    endloop
  endfacet
  facet normal 0 0 -1
    outer loop
      vertex -1.9509032201612866 9.807852804032303 -50
      vertex -0.5881028419773627 5.971108360033181 -50
      vertex -1.170541932096772 5.884711682419382 -50
    endloop
  endfacet
  facet normal 0 0 -1
    outer loop
      vertex -0.9801714032956045 9.95184726672197 -50
      vertex 0 6 -50
      vertex -0.5881028419773627 5.971108360033181 -50
    endloop
  endfacet
  facet normal 0 0 -1
    outer loop
      vertex -1.9509032201612866 9.807852804032303 -50
      vertex -0.9801714032956045 9.95184726672197 -50
      vertex -0.5881028419773627 5.971108360033181 -50
    endloop
  endfacet
  facet normal 0 0 -1
    outer loop
      vertex -0.9801714032956045 9.95184726672197 -50
      vertex 0 10 -50
      vertex 0 6 -50
    endloop
  endfacet
  facet normal -0.04906767432741721 0.9987954562051724 0
    outer loop
      vertex -0.9801714032956045 9.95184726672197 -50
      vertex 0 10 -31.68178637919299
      vertex 0 10 -50
    endloop
  endfacet
  facet normal -0.14673047445536444 0.9891765099647805 3.709056577152903e-17
    outer loop
      vertex -1.9509032201612866 9.807852804032303 -50
      vertex -1.950903220161282 9.807852804032303 -31.553397727511282
      vertex -0.9801714032956045 9.95184726672197 -31.649611751459183
    endloop
  endfacet
  facet normal -0.0490676743274172 0.9987954562051724 0
    outer loop
      vertex -0.9801714032956045 9.95184726672197 -50
      vertex -0.9801714032956045 9.95184726672197 -31.649611751459183
      vertex 0 10 -31.68178637919299
    endloop
  endfacet
  facet normal -0.427555093430281 0.9039892931234439 1.9874465953095796e-17
    outer loop
      vertex -4.713967368259978 8.81921264348355 -50
      vertex -4.713967368259977 8.81921264348355 -30.8928094916435
      vertex -3.826834323650897 9.238795325112866 -31.173165676349104
    endloop
  endfacet
  facet normal -0.8577286100002719 -0.5141027441932219 0
    outer loop
      vertex -8.314696123025453 -5.555702330196022 -50
      vertex -8.314696123025453 -5.555702330196022 0
      vertex -8.81921264348355 -4.713967368259978 0
    endloop
  endfacet
  facet normal -0.8032075314806452 -0.5956993044924331 0
    outer loop
      vertex -7.73010453362737 -6.343932841636455 -50
      vertex -7.73010453362737 -6.343932841636455 0
      vertex -8.314696123025453 -5.555702330196022 0
    endloop
  endfacet
  facet normal 0 0 0
    outer loop
      vertex -10 0 -50
      vertex -10 0 0
      vertex -10 0 -25
    endloop
  endfacet
  facet normal -0.9700312531945436 -0.24298017990326526 0
    outer loop
      vertex -9.569403357322088 -2.902846772544624 -50
      vertex -9.569403357322088 -2.902846772544624 0
      vertex -9.807852804032304 -1.9509032201612861 0
    endloop
  endfacet
  facet normal -0.9415440651830213 -0.33688985339221883 0
    outer loop
      vertex -9.238795325112868 -3.826834323650899 -50
      vertex -9.238795325112868 -3.826834323650899 0
      vertex -9.569403357322088 -2.902846772544624 0
    endloop
  endfacet
  facet normal -0.9039892931234431 -0.4275550934302828 0
    outer loop
      vertex -8.81921264348355 -4.713967368259978 -50
      vertex -8.81921264348355 -4.713967368259978 0
      vertex -9.238795325112868 -3.826834323650899 0
    endloop
  endfacet
  facet normal -0.989176509964781 -0.14673047445536083 0
    outer loop
      vertex -9.807852804032304 -1.9509032201612861 -50
      vertex -9.807852804032304 -1.9509032201612861 0
      vertex -9.951847266721968 -0.9801714032956083 0
    endloop
  endfacet
  facet normal -0.9987954562051723 -0.04906767432741882 0
    outer loop
      vertex -9.951847266721968 -0.9801714032956083 -50
      vertex -9.951847266721968 -0.9801714032956083 0
      vertex -10 0 0
    endloop
  endfacet
  facet normal -0.7409511253549588 -0.6715589548470188 0
    outer loop
      vertex -7.071067811865475 -7.0710678118654755 -50
      vertex -7.071067811865475 -7.0710678118654755 0
      vertex -7.73010453362737 -6.343932841636455 0
    endloop
  endfacet
  facet normal -0.6715589548470183 -0.7409511253549591 0
    outer loop
      vertex -7.071067811865475 -7.0710678118654755 -50
      vertex -6.3439328416364535 -7.730104533627371 0
      vertex -7.071067811865475 -7.0710678118654755 0
    endloop
  endfacet
  facet normal -0.5956993044924325 -0.8032075314806456 0
    outer loop
      vertex -6.3439328416364535 -7.730104533627371 -50
      vertex -5.55570233019602 -8.314696123025453 0
      vertex -6.3439328416364535 -7.730104533627371 0
    endloop
  endfacet
  facet normal -0.5141027441932237 -0.8577286100002709 0
    outer loop
      vertex -5.55570233019602 -8.314696123025453 -50
      vertex -4.713967368259977 -8.819212643483551 0
      vertex -5.55570233019602 -8.314696123025453 0
    endloop
  endfacet
  facet normal -0.9987954562051723 0.049067674327417134 0
    outer loop
      vertex -10 0 -25
      vertex -10 0 0
      vertex -9.95184726672197 0.9801714032956059 0
    endloop
  endfacet
  facet normal 0 0 1
    outer loop
      vertex -9.569403357322088 -2.902846772544624 0
      vertex -9.238795325112868 -3.826834323650899 0
      vertex -5.741642014393253 -1.7417080635267743 0
    endloop
  endfacet
  facet normal 0 0 1
    outer loop
      vertex -9.238795325112868 -3.826834323650899 0
      vertex -8.81921264348355 -4.713967368259978 0
      vertex -5.54327719506772 -2.296100594190539 0
    endloop
  endfacet
  facet normal 0 0 1
    outer loop
      vertex -9.807852804032304 -1.9509032201612861 0
      vertex -5.971108360033181 -0.588102841977365 0
      vertex -9.951847266721968 -0.9801714032956083 0
    endloop
  endfacet
  facet normal 0 0 1
    outer loop
      vertex -9.569403357322088 -2.902846772544624 0
      vertex -5.884711682419383 -1.1705419320967716 0
      vertex -9.807852804032304 -1.9509032201612861 0
    endloop
  endfacet
  facet normal 0 0 1
    outer loop
      vertex -9.951847266721968 -0.9801714032956083 0
      vertex -6 0 0
      vertex -10 0 0
    endloop
  endfacet
  facet normal 0 0 1
    outer loop
      vertex -10 0 0
      vertex -6 0 0
      vertex -9.95184726672197 0.9801714032956059 0
    endloop
  endfacet
  facet normal 0 0 1
    outer loop
      vertex -8.314696123025453 -5.555702330196022 0
      vertex -7.73010453362737 -6.343932841636455 0
      vertex -4.988817673815272 -3.333421398117613 0
    endloop
  endfacet
  facet normal 0 0 1
    outer loop
      vertex -7.73010453362737 -6.343932841636455 0
      vertex -7.071067811865475 -7.0710678118654755 0
      vertex -4.638062720176422 -3.806359704981873 0
    endloop
  endfacet
  facet normal 0 0 1
    outer loop
      vertex -6.3439328416364535 -7.730104533627371 0
      vertex -3.8063597049818725 -4.638062720176423 0
      vertex -7.071067811865475 -7.0710678118654755 0
    endloop
  endfacet
  facet normal 0 0 1
    outer loop
      vertex -6.3439328416364535 -7.730104533627371 0
      vertex -5.55570233019602 -8.314696123025453 0
      vertex -3.333421398117612 -4.988817673815272 0
    endloop
  endfacet
  facet normal 0 0 1
    outer loop
      vertex -7.071067811865475 -7.0710678118654755 0
      vertex -4.242640687119285 -4.242640687119286 0
      vertex -4.638062720176422 -3.806359704981873 0
    endloop
  endfacet
  facet normal 0 0 1
    outer loop
      vertex -7.071067811865475 -7.0710678118654755 0
      vertex -3.8063597049818725 -4.638062720176423 0
      vertex -4.242640687119285 -4.242640687119286 0
    endloop
  endfacet
  facet normal 0 0 1
    outer loop
      vertex -8.314696123025453 -5.555702330196022 0
      vertex -5.29152758609013 -2.8283804209559866 0
      vertex -8.81921264348355 -4.713967368259978 0
    endloop
  endfacet
  facet normal 0 0 1
    outer loop
      vertex -9.238795325112868 -3.826834323650899 0
      vertex -5.54327719506772 -2.296100594190539 0
      vertex -5.741642014393253 -1.7417080635267743 0
    endloop
  endfacet
  facet normal 0 0 1
    outer loop
      vertex -8.81921264348355 -4.713967368259978 0
      vertex -5.29152758609013 -2.8283804209559866 0
      vertex -5.54327719506772 -2.296100594190539 0
    endloop
  endfacet
  facet normal 0 0 1
    outer loop
      vertex -9.807852804032304 -1.9509032201612861 0
      vertex -5.884711682419383 -1.1705419320967716 0
      vertex -5.971108360033181 -0.588102841977365 0
    endloop
  endfacet
  facet normal 0 0 1
    outer loop
      vertex -9.569403357322088 -2.902846772544624 0
      vertex -5.741642014393253 -1.7417080635267743 0
      vertex -5.884711682419383 -1.1705419320967716 0
    endloop
  endfacet
  facet normal 0 0 1
    outer loop
      vertex -9.951847266721968 -0.9801714032956083 0
      vertex -5.971108360033181 -0.588102841977365 0
      vertex -6 0 0
    endloop
  endfacet
  facet normal 0 0 1
    outer loop
      vertex -8.314696123025453 -5.555702330196022 0
      vertex -4.988817673815272 -3.333421398117613 0
      vertex -5.29152758609013 -2.8283804209559866 0
    endloop
  endfacet
  facet normal 0 0 1
    outer loop
      vertex -7.73010453362737 -6.343932841636455 0
      vertex -4.638062720176422 -3.806359704981873 0
      vertex -4.988817673815272 -3.333421398117613 0
    endloop
  endfacet
  facet normal -0.9987954562051724 0.04906767432741714 0
    outer loop
      vertex -10 0 -25
      vertex -9.95184726672197 0.9801714032956059 0
      vertex -9.95184726672197 0.9801714032956059 -23.533069829427877
    endloop
  endfacet
  facet normal -0.9891765099647808 0.14673047445536264 0
    outer loop
      vertex -9.95184726672197 0.9801714032956059 -23.533069829427877
      vertex -9.807852804032304 1.9509032201612837 0
      vertex -9.807852804032304 1.9509032201612837 -22.080266998303966
    endloop
  endfacet
  facet normal -0.9700312531945441 0.24298017990326373 0
    outer loop
      vertex -9.807852804032304 1.9509032201612837 -22.080266998303966
      vertex -9.56940335732209 2.902846772544621 0
      vertex -9.56940335732209 2.902846772544621 -20.655582792074803
    endloop
  endfacet
  facet normal -0.9415440651830207 0.3368898533922201 0
    outer loop
      vertex -9.56940335732209 2.902846772544621 -20.655582792074803
      vertex -9.238795325112868 3.8268343236508966 0
      vertex -9.238795325112868 3.8268343236508966 -19.27273769845798
    endloop
  endfacet
  facet normal -0.9891765099647808 0.14673047445536264 0
    outer loop
      vertex -9.95184726672197 0.9801714032956059 -23.533069829427877
      vertex -9.95184726672197 0.9801714032956059 0
      vertex -9.807852804032304 1.9509032201612837 0
    endloop
  endfacet
  facet normal -0.9700312531945441 0.24298017990326373 0
    outer loop
      vertex -9.807852804032304 1.9509032201612837 -22.080266998303966
      vertex -9.807852804032304 1.9509032201612837 0
      vertex -9.56940335732209 2.902846772544621 0
    endloop
  endfacet
  facet normal -0.9039892931234438 0.42755509343028114 0
    outer loop
      vertex -9.238795325112868 3.8268343236508966 -19.27273769845798
      vertex -8.819212643483551 4.7139673682599765 0
      vertex -8.819212643483551 4.7139673682599765 -17.94504927164505
    endloop
  endfacet
  facet normal -0.9415440651830207 0.33688985339222016 0
    outer loop
      vertex -9.56940335732209 2.902846772544621 -20.655582792074803
      vertex -9.56940335732209 2.902846772544621 0
      vertex -9.238795325112868 3.8268343236508966 0
    endloop
  endfacet
  facet normal -0.9039892931234437 0.4275550934302811 0
    outer loop
      vertex -9.238795325112868 3.8268343236508966 -19.27273769845798
      vertex -9.238795325112868 3.8268343236508966 0
      vertex -8.819212643483551 4.7139673682599765 0
    endloop
  endfacet
  facet normal -0.8577286100002719 0.5141027441932219 0
    outer loop
      vertex -8.819212643483551 4.7139673682599765 -17.94504927164505
      vertex -8.314696123025454 5.55570233019602 0
      vertex -8.314696123025454 5.55570233019602 -16.68530387697455
    endloop
  endfacet
  facet normal 0 0 1
    outer loop
      vertex -9.95184726672197 0.9801714032956059 0
      vertex -5.971108360033181 0.5881028419773635 0
      vertex -9.807852804032304 1.9509032201612837 0
    endloop
  endfacet
  facet normal 0 0 1
    outer loop
      vertex -9.807852804032304 1.9509032201612837 0
      vertex -5.884711682419383 1.17054193209677 0
      vertex -9.56940335732209 2.902846772544621 0
    endloop
  endfacet
  facet normal 0 0 1
    outer loop
      vertex -9.56940335732209 2.902846772544621 0
      vertex -5.741642014393253 1.7417080635267728 0
      vertex -9.238795325112868 3.8268343236508966 0
    endloop
  endfacet
  facet normal -0.857728610000272 0.514102744193222 0
    outer loop
      vertex -8.819212643483551 4.7139673682599765 -17.94504927164505
      vertex -8.819212643483551 4.7139673682599765 0
      vertex -8.314696123025454 5.55570233019602 0
    endloop
  endfacet
  facet normal 0 0 1
    outer loop
      vertex -9.238795325112868 3.8268343236508966 0
      vertex -5.543277195067721 2.296100594190538 0
      vertex -8.819212643483551 4.7139673682599765 0
    endloop
  endfacet
  facet normal -0.8032075314806445 0.595699304492434 0
    outer loop
      vertex -8.314696123025454 5.55570233019602 -16.68530387697455
      vertex -7.730104533627371 6.343932841636453 0
      vertex -7.730104533627371 6.343932841636453 -15.505633551244033
    endloop
  endfacet
  facet normal -0.8032075314806444 0.595699304492434 0
    outer loop
      vertex -8.314696123025454 5.55570233019602 -16.68530387697455
      vertex -8.314696123025454 5.55570233019602 0
      vertex -7.730104533627371 6.343932841636453 0
    endloop
  endfacet
  facet normal -0.7409511253549604 0.671558954847017 0
    outer loop
      vertex -7.730104533627371 6.343932841636453 -15.505633551244033
      vertex -7.730104533627371 6.343932841636453 0
      vertex -7.071067811865477 7.071067811865475 0
    endloop
  endfacet
  facet normal 0 0 1
    outer loop
      vertex -9.95184726672197 0.9801714032956059 0
      vertex -6 0 0
      vertex -5.971108360033181 0.5881028419773635 0
    endloop
  endfacet
  facet normal 0 0 1
    outer loop
      vertex -9.807852804032304 1.9509032201612837 0
      vertex -5.971108360033181 0.5881028419773635 0
      vertex -5.884711682419383 1.17054193209677 0
    endloop
  endfacet
  facet normal 0 0 1
    outer loop
      vertex -9.56940335732209 2.902846772544621 0
      vertex -5.884711682419383 1.17054193209677 0
      vertex -5.741642014393253 1.7417080635267728 0
    endloop
  endfacet
  facet normal 0 0 1
    outer loop
      vertex -9.238795325112868 3.8268343236508966 0
      vertex -5.741642014393253 1.7417080635267728 0
      vertex -5.543277195067721 2.296100594190538 0
    endloop
  endfacet
  facet normal 0 0 1
    outer loop
      vertex -8.819212643483551 4.7139673682599765 0
      vertex -5.2915275860901305 2.8283804209559857 0
      vertex -8.314696123025454 5.55570233019602 0
    endloop
  endfacet
  facet normal 0 0 1
    outer loop
      vertex -8.314696123025454 5.55570233019602 0
      vertex -4.988817673815273 3.333421398117612 0
      vertex -7.730104533627371 6.343932841636453 0
    endloop
  endfacet
  facet normal 0 0 1
    outer loop
      vertex -8.819212643483551 4.7139673682599765 0
      vertex -5.543277195067721 2.296100594190538 0
      vertex -5.2915275860901305 2.8283804209559857 0
    endloop
  endfacet
  facet normal 0 0 1
    outer loop
      vertex -8.314696123025454 5.55570233019602 0
      vertex -5.2915275860901305 2.8283804209559857 0
      vertex -4.988817673815273 3.333421398117612 0
    endloop
  endfacet
  facet normal 0 0 1
    outer loop
      vertex -7.730104533627371 6.343932841636453 0
      vertex -4.988817673815273 3.333421398117612 0
      vertex -4.638062720176423 3.806359704981872 0
    endloop
  endfacet
  facet normal 0 0 1
    outer loop
      vertex -7.071067811865477 7.071067811865475 0
      vertex -4.638062720176423 3.806359704981872 0
      vertex -4.242640687119286 4.242640687119285 0
    endloop
  endfacet
  facet normal -0.7409511253549603 0.671558954847017 0
    outer loop
      vertex -7.730104533627371 6.343932841636453 -15.505633551244033
      vertex -7.071067811865477 7.071067811865475 0
      vertex -7.071067811865477 7.071067811865475 -14.417399164563683
    endloop
  endfacet
  facet normal -0.6715589548470182 0.7409511253549592 0
    outer loop
      vertex -7.071067811865477 7.071067811865475 -14.417399164563683
      vertex -7.071067811865477 7.071067811865475 0
      vertex -6.343932841636459 7.730104533627367 -13.431081008966661
    endloop
  endfacet
  facet normal -0.5956993044924329 0.803207531480645 0
    outer loop
      vertex -6.343932841636459 7.730104533627367 -13.431081008966661
      vertex -6.343932841636459 7.730104533627367 0
      vertex -5.555702330196022 8.314696123025453 -12.556177867467708
    endloop
  endfacet
  facet normal -0.5141027441932219 0.857728610000272 0
    outer loop
      vertex -5.555702330196022 8.314696123025453 -12.556177867467708
      vertex -5.555702330196022 8.314696123025453 0
      vertex -4.713967368259978 8.81921264348355 -11.801115535590181
    endloop
  endfacet
  facet normal -0.6715589548470182 0.7409511253549592 0
    outer loop
      vertex -6.343932841636459 7.730104533627367 -13.431081008966661
      vertex -7.071067811865477 7.071067811865475 0
      vertex -6.343932841636459 7.730104533627367 0
    endloop
  endfacet
  facet normal 0 0 1
    outer loop
      vertex -7.730104533627371 6.343932841636453 0
      vertex -4.638062720176423 3.806359704981872 0
      vertex -7.071067811865477 7.071067811865475 0
    endloop
  endfacet
  facet normal -0.595699304492433 0.8032075314806452 0
    outer loop
      vertex -5.555702330196022 8.314696123025453 -12.556177867467708
      vertex -6.343932841636459 7.730104533627367 0
      vertex -5.555702330196022 8.314696123025453 0
    endloop
  endfacet
  facet normal 0 0 1
    outer loop
      vertex -7.071067811865477 7.071067811865475 0
      vertex -4.242640687119286 4.242640687119285 0
      vertex -6.343932841636459 7.730104533627367 0
    endloop
  endfacet
  facet normal 0 0 1
    outer loop
      vertex -6.343932841636459 7.730104533627367 0
      vertex -3.806359704981875 4.6380627201764195 0
      vertex -5.555702330196022 8.314696123025453 0
    endloop
  endfacet
  facet normal -0.427555093430281 -0.9039892931234438 0
    outer loop
      vertex -4.713967368259977 -8.819212643483551 -50
      vertex -3.826834323650897 -9.238795325112868 0
      vertex -4.713967368259977 -8.819212643483551 0
    endloop
  endfacet
  facet normal -0.3368898533922201 -0.9415440651830207 0
    outer loop
      vertex -3.826834323650897 -9.238795325112868 -50
      vertex -2.9028467725446214 -9.56940335732209 0
      vertex -3.826834323650897 -9.238795325112868 0
    endloop
  endfacet
  facet normal -0.24298017990326315 -0.9700312531945441 0
    outer loop
      vertex -2.9028467725446214 -9.56940335732209 -50
      vertex -1.950903220161282 -9.807852804032304 0
      vertex -2.9028467725446214 -9.56940335732209 0
    endloop
  endfacet
  facet normal -0.14673047445536297 -0.9891765099647807 0
    outer loop
      vertex -1.950903220161282 -9.807852804032304 -50
      vertex -0.9801714032956065 -9.95184726672197 0
      vertex -1.950903220161282 -9.807852804032304 0
    endloop
  endfacet
  facet normal -0.049067674327417106 -0.9987954562051723 0
    outer loop
      vertex -0.9801714032956065 -9.95184726672197 -50
      vertex 0 -10 0
      vertex -0.9801714032956065 -9.95184726672197 0
    endloop
  endfacet
  facet normal 0 0 1
    outer loop
      vertex -5.55570233019602 -8.314696123025453 0
      vertex -4.713967368259977 -8.819212643483551 0
      vertex -2.8283804209559866 -5.2915275860901305 0
    endloop
  endfacet
  facet normal 0 0 1
    outer loop
      vertex -6.3439328416364535 -7.730104533627371 0
      vertex -3.333421398117612 -4.988817673815272 0
      vertex -3.8063597049818725 -4.638062720176423 0
    endloop
  endfacet
  facet normal 0 0 1
    outer loop
      vertex -5.55570233019602 -8.314696123025453 0
      vertex -2.8283804209559866 -5.2915275860901305 0
      vertex -3.333421398117612 -4.988817673815272 0
    endloop
  endfacet
  facet normal 0 0 1
    outer loop
      vertex -4.713967368259977 -8.819212643483551 0
      vertex -3.826834323650897 -9.238795325112868 0
      vertex -2.2961005941905386 -5.54327719506772 0
    endloop
  endfacet
  facet normal 0 0 1
    outer loop
      vertex -3.826834323650897 -9.238795325112868 0
      vertex -2.9028467725446214 -9.56940335732209 0
      vertex -1.741708063526773 -5.741642014393253 0
    endloop
  endfacet
  facet normal 0 0 1
    outer loop
      vertex -4.713967368259977 -8.819212643483551 0
      vertex -2.2961005941905386 -5.54327719506772 0
      vertex -2.8283804209559866 -5.2915275860901305 0
    endloop
  endfacet
  facet normal 0 0 1
    outer loop
      vertex -3.826834323650897 -9.238795325112868 0
      vertex -1.741708063526773 -5.741642014393253 0
      vertex -2.2961005941905386 -5.54327719506772 0
    endloop
  endfacet
  facet normal 0 0 1
    outer loop
      vertex -2.9028467725446214 -9.56940335732209 0
      vertex -1.950903220161282 -9.807852804032304 0
      vertex -1.1705419320967692 -5.884711682419383 0
    endloop
  endfacet
  facet normal 0 0 1
    outer loop
      vertex -2.9028467725446214 -9.56940335732209 0
      vertex -1.1705419320967692 -5.884711682419383 0
      vertex -1.741708063526773 -5.741642014393253 0
    endloop
  endfacet
  facet normal 0 0 1
    outer loop
      vertex -1.950903220161282 -9.807852804032304 0
      vertex -0.9801714032956065 -9.95184726672197 0
      vertex -0.5881028419773638 -5.971108360033181 0
    endloop
  endfacet
  facet normal 0 0 1
    outer loop
      vertex -0.9801714032956065 -9.95184726672197 0
      vertex 0 -10 0
      vertex 0 -6 0
    endloop
  endfacet
  facet normal 0 0 1
    outer loop
      vertex -1.950903220161282 -9.807852804032304 0
      vertex -0.5881028419773638 -5.971108360033181 0
      vertex -1.1705419320967692 -5.884711682419383 0
    endloop
  endfacet
  facet normal 0 0 1
    outer loop
      vertex -0.9801714032956065 -9.95184726672197 0
      vertex 0 -6 0
      vertex -0.5881028419773638 -5.971108360033181 0
    endloop
  endfacet
  facet normal 0 0 1
    outer loop
      vertex -6.343932841636459 7.730104533627367 0
      vertex -4.242640687119286 4.242640687119285 0
      vertex -3.806359704981875 4.6380627201764195 0
    endloop
  endfacet
  facet normal -0.42755509343028164 0.9039892931234436 0
    outer loop
      vertex -4.713967368259978 8.81921264348355 -11.801115535590181
      vertex -4.713967368259978 8.81921264348355 0
      vertex -3.8268343236509033 9.238795325112864 -11.17316567634911
    endloop
  endfacet
  facet normal -0.3368898533922207 0.9415440651830205 0
    outer loop
      vertex -3.8268343236509033 9.238795325112864 -11.17316567634911
      vertex -3.8268343236509033 9.238795325112864 0
      vertex -2.9028467725446245 9.569403357322088 -10.678375790161287
    endloop
  endfacet
  facet normal -0.24298017990326354 0.9700312531945441 0
    outer loop
      vertex -2.9028467725446245 9.569403357322088 -10.678375790161287
      vertex -2.9028467725446245 9.569403357322088 0
      vertex -1.9509032201612866 9.807852804032303 -10.321510974110382
    endloop
  endfacet
  facet normal 0 0 1
    outer loop
      vertex -5.555702330196022 8.314696123025453 0
      vertex -3.333421398117613 4.988817673815271 0
      vertex -4.713967368259978 8.81921264348355 0
    endloop
  endfacet
  facet normal 0 0 1
    outer loop
      vertex -5.555702330196022 8.314696123025453 0
      vertex -3.806359704981875 4.6380627201764195 0
      vertex -3.333421398117613 4.988817673815271 0
    endloop
  endfacet
  facet normal 0 0 1
    outer loop
      vertex -4.713967368259978 8.81921264348355 0
      vertex -2.828380420955987 5.29152758609013 0
      vertex -3.8268343236509033 9.238795325112864 0
    endloop
  endfacet
  facet normal -0.5141027441932219 0.857728610000272 0
    outer loop
      vertex -5.555702330196022 8.314696123025453 0
      vertex -4.713967368259978 8.81921264348355 0
      vertex -4.713967368259978 8.81921264348355 -11.801115535590181
    endloop
  endfacet
  facet normal -0.4275550934302816 0.9039892931234436 0
    outer loop
      vertex -3.8268343236509033 9.238795325112864 -11.17316567634911
      vertex -4.713967368259978 8.81921264348355 0
      vertex -3.8268343236509033 9.238795325112864 0
    endloop
  endfacet
  facet normal 0 0 1
    outer loop
      vertex -4.713967368259978 8.81921264348355 0
      vertex -3.333421398117613 4.988817673815271 0
      vertex -2.828380420955987 5.29152758609013 0
    endloop
  endfacet
  facet normal 0 0 1
    outer loop
      vertex -3.8268343236509033 9.238795325112864 0
      vertex -2.828380420955987 5.29152758609013 0
      vertex -2.296100594190542 5.543277195067719 0
    endloop
  endfacet
  facet normal 0 0 1
    outer loop
      vertex -3.8268343236509033 9.238795325112864 0
      vertex -2.296100594190542 5.543277195067719 0
      vertex -2.9028467725446245 9.569403357322088 0
    endloop
  endfacet
  facet normal -0.3368898533922207 0.9415440651830205 0
    outer loop
      vertex -2.9028467725446245 9.569403357322088 -10.678375790161287
      vertex -3.8268343236509033 9.238795325112864 0
      vertex -2.9028467725446245 9.569403357322088 0
    endloop
  endfacet
  facet normal -0.14673047445536377 0.9891765099647807 0
    outer loop
      vertex -1.9509032201612866 9.807852804032303 -10.321510974110382
      vertex -1.9509032201612866 9.807852804032303 0
      vertex -0.9801714032956045 9.95184726672197 -10.106008031457105
    endloop
  endfacet
  facet normal -0.04906767432741721 0.9987954562051725 0
    outer loop
      vertex -0.9801714032956045 9.95184726672197 -10.106008031457105
      vertex -0.9801714032956045 9.95184726672197 0
      vertex 0 10 -10.033942373345111
    endloop
  endfacet
  facet normal 0 0 1
    outer loop
      vertex -2.9028467725446245 9.569403357322088 0
      vertex -2.296100594190542 5.543277195067719 0
      vertex -1.7417080635267745 5.741642014393253 0
    endloop
  endfacet
  facet normal 0 0 1
    outer loop
      vertex -1.9509032201612866 9.807852804032303 0
      vertex -1.7417080635267745 5.741642014393253 0
      vertex -1.170541932096772 5.884711682419382 0
    endloop
  endfacet
  facet normal -0.24298017990326354 0.9700312531945441 0
    outer loop
      vertex -2.9028467725446245 9.569403357322088 0
      vertex -1.9509032201612866 9.807852804032303 0
      vertex -1.9509032201612866 9.807852804032303 -10.321510974110382
    endloop
  endfacet
  facet normal -0.14673047445536377 0.9891765099647808 0
    outer loop
      vertex -0.9801714032956045 9.95184726672197 -10.106008031457105
      vertex -1.9509032201612866 9.807852804032303 0
      vertex -0.9801714032956045 9.95184726672197 0
    endloop
  endfacet
  facet normal 0 0 1
    outer loop
      vertex -2.9028467725446245 9.569403357322088 0
      vertex -1.7417080635267745 5.741642014393253 0
      vertex -1.9509032201612866 9.807852804032303 0
    endloop
  endfacet
  facet normal 0 0 1
    outer loop
      vertex -1.9509032201612866 9.807852804032303 0
      vertex -1.170541932096772 5.884711682419382 0
      vertex -0.9801714032956045 9.95184726672197 0
    endloop
  endfacet
  facet normal 0 0 1
    outer loop
      vertex -0.9801714032956045 9.95184726672197 0
      vertex -1.170541932096772 5.884711682419382 0
      vertex -0.5881028419773626 5.971108360033181 0
    endloop
  endfacet
  facet normal 0 0 1
    outer loop
      vertex 0 10 0
      vertex -0.5881028419773626 5.971108360033181 0
      vertex 0 6 0
    endloop
  endfacet
  facet normal -0.04906767432741721 0.9987954562051725 0
    outer loop
      vertex -0.9801714032956045 9.95184726672197 0
      vertex 0 10 0
      vertex 0 10 -10.033942373345111
    endloop
  endfacet
  facet normal 0 0 1
    outer loop
      vertex -0.9801714032956045 9.95184726672197 0
      vertex -0.5881028419773626 5.971108360033181 0
      vertex 0 10 0
    endloop
  endfacet
  facet normal 0 0 -1
    outer loop
      vertex 0 -10 -50
      vertex 0 -6 -50
      vertex 0.9801714032956077 -9.951847266721968 -50
    endloop
  endfacet
  facet normal 0 0 -1
    outer loop
      vertex 0.9801714032956077 -9.951847266721968 -50
      vertex 0.5881028419773646 -5.971108360033181 -50
      vertex 1.9509032201612833 -9.807852804032304 -50
    endloop
  endfacet
  facet normal 0 0 -1
    outer loop
      vertex 0.9801714032956077 -9.951847266721968 -50
      vertex 0 -6 -50
      vertex 0.5881028419773646 -5.971108360033181 -50
    endloop
  endfacet
  facet normal 0 0 -1
    outer loop
      vertex 1.9509032201612833 -9.807852804032304 -50
      vertex 0.5881028419773646 -5.971108360033181 -50
      vertex 1.17054193209677 -5.884711682419383 -50
    endloop
  endfacet
  facet normal 0 0 -1
    outer loop
      vertex 1.9509032201612833 -9.807852804032304 -50
      vertex 1.17054193209677 -5.884711682419383 -50
      vertex 2.902846772544623 -9.56940335732209 -50
    endloop
  endfacet
  facet normal 0 0 -1
    outer loop
      vertex 2.902846772544623 -9.56940335732209 -50
      vertex 1.17054193209677 -5.884711682419383 -50
      vertex 1.741708063526774 -5.741642014393253 -50
    endloop
  endfacet
  facet normal 0 0 -1
    outer loop
      vertex 2.902846772544623 -9.56940335732209 -50
      vertex 1.741708063526774 -5.741642014393253 -50
      vertex 3.8268343236508984 -9.238795325112868 -50
    endloop
  endfacet
  facet normal 0 0 -1
    outer loop
      vertex 3.8268343236508984 -9.238795325112868 -50
      vertex 2.296100594190539 -5.54327719506772 -50
      vertex 4.713967368259978 -8.81921264348355 -50
    endloop
  endfacet
  facet normal 0 0 -1
    outer loop
      vertex 3.8268343236508984 -9.238795325112868 -50
      vertex 1.741708063526774 -5.741642014393253 -50
      vertex 2.296100594190539 -5.54327719506772 -50
    endloop
  endfacet
  facet normal 0 0 -1
    outer loop
      vertex 4.713967368259978 -8.81921264348355 -50
      vertex 2.296100594190539 -5.54327719506772 -50
      vertex 2.828380420955987 -5.29152758609013 -50
    endloop
  endfacet
  facet normal 0 0 -1
    outer loop
      vertex 4.713967368259978 -8.81921264348355 -50
      vertex 2.828380420955987 -5.29152758609013 -50
      vertex 5.555702330196023 -8.314696123025453 -50
    endloop
  endfacet
  facet normal 0 0 -1
    outer loop
      vertex 5.555702330196023 -8.314696123025453 -50
      vertex 2.828380420955987 -5.29152758609013 -50
      vertex 3.333421398117614 -4.988817673815271 -50
    endloop
  endfacet
  facet normal 0 0 -1
    outer loop
      vertex 6.343932841636455 -7.730104533627369 -50
      vertex 3.333421398117614 -4.988817673815271 -50
      vertex 3.806359704981873 -4.638062720176421 -50
    endloop
  endfacet
  facet normal 0.04906767432741885 -0.9987954562051723 0
    outer loop
      vertex 0 -10 -50
      vertex 0.9801714032956077 -9.951847266721968 -50
      vertex 0.9801714032956077 -9.951847266721968 0
    endloop
  endfacet
  facet normal 0.1467304744553612 -0.989176509964781 0
    outer loop
      vertex 0.9801714032956077 -9.951847266721968 -50
      vertex 1.9509032201612833 -9.807852804032304 -50
      vertex 1.9509032201612833 -9.807852804032304 0
    endloop
  endfacet
  facet normal 0.24298017990326307 -0.9700312531945441 0
    outer loop
      vertex 1.9509032201612833 -9.807852804032304 -50
      vertex 2.902846772544623 -9.56940335732209 -50
      vertex 2.902846772544623 -9.56940335732209 0
    endloop
  endfacet
  facet normal 0.3368898533922203 -0.9415440651830207 0
    outer loop
      vertex 2.902846772544623 -9.56940335732209 -50
      vertex 3.8268343236508984 -9.238795325112868 -50
      vertex 3.8268343236508984 -9.238795325112868 0
    endloop
  endfacet
  facet normal 0.42755509343028264 -0.9039892931234431 0
    outer loop
      vertex 3.8268343236508984 -9.238795325112868 -50
      vertex 4.713967368259978 -8.81921264348355 -50
      vertex 4.713967368259978 -8.81921264348355 0
    endloop
  endfacet
  facet normal 0 0 -1
    outer loop
      vertex 0 10 -50
      vertex 0.5881028419773605 5.971108360033181 -50
      vertex 0 6 -50
    endloop
  endfacet
  facet normal 0 0 -1
    outer loop
      vertex 0.9801714032956009 9.95184726672197 -50
      vertex 1.1705419320967698 5.884711682419383 -50
      vertex 0.5881028419773605 5.971108360033181 -50
    endloop
  endfacet
  facet normal 0 0 -1
    outer loop
      vertex 0 10 -50
      vertex 0.9801714032956009 9.95184726672197 -50
      vertex 0.5881028419773605 5.971108360033181 -50
    endloop
  endfacet
  facet normal 0.049067674327417383 0.9987954562051724 0
    outer loop
      vertex 0 10 -50
      vertex 0 10 -31.68178637919299
      vertex 0.9801714032956009 9.95184726672197 -50
    endloop
  endfacet
  facet normal 0 0 -1
    outer loop
      vertex 1.950903220161283 9.807852804032304 -50
      vertex 1.7417080635267723 5.741642014393253 -50
      vertex 1.1705419320967698 5.884711682419383 -50
    endloop
  endfacet
  facet normal 0 0 -1
    outer loop
      vertex 2.9028467725446205 9.56940335732209 -50
      vertex 2.29610059419054 5.54327719506772 -50
      vertex 1.7417080635267723 5.741642014393253 -50
    endloop
  endfacet
  facet normal 0 0 -1
    outer loop
      vertex 0.9801714032956009 9.95184726672197 -50
      vertex 1.950903220161283 9.807852804032304 -50
      vertex 1.1705419320967698 5.884711682419383 -50
    endloop
  endfacet
  facet normal 0 0 -1
    outer loop
      vertex 1.950903220161283 9.807852804032304 -50
      vertex 2.9028467725446205 9.56940335732209 -50
      vertex 1.7417080635267723 5.741642014393253 -50
    endloop
  endfacet
  facet normal 0.146730474455362 0.9891765099647809 4.160232396544333e-17
    outer loop
      vertex 0.9801714032956009 9.95184726672197 -50
      vertex 0.9801714032956077 9.951847266721968 -31.649611751459183
      vertex 1.950903220161283 9.807852804032304 -50
    endloop
  endfacet
  facet normal 0.24298017990326365 0.9700312531945441 -2.924790010336913e-18
    outer loop
      vertex 1.950903220161283 9.807852804032304 -50
      vertex 1.9509032201612833 9.807852804032304 -31.55339772751128
      vertex 2.9028467725446205 9.56940335732209 -50
    endloop
  endfacet
  facet normal 0.049067674327418855 0.9987954562051724 7.857671147135777e-17
    outer loop
      vertex 0.9801714032956009 9.95184726672197 -50
      vertex 0 10 -31.68178637919299
      vertex 0.9801714032956077 9.951847266721968 -31.649611751459183
    endloop
  endfacet
  facet normal 0.1467304744553612 0.989176509964781 -1.766217417691819e-18
    outer loop
      vertex 1.950903220161283 9.807852804032304 -50
      vertex 0.9801714032956077 9.951847266721968 -31.649611751459183
      vertex 1.9509032201612833 9.807852804032304 -31.55339772751128
    endloop
  endfacet
  facet normal 0 0 -1
    outer loop
      vertex 6.343932841636456 7.730104533627369 -50
      vertex 4.242640687119284 4.242640687119286 -50
      vertex 3.8063597049818734 4.638062720176421 -50
    endloop
  endfacet
  facet normal 0 0 -1
    outer loop
      vertex 3.8268343236509 9.238795325112866 -50
      vertex 2.8283804209559853 5.2915275860901305 -50
      vertex 2.29610059419054 5.54327719506772 -50
    endloop
  endfacet
  facet normal 0 0 -1
    outer loop
      vertex 2.9028467725446205 9.56940335732209 -50
      vertex 3.8268343236509 9.238795325112866 -50
      vertex 2.29610059419054 5.54327719506772 -50
    endloop
  endfacet
  facet normal 0 0 -1
    outer loop
      vertex 4.713967368259976 8.819212643483551 -50
      vertex 3.3334213981176113 4.988817673815273 -50
      vertex 2.8283804209559853 5.2915275860901305 -50
    endloop
  endfacet
  facet normal 0.33688985339222044 0.9415440651830206 4.164604427248511e-17
    outer loop
      vertex 2.9028467725446205 9.56940335732209 -50
      vertex 2.902846772544623 9.569403357322088 -31.39407090099584
      vertex 3.8268343236509 9.238795325112866 -50
    endloop
  endfacet
  facet normal 0 0 -1
    outer loop
      vertex 5.555702330196018 8.314696123025454 -50
      vertex 3.8063597049818734 4.638062720176421 -50
      vertex 3.3334213981176113 4.988817673815273 -50
    endloop
  endfacet
  facet normal 0 0 -1
    outer loop
      vertex 3.8268343236509 9.238795325112866 -50
      vertex 4.713967368259976 8.819212643483551 -50
      vertex 2.8283804209559853 5.2915275860901305 -50
    endloop
  endfacet
  facet normal 0 0 -1
    outer loop
      vertex 4.713967368259976 8.819212643483551 -50
      vertex 5.555702330196018 8.314696123025454 -50
      vertex 3.3334213981176113 4.988817673815273 -50
    endloop
  endfacet
  facet normal 0.24298017990326476 0.9700312531945438 5.781449497659842e-17
    outer loop
      vertex 2.9028467725446205 9.56940335732209 -50
      vertex 1.9509032201612833 9.807852804032304 -31.55339772751128
      vertex 2.902846772544623 9.569403357322088 -31.39407090099584
    endloop
  endfacet
  facet normal 0.33688985339221966 0.9415440651830208 0
    outer loop
      vertex 3.8268343236509 9.238795325112866 -50
      vertex 2.902846772544623 9.569403357322088 -31.39407090099584
      vertex 3.8268343236509 9.238795325112866 -31.173165676349104
    endloop
  endfacet
  facet normal 0.42755509343028136 0.9039892931234436 0
    outer loop
      vertex 3.8268343236509 9.238795325112866 -50
      vertex 3.8268343236509 9.238795325112866 -31.173165676349104
      vertex 4.713967368259976 8.819212643483551 -50
    endloop
  endfacet
  facet normal 0.5141027441932223 0.8577286100002718 8.04865550238233e-18
    outer loop
      vertex 4.713967368259976 8.819212643483551 -50
      vertex 4.713967368259978 8.81921264348355 -30.8928094916435
      vertex 5.555702330196018 8.314696123025454 -50
    endloop
  endfacet
  facet normal 0.4275550934302818 0.9039892931234433 2.4418657558652106e-17
    outer loop
      vertex 4.713967368259976 8.819212643483551 -50
      vertex 3.8268343236509 9.238795325112866 -31.173165676349104
      vertex 4.713967368259978 8.81921264348355 -30.8928094916435
    endloop
  endfacet
  facet normal 0 0 -1
    outer loop
      vertex 5.555702330196023 -8.314696123025453 -50
      vertex 3.333421398117614 -4.988817673815271 -50
      vertex 6.343932841636455 -7.730104533627369 -50
    endloop
  endfacet
  facet normal 0 0 -1
    outer loop
      vertex 7.0710678118654755 -7.0710678118654755 -50
      vertex 3.806359704981873 -4.638062720176421 -50
      vertex 4.242640687119286 -4.242640687119286 -50
    endloop
  endfacet
  facet normal 0 0 -1
    outer loop
      vertex 7.0710678118654755 -7.0710678118654755 -50
      vertex 4.242640687119286 -4.242640687119286 -50
      vertex 4.638062720176422 -3.806359704981873 -50
    endloop
  endfacet
  facet normal 0 0 -1
    outer loop
      vertex 6.343932841636455 -7.730104533627369 -50
      vertex 3.806359704981873 -4.638062720176421 -50
      vertex 7.0710678118654755 -7.0710678118654755 -50
    endloop
  endfacet
  facet normal 0 0 -1
    outer loop
      vertex 7.0710678118654755 -7.0710678118654755 -50
      vertex 4.638062720176422 -3.806359704981873 -50
      vertex 7.73010453362737 -6.343932841636455 -50
    endloop
  endfacet
  facet normal 0 0 -1
    outer loop
      vertex 7.73010453362737 -6.343932841636455 -50
      vertex 4.988817673815271 -3.333421398117613 -50
      vertex 8.314696123025453 -5.555702330196022 -50
    endloop
  endfacet
  facet normal 0 0 -1
    outer loop
      vertex 7.73010453362737 -6.343932841636455 -50
      vertex 4.638062720176422 -3.806359704981873 -50
      vertex 4.988817673815271 -3.333421398117613 -50
    endloop
  endfacet
  facet normal 0 0 -1
    outer loop
      vertex 8.314696123025453 -5.555702330196022 -50
      vertex 4.988817673815271 -3.333421398117613 -50
      vertex 5.2915275860901305 -2.8283804209559857 -50
    endloop
  endfacet
  facet normal 0 0 -1
    outer loop
      vertex 8.819212643483551 -4.7139673682599765 -50
      vertex 5.2915275860901305 -2.8283804209559857 -50
      vertex 5.54327719506772 -2.2961005941905386 -50
    endloop
  endfacet
  facet normal 0 0 -1
    outer loop
      vertex 9.238795325112868 -3.826834323650898 -50
      vertex 5.54327719506772 -2.2961005941905386 -50
      vertex 5.741642014393253 -1.741708063526774 -50
    endloop
  endfacet
  facet normal 0 0 -1
    outer loop
      vertex 8.314696123025453 -5.555702330196022 -50
      vertex 5.2915275860901305 -2.8283804209559857 -50
      vertex 8.819212643483551 -4.7139673682599765 -50
    endloop
  endfacet
  facet normal 0 0 -1
    outer loop
      vertex 9.569403357322088 -2.902846772544623 -50
      vertex 5.741642014393253 -1.741708063526774 -50
      vertex 5.884711682419383 -1.1705419320967694 -50
    endloop
  endfacet
  facet normal 0 0 -1
    outer loop
      vertex 9.807852804032304 -1.9509032201612824 -50
      vertex 5.884711682419383 -1.1705419320967694 -50
      vertex 5.971108360033181 -0.5881028419773635 -50
    endloop
  endfacet
  facet normal 0 0 -1
    outer loop
      vertex 9.95184726672197 -0.980171403295606 -50
      vertex 5.971108360033181 -0.5881028419773635 -50
      vertex 6 0 -50
    endloop
  endfacet
  facet normal 0 0 -1
    outer loop
      vertex 8.819212643483551 -4.7139673682599765 -50
      vertex 5.54327719506772 -2.2961005941905386 -50
      vertex 9.238795325112868 -3.826834323650898 -50
    endloop
  endfacet
  facet normal 0 0 -1
    outer loop
      vertex 9.238795325112868 -3.826834323650898 -50
      vertex 5.741642014393253 -1.741708063526774 -50
      vertex 9.569403357322088 -2.902846772544623 -50
    endloop
  endfacet
  facet normal 0 0 -1
    outer loop
      vertex 9.569403357322088 -2.902846772544623 -50
      vertex 5.884711682419383 -1.1705419320967694 -50
      vertex 9.807852804032304 -1.9509032201612824 -50
    endloop
  endfacet
  facet normal 0 0 -1
    outer loop
      vertex 9.807852804032304 -1.9509032201612824 -50
      vertex 5.971108360033181 -0.5881028419773635 -50
      vertex 9.95184726672197 -0.980171403295606 -50
    endloop
  endfacet
  facet normal 0 0 -1
    outer loop
      vertex 9.95184726672197 -0.980171403295606 -50
      vertex 6 0 -50
      vertex 10 0 -50
    endloop
  endfacet
  facet normal 0 0 -1
    outer loop
      vertex 10 0 -50
      vertex 6 0 -50
      vertex 9.95184726672197 0.980171403295605 -50
    endloop
  endfacet
  facet normal 0.9987954562051725 0.04906767432741718 0
    outer loop
      vertex 10 0 -50
      vertex 9.95184726672197 0.980171403295605 -50
      vertex 10 0 -25
    endloop
  endfacet
  facet normal 0.5141027441932216 -0.8577286100002722 0
    outer loop
      vertex 4.713967368259978 -8.81921264348355 -50
      vertex 5.555702330196023 -8.314696123025453 -50
      vertex 5.555702330196023 -8.314696123025453 0
    endloop
  endfacet
  facet normal 0.595699304492434 -0.8032075314806444 0
    outer loop
      vertex 5.555702330196023 -8.314696123025453 -50
      vertex 6.343932841636455 -7.730104533627369 -50
      vertex 6.343932841636455 -7.730104533627369 0
    endloop
  endfacet
  facet normal 0.6715589548470179 -0.7409511253549595 0
    outer loop
      vertex 6.343932841636455 -7.730104533627369 -50
      vertex 7.0710678118654755 -7.0710678118654755 -50
      vertex 7.0710678118654755 -7.0710678118654755 0
    endloop
  endfacet
  facet normal 0.7409511253549592 -0.6715589548470183 0
    outer loop
      vertex 7.0710678118654755 -7.0710678118654755 -50
      vertex 7.73010453362737 -6.343932841636455 -50
      vertex 7.0710678118654755 -7.0710678118654755 0
    endloop
  endfacet
  facet normal 0.8032075314806452 -0.5956993044924331 0
    outer loop
      vertex 7.73010453362737 -6.343932841636455 -50
      vertex 8.314696123025453 -5.555702330196022 -50
      vertex 7.73010453362737 -6.343932841636455 0
    endloop
  endfacet
  facet normal 0.8577286100002717 -0.5141027441932225 0
    outer loop
      vertex 8.314696123025453 -5.555702330196022 -50
      vertex 8.819212643483551 -4.7139673682599765 -50
      vertex 8.314696123025453 -5.555702330196022 0
    endloop
  endfacet
  facet normal 0.9039892931234436 -0.42755509343028164 0
    outer loop
      vertex 8.819212643483551 -4.7139673682599765 -50
      vertex 9.238795325112868 -3.826834323650898 -50
      vertex 8.819212643483551 -4.7139673682599765 0
    endloop
  endfacet
  facet normal 0.9415440651830213 -0.33688985339221883 0
    outer loop
      vertex 9.238795325112868 -3.826834323650898 -50
      vertex 9.569403357322088 -2.902846772544623 -50
      vertex 9.238795325112868 -3.826834323650898 0
    endloop
  endfacet
  facet normal 0.9700312531945439 -0.2429801799032646 0
    outer loop
      vertex 9.569403357322088 -2.902846772544623 -50
      vertex 9.807852804032304 -1.9509032201612824 -50
      vertex 9.569403357322088 -2.902846772544623 0
    endloop
  endfacet
  facet normal 0.9891765099647809 -0.14673047445536286 0
    outer loop
      vertex 9.807852804032304 -1.9509032201612824 -50
      vertex 9.95184726672197 -0.980171403295606 -50
      vertex 9.807852804032304 -1.9509032201612824 0
    endloop
  endfacet
  facet normal 0.9987954562051725 -0.049067674327417134 0
    outer loop
      vertex 9.95184726672197 -0.980171403295606 -50
      vertex 10 0 -50
      vertex 9.95184726672197 -0.980171403295606 0
    endloop
  endfacet
  facet normal 0 0 -1
    outer loop
      vertex 7.071067811865474 7.071067811865477 -50
      vertex 4.6380627201764195 3.8063597049818756 -50
      vertex 4.242640687119284 4.242640687119286 -50
    endloop
  endfacet
  facet normal 0 0 -1
    outer loop
      vertex 8.314696123025453 5.555702330196022 -50
      vertex 5.291527586090129 2.8283804209559875 -50
      vertex 4.988817673815271 3.333421398117613 -50
    endloop
  endfacet
  facet normal 0 0 -1
    outer loop
      vertex 7.730104533627365 6.343932841636459 -50
      vertex 4.988817673815271 3.333421398117613 -50
      vertex 4.6380627201764195 3.8063597049818756 -50
    endloop
  endfacet
  facet normal 0 0 -1
    outer loop
      vertex 9.238795325112864 3.826834323650904 -50
      vertex 5.741642014393253 1.7417080635267752 -50
      vertex 5.543277195067719 2.2961005941905426 -50
    endloop
  endfacet
  facet normal 0 0 -1
    outer loop
      vertex 9.95184726672197 0.980171403295605 -50
      vertex 6 0 -50
      vertex 5.971108360033181 0.5881028419773631 -50
    endloop
  endfacet
  facet normal 0 0 -1
    outer loop
      vertex 9.807852804032303 1.9509032201612873 -50
      vertex 5.971108360033181 0.5881028419773631 -50
      vertex 5.884711682419382 1.1705419320967723 -50
    endloop
  endfacet
  facet normal 0 0 -1
    outer loop
      vertex 9.569403357322088 2.902846772544625 -50
      vertex 5.884711682419382 1.1705419320967723 -50
      vertex 5.741642014393253 1.7417080635267752 -50
    endloop
  endfacet
  facet normal 0 0 -1
    outer loop
      vertex 8.819212643483548 4.713967368259979 -50
      vertex 5.543277195067719 2.2961005941905426 -50
      vertex 5.291527586090129 2.8283804209559875 -50
    endloop
  endfacet
  facet normal 0 0 -1
    outer loop
      vertex 8.314696123025453 5.555702330196022 -50
      vertex 4.988817673815271 3.333421398117613 -50
      vertex 7.730104533627365 6.343932841636459 -50
    endloop
  endfacet
  facet normal 0 0 -1
    outer loop
      vertex 8.314696123025453 5.555702330196022 -50
      vertex 8.819212643483548 4.713967368259979 -50
      vertex 5.291527586090129 2.8283804209559875 -50
    endloop
  endfacet
  facet normal 0 0 -1
    outer loop
      vertex 5.555702330196018 8.314696123025454 -50
      vertex 6.343932841636456 7.730104533627369 -50
      vertex 3.8063597049818734 4.638062720176421 -50
    endloop
  endfacet
  facet normal 0 0 -1
    outer loop
      vertex 6.343932841636456 7.730104533627369 -50
      vertex 7.071067811865474 7.071067811865477 -50
      vertex 4.242640687119284 4.242640687119286 -50
    endloop
  endfacet
  facet normal 0 0 -1
    outer loop
      vertex 7.071067811865474 7.071067811865477 -50
      vertex 7.730104533627365 6.343932841636459 -50
      vertex 4.6380627201764195 3.8063597049818756 -50
    endloop
  endfacet
  facet normal 0.5956993044924326 0.8032075314806455 1.0703911920013759e-17
    outer loop
      vertex 5.555702330196018 8.314696123025454 -50
      vertex 5.555702330196023 8.31469612302545 -30.55570233019602
      vertex 6.343932841636456 7.730104533627369 -50
    endloop
  endfacet
  facet normal 0.6715589548470183 0.7409511253549593 0
    outer loop
      vertex 6.343932841636456 7.730104533627369 -50
      vertex 6.343932841636456 7.730104533627369 -30.16509071825293
      vertex 7.071067811865474 7.071067811865477 -50
    endloop
  endfacet
  facet normal 0 0 -1
    outer loop
      vertex 9.95184726672197 0.980171403295605 -50
      vertex 5.971108360033181 0.5881028419773631 -50
      vertex 9.807852804032303 1.9509032201612873 -50
    endloop
  endfacet
  facet normal 0 0 -1
    outer loop
      vertex 9.569403357322088 2.902846772544625 -50
      vertex 9.807852804032303 1.9509032201612873 -50
      vertex 5.884711682419382 1.1705419320967723 -50
    endloop
  endfacet
  facet normal 0 0 -1
    outer loop
      vertex 9.569403357322088 2.902846772544625 -50
      vertex 5.741642014393253 1.7417080635267752 -50
      vertex 9.238795325112864 3.826834323650904 -50
    endloop
  endfacet
  facet normal 0 0 -1
    outer loop
      vertex 9.238795325112864 3.826834323650904 -50
      vertex 5.543277195067719 2.2961005941905426 -50
      vertex 8.819212643483548 4.713967368259979 -50
    endloop
  endfacet
  facet normal 0.8577286100002726 0.514102744193221 2.847681949145796e-17
    outer loop
      vertex 8.314696123025453 5.555702330196022 -50
      vertex 8.819212643483551 4.713967368259972 -28.149772295319977
      vertex 8.819212643483548 4.713967368259979 -50
    endloop
  endfacet
  facet normal 0.9891765099647807 0.14673047445536375 0
    outer loop
      vertex 9.95184726672197 0.980171403295605 -50
      vertex 9.807852804032303 1.9509032201612873 -50
      vertex 9.95184726672197 0.980171403295605 -25.654929593181507
    endloop
  endfacet
  facet normal 0.9700312531945442 0.24298017990326365 5.01292035408378e-17
    outer loop
      vertex 9.569403357322088 2.902846772544625 -50
      vertex 9.807852804032304 1.9509032201612753 -26.303551856359743
      vertex 9.807852804032303 1.9509032201612873 -50
    endloop
  endfacet
  facet normal 0.9039892931234429 0.427555093430283 4.302377298545226e-17
    outer loop
      vertex 9.238795325112864 3.826834323650904 -50
      vertex 8.819212643483548 4.713967368259979 -50
      vertex 9.238795325112868 3.8268343236508944 -27.55700894591988
    endloop
  endfacet
  facet normal 0.9415440651830206 0.3368898533922206 0
    outer loop
      vertex 9.569403357322088 2.902846772544625 -50
      vertex 9.238795325112864 3.826834323650904 -50
      vertex 9.569403357322088 2.902846772544625 -26.939620202567298
    endloop
  endfacet
  facet normal 0.7409511253549597 0.6715589548470178 4.3593724657127165e-17
    outer loop
      vertex 7.071067811865474 7.071067811865477 -50
      vertex 7.73010453362737 6.343932841636453 -29.238880405176154
      vertex 7.730104533627365 6.343932841636459 -50
    endloop
  endfacet
  facet normal 0.8032075314806442 0.5956993044924341 0
    outer loop
      vertex 8.314696123025453 5.555702330196022 -50
      vertex 7.730104533627365 6.343932841636459 -50
      vertex 8.314696123025453 5.555702330196022 -28.712201615675454
    endloop
  endfacet
  facet normal 0.5956993044924325 0.8032075314806456 0
    outer loop
      vertex 6.343932841636456 7.730104533627369 -50
      vertex 5.555702330196023 8.31469612302545 -30.55570233019602
      vertex 6.343932841636456 7.730104533627369 -30.16509071825293
    endloop
  endfacet
  facet normal 0.514102744193223 0.8577286100002715 4.072776133341385e-17
    outer loop
      vertex 4.713967368259978 8.81921264348355 -30.8928094916435
      vertex 5.555702330196023 8.31469612302545 -30.55570233019602
      vertex 5.555702330196018 8.314696123025454 -50
    endloop
  endfacet
  facet normal 0.6715589548470183 0.7409511253549592 6.079588382876649e-18
    outer loop
      vertex 7.071067811865474 7.071067811865477 -50
      vertex 6.343932841636456 7.730104533627369 -30.16509071825293
      vertex 7.0710678118654755 7.0710678118654755 -29.72473645916727
    endloop
  endfacet
  facet normal 0.7409511253549603 0.671558954847017 -6.079588382876867e-18
    outer loop
      vertex 7.071067811865474 7.071067811865477 -50
      vertex 7.0710678118654755 7.0710678118654755 -29.72473645916727
      vertex 7.73010453362737 6.343932841636453 -29.238880405176154
    endloop
  endfacet
  facet normal 0.8577286100002729 0.5141027441932204 0
    outer loop
      vertex 8.314696123025453 5.555702330196022 -50
      vertex 8.314696123025453 5.555702330196022 -28.712201615675454
      vertex 8.819212643483551 4.713967368259972 -28.149772295319977
    endloop
  endfacet
  facet normal 0.9700312531945444 0.24298017990326246 0
    outer loop
      vertex 9.569403357322088 2.902846772544625 -50
      vertex 9.569403357322088 2.902846772544625 -26.939620202567298
      vertex 9.807852804032304 1.9509032201612753 -26.303551856359743
    endloop
  endfacet
  facet normal 0.9987954562051723 0.04906767432741718 0
    outer loop
      vertex 9.95184726672197 0.980171403295605 -50
      vertex 9.95184726672197 0.980171403295605 -25.654929593181507
      vertex 10 0 -25
    endloop
  endfacet
  facet normal 0.9891765099647806 0.14673047445536375 9.401804039507507e-20
    outer loop
      vertex 9.807852804032303 1.9509032201612873 -50
      vertex 9.807852804032304 1.9509032201612753 -26.303551856359743
      vertex 9.95184726672197 0.980171403295605 -25.654929593181507
    endloop
  endfacet
  facet normal 0.9415440651830206 0.3368898533922205 -2.3898421494667253e-18
    outer loop
      vertex 9.238795325112864 3.826834323650904 -50
      vertex 9.238795325112868 3.8268343236508944 -27.55700894591988
      vertex 9.569403357322088 2.902846772544625 -26.939620202567298
    endloop
  endfacet
  facet normal 0.9039892931234433 0.427555093430282 -7.947444382489454e-18
    outer loop
      vertex 8.819212643483548 4.713967368259979 -50
      vertex 8.819212643483551 4.713967368259972 -28.149772295319977
      vertex 9.238795325112868 3.8268343236508944 -27.55700894591988
    endloop
  endfacet
  facet normal 0.8032075314806442 0.5956993044924342 6.582154085243201e-18
    outer loop
      vertex 7.730104533627365 6.343932841636459 -50
      vertex 7.73010453362737 6.343932841636453 -29.238880405176154
      vertex 8.314696123025453 5.555702330196022 -28.712201615675454
    endloop
  endfacet
  facet normal 0.04906767432741885 -0.9987954562051723 0
    outer loop
      vertex 0 -10 -50
      vertex 0.9801714032956077 -9.951847266721968 0
      vertex 0 -10 0
    endloop
  endfacet
  facet normal 0.1467304744553612 -0.989176509964781 0
    outer loop
      vertex 0.9801714032956077 -9.951847266721968 -50
      vertex 1.9509032201612833 -9.807852804032304 0
      vertex 0.9801714032956077 -9.951847266721968 0
    endloop
  endfacet
  facet normal 0.24298017990326307 -0.9700312531945441 0
    outer loop
      vertex 1.9509032201612833 -9.807852804032304 -50
      vertex 2.902846772544623 -9.56940335732209 0
      vertex 1.9509032201612833 -9.807852804032304 0
    endloop
  endfacet
  facet normal 0.3368898533922203 -0.9415440651830207 0
    outer loop
      vertex 2.902846772544623 -9.56940335732209 -50
      vertex 3.8268343236508984 -9.238795325112868 0
      vertex 2.902846772544623 -9.56940335732209 0
    endloop
  endfacet
  facet normal 0.42755509343028264 -0.9039892931234431 0
    outer loop
      vertex 3.8268343236508984 -9.238795325112868 -50
      vertex 4.713967368259978 -8.81921264348355 0
      vertex 3.8268343236508984 -9.238795325112868 0
    endloop
  endfacet
  facet normal 0.5141027441932216 -0.8577286100002722 0
    outer loop
      vertex 4.713967368259978 -8.81921264348355 -50
      vertex 5.555702330196023 -8.314696123025453 0
      vertex 4.713967368259978 -8.81921264348355 0
    endloop
  endfacet
  facet normal 0 0 1
    outer loop
      vertex 0 -10 0
      vertex 0.9801714032956077 -9.951847266721968 0
      vertex 0.5881028419773646 -5.971108360033181 0
    endloop
  endfacet
  facet normal 0 0 1
    outer loop
      vertex 0 -10 0
      vertex 0.5881028419773646 -5.971108360033181 0
      vertex 0 -6 0
    endloop
  endfacet
  facet normal 0 0 1
    outer loop
      vertex 0.9801714032956077 -9.951847266721968 0
      vertex 1.17054193209677 -5.884711682419383 0
      vertex 0.5881028419773646 -5.971108360033181 0
    endloop
  endfacet
  facet normal 0 0 1
    outer loop
      vertex 0.9801714032956077 -9.951847266721968 0
      vertex 1.9509032201612833 -9.807852804032304 0
      vertex 1.17054193209677 -5.884711682419383 0
    endloop
  endfacet
  facet normal 0 0 1
    outer loop
      vertex 1.9509032201612833 -9.807852804032304 0
      vertex 2.902846772544623 -9.56940335732209 0
      vertex 1.7417080635267737 -5.741642014393253 0
    endloop
  endfacet
  facet normal 0 0 1
    outer loop
      vertex 1.9509032201612833 -9.807852804032304 0
      vertex 1.7417080635267737 -5.741642014393253 0
      vertex 1.17054193209677 -5.884711682419383 0
    endloop
  endfacet
  facet normal 0 0 1
    outer loop
      vertex 2.902846772544623 -9.56940335732209 0
      vertex 2.296100594190539 -5.54327719506772 0
      vertex 1.7417080635267737 -5.741642014393253 0
    endloop
  endfacet
  facet normal 0 0 1
    outer loop
      vertex 2.902846772544623 -9.56940335732209 0
      vertex 3.8268343236508984 -9.238795325112868 0
      vertex 2.296100594190539 -5.54327719506772 0
    endloop
  endfacet
  facet normal 0 0 1
    outer loop
      vertex 3.8268343236508984 -9.238795325112868 0
      vertex 2.8283804209559866 -5.29152758609013 0
      vertex 2.296100594190539 -5.54327719506772 0
    endloop
  endfacet
  facet normal 0 0 1
    outer loop
      vertex 4.713967368259978 -8.81921264348355 0
      vertex 3.3334213981176135 -4.988817673815271 0
      vertex 2.8283804209559866 -5.29152758609013 0
    endloop
  endfacet
  facet normal 0 0 1
    outer loop
      vertex 3.8268343236508984 -9.238795325112868 0
      vertex 4.713967368259978 -8.81921264348355 0
      vertex 2.8283804209559866 -5.29152758609013 0
    endloop
  endfacet
  facet normal 0 0 1
    outer loop
      vertex 5.555702330196023 -8.314696123025453 0
      vertex 3.806359704981873 -4.638062720176421 0
      vertex 3.3334213981176135 -4.988817673815271 0
    endloop
  endfacet
  facet normal 0 0 1
    outer loop
      vertex 4.713967368259978 -8.81921264348355 0
      vertex 5.555702330196023 -8.314696123025453 0
      vertex 3.3334213981176135 -4.988817673815271 0
    endloop
  endfacet
  facet normal 0 0 1
    outer loop
      vertex 6.343932841636455 -7.730104533627369 0
      vertex 4.242640687119286 -4.242640687119286 0
      vertex 3.806359704981873 -4.638062720176421 0
    endloop
  endfacet
  facet normal 0.04906767432741739 0.9987954562051725 0
    outer loop
      vertex 0 10 -10.033942373345111
      vertex 0.9801714032956009 9.95184726672197 0
      vertex 0.9801714032956009 9.95184726672197 -10.106008031457105
    endloop
  endfacet
  facet normal 0.146730474455362 0.989176509964781 0
    outer loop
      vertex 0.9801714032956009 9.95184726672197 -10.106008031457105
      vertex 1.950903220161283 9.807852804032304 0
      vertex 1.950903220161283 9.807852804032304 -10.321510974110378
    endloop
  endfacet
  facet normal 0 0 1
    outer loop
      vertex 0.9801714032956009 9.95184726672197 0
      vertex 0 6 0
      vertex 0.5881028419773605 5.971108360033181 0
    endloop
  endfacet
  facet normal 0 0 1
    outer loop
      vertex 1.950903220161283 9.807852804032304 0
      vertex 0.5881028419773605 5.971108360033181 0
      vertex 1.1705419320967698 5.884711682419383 0
    endloop
  endfacet
  facet normal 0.04906767432741739 0.9987954562051725 0
    outer loop
      vertex 0 10 -10.033942373345111
      vertex 0 10 0
      vertex 0.9801714032956009 9.95184726672197 0
    endloop
  endfacet
  facet normal 0 0 1
    outer loop
      vertex 0 10 0
      vertex 0 6 0
      vertex 0.9801714032956009 9.95184726672197 0
    endloop
  endfacet
  facet normal 0 0 1
    outer loop
      vertex 0.9801714032956009 9.95184726672197 0
      vertex 0.5881028419773605 5.971108360033181 0
      vertex 1.950903220161283 9.807852804032304 0
    endloop
  endfacet
  facet normal 0 0 1
    outer loop
      vertex 2.9028467725446205 9.56940335732209 0
      vertex 1.1705419320967698 5.884711682419383 0
      vertex 1.7417080635267723 5.741642014393253 0
    endloop
  endfacet
  facet normal 0.146730474455362 0.9891765099647809 0
    outer loop
      vertex 0.9801714032956009 9.95184726672197 -10.106008031457105
      vertex 0.9801714032956009 9.95184726672197 0
      vertex 1.950903220161283 9.807852804032304 0
    endloop
  endfacet
  facet normal 0.24298017990326368 0.970031253194544 0
    outer loop
      vertex 1.950903220161283 9.807852804032304 -10.321510974110378
      vertex 1.950903220161283 9.807852804032304 0
      vertex 2.9028467725446205 9.56940335732209 0
    endloop
  endfacet
  facet normal 0 0 1
    outer loop
      vertex 1.950903220161283 9.807852804032304 0
      vertex 1.1705419320967698 5.884711682419383 0
      vertex 2.9028467725446205 9.56940335732209 0
    endloop
  endfacet
  facet normal 0.2429801799032637 0.9700312531945441 0
    outer loop
      vertex 1.950903220161283 9.807852804032304 -10.321510974110378
      vertex 2.9028467725446205 9.56940335732209 0
      vertex 2.9028467725446205 9.56940335732209 -10.678375790161283
    endloop
  endfacet
  facet normal 0.3368898533922204 0.9415440651830206 0
    outer loop
      vertex 2.9028467725446205 9.56940335732209 -10.678375790161283
      vertex 3.8268343236509 9.238795325112866 0
      vertex 3.8268343236509 9.238795325112866 -11.173165676349104
    endloop
  endfacet
  facet normal 0.4275550934302815 0.9039892931234436 0
    outer loop
      vertex 3.8268343236509 9.238795325112866 -11.173165676349104
      vertex 4.713967368259976 8.819212643483551 0
      vertex 4.713967368259976 8.819212643483551 -11.801115535590176
    endloop
  endfacet
  facet normal 0 0 1
    outer loop
      vertex 3.8268343236509 9.238795325112866 0
      vertex 1.7417080635267723 5.741642014393253 0
      vertex 2.29610059419054 5.54327719506772 0
    endloop
  endfacet
  facet normal 0 0 1
    outer loop
      vertex 4.713967368259976 8.819212643483551 0
      vertex 2.29610059419054 5.54327719506772 0
      vertex 2.8283804209559857 5.2915275860901305 0
    endloop
  endfacet
  facet normal 0 0 1
    outer loop
      vertex 3.8268343236509 9.238795325112866 0
      vertex 2.29610059419054 5.54327719506772 0
      vertex 4.713967368259976 8.819212643483551 0
    endloop
  endfacet
  facet normal 0.3368898533922204 0.9415440651830206 0
    outer loop
      vertex 2.9028467725446205 9.56940335732209 -10.678375790161283
      vertex 2.9028467725446205 9.56940335732209 0
      vertex 3.8268343236509 9.238795325112866 0
    endloop
  endfacet
  facet normal 0 0 1
    outer loop
      vertex 2.9028467725446205 9.56940335732209 0
      vertex 1.7417080635267723 5.741642014393253 0
      vertex 3.8268343236509 9.238795325112866 0
    endloop
  endfacet
  facet normal 0 0 1
    outer loop
      vertex 5.555702330196018 8.314696123025454 0
      vertex 2.8283804209559857 5.2915275860901305 0
      vertex 3.3334213981176113 4.988817673815273 0
    endloop
  endfacet
  facet normal 0 0 1
    outer loop
      vertex 4.713967368259976 8.819212643483551 0
      vertex 2.8283804209559857 5.2915275860901305 0
      vertex 5.555702330196018 8.314696123025454 0
    endloop
  endfacet
  facet normal 0 0 1
    outer loop
      vertex 6.343932841636456 7.730104533627369 0
      vertex 3.3334213981176113 4.988817673815273 0
      vertex 3.8063597049818734 4.638062720176421 0
    endloop
  endfacet
  facet normal 0.42755509343028153 0.9039892931234438 0
    outer loop
      vertex 3.8268343236509 9.238795325112866 -11.173165676349104
      vertex 3.8268343236509 9.238795325112866 0
      vertex 4.713967368259976 8.819212643483551 0
    endloop
  endfacet
  facet normal 0.5141027441932223 0.8577286100002718 0
    outer loop
      vertex 4.713967368259976 8.819212643483551 -11.801115535590176
      vertex 4.713967368259976 8.819212643483551 0
      vertex 5.555702330196018 8.314696123025454 0
    endloop
  endfacet
  facet normal 0.595699304492434 -0.8032075314806444 0
    outer loop
      vertex 5.555702330196023 -8.314696123025453 -50
      vertex 6.343932841636455 -7.730104533627369 0
      vertex 5.555702330196023 -8.314696123025453 0
    endloop
  endfacet
  facet normal 0.6715589548470179 -0.7409511253549595 0
    outer loop
      vertex 6.343932841636455 -7.730104533627369 -50
      vertex 7.0710678118654755 -7.0710678118654755 0
      vertex 6.343932841636455 -7.730104533627369 0
    endloop
  endfacet
  facet normal 0.7409511253549592 -0.6715589548470183 0
    outer loop
      vertex 7.73010453362737 -6.343932841636455 -50
      vertex 7.73010453362737 -6.343932841636455 0
      vertex 7.0710678118654755 -7.0710678118654755 0
    endloop
  endfacet
  facet normal 0.8032075314806452 -0.5956993044924331 0
    outer loop
      vertex 8.314696123025453 -5.555702330196022 -50
      vertex 8.314696123025453 -5.555702330196022 0
      vertex 7.73010453362737 -6.343932841636455 0
    endloop
  endfacet
  facet normal 0.8577286100002717 -0.5141027441932225 0
    outer loop
      vertex 8.819212643483551 -4.7139673682599765 -50
      vertex 8.819212643483551 -4.7139673682599765 0
      vertex 8.314696123025453 -5.555702330196022 0
    endloop
  endfacet
  facet normal 0.9987954562051725 -0.049067674327417134 0
    outer loop
      vertex 10 0 -50
      vertex 10 0 -25
      vertex 9.95184726672197 -0.980171403295606 0
    endloop
  endfacet
  facet normal 0.9039892931234436 -0.42755509343028164 0
    outer loop
      vertex 9.238795325112868 -3.826834323650898 -50
      vertex 9.238795325112868 -3.826834323650898 0
      vertex 8.819212643483551 -4.7139673682599765 0
    endloop
  endfacet
  facet normal 0.9415440651830213 -0.33688985339221883 0
    outer loop
      vertex 9.569403357322088 -2.902846772544623 -50
      vertex 9.569403357322088 -2.902846772544623 0
      vertex 9.238795325112868 -3.826834323650898 0
    endloop
  endfacet
  facet normal 0.9700312531945439 -0.2429801799032646 0
    outer loop
      vertex 9.807852804032304 -1.9509032201612824 -50
      vertex 9.807852804032304 -1.9509032201612824 0
      vertex 9.569403357322088 -2.902846772544623 0
    endloop
  endfacet
  facet normal 0.9891765099647809 -0.14673047445536286 0
    outer loop
      vertex 9.95184726672197 -0.980171403295606 -50
      vertex 9.95184726672197 -0.980171403295606 0
      vertex 9.807852804032304 -1.9509032201612824 0
    endloop
  endfacet
  facet normal 0.9987954562051725 0.04906767432741718 0
    outer loop
      vertex 10 0 -25
      vertex 9.95184726672197 0.980171403295605 -23.533069829427877
      vertex 10 0 0
    endloop
  endfacet
  facet normal 0 0 1
    outer loop
      vertex 5.555702330196023 -8.314696123025453 0
      vertex 6.343932841636455 -7.730104533627369 0
      vertex 3.806359704981873 -4.638062720176421 0
    endloop
  endfacet
  facet normal 0 0 1
    outer loop
      vertex 6.343932841636455 -7.730104533627369 0
      vertex 7.0710678118654755 -7.0710678118654755 0
      vertex 4.242640687119286 -4.242640687119286 0
    endloop
  endfacet
  facet normal 0 0 1
    outer loop
      vertex 7.0710678118654755 -7.0710678118654755 0
      vertex 7.73010453362737 -6.343932841636455 0
      vertex 4.242640687119286 -4.242640687119286 0
    endloop
  endfacet
  facet normal 0 0 1
    outer loop
      vertex 7.73010453362737 -6.343932841636455 0
      vertex 8.314696123025453 -5.555702330196022 0
      vertex 4.638062720176422 -3.8063597049818734 0
    endloop
  endfacet
  facet normal 0 0 1
    outer loop
      vertex 7.73010453362737 -6.343932841636455 0
      vertex 4.638062720176422 -3.8063597049818734 0
      vertex 4.242640687119286 -4.242640687119286 0
    endloop
  endfacet
  facet normal 0 0 1
    outer loop
      vertex 8.314696123025453 -5.555702330196022 0
      vertex 4.988817673815271 -3.333421398117613 0
      vertex 4.638062720176422 -3.8063597049818734 0
    endloop
  endfacet
  facet normal 0 0 1
    outer loop
      vertex 8.819212643483551 -4.7139673682599765 0
      vertex 5.2915275860901305 -2.8283804209559857 0
      vertex 4.988817673815271 -3.333421398117613 0
    endloop
  endfacet
  facet normal 0 0 1
    outer loop
      vertex 9.238795325112868 -3.826834323650898 0
      vertex 5.54327719506772 -2.2961005941905386 0
      vertex 5.2915275860901305 -2.8283804209559857 0
    endloop
  endfacet
  facet normal 0 0 1
    outer loop
      vertex 8.314696123025453 -5.555702330196022 0
      vertex 8.819212643483551 -4.7139673682599765 0
      vertex 4.988817673815271 -3.333421398117613 0
    endloop
  endfacet
  facet normal 0 0 1
    outer loop
      vertex 9.569403357322088 -2.902846772544623 0
      vertex 5.741642014393253 -1.741708063526774 0
      vertex 5.54327719506772 -2.2961005941905386 0
    endloop
  endfacet
  facet normal 0 0 1
    outer loop
      vertex 9.807852804032304 -1.9509032201612824 0
      vertex 5.884711682419383 -1.1705419320967696 0
      vertex 5.741642014393253 -1.741708063526774 0
    endloop
  endfacet
  facet normal 0 0 1
    outer loop
      vertex 9.95184726672197 -0.980171403295606 0
      vertex 5.971108360033181 -0.5881028419773636 0
      vertex 5.884711682419383 -1.1705419320967696 0
    endloop
  endfacet
  facet normal 0 0 1
    outer loop
      vertex 10 0 0
      vertex 6 0 0
      vertex 5.971108360033181 -0.5881028419773636 0
    endloop
  endfacet
  facet normal 0.9987954562051725 -0.049067674327417134 0
    outer loop
      vertex 10 0 -25
      vertex 10 0 0
      vertex 9.95184726672197 -0.980171403295606 0
    endloop
  endfacet
  facet normal 0 0 1
    outer loop
      vertex 8.819212643483551 -4.7139673682599765 0
      vertex 9.238795325112868 -3.826834323650898 0
      vertex 5.2915275860901305 -2.8283804209559857 0
    endloop
  endfacet
  facet normal 0 0 1
    outer loop
      vertex 9.238795325112868 -3.826834323650898 0
      vertex 9.569403357322088 -2.902846772544623 0
      vertex 5.54327719506772 -2.2961005941905386 0
    endloop
  endfacet
  facet normal 0 0 1
    outer loop
      vertex 9.569403357322088 -2.902846772544623 0
      vertex 9.807852804032304 -1.9509032201612824 0
      vertex 5.741642014393253 -1.741708063526774 0
    endloop
  endfacet
  facet normal 0 0 1
    outer loop
      vertex 9.807852804032304 -1.9509032201612824 0
      vertex 9.95184726672197 -0.980171403295606 0
      vertex 5.884711682419383 -1.1705419320967696 0
    endloop
  endfacet
  facet normal 0 0 1
    outer loop
      vertex 9.95184726672197 -0.980171403295606 0
      vertex 10 0 0
      vertex 5.971108360033181 -0.5881028419773636 0
    endloop
  endfacet
  facet normal 0 0 1
    outer loop
      vertex 10 0 0
      vertex 9.95184726672197 0.980171403295605 0
      vertex 6 0 0
    endloop
  endfacet
  facet normal 0.9891765099647807 0.14673047445536375 0
    outer loop
      vertex 9.95184726672197 0.980171403295605 -23.533069829427877
      vertex 9.807852804032303 1.9509032201612873 -22.08026699830396
      vertex 9.95184726672197 0.980171403295605 0
    endloop
  endfacet
  facet normal 0.9700312531945441 0.24298017990326365 0
    outer loop
      vertex 9.807852804032303 1.9509032201612873 -22.08026699830396
      vertex 9.569403357322088 2.902846772544625 -20.6555827920748
      vertex 9.807852804032303 1.9509032201612873 0
    endloop
  endfacet
  facet normal 0.9415440651830206 0.3368898533922206 0
    outer loop
      vertex 9.569403357322088 2.902846772544625 -20.6555827920748
      vertex 9.238795325112864 3.826834323650904 -19.272737698457966
      vertex 9.569403357322088 2.902846772544625 0
    endloop
  endfacet
  facet normal 0 0 1
    outer loop
      vertex 7.071067811865474 7.071067811865477 0
      vertex 3.8063597049818734 4.638062720176421 0
      vertex 4.242640687119284 4.242640687119286 0
    endloop
  endfacet
  facet normal 0 0 1
    outer loop
      vertex 7.071067811865474 7.071067811865477 0
      vertex 4.242640687119284 4.242640687119286 0
      vertex 4.6380627201764195 3.8063597049818756 0
    endloop
  endfacet
  facet normal 0 0 1
    outer loop
      vertex 8.314696123025453 5.555702330196022 0
      vertex 4.988817673815271 3.333421398117613 0
      vertex 5.291527586090129 2.8283804209559875 0
    endloop
  endfacet
  facet normal 0 0 1
    outer loop
      vertex 7.730104533627365 6.343932841636459 0
      vertex 4.6380627201764195 3.8063597049818756 0
      vertex 4.988817673815271 3.333421398117613 0
    endloop
  endfacet
  facet normal 0 0 1
    outer loop
      vertex 9.238795325112864 3.826834323650904 0
      vertex 5.543277195067719 2.296100594190542 0
      vertex 5.741642014393253 1.741708063526775 0
    endloop
  endfacet
  facet normal 0 0 1
    outer loop
      vertex 9.95184726672197 0.980171403295605 0
      vertex 5.971108360033181 0.588102841977363 0
      vertex 6 0 0
    endloop
  endfacet
  facet normal 0 0 1
    outer loop
      vertex 9.807852804032303 1.9509032201612873 0
      vertex 5.884711682419382 1.1705419320967723 0
      vertex 5.971108360033181 0.588102841977363 0
    endloop
  endfacet
  facet normal 0 0 1
    outer loop
      vertex 9.569403357322088 2.902846772544625 0
      vertex 5.741642014393253 1.741708063526775 0
      vertex 5.884711682419382 1.1705419320967723 0
    endloop
  endfacet
  facet normal 0 0 1
    outer loop
      vertex 8.819212643483548 4.713967368259979 0
      vertex 5.291527586090129 2.8283804209559875 0
      vertex 5.543277195067719 2.296100594190542 0
    endloop
  endfacet
  facet normal 0 0 1
    outer loop
      vertex 8.314696123025453 5.555702330196022 0
      vertex 7.730104533627365 6.343932841636459 0
      vertex 4.988817673815271 3.333421398117613 0
    endloop
  endfacet
  facet normal 0 0 1
    outer loop
      vertex 8.314696123025453 5.555702330196022 0
      vertex 5.291527586090129 2.8283804209559875 0
      vertex 8.819212643483548 4.713967368259979 0
    endloop
  endfacet
  facet normal 0.5956993044924325 0.8032075314806455 0
    outer loop
      vertex 5.555702330196018 8.314696123025454 -12.556177867467706
      vertex 6.343932841636456 7.730104533627369 0
      vertex 6.343932841636456 7.730104533627369 -13.43108100896666
    endloop
  endfacet
  facet normal 0.5141027441932223 0.8577286100002717 0
    outer loop
      vertex 4.713967368259976 8.819212643483551 -11.801115535590176
      vertex 5.555702330196018 8.314696123025454 0
      vertex 5.555702330196018 8.314696123025454 -12.556177867467706
    endloop
  endfacet
  facet normal 0.6715589548470181 0.7409511253549592 0
    outer loop
      vertex 6.343932841636456 7.730104533627369 -13.43108100896666
      vertex 7.071067811865474 7.071067811865477 0
      vertex 7.071067811865474 7.071067811865477 -14.417399164563678
    endloop
  endfacet
  facet normal 0.5956993044924326 0.8032075314806455 0
    outer loop
      vertex 5.555702330196018 8.314696123025454 -12.556177867467706
      vertex 5.555702330196018 8.314696123025454 0
      vertex 6.343932841636456 7.730104533627369 0
    endloop
  endfacet
  facet normal 0 0 1
    outer loop
      vertex 5.555702330196018 8.314696123025454 0
      vertex 3.3334213981176113 4.988817673815273 0
      vertex 6.343932841636456 7.730104533627369 0
    endloop
  endfacet
  facet normal 0 0 1
    outer loop
      vertex 6.343932841636456 7.730104533627369 0
      vertex 3.8063597049818734 4.638062720176421 0
      vertex 7.071067811865474 7.071067811865477 0
    endloop
  endfacet
  facet normal 0.6715589548470182 0.7409511253549592 0
    outer loop
      vertex 6.343932841636456 7.730104533627369 -13.43108100896666
      vertex 6.343932841636456 7.730104533627369 0
      vertex 7.071067811865474 7.071067811865477 0
    endloop
  endfacet
  facet normal 0.7409511253549598 0.6715589548470178 0
    outer loop
      vertex 7.071067811865474 7.071067811865477 -14.417399164563678
      vertex 7.071067811865474 7.071067811865477 0
      vertex 7.730104533627365 6.343932841636459 0
    endloop
  endfacet
  facet normal 0 0 1
    outer loop
      vertex 7.071067811865474 7.071067811865477 0
      vertex 4.6380627201764195 3.8063597049818756 0
      vertex 7.730104533627365 6.343932841636459 0
    endloop
  endfacet
  facet normal 0.8577286100002725 0.514102744193221 0
    outer loop
      vertex 8.314696123025453 5.555702330196022 -16.685303876974547
      vertex 8.819212643483548 4.713967368259979 0
      vertex 8.819212643483548 4.713967368259979 -17.945049271645043
    endloop
  endfacet
  facet normal 0.9987954562051724 0.04906767432741719 0
    outer loop
      vertex 10 0 0
      vertex 9.95184726672197 0.980171403295605 -23.533069829427877
      vertex 9.95184726672197 0.980171403295605 0
    endloop
  endfacet
  facet normal 0.9891765099647807 0.14673047445536375 0
    outer loop
      vertex 9.807852804032303 1.9509032201612873 -22.08026699830396
      vertex 9.807852804032303 1.9509032201612873 0
      vertex 9.95184726672197 0.980171403295605 0
    endloop
  endfacet
  facet normal 0.9700312531945441 0.24298017990326365 0
    outer loop
      vertex 9.569403357322088 2.902846772544625 -20.6555827920748
      vertex 9.569403357322088 2.902846772544625 0
      vertex 9.807852804032303 1.9509032201612873 0
    endloop
  endfacet
  facet normal 0.9039892931234428 0.4275550934302831 0
    outer loop
      vertex 9.238795325112864 3.826834323650904 -19.272737698457966
      vertex 8.819212643483548 4.713967368259979 -17.945049271645043
      vertex 9.238795325112864 3.826834323650904 0
    endloop
  endfacet
  facet normal 0.9415440651830207 0.33688985339222066 0
    outer loop
      vertex 9.238795325112864 3.826834323650904 -19.272737698457966
      vertex 9.238795325112864 3.826834323650904 0
      vertex 9.569403357322088 2.902846772544625 0
    endloop
  endfacet
  facet normal 0 0 1
    outer loop
      vertex 9.95184726672197 0.980171403295605 0
      vertex 9.807852804032303 1.9509032201612873 0
      vertex 5.971108360033181 0.588102841977363 0
    endloop
  endfacet
  facet normal 0 0 1
    outer loop
      vertex 9.569403357322088 2.902846772544625 0
      vertex 5.884711682419382 1.1705419320967723 0
      vertex 9.807852804032303 1.9509032201612873 0
    endloop
  endfacet
  facet normal 0 0 1
    outer loop
      vertex 9.569403357322088 2.902846772544625 0
      vertex 9.238795325112864 3.826834323650904 0
      vertex 5.741642014393253 1.741708063526775 0
    endloop
  endfacet
  facet normal 0.8577286100002725 0.514102744193221 0
    outer loop
      vertex 8.314696123025453 5.555702330196022 -16.685303876974547
      vertex 8.314696123025453 5.555702330196022 0
      vertex 8.819212643483548 4.713967368259979 0
    endloop
  endfacet
  facet normal 0 0 1
    outer loop
      vertex 9.238795325112864 3.826834323650904 0
      vertex 8.819212643483548 4.713967368259979 0
      vertex 5.543277195067719 2.296100594190542 0
    endloop
  endfacet
  facet normal 0.9039892931234429 0.42755509343028303 0
    outer loop
      vertex 8.819212643483548 4.713967368259979 -17.945049271645043
      vertex 8.819212643483548 4.713967368259979 0
      vertex 9.238795325112864 3.826834323650904 0
    endloop
  endfacet
  facet normal 0.7409511253549597 0.6715589548470178 0
    outer loop
      vertex 7.071067811865474 7.071067811865477 -14.417399164563678
      vertex 7.730104533627365 6.343932841636459 0
      vertex 7.730104533627365 6.343932841636459 -15.505633551244026
    endloop
  endfacet
  facet normal 0.8032075314806442 0.5956993044924342 0
    outer loop
      vertex 8.314696123025453 5.555702330196022 -16.685303876974547
      vertex 7.730104533627365 6.343932841636459 -15.505633551244026
      vertex 8.314696123025453 5.555702330196022 0
    endloop
  endfacet
  facet normal 0.8032075314806443 0.5956993044924341 0
    outer loop
      vertex 7.730104533627365 6.343932841636459 -15.505633551244026
      vertex 7.730104533627365 6.343932841636459 0
      vertex 8.314696123025453 5.555702330196022 0
    endloop
  endfacet
  facet normal -0.9891765099647811 0.056151321597135616 -0.13556128214497812
    outer loop
      vertex -9.951847266721968 0.9801714032956179 -25.654929593181503
      vertex -9.951847266721968 28.091481332257874 -14.425057326904987
      vertex -9.807852804032304 1.9509032201612837 -26.303551856359743
    endloop
  endfacet
  facet normal -0.9987954562051725 -0.018777386029788373 0.04533262001903019
    outer loop
      vertex -10 0 -25
      vertex -9.95184726672197 0.9801714032956059 -23.533069829427877
      vertex -9.95184726672197 27.341290618419336 -12.613936731189632
    endloop
  endfacet
  facet normal -0.9987954562051724 0.018777386029789036 -0.04533262001903178
    outer loop
      vertex -9.951847266721968 0.9801714032956179 -25.654929593181503
      vertex -10 0 -25
      vertex -10 27.716385975338603 -13.519497029047308
    endloop
  endfacet
  facet normal -0.9891765099647808 -0.05615132159713643 0.13556128214498003
    outer loop
      vertex -9.95184726672197 0.9801714032956059 -23.533069829427877
      vertex -9.807852804032304 1.9509032201612837 -22.080266998303966
      vertex -9.807852804032304 26.969807634835178 -11.717097474029938
    endloop
  endfacet
  facet normal -0.9700312531945442 -0.09298448924206763 0.2244844150185349
    outer loop
      vertex -9.807852804032304 1.9509032201612837 -22.080266998303966
      vertex -9.56940335732209 2.902846772544621 -20.655582792074803
      vertex -9.56940335732209 26.605514608791307 -10.837616309876886
    endloop
  endfacet
  facet normal -0.8032075314806443 0.2279642545006614 -0.5503543949517687
    outer loop
      vertex -8.314696123025453 5.555702330196023 -28.712201615675454
      vertex -8.314696123025453 29.842461212256744 -18.652296700640676
      vertex -7.73010453362737 6.3439328416364535 -29.238880405176154
    endloop
  endfacet
  facet normal -0.7409511253549595 0.256994485876369 -0.6204395732578312
    outer loop
      vertex -7.73010453362737 6.3439328416364535 -29.238880405176154
      vertex -7.73010453362737 30.14410396986966 -19.380526737061395
      vertex -7.071067811865475 7.071067811865477 -29.72473645916727
    endloop
  endfacet
  facet normal -0.6715589548470196 0.2835497198656113 -0.6845495793066505
    outer loop
      vertex -7.071067811865475 7.071067811865477 -29.72473645916727
      vertex -7.071067811865475 30.422366476069588 -20.05231185342919
      vertex -6.3439328416364535 7.730104533627371 -30.165090718252937
    endloop
  endfacet
  facet normal -0.5956993044924292 0.3073742150485053 -0.7420669986938855
    outer loop
      vertex -6.3439328416364535 7.730104533627371 -30.165090718252937
      vertex -6.3439328416364535 30.674568910808066 -20.66118239183834
      vertex -5.55570233019602 8.314696123025454 -30.55570233019602
    endloop
  endfacet
  facet normal -0.5141027441932255 0.3282385285126405 -0.7924379072286051
    outer loop
      vertex -5.55570233019602 8.314696123025454 -30.55570233019602
      vertex -5.55570233019602 30.898282426770688 -21.201274596161472
      vertex -4.713967368259977 8.81921264348355 -30.8928094916435
    endloop
  endfacet
  facet normal -0.4275550934302804 0.3459417255137708 -0.8351772055260961
    outer loop
      vertex -4.713967368259977 8.81921264348355 -30.8928094916435
      vertex -4.713967368259977 31.091352540504484 -21.667387083226522
      vertex -3.826834323650897 9.238795325112866 -31.173165676349104
    endloop
  endfacet
  facet normal -0.33688985339221816 0.3603133145872185 -0.8698732907800665
    outer loop
      vertex -2.9028467725446214 9.569403357322088 -31.39407090099584
      vertex -3.826834323650897 9.238795325112866 -31.173165676349104
      vertex -3.826834323650897 31.25191988127134 -22.055030934980046
    endloop
  endfacet
  facet normal -0.24298017990326418 0.37121488947389747 -0.896192020722713
    outer loop
      vertex -2.9028467725446214 9.569403357322088 -31.39407090099584
      vertex -2.9028467725446214 31.378438097804633 -22.360472929221977
      vertex -1.950903220161282 9.807852804032303 -31.553397727511282
    endloop
  endfacet
  facet normal -0.14673047445536272 0.3785414620482426 -0.913879931597408
    outer loop
      vertex -1.950903220161282 9.807852804032303 -31.553397727511282
      vertex -1.950903220161282 31.469688750517257 -22.580771492576186
      vertex -0.9801714032956045 9.95184726672197 -31.649611751459183
    endloop
  endfacet
  facet normal -0.04906767432741737 0.382222473411251 -0.922766679153232
    outer loop
      vertex -0.9801714032956045 9.95184726672197 -31.649611751459183
      vertex -0.9801714032956065 31.524793045740903 -22.71380502945013
      vertex 0 10 -31.68178637919299
    endloop
  endfacet
  facet normal -0.3368898533922187 0.3603133145872183 -0.8698732907800663
    outer loop
      vertex -2.9028467725446214 9.569403357322088 -31.39407090099584
      vertex -3.826834323650897 31.25191988127134 -22.055030934980046
      vertex -2.9028467725446214 31.378438097804633 -22.360472929221977
    endloop
  endfacet
  facet normal -0.24298017990326454 0.3712148894738973 -0.8961920207227128
    outer loop
      vertex -1.950903220161282 9.807852804032303 -31.553397727511282
      vertex -2.9028467725446214 31.378438097804633 -22.360472929221977
      vertex -1.950903220161282 31.469688750517257 -22.580771492576186
    endloop
  endfacet
  facet normal -0.14673047445536236 0.3785414620482427 -0.913879931597408
    outer loop
      vertex -0.9801714032956045 9.95184726672197 -31.649611751459183
      vertex -1.950903220161282 31.469688750517257 -22.580771492576186
      vertex -0.9801714032956065 31.524793045740903 -22.71380502945013
    endloop
  endfacet
  facet normal -0.04906767432741688 0.3822224734112511 -0.9227666791532321
    outer loop
      vertex -0.9801714032956065 31.524793045740903 -22.71380502945013
      vertex 0 31.5432202989895 -22.758292354160176
      vertex 0 10 -31.68178637919299
    endloop
  endfacet
  facet normal -0.9415440651830209 0.12892216542510654 -0.31124564025979995
    outer loop
      vertex -9.569403357322088 2.902846772544626 -26.9396202025673
      vertex -9.569403357322088 28.827257341885904 -16.201377748217734
      vertex -9.238795325112868 3.8268343236508966 -27.55700894591988
    endloop
  endfacet
  facet normal -0.9700312531945439 0.09298448924206833 -0.22448441501853653
    outer loop
      vertex -9.569403357322088 2.902846772544626 -26.9396202025673
      vertex -9.807852804032304 1.9509032201612837 -26.303551856359743
      vertex -9.807852804032304 28.46296431584203 -15.321896584064682
    endloop
  endfacet
  facet normal -0.9039892931234437 0.1636182506790767 -0.39500939984118794
    outer loop
      vertex -8.81921264348355 4.713967368259979 -28.149772295319977
      vertex -9.238795325112868 3.8268343236508966 -27.55700894591988
      vertex -9.238795325112868 29.180852069405866 -17.055030934980046
    endloop
  endfacet
  facet normal -0.8577286100002716 0.1967386027361741 -0.4749690029680041
    outer loop
      vertex -8.81921264348355 4.713967368259979 -28.149772295319977
      vertex -8.81921264348355 29.520343187881362 -17.8746349975088
      vertex -8.314696123025453 5.555702330196023 -28.712201615675454
    endloop
  endfacet
  facet normal -0.9415440651830205 -0.12892216542510698 0.311245640259801
    outer loop
      vertex -9.56940335732209 2.902846772544621 -20.655582792074803
      vertex -9.238795325112868 3.8268343236508966 -19.27273769845798
      vertex -9.238795325112868 26.25191988127134 -9.983963123114572
    endloop
  endfacet
  facet normal -0.9039892931234439 -0.16361825067907645 0.3950093998411874
    outer loop
      vertex -9.238795325112868 3.8268343236508966 -19.27273769845798
      vertex -8.819212643483551 4.7139673682599765 -17.94504927164505
      vertex -8.819212643483551 25.912428762795848 -9.16435906058582
    endloop
  endfacet
  facet normal -0.8577286100002722 -0.19673860273617372 0.47496900296800326
    outer loop
      vertex -8.819212643483551 4.7139673682599765 -17.94504927164505
      vertex -8.314696123025454 5.55570233019602 -16.68530387697455
      vertex -8.314696123025454 25.590310738420463 -8.386697357453944
    endloop
  endfacet
  facet normal -0.8032075314806446 -0.22796425450066116 0.5503543949517683
    outer loop
      vertex -8.314696123025454 5.55570233019602 -16.68530387697455
      vertex -7.730104533627371 6.343932841636453 -15.505633551244033
      vertex -7.730104533627371 25.28866798080755 -7.658467321033223
    endloop
  endfacet
  facet normal -0.9700312531945439 0.09298448924206837 -0.2244844150185366
    outer loop
      vertex -9.569403357322088 2.902846772544626 -26.9396202025673
      vertex -9.807852804032304 28.46296431584203 -15.321896584064682
      vertex -9.569403357322088 28.827257341885904 -16.201377748217734
    endloop
  endfacet
  facet normal -0.9039892931234433 0.16361825067907684 -0.3950093998411882
    outer loop
      vertex -8.81921264348355 4.713967368259979 -28.149772295319977
      vertex -9.238795325112868 29.180852069405866 -17.055030934980046
      vertex -8.81921264348355 29.520343187881362 -17.8746349975088
    endloop
  endfacet
  facet normal -0.9415440651830209 0.12892216542510648 -0.31124564025979984
    outer loop
      vertex -9.238795325112868 3.8268343236508966 -27.55700894591988
      vertex -9.569403357322088 28.827257341885904 -16.201377748217734
      vertex -9.238795325112868 29.180852069405866 -17.055030934980046
    endloop
  endfacet
  facet normal -0.9987954562051724 -0.018777386029788425 0.045332620019030316
    outer loop
      vertex -10 0 -25
      vertex -9.95184726672197 27.341290618419336 -12.613936731189632
      vertex -10 27.716385975338603 -13.519497029047308
    endloop
  endfacet
  facet normal -0.9891765099647809 -0.05615132159713632 0.1355612821449798
    outer loop
      vertex -9.95184726672197 0.9801714032956059 -23.533069829427877
      vertex -9.807852804032304 26.969807634835178 -11.717097474029938
      vertex -9.95184726672197 27.341290618419336 -12.613936731189632
    endloop
  endfacet
  facet normal -0.9700312531945441 -0.09298448924206788 0.22448441501853544
    outer loop
      vertex -9.807852804032304 1.9509032201612837 -22.080266998303966
      vertex -9.56940335732209 26.605514608791307 -10.837616309876886
      vertex -9.807852804032304 26.969807634835178 -11.717097474029938
    endloop
  endfacet
  facet normal -0.9987954562051724 0.01877738602978901 -0.04533262001903174
    outer loop
      vertex -9.951847266721968 0.9801714032956179 -25.654929593181503
      vertex -10 27.716385975338603 -13.519497029047308
      vertex -9.951847266721968 28.091481332257874 -14.425057326904987
    endloop
  endfacet
  facet normal -0.9891765099647811 0.056151321597135685 -0.13556128214497828
    outer loop
      vertex -9.807852804032304 1.9509032201612837 -26.303551856359743
      vertex -9.951847266721968 28.091481332257874 -14.425057326904987
      vertex -9.807852804032304 28.46296431584203 -15.321896584064682
    endloop
  endfacet
  facet normal -0.9415440651830206 -0.12892216542510665 0.3112456402598003
    outer loop
      vertex -9.56940335732209 2.902846772544621 -20.655582792074803
      vertex -9.238795325112868 26.25191988127134 -9.983963123114572
      vertex -9.56940335732209 26.605514608791307 -10.837616309876886
    endloop
  endfacet
  facet normal -0.9039892931234438 -0.16361825067907665 0.3950093998411877
    outer loop
      vertex -9.238795325112868 3.8268343236508966 -19.27273769845798
      vertex -8.819212643483551 25.912428762795848 -9.16435906058582
      vertex -9.238795325112868 26.25191988127134 -9.983963123114572
    endloop
  endfacet
  facet normal -0.8577286100002719 -0.19673860273617388 0.4749690029680036
    outer loop
      vertex -8.819212643483551 4.7139673682599765 -17.94504927164505
      vertex -8.314696123025454 25.590310738420463 -8.386697357453944
      vertex -8.819212643483551 25.912428762795848 -9.16435906058582
    endloop
  endfacet
  facet normal -0.8032075314806443 -0.22796425450066135 0.5503543949517686
    outer loop
      vertex -8.314696123025454 5.55570233019602 -16.68530387697455
      vertex -7.730104533627371 25.28866798080755 -7.658467321033223
      vertex -8.314696123025454 25.590310738420463 -8.386697357453944
    endloop
  endfacet
  facet normal -0.7409511253549598 -0.2569944858763689 0.620439573257831
    outer loop
      vertex -7.730104533627371 6.343932841636453 -15.505633551244033
      vertex -7.071067811865477 25.01040547460762 -6.986682204665426
      vertex -7.730104533627371 25.28866798080755 -7.658467321033223
    endloop
  endfacet
  facet normal -0.740951125354959 -0.2569944858763693 0.6204395732578317
    outer loop
      vertex -7.730104533627371 6.343932841636453 -15.505633551244033
      vertex -7.071067811865477 7.071067811865475 -14.417399164563683
      vertex -7.071067811865477 25.01040547460762 -6.986682204665426
    endloop
  endfacet
  facet normal -0.671558954847019 -0.2835497198656114 0.684549579306651
    outer loop
      vertex -7.071067811865477 7.071067811865475 -14.417399164563683
      vertex -6.343932841636459 7.730104533627367 -13.431081008966661
      vertex -6.343932841636459 24.75820303986914 -6.377811666256278
    endloop
  endfacet
  facet normal -0.5956993044924334 -0.307374215048504 0.7420669986938828
    outer loop
      vertex -6.343932841636459 7.730104533627367 -13.431081008966661
      vertex -5.555702330196022 8.314696123025453 -12.556177867467708
      vertex -5.555702330196022 24.53448952390652 -5.837719461933145
    endloop
  endfacet
  facet normal -0.6715589548470182 -0.2835497198656117 0.6845495793066515
    outer loop
      vertex -7.071067811865477 7.071067811865475 -14.417399164563683
      vertex -6.343932841636459 24.75820303986914 -6.377811666256278
      vertex -7.071067811865477 25.01040547460762 -6.986682204665426
    endloop
  endfacet
  facet normal -0.5956993044924329 -0.30737421504850415 0.7420669986938832
    outer loop
      vertex -6.343932841636459 7.730104533627367 -13.431081008966661
      vertex -5.555702330196022 24.53448952390652 -5.837719461933145
      vertex -6.343932841636459 24.75820303986914 -6.377811666256278
    endloop
  endfacet
  facet normal -0.5141027441932221 -0.32823852851264146 0.7924379072286071
    outer loop
      vertex -5.555702330196022 8.314696123025453 -12.556177867467708
      vertex -4.713967368259978 24.341419410172723 -5.371606974868097
      vertex -5.555702330196022 24.53448952390652 -5.837719461933145
    endloop
  endfacet
  facet normal -0.8032075314806449 0.22796425450066105 -0.550354394951768
    outer loop
      vertex -7.73010453362737 6.3439328416364535 -29.238880405176154
      vertex -8.314696123025453 29.842461212256744 -18.652296700640676
      vertex -7.73010453362737 30.14410396986966 -19.380526737061395
    endloop
  endfacet
  facet normal -0.8577286100002713 0.19673860273617433 -0.4749690029680046
    outer loop
      vertex -8.314696123025453 5.555702330196023 -28.712201615675454
      vertex -8.81921264348355 29.520343187881362 -17.8746349975088
      vertex -8.314696123025453 29.842461212256744 -18.652296700640676
    endloop
  endfacet
  facet normal 7.787192391692358e-17 0.9238795325112868 0.3826834323650894
    outer loop
      vertex -9.569403357322088 28.827257341885904 -16.201377748217734
      vertex -5.54327719506772 28.59506563177896 -15.640817372606952
      vertex -9.238795325112868 29.180852069405866 -17.055030934980046
    endloop
  endfacet
  facet normal 0 0.9238795325112873 0.38268343236508845
    outer loop
      vertex -9.95184726672197 27.341290618419336 -12.613936731189632
      vertex -6 27.716385975338603 -13.519497029047308
      vertex -10 27.716385975338603 -13.519497029047308
    endloop
  endfacet
  facet normal 4.3891448025902307e-16 0.9238795325112875 0.3826834323650877
    outer loop
      vertex -9.951847266721968 28.091481332257874 -14.425057326904987
      vertex -5.971108360033181 27.941443189490165 -14.062833207761916
      vertex -9.807852804032304 28.46296431584203 -15.321896584064682
    endloop
  endfacet
  facet normal -4.530730118802825e-16 0.9238795325112861 0.3826834323650915
    outer loop
      vertex -9.569403357322088 28.827257341885904 -16.201377748217734
      vertex -9.807852804032304 28.46296431584203 -15.321896584064682
      vertex -5.884711682419383 28.16433297964066 -14.600936762057731
    endloop
  endfacet
  facet normal 0 0.9238795325112865 0.3826834323650903
    outer loop
      vertex -9.951847266721968 28.091481332257874 -14.425057326904987
      vertex -10 27.716385975338603 -13.519497029047308
      vertex -6 27.716385975338603 -13.519497029047308
    endloop
  endfacet
  facet normal -4.813900751227973e-16 0.9238795325112865 0.3826834323650902
    outer loop
      vertex -8.81921264348355 29.520343187881362 -17.8746349975088
      vertex -9.238795325112868 29.180852069405866 -17.055030934980046
      vertex -5.29152758609013 28.79876030286426 -16.132579810124202
    endloop
  endfacet
  facet normal -0.7409511253549582 0.2569944858763697 -0.6204395732578326
    outer loop
      vertex -7.071067811865475 7.071067811865477 -29.72473645916727
      vertex -7.73010453362737 30.14410396986966 -19.380526737061395
      vertex -7.071067811865475 30.422366476069588 -20.05231185342919
    endloop
  endfacet
  facet normal -0.6715589548470179 0.28354971986561184 -0.6845495793066517
    outer loop
      vertex -6.3439328416364535 7.730104533627371 -30.165090718252937
      vertex -7.071067811865475 30.422366476069588 -20.05231185342919
      vertex -6.3439328416364535 30.674568910808066 -20.66118239183834
    endloop
  endfacet
  facet normal -0.5956993044924329 0.3073742150485041 -0.7420669986938833
    outer loop
      vertex -5.55570233019602 8.314696123025454 -30.55570233019602
      vertex -6.3439328416364535 30.674568910808066 -20.66118239183834
      vertex -5.55570233019602 30.898282426770688 -21.201274596161472
    endloop
  endfacet
  facet normal 2.095462679946302e-15 0.9238795325112876 0.3826834323650878
    outer loop
      vertex -7.73010453362737 30.14410396986966 -19.380526737061395
      vertex -4.638062720176422 29.173016772057238 -17.03611485385576
      vertex -7.071067811865475 30.422366476069588 -20.05231185342919
    endloop
  endfacet
  facet normal -4.530730118802816e-16 0.9238795325112868 0.38268343236508967
    outer loop
      vertex -7.071067811865475 30.422366476069588 -20.05231185342919
      vertex -4.242640687119285 29.339974275777195 -17.439185923676437
      vertex -6.3439328416364535 30.674568910808066 -20.66118239183834
    endloop
  endfacet
  facet normal -5.097071383653166e-16 0.9238795325112866 0.3826834323650901
    outer loop
      vertex -6.3439328416364535 30.674568910808066 -20.66118239183834
      vertex -3.8063597049818707 29.49129573662028 -17.804508246721927
      vertex -5.55570233019602 30.898282426770688 -21.201274596161472
    endloop
  endfacet
  facet normal 2.831706324251766e-16 0.9238795325112873 0.3826834323650882
    outer loop
      vertex -9.569403357322088 28.827257341885904 -16.201377748217734
      vertex -5.7416420143932525 28.382908795266985 -15.128625460549564
      vertex -5.54327719506772 28.59506563177896 -15.640817372606952
    endloop
  endfacet
  facet normal -7.551216864671355e-16 0.9238795325112862 0.3826834323650913
    outer loop
      vertex -9.238795325112868 29.180852069405866 -17.055030934980046
      vertex -5.54327719506772 28.59506563177896 -15.640817372606952
      vertex -5.29152758609013 28.79876030286426 -16.132579810124202
    endloop
  endfacet
  facet normal 4.95548606744058e-16 0.9238795325112865 0.3826834323650902
    outer loop
      vertex -9.95184726672197 27.341290618419336 -12.613936731189632
      vertex -5.971108360033181 27.49132876118704 -12.976160850332702
      vertex -6 27.716385975338603 -13.519497029047308
    endloop
  endfacet
  facet normal 2.8317063242517635e-16 0.9238795325112874 0.38268343236508795
    outer loop
      vertex -9.807852804032304 28.46296431584203 -15.321896584064682
      vertex -5.971108360033181 27.941443189490165 -14.062833207761916
      vertex -5.884711682419383 28.16433297964066 -14.600936762057731
    endloop
  endfacet
  facet normal -1.5102433729342701e-15 0.9238795325112852 0.3826834323650935
    outer loop
      vertex -9.569403357322088 28.827257341885904 -16.201377748217734
      vertex -5.884711682419383 28.16433297964066 -14.600936762057731
      vertex -5.7416420143932525 28.382908795266985 -15.128625460549564
    endloop
  endfacet
  facet normal 2.7137185607412634e-16 0.923879532511287 0.3826834323650893
    outer loop
      vertex -9.951847266721968 28.091481332257874 -14.425057326904987
      vertex -6 27.716385975338603 -13.519497029047308
      vertex -5.971108360033181 27.941443189490165 -14.062833207761916
    endloop
  endfacet
  facet normal 5.097071383653192e-16 0.9238795325112873 0.38268343236508867
    outer loop
      vertex -8.81921264348355 29.520343187881362 -17.8746349975088
      vertex -4.98881767381527 28.99203111748949 -16.59917683200333
      vertex -8.314696123025453 29.842461212256744 -18.652296700640676
    endloop
  endfacet
  facet normal -1.6990237945510562e-15 0.923879532511286 0.38268343236509167
    outer loop
      vertex -7.73010453362737 30.14410396986966 -19.380526737061395
      vertex -8.314696123025453 29.842461212256744 -18.652296700640676
      vertex -4.98881767381527 28.99203111748949 -16.59917683200333
    endloop
  endfacet
  facet normal 6.135363702545479e-16 0.9238795325112873 0.3826834323650884
    outer loop
      vertex -8.81921264348355 29.520343187881362 -17.8746349975088
      vertex -5.29152758609013 28.79876030286426 -16.132579810124202
      vertex -4.98881767381527 28.99203111748949 -16.59917683200333
    endloop
  endfacet
  facet normal -3.775608432335693e-16 0.9238795325112865 0.38268343236509045
    outer loop
      vertex -7.73010453362737 30.14410396986966 -19.380526737061395
      vertex -4.98881767381527 28.99203111748949 -16.59917683200333
      vertex -4.638062720176422 29.173016772057238 -17.03611485385576
    endloop
  endfacet
  facet normal 0 0.9238795325112871 0.38268343236508917
    outer loop
      vertex -7.071067811865475 30.422366476069588 -20.05231185342919
      vertex -4.638062720176422 29.173016772057238 -17.03611485385576
      vertex -4.242640687119285 29.339974275777195 -17.439185923676437
    endloop
  endfacet
  facet normal -6.93768049441681e-16 0.9238795325112874 0.38268343236508806
    outer loop
      vertex -9.238795325112868 26.25191988127134 -9.983963123114572
      vertex -8.819212643483551 25.912428762795848 -9.16435906058582
      vertex -5.543277195067721 26.837706318898245 -11.398176685487666
    endloop
  endfacet
  facet normal 5.380242016078337e-16 0.9238795325112864 0.38268343236509067
    outer loop
      vertex -9.95184726672197 27.341290618419336 -12.613936731189632
      vertex -9.807852804032304 26.969807634835178 -11.717097474029938
      vertex -5.971108360033181 27.49132876118704 -12.976160850332702
    endloop
  endfacet
  facet normal -3.681218221527303e-16 0.9238795325112873 0.3826834323650885
    outer loop
      vertex -9.807852804032304 26.969807634835178 -11.717097474029938
      vertex -9.56940335732209 26.605514608791307 -10.837616309876886
      vertex -5.884711682419383 27.26843897103655 -12.438057296036886
    endloop
  endfacet
  facet normal 8.778289605180446e-16 0.923879532511286 0.38268343236509167
    outer loop
      vertex -9.238795325112868 26.25191988127134 -9.983963123114572
      vertex -5.741642014393253 27.049863155410225 -11.910368597545055
      vertex -9.56940335732209 26.605514608791307 -10.837616309876886
    endloop
  endfacet
  facet normal 9.34463087003084e-16 0.9238795325112861 0.3826834323650914
    outer loop
      vertex -8.819212643483551 25.912428762795848 -9.16435906058582
      vertex -8.314696123025454 25.590310738420463 -8.386697357453944
      vertex -5.2915275860901305 26.63401164781295 -10.906414247970416
    endloop
  endfacet
  facet normal -5.663412648503517e-16 0.9238795325112873 0.38268343236508856
    outer loop
      vertex -8.314696123025454 25.590310738420463 -8.386697357453944
      vertex -7.730104533627371 25.28866798080755 -7.658467321033223
      vertex -4.988817673815273 26.440740833187718 -10.43981722609129
    endloop
  endfacet
  facet normal 2.8317063242517603e-17 0.9238795325112866 0.3826834323650901
    outer loop
      vertex -7.730104533627371 25.28866798080755 -7.658467321033223
      vertex -7.071067811865477 25.01040547460762 -6.986682204665426
      vertex -4.638062720176424 26.259755178619972 -10.002879204238857
    endloop
  endfacet
  facet normal 3.0204867458685505e-15 0.9238795325112853 0.38268343236509333
    outer loop
      vertex -8.314696123025454 25.590310738420463 -8.386697357453944
      vertex -4.988817673815273 26.440740833187718 -10.43981722609129
      vertex -5.2915275860901305 26.63401164781295 -10.906414247970416
    endloop
  endfacet
  facet normal -3.9643888539524715e-15 0.9238795325112885 0.3826834323650855
    outer loop
      vertex -7.730104533627371 25.28866798080755 -7.658467321033223
      vertex -4.638062720176424 26.259755178619972 -10.002879204238857
      vertex -4.988817673815273 26.440740833187718 -10.43981722609129
    endloop
  endfacet
  facet normal 8.495118972755304e-16 0.9238795325112865 0.3826834323650903
    outer loop
      vertex -7.071067811865477 25.01040547460762 -6.986682204665426
      vertex -6.343932841636459 24.75820303986914 -6.377811666256278
      vertex -4.242640687119286 26.092797674900012 -9.59980813441818
    endloop
  endfacet
  facet normal 3.020486745868534e-15 0.9238795325112859 0.38268343236509217
    outer loop
      vertex -7.071067811865477 25.01040547460762 -6.986682204665426
      vertex -4.242640687119286 26.092797674900012 -9.59980813441818
      vertex -4.638062720176424 26.259755178619972 -10.002879204238857
    endloop
  endfacet
  facet normal -5.097071383653145e-16 0.9238795325112868 0.38268343236508967
    outer loop
      vertex -6.343932841636459 24.75820303986914 -6.377811666256278
      vertex -5.555702330196022 24.53448952390652 -5.837719461933145
      vertex -3.8063597049818756 25.941476214056927 -9.23448581137269
    endloop
  endfacet
  facet normal -4.483535013398626e-16 0.9238795325112874 0.382683432365088
    outer loop
      vertex -9.807852804032304 26.969807634835178 -11.717097474029938
      vertex -5.884711682419383 27.26843897103655 -12.438057296036886
      vertex -5.971108360033181 27.49132876118704 -12.976160850332702
    endloop
  endfacet
  facet normal 1.8878042161678473e-16 0.9238795325112868 0.3826834323650897
    outer loop
      vertex -9.56940335732209 26.605514608791307 -10.837616309876886
      vertex -5.741642014393253 27.049863155410225 -11.910368597545055
      vertex -5.884711682419383 27.26843897103655 -12.438057296036886
    endloop
  endfacet
  facet normal 1.0382923188923095e-15 0.9238795325112859 0.38268343236509206
    outer loop
      vertex -9.238795325112868 26.25191988127134 -9.983963123114572
      vertex -5.543277195067721 26.837706318898245 -11.398176685487666
      vertex -5.741642014393253 27.049863155410225 -11.910368597545055
    endloop
  endfacet
  facet normal -1.7934140053594498e-15 0.923879532511288 0.3826834323650867
    outer loop
      vertex -8.819212643483551 25.912428762795848 -9.16435906058582
      vertex -5.2915275860901305 26.63401164781295 -10.906414247970416
      vertex -5.543277195067721 26.837706318898245 -11.398176685487666
    endloop
  endfacet
  facet normal -0.5141027441932206 -0.32823852851264185 0.7924379072286079
    outer loop
      vertex -5.555702330196022 8.314696123025453 -12.556177867467708
      vertex -4.713967368259978 8.81921264348355 -11.801115535590181
      vertex -4.713967368259978 24.341419410172723 -5.371606974868097
    endloop
  endfacet
  facet normal -0.42755509343028186 -0.3459417255137706 0.8351772055260955
    outer loop
      vertex -4.713967368259978 8.81921264348355 -11.801115535590181
      vertex -3.8268343236509033 9.238795325112864 -11.17316567634911
      vertex -3.8268343236509033 24.180852069405866 -4.983963123114574
    endloop
  endfacet
  facet normal -0.33688985339222166 -0.3603133145872179 0.8698732907800653
    outer loop
      vertex -3.8268343236509033 9.238795325112864 -11.17316567634911
      vertex -2.9028467725446245 9.569403357322088 -10.678375790161287
      vertex -2.9028467725446245 24.054333852872574 -4.6785211288726405
    endloop
  endfacet
  facet normal -0.42755509343028175 -0.3459417255137706 0.8351772055260954
    outer loop
      vertex -4.713967368259978 8.81921264348355 -11.801115535590181
      vertex -3.8268343236509033 24.180852069405866 -4.983963123114574
      vertex -4.713967368259978 24.341419410172723 -5.371606974868097
    endloop
  endfacet
  facet normal -0.33688985339221944 -0.3603133145872183 0.8698732907800659
    outer loop
      vertex -3.8268343236509033 9.238795325112864 -11.17316567634911
      vertex -2.9028467725446245 24.054333852872574 -4.6785211288726405
      vertex -3.8268343236509033 24.180852069405866 -4.983963123114574
    endloop
  endfacet
  facet normal -0.24298017990326343 -0.37121488947389747 0.8961920207227131
    outer loop
      vertex -2.9028467725446245 9.569403357322088 -10.678375790161287
      vertex -1.9509032201612866 23.963083200159954 -4.458222565518431
      vertex -2.9028467725446245 24.054333852872574 -4.6785211288726405
    endloop
  endfacet
  facet normal -0.24298017990326365 -0.3712148894738975 0.8961920207227129
    outer loop
      vertex -2.9028467725446245 9.569403357322088 -10.678375790161287
      vertex -1.9509032201612866 9.807852804032303 -10.321510974110382
      vertex -1.9509032201612866 23.963083200159954 -4.458222565518431
    endloop
  endfacet
  facet normal -0.14673047445536413 -0.37854146204824257 0.9138799315974077
    outer loop
      vertex -1.9509032201612866 9.807852804032303 -10.321510974110382
      vertex -0.9801714032956045 9.95184726672197 -10.106008031457105
      vertex -0.9801714032956045 23.907978904936304 -4.325189028644488
    endloop
  endfacet
  facet normal -0.0490676743274165 -0.38222247341125104 0.9227666791532321
    outer loop
      vertex -0.9801714032956045 9.95184726672197 -10.106008031457105
      vertex 0 10 -10.033942373345111
      vertex 0 23.889551651687707 -4.28070170393444
    endloop
  endfacet
  facet normal -0.14673047445536444 -0.37854146204824257 0.9138799315974077
    outer loop
      vertex -1.9509032201612866 9.807852804032303 -10.321510974110382
      vertex -0.9801714032956045 23.907978904936304 -4.325189028644488
      vertex -1.9509032201612866 23.963083200159954 -4.458222565518431
    endloop
  endfacet
  facet normal -0.0490676743274178 -0.382222473411251 0.9227666791532322
    outer loop
      vertex -0.9801714032956045 9.95184726672197 -10.106008031457105
      vertex 0 23.889551651687707 -4.28070170393444
      vertex -0.9801714032956045 23.907978904936304 -4.325189028644488
    endloop
  endfacet
  facet normal -0.5141027441932248 0.32823852851264085 -0.7924379072286055
    outer loop
      vertex -4.713967368259977 8.81921264348355 -30.8928094916435
      vertex -5.55570233019602 30.898282426770688 -21.201274596161472
      vertex -4.713967368259977 31.091352540504484 -21.667387083226522
    endloop
  endfacet
  facet normal -0.4275550934302794 0.34594172551377106 -0.8351772055260965
    outer loop
      vertex -3.826834323650897 9.238795325112866 -31.173165676349104
      vertex -4.713967368259977 31.091352540504484 -21.667387083226522
      vertex -3.826834323650897 31.25191988127134 -22.055030934980046
    endloop
  endfacet
  facet normal -1.5102433729342735e-15 0.9238795325112865 0.38268343236509045
    outer loop
      vertex -5.55570233019602 30.898282426770688 -21.201274596161472
      vertex -3.8063597049818707 29.49129573662028 -17.804508246721927
      vertex -3.3334213981176117 29.625523846197854 -18.128563569315805
    endloop
  endfacet
  facet normal 3.5868280107189e-15 0.9238795325112877 0.3826834323650873
    outer loop
      vertex -5.55570233019602 30.898282426770688 -21.201274596161472
      vertex -3.3334213981176117 29.625523846197854 -18.128563569315805
      vertex -2.828380420955986 29.74136591443813 -18.408231061554837
    endloop
  endfacet
  facet normal 1.3025849091558128e-15 0.923879532511287 0.3826834323650893
    outer loop
      vertex -5.55570233019602 30.898282426770688 -21.201274596161472
      vertex -2.828380420955986 29.74136591443813 -18.408231061554837
      vertex -4.713967368259977 31.091352540504484 -21.667387083226522
    endloop
  endfacet
  facet normal -3.0204867458685462e-15 0.9238795325112861 0.3826834323650914
    outer loop
      vertex -4.713967368259977 31.091352540504484 -21.667387083226522
      vertex -2.828380420955986 29.74136591443813 -18.408231061554837
      vertex -2.2961005941905386 29.837706318898245 -18.64081737260695
    endloop
  endfacet
  facet normal -1.6707067313085375e-15 0.9238795325112865 0.3826834323650905
    outer loop
      vertex -3.826834323650897 31.25191988127134 -22.055030934980046
      vertex -4.713967368259977 31.091352540504484 -21.667387083226522
      vertex -2.2961005941905386 29.837706318898245 -18.64081737260695
    endloop
  endfacet
  facet normal 1.076048403215668e-15 0.9238795325112868 0.3826834323650895
    outer loop
      vertex -3.826834323650897 31.25191988127134 -22.055030934980046
      vertex -2.2961005941905386 29.837706318898245 -18.64081737260695
      vertex -2.9028467725446214 31.378438097804633 -22.360472929221977
    endloop
  endfacet
  facet normal 1.5102433729342688e-15 0.9238795325112873 0.38268343236508845
    outer loop
      vertex -6.3439328416364535 30.674568910808066 -20.66118239183834
      vertex -4.242640687119285 29.339974275777195 -17.439185923676437
      vertex -3.8063597049818707 29.49129573662028 -17.804508246721927
    endloop
  endfacet
  facet normal -1.8547676423849048e-15 0.9238795325112865 0.3826834323650903
    outer loop
      vertex -2.9028467725446214 31.378438097804633 -22.360472929221977
      vertex -1.741708063526772 29.91361724881822 -18.824082569152107
      vertex -1.950903220161282 31.469688750517257 -22.580771492576186
    endloop
  endfacet
  facet normal 1.132682529700701e-15 0.923879532511287 0.38268343236508934
    outer loop
      vertex -2.9028467725446214 31.378438097804633 -22.360472929221977
      vertex -2.2961005941905386 29.837706318898245 -18.64081737260695
      vertex -1.741708063526772 29.91361724881822 -18.824082569152107
    endloop
  endfacet
  facet normal 1.4583287569896589e-15 0.9238795325112867 0.38268343236508984
    outer loop
      vertex -1.950903220161282 31.469688750517257 -22.580771492576186
      vertex -1.1705419320967692 29.968367640445795 -18.956261707164636
      vertex -0.9801714032956065 31.524793045740903 -22.71380502945013
    endloop
  endfacet
  facet normal -1.1326825297007066e-15 0.9238795325112865 0.3826834323650904
    outer loop
      vertex -1.950903220161282 31.469688750517257 -22.580771492576186
      vertex -1.741708063526772 29.91361724881822 -18.824082569152107
      vertex -1.1705419320967692 29.968367640445795 -18.956261707164636
    endloop
  endfacet
  facet normal -3.775608432335686e-16 0.9238795325112868 0.3826834323650897
    outer loop
      vertex -0.9801714032956065 31.524793045740903 -22.71380502945013
      vertex -1.1705419320967692 29.968367640445795 -18.956261707164636
      vertex -0.5881028419773638 30.001430217579983 -19.036081829289
    endloop
  endfacet
  facet normal 1.0158746438253187e-15 0.9238795325112868 0.38268343236508956
    outer loop
      vertex -0.9801714032956065 31.524793045740903 -22.71380502945013
      vertex -0.5881028419773638 30.001430217579983 -19.036081829289
      vertex 0 31.5432202989895 -22.758292354160176
    endloop
  endfacet
  facet normal 7.551216864671361e-16 0.923879532511287 0.3826834323650896
    outer loop
      vertex 0 31.5432202989895 -22.758292354160176
      vertex -0.5881028419773638 30.001430217579983 -19.036081829289
      vertex 0 30.01248656952914 -19.062774224115028
    endloop
  endfacet
  facet normal -2.265365059401414e-16 0.9238795325112868 0.38268343236508945
    outer loop
      vertex -5.555702330196022 24.53448952390652 -5.837719461933145
      vertex -4.713967368259978 24.341419410172723 -5.371606974868097
      vertex -3.333421398117613 25.807248104479353 -8.910430488778811
    endloop
  endfacet
  facet normal -1.6990237945510633e-15 0.9238795325112872 0.38268343236508884
    outer loop
      vertex -6.343932841636459 24.75820303986914 -6.377811666256278
      vertex -3.8063597049818756 25.941476214056927 -9.23448581137269
      vertex -4.242640687119286 26.092797674900012 -9.59980813441818
    endloop
  endfacet
  facet normal 1.5008043518534398e-15 0.9238795325112863 0.38268343236509084
    outer loop
      vertex -4.713967368259978 24.341419410172723 -5.371606974868097
      vertex -3.8268343236509033 24.180852069405866 -4.983963123114574
      vertex -2.828380420955987 25.691406036239076 -8.630762996539781
    endloop
  endfacet
  facet normal 1.5102433729342662e-15 0.9238795325112865 0.38268343236509045
    outer loop
      vertex -5.555702330196022 24.53448952390652 -5.837719461933145
      vertex -3.333421398117613 25.807248104479353 -8.910430488778811
      vertex -3.8063597049818756 25.941476214056927 -9.23448581137269
    endloop
  endfacet
  facet normal -3.020486745868552e-15 0.9238795325112873 0.3826834323650885
    outer loop
      vertex -4.713967368259978 24.341419410172723 -5.371606974868097
      vertex -2.828380420955987 25.691406036239076 -8.630762996539781
      vertex -3.333421398117613 25.807248104479353 -8.910430488778811
    endloop
  endfacet
  facet normal 1.887804216167849e-15 0.9238795325112862 0.38268343236509095
    outer loop
      vertex -3.8268343236509033 24.180852069405866 -4.983963123114574
      vertex -2.2961005941905426 25.59506563177896 -8.398176685487666
      vertex -2.828380420955987 25.691406036239076 -8.630762996539781
    endloop
  endfacet
  facet normal -1.826450579142378e-15 0.9238795325112868 0.38268343236508945
    outer loop
      vertex -3.8268343236509033 24.180852069405866 -4.983963123114574
      vertex -2.9028467725446245 24.054333852872574 -4.6785211288726405
      vertex -2.2961005941905426 25.59506563177896 -8.398176685487666
    endloop
  endfacet
  facet normal -2.6429259026349647e-15 0.9238795325112868 0.38268343236508945
    outer loop
      vertex -2.9028467725446245 24.054333852872574 -4.6785211288726405
      vertex -1.741708063526775 25.519154701858987 -8.214911488942507
      vertex -2.2961005941905426 25.59506563177896 -8.398176685487666
    endloop
  endfacet
  facet normal 3.7756084323356934e-15 0.9238795325112866 0.38268343236508995
    outer loop
      vertex -1.9509032201612866 23.963083200159954 -4.458222565518431
      vertex -1.170541932096772 25.464404310231412 -8.082732350929982
      vertex -1.741708063526775 25.519154701858987 -8.214911488942507
    endloop
  endfacet
  facet normal -7.551216864671318e-16 0.9238795325112867 0.3826834323650896
    outer loop
      vertex -0.9801714032956045 23.907978904936304 -4.325189028644488
      vertex -0.5881028419773627 25.431341733097224 -8.002912228805616
      vertex -1.170541932096772 25.464404310231412 -8.082732350929982
    endloop
  endfacet
  facet normal -1.510243372934275e-15 0.9238795325112867 0.3826834323650896
    outer loop
      vertex 0 23.889551651687707 -4.28070170393444
      vertex 0 25.420285381148066 -7.976219833979587
      vertex -0.5881028419773627 25.431341733097224 -8.002912228805616
    endloop
  endfacet
  facet normal -1.4300116937471444e-15 0.9238795325112867 0.3826834323650897
    outer loop
      vertex -2.9028467725446245 24.054333852872574 -4.6785211288726405
      vertex -1.9509032201612866 23.963083200159954 -4.458222565518431
      vertex -1.741708063526775 25.519154701858987 -8.214911488942507
    endloop
  endfacet
  facet normal 1.2671885801026557e-15 0.9238795325112867 0.38268343236508945
    outer loop
      vertex -1.9509032201612866 23.963083200159954 -4.458222565518431
      vertex -0.9801714032956045 23.907978904936304 -4.325189028644488
      vertex -1.170541932096772 25.464404310231412 -8.082732350929982
    endloop
  endfacet
  facet normal -1.0158746438253209e-15 0.9238795325112867 0.3826834323650895
    outer loop
      vertex -0.9801714032956045 23.907978904936304 -4.325189028644488
      vertex 0 23.889551651687707 -4.28070170393444
      vertex -0.5881028419773627 25.431341733097224 -8.002912228805616
    endloop
  endfacet
  facet normal 0.9891765099647808 0.05615132159713639 -0.13556128214497998
    outer loop
      vertex 9.95184726672197 0.980171403295605 -25.654929593181507
      vertex 9.807852804032304 1.9509032201612753 -26.303551856359743
      vertex 9.95184726672197 28.09148133225787 -14.425057326904984
    endloop
  endfacet
  facet normal 0.9987954562051723 -0.018777386029788366 0.04533262001903018
    outer loop
      vertex 10 0 -25
      vertex 9.95184726672197 27.341290618419336 -12.613936731189632
      vertex 9.95184726672197 0.980171403295605 -23.533069829427877
    endloop
  endfacet
  facet normal 0.9987954562051724 0.018777386029788373 -0.04533262001903019
    outer loop
      vertex 9.95184726672197 0.980171403295605 -25.654929593181507
      vertex 10 27.716385975338603 -13.519497029047308
      vertex 10 0 -25
    endloop
  endfacet
  facet normal 0.9891765099647807 -0.056151321597136795 0.13556128214498098
    outer loop
      vertex 9.95184726672197 0.980171403295605 -23.533069829427877
      vertex 9.95184726672197 27.341290618419336 -12.613936731189632
      vertex 9.807852804032303 1.9509032201612873 -22.08026699830396
    endloop
  endfacet
  facet normal 0.970031253194544 -0.09298448924206798 0.22448441501853572
    outer loop
      vertex 9.807852804032303 1.9509032201612873 -22.08026699830396
      vertex 9.807852804032303 26.969807634835174 -11.717097474029934
      vertex 9.569403357322088 2.902846772544625 -20.6555827920748
    endloop
  endfacet
  facet normal 0.04906767432741791 0.382222473411251 -0.9227666791532321
    outer loop
      vertex 0 10 -31.68178637919299
      vertex 0.9801714032956077 31.524793045740903 -22.71380502945013
      vertex 0.9801714032956077 9.951847266721968 -31.649611751459183
    endloop
  endfacet
  facet normal 0.14673047445536488 0.3785414620482425 -0.9138799315974077
    outer loop
      vertex 0.9801714032956077 9.951847266721968 -31.649611751459183
      vertex 1.9509032201612833 31.469688750517257 -22.580771492576186
      vertex 1.9509032201612833 9.807852804032304 -31.55339772751128
    endloop
  endfacet
  facet normal 0.2429801799032615 0.3712148894738977 -0.8961920207227134
    outer loop
      vertex 1.9509032201612833 9.807852804032304 -31.55339772751128
      vertex 2.902846772544623 31.378438097804633 -22.360472929221977
      vertex 2.902846772544623 9.569403357322088 -31.39407090099584
    endloop
  endfacet
  facet normal 0.3368898533922177 0.36031331458721855 -0.8698732907800665
    outer loop
      vertex 2.902846772544623 9.569403357322088 -31.39407090099584
      vertex 3.8268343236508984 31.25191988127134 -22.055030934980046
      vertex 3.8268343236509 9.238795325112866 -31.173165676349104
    endloop
  endfacet
  facet normal 0.4275550934302814 0.34594172551377067 -0.8351772055260958
    outer loop
      vertex 3.8268343236509 9.238795325112866 -31.173165676349104
      vertex 4.713967368259978 31.091352540504484 -21.66738708322652
      vertex 4.713967368259978 8.81921264348355 -30.8928094916435
    endloop
  endfacet
  facet normal 0.049067674327416655 0.38222247341125104 -0.9227666791532321
    outer loop
      vertex 0 10 -31.68178637919299
      vertex 0 31.5432202989895 -22.758292354160176
      vertex 0.9801714032956077 31.524793045740903 -22.71380502945013
    endloop
  endfacet
  facet normal 0.14673047445536358 0.3785414620482426 -0.913879931597408
    outer loop
      vertex 0.9801714032956077 9.951847266721968 -31.649611751459183
      vertex 0.9801714032956077 31.524793045740903 -22.71380502945013
      vertex 1.9509032201612833 31.469688750517257 -22.580771492576186
    endloop
  endfacet
  facet normal 0.2429801799032645 0.37121488947389725 -0.8961920207227129
    outer loop
      vertex 1.9509032201612833 9.807852804032304 -31.55339772751128
      vertex 1.9509032201612833 31.469688750517257 -22.580771492576186
      vertex 2.902846772544623 31.378438097804633 -22.360472929221977
    endloop
  endfacet
  facet normal 0.3368898533922189 0.36031331458721827 -0.8698732907800661
    outer loop
      vertex 2.902846772544623 9.569403357322088 -31.39407090099584
      vertex 2.902846772544623 31.378438097804633 -22.360472929221977
      vertex 3.8268343236508984 31.25191988127134 -22.055030934980046
    endloop
  endfacet
  facet normal 0.5956993044924332 0.3073742150485041 -0.7420669986938829
    outer loop
      vertex 5.555702330196023 8.31469612302545 -30.55570233019602
      vertex 6.343932841636455 30.674568910808066 -20.661182391838338
      vertex 6.343932841636456 7.730104533627369 -30.16509071825293
    endloop
  endfacet
  facet normal 0.6715589548470167 0.28354971986561217 -0.6845495793066528
    outer loop
      vertex 6.343932841636456 7.730104533627369 -30.16509071825293
      vertex 7.0710678118654755 30.422366476069588 -20.05231185342919
      vertex 7.0710678118654755 7.0710678118654755 -29.72473645916727
    endloop
  endfacet
  facet normal 0.5141027441932259 0.3282385285126405 -0.792437907228605
    outer loop
      vertex 4.713967368259978 8.81921264348355 -30.8928094916435
      vertex 5.555702330196023 30.898282426770688 -21.201274596161472
      vertex 5.555702330196023 8.31469612302545 -30.55570233019602
    endloop
  endfacet
  facet normal 0.7409511253549599 0.25699448587636897 -0.6204395732578308
    outer loop
      vertex 7.0710678118654755 7.0710678118654755 -29.72473645916727
      vertex 7.73010453362737 30.14410396986966 -19.380526737061395
      vertex 7.73010453362737 6.343932841636453 -29.238880405176154
    endloop
  endfacet
  facet normal 0.8032075314806443 0.22796425450066138 -0.5503543949517687
    outer loop
      vertex 8.314696123025453 5.555702330196022 -28.712201615675454
      vertex 7.73010453362737 6.343932841636453 -29.238880405176154
      vertex 8.314696123025453 29.842461212256744 -18.652296700640676
    endloop
  endfacet
  facet normal 0.04906767432741669 -0.38222247341125104 0.9227666791532321
    outer loop
      vertex 0 10 -10.033942373345111
      vertex 0.9801714032956009 9.95184726672197 -10.106008031457105
      vertex 0.9801714032956009 23.907978904936304 -4.325189028644488
    endloop
  endfacet
  facet normal 0.14673047445536155 -0.3785414620482428 0.9138799315974081
    outer loop
      vertex 0.9801714032956009 9.95184726672197 -10.106008031457105
      vertex 1.950903220161283 9.807852804032304 -10.321510974110378
      vertex 1.950903220161283 23.96308320015995 -4.4582225655184295
    endloop
  endfacet
  facet normal 0.14673047445536153 -0.37854146204824274 0.9138799315974081
    outer loop
      vertex 0.9801714032956009 9.95184726672197 -10.106008031457105
      vertex 1.950903220161283 23.96308320015995 -4.4582225655184295
      vertex 0.9801714032956009 23.907978904936304 -4.325189028644488
    endloop
  endfacet
  facet normal 0.24298017990326543 -0.37121488947389736 0.8961920207227126
    outer loop
      vertex 1.950903220161283 9.807852804032304 -10.321510974110378
      vertex 2.9028467725446205 24.054333852872574 -4.678521128872639
      vertex 1.950903220161283 23.96308320015995 -4.4582225655184295
    endloop
  endfacet
  facet normal 0.04906767432741765 -0.38222247341125104 0.9227666791532322
    outer loop
      vertex 0 10 -10.033942373345111
      vertex 0.9801714032956009 23.907978904936304 -4.325189028644488
      vertex 0 23.889551651687707 -4.28070170393444
    endloop
  endfacet
  facet normal 0.24298017990326382 -0.37121488947389736 0.896192020722713
    outer loop
      vertex 1.950903220161283 9.807852804032304 -10.321510974110378
      vertex 2.9028467725446205 9.56940335732209 -10.678375790161283
      vertex 2.9028467725446205 24.054333852872574 -4.678521128872639
    endloop
  endfacet
  facet normal 0.3368898533922199 -0.36031331458721805 0.8698732907800658
    outer loop
      vertex 2.9028467725446205 9.56940335732209 -10.678375790161283
      vertex 3.8268343236509 9.238795325112866 -11.173165676349104
      vertex 3.8268343236509 24.180852069405866 -4.983963123114572
    endloop
  endfacet
  facet normal 0.4275550934302817 -0.3459417255137705 0.8351772055260956
    outer loop
      vertex 3.8268343236509 9.238795325112866 -11.173165676349104
      vertex 4.713967368259976 8.819212643483551 -11.801115535590176
      vertex 4.713967368259976 24.341419410172723 -5.3716069748680955
    endloop
  endfacet
  facet normal 0.33688985339221905 -0.36031331458721816 0.8698732907800661
    outer loop
      vertex 2.9028467725446205 9.56940335732209 -10.678375790161283
      vertex 3.8268343236509 24.180852069405866 -4.983963123114572
      vertex 2.9028467725446205 24.054333852872574 -4.678521128872639
    endloop
  endfacet
  facet normal 0.4275550934302822 -0.34594172551377045 0.8351772055260953
    outer loop
      vertex 3.8268343236509 9.238795325112866 -11.173165676349104
      vertex 4.713967368259976 24.341419410172723 -5.3716069748680955
      vertex 3.8268343236509 24.180852069405866 -4.983963123114572
    endloop
  endfacet
  facet normal 0.5141027441932221 -0.32823852851264135 0.792437907228607
    outer loop
      vertex 4.713967368259976 8.819212643483551 -11.801115535590176
      vertex 5.555702330196018 24.53448952390652 -5.837719461933143
      vertex 4.713967368259976 24.341419410172723 -5.3716069748680955
    endloop
  endfacet
  facet normal -1.0158746438253175e-15 0.9238795325112868 0.3826834323650895
    outer loop
      vertex 0 31.5432202989895 -22.758292354160176
      vertex 0.5881028419773646 30.001430217579983 -19.036081829289
      vertex 0.9801714032956077 31.524793045740903 -22.71380502945013
    endloop
  endfacet
  facet normal -7.55121686467135e-16 0.9238795325112868 0.38268343236508956
    outer loop
      vertex 0 31.5432202989895 -22.758292354160176
      vertex 0 30.01248656952914 -19.062774224115028
      vertex 0.5881028419773646 30.001430217579983 -19.036081829289
    endloop
  endfacet
  facet normal 3.775608432335685e-16 0.9238795325112868 0.3826834323650898
    outer loop
      vertex 0.9801714032956077 31.524793045740903 -22.71380502945013
      vertex 0.5881028419773646 30.001430217579983 -19.036081829289
      vertex 1.17054193209677 29.968367640445795 -18.956261707164636
    endloop
  endfacet
  facet normal -1.4583287569896587e-15 0.9238795325112868 0.38268343236508984
    outer loop
      vertex 0.9801714032956077 31.524793045740903 -22.71380502945013
      vertex 1.17054193209677 29.968367640445795 -18.956261707164636
      vertex 1.9509032201612833 31.469688750517257 -22.580771492576186
    endloop
  endfacet
  facet normal 1.1326825297007044e-15 0.9238795325112865 0.3826834323650902
    outer loop
      vertex 1.9509032201612833 31.469688750517257 -22.580771492576186
      vertex 1.17054193209677 29.968367640445795 -18.956261707164636
      vertex 1.741708063526774 29.91361724881822 -18.824082569152107
    endloop
  endfacet
  facet normal 1.8547676423849044e-15 0.9238795325112865 0.38268343236509034
    outer loop
      vertex 1.9509032201612833 31.469688750517257 -22.580771492576186
      vertex 1.741708063526774 29.91361724881822 -18.824082569152107
      vertex 2.902846772544623 31.378438097804633 -22.360472929221977
    endloop
  endfacet
  facet normal -1.132682529700704e-15 0.923879532511287 0.38268343236508945
    outer loop
      vertex 2.902846772544623 31.378438097804633 -22.360472929221977
      vertex 1.741708063526774 29.91361724881822 -18.824082569152107
      vertex 2.296100594190539 29.837706318898245 -18.64081737260695
    endloop
  endfacet
  facet normal 0.5141027441932213 0.3282385285126418 -0.7924379072286074
    outer loop
      vertex 4.713967368259978 8.81921264348355 -30.8928094916435
      vertex 4.713967368259978 31.091352540504484 -21.66738708322652
      vertex 5.555702330196023 30.898282426770688 -21.201274596161472
    endloop
  endfacet
  facet normal 0.4275550934302816 0.3459417255137707 -0.8351772055260958
    outer loop
      vertex 3.8268343236509 9.238795325112866 -31.173165676349104
      vertex 3.8268343236508984 31.25191988127134 -22.055030934980046
      vertex 4.713967368259978 31.091352540504484 -21.66738708322652
    endloop
  endfacet
  facet normal -1.0760484032156681e-15 0.9238795325112868 0.3826834323650894
    outer loop
      vertex 2.902846772544623 31.378438097804633 -22.360472929221977
      vertex 2.296100594190539 29.837706318898245 -18.64081737260695
      vertex 3.8268343236508984 31.25191988127134 -22.055030934980046
    endloop
  endfacet
  facet normal 7.551216864671347e-16 0.9238795325112865 0.3826834323650901
    outer loop
      vertex 3.8268343236508984 31.25191988127134 -22.055030934980046
      vertex 2.296100594190539 29.837706318898245 -18.64081737260695
      vertex 2.8283804209559866 29.74136591443813 -18.408231061554833
    endloop
  endfacet
  facet normal -2.2653650594014116e-15 0.923879532511287 0.38268343236508906
    outer loop
      vertex 4.713967368259978 31.091352540504484 -21.66738708322652
      vertex 2.8283804209559866 29.74136591443813 -18.408231061554833
      vertex 3.333421398117614 29.625523846197854 -18.128563569315805
    endloop
  endfacet
  facet normal 1.5102433729342735e-15 0.9238795325112865 0.38268343236509045
    outer loop
      vertex 5.555702330196023 30.898282426770688 -21.201274596161472
      vertex 3.333421398117614 29.625523846197854 -18.128563569315805
      vertex 3.806359704981873 29.49129573662028 -17.804508246721927
    endloop
  endfacet
  facet normal 3.3980475891021065e-16 0.9238795325112867 0.3826834323650901
    outer loop
      vertex 3.8268343236508984 31.25191988127134 -22.055030934980046
      vertex 2.8283804209559866 29.74136591443813 -18.408231061554833
      vertex 4.713967368259978 31.091352540504484 -21.66738708322652
    endloop
  endfacet
  facet normal 8.495118972755301e-17 0.9238795325112867 0.38268343236508956
    outer loop
      vertex 4.713967368259978 31.091352540504484 -21.66738708322652
      vertex 3.333421398117614 29.625523846197854 -18.128563569315805
      vertex 5.555702330196023 30.898282426770688 -21.201274596161472
    endloop
  endfacet
  facet normal -1.6990237945510571e-15 0.9238795325112873 0.3826834323650888
    outer loop
      vertex 6.343932841636455 30.674568910808066 -20.661182391838338
      vertex 3.806359704981873 29.49129573662028 -17.804508246721927
      vertex 4.242640687119286 29.339974275777195 -17.439185923676437
    endloop
  endfacet
  facet normal 1.510243372934281e-15 0.9238795325112868 0.38268343236508967
    outer loop
      vertex 0 23.889551651687707 -4.28070170393444
      vertex 0.5881028419773605 25.431341733097224 -8.002912228805616
      vertex 0 25.420285381148066 -7.976219833979587
    endloop
  endfacet
  facet normal -3.7756084323356606e-16 0.9238795325112867 0.38268343236508967
    outer loop
      vertex 0.9801714032956009 23.907978904936304 -4.325189028644488
      vertex 1.1705419320967698 25.464404310231412 -8.08273235092998
      vertex 0.5881028419773605 25.431341733097224 -8.002912228805616
    endloop
  endfacet
  facet normal -2.265365059401416e-15 0.9238795325112865 0.3826834323650905
    outer loop
      vertex 1.950903220161283 23.96308320015995 -4.4582225655184295
      vertex 1.7417080635267723 25.519154701858987 -8.214911488942507
      vertex 1.1705419320967698 25.464404310231412 -8.08273235092998
    endloop
  endfacet
  facet normal 2.2653650594013974e-15 0.9238795325112868 0.3826834323650893
    outer loop
      vertex 2.9028467725446205 24.054333852872574 -4.678521128872639
      vertex 2.29610059419054 25.59506563177896 -8.398176685487666
      vertex 1.7417080635267723 25.519154701858987 -8.214911488942507
    endloop
  endfacet
  facet normal 1.0158746438253246e-15 0.9238795325112868 0.38268343236508956
    outer loop
      vertex 0 23.889551651687707 -4.28070170393444
      vertex 0.9801714032956009 23.907978904936304 -4.325189028644488
      vertex 0.5881028419773605 25.431341733097224 -8.002912228805616
    endloop
  endfacet
  facet normal 1.4583287569896492e-15 0.9238795325112867 0.38268343236508984
    outer loop
      vertex 0.9801714032956009 23.907978904936304 -4.325189028644488
      vertex 1.950903220161283 23.96308320015995 -4.4582225655184295
      vertex 1.1705419320967698 25.464404310231412 -8.08273235092998
    endloop
  endfacet
  facet normal -1.812292047521133e-15 0.9238795325112865 0.3826834323650905
    outer loop
      vertex 1.950903220161283 23.96308320015995 -4.4582225655184295
      vertex 2.9028467725446205 24.054333852872574 -4.678521128872639
      vertex 1.7417080635267723 25.519154701858987 -8.214911488942507
    endloop
  endfacet
  facet normal 1.8878042161678487e-15 0.923879532511287 0.3826834323650892
    outer loop
      vertex 3.8268343236509 24.180852069405866 -4.983963123114572
      vertex 2.8283804209559857 25.691406036239073 -8.63076299653978
      vertex 2.29610059419054 25.59506563177896 -8.398176685487666
    endloop
  endfacet
  facet normal -3.3980475891021257e-15 0.9238795325112863 0.38268343236509095
    outer loop
      vertex 4.713967368259976 24.341419410172723 -5.3716069748680955
      vertex 3.3334213981176113 25.807248104479353 -8.910430488778808
      vertex 2.8283804209559857 25.691406036239073 -8.63076299653978
    endloop
  endfacet
  facet normal -1.8689261740061702e-15 0.9238795325112866 0.38268343236509017
    outer loop
      vertex 3.8268343236509 24.180852069405866 -4.983963123114572
      vertex 4.713967368259976 24.341419410172723 -5.3716069748680955
      vertex 2.8283804209559857 25.691406036239073 -8.63076299653978
    endloop
  endfacet
  facet normal 7.551216864671318e-16 0.9238795325112867 0.3826834323650896
    outer loop
      vertex 5.555702330196018 24.53448952390652 -5.837719461933143
      vertex 3.8063597049818734 25.941476214056927 -9.23448581137269
      vertex 3.3334213981176113 25.807248104479353 -8.910430488778808
    endloop
  endfacet
  facet normal 3.3980475891021267e-16 0.9238795325112868 0.38268343236508967
    outer loop
      vertex 4.713967368259976 24.341419410172723 -5.3716069748680955
      vertex 5.555702330196018 24.53448952390652 -5.837719461933143
      vertex 3.3334213981176113 25.807248104479353 -8.910430488778808
    endloop
  endfacet
  facet normal 7.551216864671396e-16 0.923879532511287 0.3826834323650892
    outer loop
      vertex 6.343932841636456 24.75820303986914 -6.377811666256276
      vertex 4.242640687119284 26.092797674900012 -9.599808134418177
      vertex 3.8063597049818734 25.941476214056927 -9.23448581137269
    endloop
  endfacet
  facet normal 1.7698164526573411e-15 0.923879532511287 0.3826834323650894
    outer loop
      vertex 2.9028467725446205 24.054333852872574 -4.678521128872639
      vertex 3.8268343236509 24.180852069405866 -4.983963123114572
      vertex 2.29610059419054 25.59506563177896 -8.398176685487666
    endloop
  endfacet
  facet normal 0.8577286100002715 0.19673860273617422 -0.47496900296800426
    outer loop
      vertex 8.314696123025453 5.555702330196022 -28.712201615675454
      vertex 8.819212643483551 29.52034318788136 -17.874634997508796
      vertex 8.819212643483551 4.713967368259972 -28.149772295319977
    endloop
  endfacet
  facet normal 0.9039892931234439 0.16361825067907643 -0.39500939984118727
    outer loop
      vertex 8.819212643483551 4.713967368259972 -28.149772295319977
      vertex 9.238795325112868 29.180852069405866 -17.055030934980046
      vertex 9.238795325112868 3.8268343236508944 -27.55700894591988
    endloop
  endfacet
  facet normal 0.9415440651830211 0.12892216542510618 -0.3112456402597991
    outer loop
      vertex 9.569403357322088 2.902846772544625 -26.939620202567298
      vertex 9.238795325112868 3.8268343236508944 -27.55700894591988
      vertex 9.569403357322088 28.827257341885904 -16.20137774821773
    endloop
  endfacet
  facet normal 0.9700312531945439 0.09298448924206835 -0.2244844150185366
    outer loop
      vertex 9.569403357322088 2.902846772544625 -26.939620202567298
      vertex 9.807852804032304 28.46296431584203 -15.321896584064678
      vertex 9.807852804032304 1.9509032201612753 -26.303551856359743
    endloop
  endfacet
  facet normal 0.7409511253549599 -0.256994485876369 0.620439573257831
    outer loop
      vertex 7.071067811865474 7.071067811865477 -14.417399164563678
      vertex 7.730104533627365 6.343932841636459 -15.505633551244026
      vertex 7.730104533627365 25.288667980807546 -7.658467321033218
    endloop
  endfacet
  facet normal 0.8032075314806434 -0.2279642545006618 0.5503543949517697
    outer loop
      vertex 8.314696123025453 5.555702330196022 -16.685303876974547
      vertex 8.314696123025453 25.590310738420463 -8.38669735745394
      vertex 7.730104533627365 6.343932841636459 -15.505633551244026
    endloop
  endfacet
  facet normal 0.8577286100002722 -0.1967386027361737 0.47496900296800315
    outer loop
      vertex 8.314696123025453 5.555702330196022 -16.685303876974547
      vertex 8.819212643483548 4.713967368259979 -17.945049271645043
      vertex 8.819212643483548 25.912428762795845 -9.164359060585817
    endloop
  endfacet
  facet normal 0.9039892931234431 -0.16361825067907715 0.3950093998411891
    outer loop
      vertex 9.238795325112864 3.826834323650904 -19.272737698457966
      vertex 9.238795325112864 26.251919881271338 -9.983963123114565
      vertex 8.819212643483548 4.713967368259979 -17.945049271645043
    endloop
  endfacet
  facet normal 0.9415440651830208 -0.12892216542510657 0.3112456402598
    outer loop
      vertex 9.569403357322088 2.902846772544625 -20.6555827920748
      vertex 9.569403357322088 26.605514608791303 -10.837616309876882
      vertex 9.238795325112864 3.826834323650904 -19.272737698457966
    endloop
  endfacet
  facet normal 0.9039892931234436 0.16361825067907684 -0.3950093998411881
    outer loop
      vertex 8.819212643483551 4.713967368259972 -28.149772295319977
      vertex 8.819212643483551 29.52034318788136 -17.874634997508796
      vertex 9.238795325112868 29.180852069405866 -17.055030934980046
    endloop
  endfacet
  facet normal 0.9415440651830211 0.1289221654251062 -0.31124564025979923
    outer loop
      vertex 9.238795325112868 3.8268343236508944 -27.55700894591988
      vertex 9.238795325112868 29.180852069405866 -17.055030934980046
      vertex 9.569403357322088 28.827257341885904 -16.20137774821773
    endloop
  endfacet
  facet normal 0.9700312531945438 0.09298448924206835 -0.2244844150185366
    outer loop
      vertex 9.569403357322088 2.902846772544625 -26.939620202567298
      vertex 9.569403357322088 28.827257341885904 -16.20137774821773
      vertex 9.807852804032304 28.46296431584203 -15.321896584064678
    endloop
  endfacet
  facet normal 0.9987954562051724 -0.018777386029788425 0.045332620019030316
    outer loop
      vertex 10 0 -25
      vertex 10 27.716385975338603 -13.519497029047308
      vertex 9.95184726672197 27.341290618419336 -12.613936731189632
    endloop
  endfacet
  facet normal 0.9987954562051725 0.01877738602978841 -0.04533262001903027
    outer loop
      vertex 9.95184726672197 0.980171403295605 -25.654929593181507
      vertex 9.95184726672197 28.09148133225787 -14.425057326904984
      vertex 10 27.716385975338603 -13.519497029047308
    endloop
  endfacet
  facet normal 0.9891765099647809 0.05615132159713627 -0.13556128214497967
    outer loop
      vertex 9.807852804032304 1.9509032201612753 -26.303551856359743
      vertex 9.807852804032304 28.46296431584203 -15.321896584064678
      vertex 9.95184726672197 28.09148133225787 -14.425057326904984
    endloop
  endfacet
  facet normal 0.9415440651830205 -0.12892216542510693 0.31124564025980095
    outer loop
      vertex 9.238795325112864 3.826834323650904 -19.272737698457966
      vertex 9.569403357322088 26.605514608791303 -10.837616309876882
      vertex 9.238795325112864 26.251919881271338 -9.983963123114565
    endloop
  endfacet
  facet normal 0.970031253194544 -0.09298448924206794 0.22448441501853558
    outer loop
      vertex 9.569403357322088 2.902846772544625 -20.6555827920748
      vertex 9.807852804032303 26.969807634835174 -11.717097474029934
      vertex 9.569403357322088 26.605514608791303 -10.837616309876882
    endloop
  endfacet
  facet normal 0.9891765099647807 -0.056151321597136636 0.13556128214498056
    outer loop
      vertex 9.807852804032303 1.9509032201612873 -22.08026699830396
      vertex 9.95184726672197 27.341290618419336 -12.613936731189632
      vertex 9.807852804032303 26.969807634835174 -11.717097474029934
    endloop
  endfacet
  facet normal 0.5141027441932234 -0.32823852851264107 0.7924379072286061
    outer loop
      vertex 4.713967368259976 8.819212643483551 -11.801115535590176
      vertex 5.555702330196018 8.314696123025454 -12.556177867467706
      vertex 5.555702330196018 24.53448952390652 -5.837719461933143
    endloop
  endfacet
  facet normal 0.5956993044924328 -0.30737421504850415 0.742066998693883
    outer loop
      vertex 5.555702330196018 8.314696123025454 -12.556177867467706
      vertex 6.343932841636456 7.730104533627369 -13.43108100896666
      vertex 6.343932841636456 24.75820303986914 -6.377811666256276
    endloop
  endfacet
  facet normal 0.6715589548470179 -0.2835497198656118 0.6845495793066518
    outer loop
      vertex 6.343932841636456 7.730104533627369 -13.43108100896666
      vertex 7.071067811865474 7.071067811865477 -14.417399164563678
      vertex 7.071067811865474 25.01040547460762 -6.986682204665423
    endloop
  endfacet
  facet normal 0.5956993044924322 -0.3073742150485043 0.7420669986938836
    outer loop
      vertex 5.555702330196018 8.314696123025454 -12.556177867467706
      vertex 6.343932841636456 24.75820303986914 -6.377811666256276
      vertex 5.555702330196018 24.53448952390652 -5.837719461933143
    endloop
  endfacet
  facet normal 0.7409511253549602 -0.2569944858763688 0.6204395732578304
    outer loop
      vertex 7.071067811865474 7.071067811865477 -14.417399164563678
      vertex 7.730104533627365 25.288667980807546 -7.658467321033218
      vertex 7.071067811865474 25.01040547460762 -6.986682204665423
    endloop
  endfacet
  facet normal 0.6715589548470187 -0.2835497198656115 0.6845495793066511
    outer loop
      vertex 6.343932841636456 7.730104533627369 -13.43108100896666
      vertex 7.071067811865474 25.01040547460762 -6.986682204665423
      vertex 6.343932841636456 24.75820303986914 -6.377811666256276
    endloop
  endfacet
  facet normal 0.8032075314806438 -0.2279642545006617 0.5503543949517694
    outer loop
      vertex 7.730104533627365 6.343932841636459 -15.505633551244026
      vertex 8.314696123025453 25.590310738420463 -8.38669735745394
      vertex 7.730104533627365 25.288667980807546 -7.658467321033218
    endloop
  endfacet
  facet normal 0.857728610000272 -0.19673860273617386 0.47496900296800354
    outer loop
      vertex 8.314696123025453 5.555702330196022 -16.685303876974547
      vertex 8.819212643483548 25.912428762795845 -9.164359060585817
      vertex 8.314696123025453 25.590310738420463 -8.38669735745394
    endloop
  endfacet
  facet normal 0.9039892931234432 -0.1636182506790771 0.39500939984118894
    outer loop
      vertex 8.819212643483548 4.713967368259979 -17.945049271645043
      vertex 9.238795325112864 26.251919881271338 -9.983963123114565
      vertex 8.819212643483548 25.912428762795845 -9.164359060585817
    endloop
  endfacet
  facet normal 0.5956993044924357 0.3073742150485034 -0.7420669986938814
    outer loop
      vertex 5.555702330196023 8.31469612302545 -30.55570233019602
      vertex 5.555702330196023 30.898282426770688 -21.201274596161472
      vertex 6.343932841636455 30.674568910808066 -20.661182391838338
    endloop
  endfacet
  facet normal 0.6715589548470164 0.2835497198656123 -0.6845495793066532
    outer loop
      vertex 6.343932841636456 7.730104533627369 -30.16509071825293
      vertex 6.343932841636455 30.674568910808066 -20.661182391838338
      vertex 7.0710678118654755 30.422366476069588 -20.05231185342919
    endloop
  endfacet
  facet normal 0.7409511253549592 0.2569944858763693 -0.6204395732578317
    outer loop
      vertex 7.0710678118654755 7.0710678118654755 -29.72473645916727
      vertex 7.0710678118654755 30.422366476069588 -20.05231185342919
      vertex 7.73010453362737 30.14410396986966 -19.380526737061395
    endloop
  endfacet
  facet normal -7.645607075479743e-16 0.923879532511287 0.38268343236508956
    outer loop
      vertex 5.555702330196023 30.898282426770688 -21.201274596161472
      vertex 3.806359704981873 29.49129573662028 -17.804508246721927
      vertex 6.343932841636455 30.674568910808066 -20.661182391838338
    endloop
  endfacet
  facet normal 1.4441702253684015e-15 0.9238795325112864 0.38268343236509056
    outer loop
      vertex 6.343932841636455 30.674568910808066 -20.661182391838338
      vertex 4.242640687119286 29.339974275777195 -17.439185923676437
      vertex 7.0710678118654755 30.422366476069588 -20.05231185342919
    endloop
  endfacet
  facet normal -2.0954626799463037e-15 0.9238795325112875 0.3826834323650878
    outer loop
      vertex 7.0710678118654755 30.422366476069588 -20.05231185342919
      vertex 4.638062720176422 29.173016772057238 -17.03611485385576
      vertex 7.73010453362737 30.14410396986966 -19.380526737061395
    endloop
  endfacet
  facet normal 0 0.923879532511287 0.3826834323650892
    outer loop
      vertex 7.0710678118654755 30.422366476069588 -20.05231185342919
      vertex 4.242640687119286 29.339974275777195 -17.439185923676437
      vertex 4.638062720176422 29.173016772057238 -17.03611485385576
    endloop
  endfacet
  facet normal -1.1326825297007023e-15 0.9238795325112871 0.38268343236508884
    outer loop
      vertex 7.73010453362737 30.14410396986966 -19.380526737061395
      vertex 4.638062720176422 29.173016772057238 -17.03611485385576
      vertex 4.988817673815271 28.99203111748949 -16.599176832003327
    endloop
  endfacet
  facet normal 3.964388853952475e-15 0.9238795325112851 0.3826834323650943
    outer loop
      vertex 8.314696123025453 29.842461212256744 -18.652296700640676
      vertex 4.988817673815271 28.99203111748949 -16.599176832003327
      vertex 5.2915275860901305 28.798760302864256 -16.132579810124202
    endloop
  endfacet
  facet normal -8.49511897275527e-16 0.9238795325112877 0.3826834323650873
    outer loop
      vertex 9.238795325112868 29.180852069405866 -17.055030934980046
      vertex 5.54327719506772 28.59506563177896 -15.64081737260695
      vertex 5.741642014393253 28.382908795266985 -15.12862546054956
    endloop
  endfacet
  facet normal -4.95548606744058e-16 0.9238795325112865 0.3826834323650902
    outer loop
      vertex 9.95184726672197 27.341290618419336 -12.613936731189632
      vertex 6 27.716385975338603 -13.519497029047308
      vertex 5.971108360033181 27.49132876118704 -12.976160850332702
    endloop
  endfacet
  facet normal 1.8406091107636476e-15 0.9238795325112847 0.38268343236509456
    outer loop
      vertex 9.569403357322088 28.827257341885904 -16.20137774821773
      vertex 5.741642014393253 28.382908795266985 -15.12862546054956
      vertex 5.884711682419383 28.16433297964066 -14.60093676205773
    endloop
  endfacet
  facet normal -4.483535013398626e-16 0.9238795325112874 0.382683432365088
    outer loop
      vertex 9.807852804032304 28.46296431584203 -15.321896584064678
      vertex 5.884711682419383 28.16433297964066 -14.60093676205773
      vertex 5.971108360033181 27.941443189490165 -14.062833207761914
    endloop
  endfacet
  facet normal 4.95548606744058e-16 0.9238795325112865 0.3826834323650902
    outer loop
      vertex 9.95184726672197 28.09148133225787 -14.425057326904984
      vertex 5.971108360033181 27.941443189490165 -14.062833207761914
      vertex 6 27.716385975338603 -13.519497029047308
    endloop
  endfacet
  facet normal -2.454145481018191e-15 0.9238795325112885 0.3826834323650857
    outer loop
      vertex 8.819212643483551 29.52034318788136 -17.874634997508796
      vertex 5.2915275860901305 28.798760302864256 -16.132579810124202
      vertex 5.54327719506772 28.59506563177896 -15.64081737260695
    endloop
  endfacet
  facet normal 1.953877363733714e-15 0.9238795325112861 0.38268343236509145
    outer loop
      vertex 7.73010453362737 30.14410396986966 -19.380526737061395
      vertex 4.988817673815271 28.99203111748949 -16.599176832003327
      vertex 8.314696123025453 29.842461212256744 -18.652296700640676
    endloop
  endfacet
  facet normal 1.6990237945510555e-16 0.9238795325112865 0.3826834323650903
    outer loop
      vertex 8.314696123025453 29.842461212256744 -18.652296700640676
      vertex 5.2915275860901305 28.798760302864256 -16.132579810124202
      vertex 8.819212643483551 29.52034318788136 -17.874634997508796
    endloop
  endfacet
  facet normal 0.8032075314806449 0.22796425450066105 -0.550354394951768
    outer loop
      vertex 7.73010453362737 6.343932841636453 -29.238880405176154
      vertex 7.73010453362737 30.14410396986966 -19.380526737061395
      vertex 8.314696123025453 29.842461212256744 -18.652296700640676
    endloop
  endfacet
  facet normal 0.8577286100002717 0.19673860273617405 -0.474969002968004
    outer loop
      vertex 8.314696123025453 5.555702330196022 -28.712201615675454
      vertex 8.314696123025453 29.842461212256744 -18.652296700640676
      vertex 8.819212643483551 29.52034318788136 -17.874634997508796
    endloop
  endfacet
  facet normal -2.8317063242517586e-16 0.9238795325112874 0.38268343236508817
    outer loop
      vertex 9.569403357322088 28.827257341885904 -16.20137774821773
      vertex 9.238795325112868 29.180852069405866 -17.055030934980046
      vertex 5.741642014393253 28.382908795266985 -15.12862546054956
    endloop
  endfacet
  facet normal 0 0.9238795325112873 0.38268343236508845
    outer loop
      vertex 9.95184726672197 27.341290618419336 -12.613936731189632
      vertex 10 27.716385975338603 -13.519497029047308
      vertex 6 27.716385975338603 -13.519497029047308
    endloop
  endfacet
  facet normal 2.831706324251766e-16 0.923879532511286 0.3826834323650915
    outer loop
      vertex 9.569403357322088 28.827257341885904 -16.20137774821773
      vertex 5.884711682419383 28.16433297964066 -14.60093676205773
      vertex 9.807852804032304 28.46296431584203 -15.321896584064678
    endloop
  endfacet
  facet normal 5.380242016078337e-16 0.9238795325112864 0.38268343236509067
    outer loop
      vertex 9.95184726672197 28.09148133225787 -14.425057326904984
      vertex 9.807852804032304 28.46296431584203 -15.321896584064678
      vertex 5.971108360033181 27.941443189490165 -14.062833207761914
    endloop
  endfacet
  facet normal 0 0.9238795325112873 0.38268343236508845
    outer loop
      vertex 9.95184726672197 28.09148133225787 -14.425057326904984
      vertex 6 27.716385975338603 -13.519497029047308
      vertex 10 27.716385975338603 -13.519497029047308
    endloop
  endfacet
  facet normal -2.831706324251763e-16 0.9238795325112873 0.38268343236508856
    outer loop
      vertex 8.819212643483551 29.52034318788136 -17.874634997508796
      vertex 5.54327719506772 28.59506563177896 -15.64081737260695
      vertex 9.238795325112868 29.180852069405866 -17.055030934980046
    endloop
  endfacet
  facet normal -1.8878042161678478e-16 0.923879532511287 0.3826834323650891
    outer loop
      vertex 8.314696123025453 25.590310738420463 -8.38669735745394
      vertex 5.291527586090129 26.634011647812947 -10.906414247970414
      vertex 4.988817673815271 26.440740833187718 -10.439817226091288
    endloop
  endfacet
  facet normal 0 0.9238795325112871 0.3826834323650892
    outer loop
      vertex 7.071067811865474 25.01040547460762 -6.986682204665423
      vertex 4.6380627201764195 26.25975517861997 -10.002879204238853
      vertex 4.242640687119284 26.092797674900012 -9.599808134418177
    endloop
  endfacet
  facet normal 3.9643888539524425e-16 0.9238795325112867 0.38268343236508956
    outer loop
      vertex 6.343932841636456 24.75820303986914 -6.377811666256276
      vertex 3.8063597049818734 25.941476214056927 -9.23448581137269
      vertex 5.555702330196018 24.53448952390652 -5.837719461933143
    endloop
  endfacet
  facet normal 9.439021080839159e-16 0.9238795325112871 0.3826834323650889
    outer loop
      vertex 7.730104533627365 25.288667980807546 -7.658467321033218
      vertex 4.988817673815271 26.440740833187718 -10.439817226091288
      vertex 4.6380627201764195 26.25975517861997 -10.002879204238853
    endloop
  endfacet
  facet normal -1.1326825297007088e-15 0.9238795325112865 0.3826834323650904
    outer loop
      vertex 6.343932841636456 24.75820303986914 -6.377811666256276
      vertex 7.071067811865474 25.01040547460762 -6.986682204665423
      vertex 4.242640687119284 26.092797674900012 -9.599808134418177
    endloop
  endfacet
  facet normal 4.813900751228019e-16 0.9238795325112872 0.38268343236508856
    outer loop
      vertex 8.314696123025453 25.590310738420463 -8.38669735745394
      vertex 8.819212643483548 25.912428762795845 -9.164359060585817
      vertex 5.291527586090129 26.634011647812947 -10.906414247970414
    endloop
  endfacet
  facet normal 1.3025849091558152e-15 0.9238795325112873 0.3826834323650884
    outer loop
      vertex 7.071067811865474 25.01040547460762 -6.986682204665423
      vertex 7.730104533627365 25.288667980807546 -7.658467321033218
      vertex 4.6380627201764195 26.25975517861997 -10.002879204238853
    endloop
  endfacet
  facet normal -1.0477313399731457e-15 0.9238795325112864 0.3826834323650904
    outer loop
      vertex 7.730104533627365 25.288667980807546 -7.658467321033218
      vertex 8.314696123025453 25.590310738420463 -8.38669735745394
      vertex 4.988817673815271 26.440740833187718 -10.439817226091288
    endloop
  endfacet
  facet normal 1.5102433729342696e-15 0.9238795325112878 0.38268343236508734
    outer loop
      vertex 9.238795325112864 26.251919881271338 -9.983963123114565
      vertex 5.741642014393253 27.049863155410222 -11.910368597545052
      vertex 5.543277195067719 26.837706318898245 -11.398176685487662
    endloop
  endfacet
  facet normal -1.5102433729342745e-15 0.9238795325112859 0.38268343236509217
    outer loop
      vertex 8.819212643483548 25.912428762795845 -9.164359060585817
      vertex 5.543277195067719 26.837706318898245 -11.398176685487662
      vertex 5.291527586090129 26.634011647812947 -10.906414247970414
    endloop
  endfacet
  facet normal 1.4158531621258828e-16 0.9238795325112873 0.3826834323650885
    outer loop
      vertex 9.569403357322088 26.605514608791303 -10.837616309876882
      vertex 5.884711682419382 27.268438971036545 -12.438057296036884
      vertex 5.741642014393253 27.049863155410222 -11.910368597545052
    endloop
  endfacet
  facet normal -5.663412648503499e-16 0.9238795325112857 0.3826834323650922
    outer loop
      vertex 9.807852804032303 26.969807634835174 -11.717097474029934
      vertex 5.971108360033181 27.49132876118704 -12.976160850332702
      vertex 5.884711682419382 27.268438971036545 -12.438057296036884
    endloop
  endfacet
  facet normal 5.946583280928713e-16 0.923879532511287 0.3826834323650894
    outer loop
      vertex 9.238795325112864 26.251919881271338 -9.983963123114565
      vertex 5.543277195067719 26.837706318898245 -11.398176685487662
      vertex 8.819212643483548 25.912428762795845 -9.164359060585817
    endloop
  endfacet
  facet normal 1.9821944269762403e-16 0.9238795325112873 0.38268343236508845
    outer loop
      vertex 9.807852804032303 26.969807634835174 -11.717097474029934
      vertex 5.884711682419382 27.268438971036545 -12.438057296036884
      vertex 9.569403357322088 26.605514608791303 -10.837616309876882
    endloop
  endfacet
  facet normal -7.220851126841942e-16 0.9238795325112856 0.38268343236509245
    outer loop
      vertex 9.95184726672197 27.341290618419336 -12.613936731189632
      vertex 5.971108360033181 27.49132876118704 -12.976160850332702
      vertex 9.807852804032303 26.969807634835174 -11.717097474029934
    endloop
  endfacet
  facet normal -4.813900751227971e-16 0.9238795325112865 0.3826834323650905
    outer loop
      vertex 9.238795325112864 26.251919881271338 -9.983963123114565
      vertex 9.569403357322088 26.605514608791303 -10.837616309876882
      vertex 5.741642014393253 27.049863155410222 -11.910368597545052
    endloop
  endfacet
  facet normal 0.9987954562051724 0.04906767432741822 5.58497495770921e-18
    outer loop
      vertex -5.999835872442179 -0.003340893189596929 -25.005000000000003
      vertex -5.971108360033181 -0.5881028419773651 -50
      vertex -6 0 -50
    endloop
  endfacet
  facet normal 0.9039892931234433 0.4275550934302822 -3.771060546626814e-18
    outer loop
      vertex -5.29152758609013 -2.8283804209559866 -50
      vertex -5.54327719506772 -2.2961005941905395 -50
      vertex -5.54327719506772 -2.296100594190539 0
    endloop
  endfacet
  facet normal 0.8577286100002727 0.5141027441932207 0
    outer loop
      vertex -4.988817673815272 -3.3334213981176135 -50
      vertex -5.29152758609013 -2.8283804209559866 -50
      vertex -5.29152758609013 -2.8283804209559866 0
    endloop
  endfacet
  facet normal 0.9415440651830205 0.336889853392221 -2.8282954099701072e-18
    outer loop
      vertex -5.54327719506772 -2.2961005941905395 -50
      vertex -5.741642014393253 -1.7417080635267748 -50
      vertex -5.741642014393253 -1.7417080635267743 0
    endloop
  endfacet
  facet normal 0.970031253194544 0.24298017990326398 0
    outer loop
      vertex -5.741642014393253 -1.7417080635267748 -50
      vertex -5.884711682419383 -1.1705419320967716 -50
      vertex -5.884711682419383 -1.1705419320967716 0
    endloop
  endfacet
  facet normal 0.989176509964781 0.1467304744553615 -2.3569128416417563e-19
    outer loop
      vertex -5.884711682419383 -1.1705419320967716 -50
      vertex -5.971108360033181 -0.5881028419773651 -50
      vertex -5.971108360033181 -0.588102841977365 0
    endloop
  endfacet
  facet normal 0.9987954562051748 0.0490676743273673 1.1994196008638e-15
    outer loop
      vertex -5.999835872442179 -0.003340893189596929 -25.005000000000003
      vertex -5.999632382367667 -0.007483028813328406 -24.995
      vertex -5.971108360033181 -0.5881028419773651 -50
    endloop
  endfacet
  facet normal 0.9987954562051745 0.04906767432737653 0
    outer loop
      vertex -5.999835872442179 -0.003340893189596929 -25.005000000000003
      vertex -6 0 -50
      vertex -6 0 -25
    endloop
  endfacet
  facet normal 0.9987954562051724 -0.04906767432741834 0
    outer loop
      vertex -5.971108360033181 0.5881028419773635 -25.392957755908906
      vertex -6 0 -25
      vertex -6 0 -50
    endloop
  endfacet
  facet normal 0.9987954562051724 -0.04906767432741835 0
    outer loop
      vertex -5.971108360033181 0.5881028419773635 -25.392957755908906
      vertex -6 0 -50
      vertex -5.971108360033181 0.5881028419773635 -50
    endloop
  endfacet
  facet normal 0.9891765099647811 -0.14673047445536153 0
    outer loop
      vertex -5.884711682419383 1.17054193209677 -25.782131113815847
      vertex -5.971108360033181 0.5881028419773635 -50
      vertex -5.884711682419383 1.17054193209677 -50
    endloop
  endfacet
  facet normal 0.970031253194544 -0.24298017990326423 2.263463763072563e-18
    outer loop
      vertex -5.741642014393253 1.7417080635267728 -26.163772121540383
      vertex -5.884711682419383 1.17054193209677 -50
      vertex -5.741642014393253 1.7417080635267725 -50
    endloop
  endfacet
  facet normal 0.9039892931234434 -0.42755509343028186 0
    outer loop
      vertex -5.2915275860901305 2.8283804209559857 -26.889863377191986
      vertex -5.543277195067721 2.296100594190538 -50
      vertex -5.2915275860901305 2.8283804209559857 -50
    endloop
  endfacet
  facet normal 0.9415440651830211 -0.3368898533922193 0
    outer loop
      vertex -5.543277195067721 2.296100594190538 -26.534205367551927
      vertex -5.741642014393253 1.7417080635267725 -50
      vertex -5.543277195067721 2.296100594190538 -50
    endloop
  endfacet
  facet normal 0.8577286100002723 -0.5141027441932213 0
    outer loop
      vertex -4.988817673815273 3.3334213981176117 -27.22732096940527
      vertex -5.2915275860901305 2.8283804209559857 -50
      vertex -4.988817673815273 3.3334213981176117 -50
    endloop
  endfacet
  facet normal 0.9039892931234436 -0.42755509343028186 0
    outer loop
      vertex -5.2915275860901305 2.8283804209559857 -26.889863377191986
      vertex -5.543277195067721 2.296100594190538 -26.534205367551927
      vertex -5.543277195067721 2.296100594190538 -50
    endloop
  endfacet
  facet normal 0.989176509964781 -0.1467304744553615 0
    outer loop
      vertex -5.971108360033181 0.5881028419773635 -25.392957755908906
      vertex -5.971108360033181 0.5881028419773635 -50
      vertex -5.884711682419383 1.17054193209677 -25.782131113815847
    endloop
  endfacet
  facet normal 0.970031253194544 -0.24298017990326412 0
    outer loop
      vertex -5.884711682419383 1.17054193209677 -25.782131113815847
      vertex -5.884711682419383 1.17054193209677 -50
      vertex -5.741642014393253 1.7417080635267728 -26.163772121540383
    endloop
  endfacet
  facet normal 0.941544065183021 -0.33688985339221933 3.1382723298818038e-18
    outer loop
      vertex -5.741642014393253 1.7417080635267728 -26.163772121540383
      vertex -5.741642014393253 1.7417080635267725 -50
      vertex -5.543277195067721 2.296100594190538 -26.534205367551927
    endloop
  endfacet
  facet normal 0.8577286100002722 -0.5141027441932213 0
    outer loop
      vertex -5.2915275860901305 2.8283804209559857 -26.889863377191986
      vertex -5.2915275860901305 2.8283804209559857 -50
      vertex -4.988817673815273 3.3334213981176117 -27.22732096940527
    endloop
  endfacet
  facet normal 0.5141027441932228 0.8577286100002715 4.566149629010343e-18
    outer loop
      vertex -3.3334213981176117 -4.988817673815272 -50
      vertex -3.333421398117612 -4.988817673815272 0
      vertex -2.828380420955986 -5.2915275860901305 -50
    endloop
  endfacet
  facet normal 0.42755509343028036 0.9039892931234441 3.7974520721764575e-18
    outer loop
      vertex -2.828380420955986 -5.2915275860901305 -50
      vertex -2.8283804209559866 -5.2915275860901305 0
      vertex -2.296100594190538 -5.54327719506772 -50
    endloop
  endfacet
  facet normal 0.7409511253549584 0.671558954847019 -6.599355956596916e-18
    outer loop
      vertex -4.242640687119285 -4.242640687119286 -50
      vertex -4.638062720176422 -3.8063597049818734 -50
      vertex -4.638062720176422 -3.806359704981873 0
    endloop
  endfacet
  facet normal 0.8032075314806448 0.5956993044924335 -5.656590819940217e-18
    outer loop
      vertex -4.638062720176422 -3.8063597049818734 -50
      vertex -4.988817673815272 -3.3334213981176135 -50
      vertex -4.988817673815272 -3.333421398117613 0
    endloop
  endfacet
  facet normal 0.671558954847019 0.7409511253549584 0
    outer loop
      vertex -4.242640687119285 -4.242640687119286 -50
      vertex -4.242640687119285 -4.242640687119286 0
      vertex -3.8063597049818725 -4.638062720176423 -50
    endloop
  endfacet
  facet normal 0.5956993044924317 0.8032075314806462 0
    outer loop
      vertex -3.8063597049818725 -4.638062720176423 -50
      vertex -3.8063597049818725 -4.638062720176423 0
      vertex -3.3334213981176117 -4.988817673815272 -50
    endloop
  endfacet
  facet normal 0.33688985339222066 0.9415440651830205 2.992182975989094e-18
    outer loop
      vertex -2.2961005941905386 -5.54327719506772 0
      vertex -1.7417080635267728 -5.741642014393253 -50
      vertex -2.296100594190538 -5.54327719506772 -50
    endloop
  endfacet
  facet normal 0.2429801799032638 0.9700312531945441 1.0790487610246648e-18
    outer loop
      vertex -1.741708063526773 -5.741642014393253 0
      vertex -1.1705419320967692 -5.884711682419383 -50
      vertex -1.7417080635267728 -5.741642014393253 -50
    endloop
  endfacet
  facet normal 0.14673047445536178 0.9891765099647809 0
    outer loop
      vertex -1.1705419320967692 -5.884711682419383 -50
      vertex -1.1705419320967692 -5.884711682419383 0
      vertex -0.5881028419773638 -5.971108360033181 -50
    endloop
  endfacet
  facet normal 0.04906767432741831 0.9987954562051724 0
    outer loop
      vertex -0.5881028419773638 -5.971108360033181 -50
      vertex -0.5881028419773638 -5.971108360033181 0
      vertex 0 -6 -50
    endloop
  endfacet
  facet normal 0.8032075314806448 -0.5956993044924334 0
    outer loop
      vertex -4.638062720176423 3.8063597049818716 -27.543328243105694
      vertex -4.988817673815273 3.3334213981176117 -50
      vertex -4.638062720176423 3.8063597049818716 -50
    endloop
  endfacet
  facet normal 0.7409511253549586 -0.671558954847019 2.6909989448358956e-17
    outer loop
      vertex -4.242640687119286 4.242640687119285 -27.83484187550036
      vertex -4.638062720176423 3.8063597049818716 -50
      vertex -4.242640687119286 4.242640687119284 -50
    endloop
  endfacet
  facet normal 0.6715589548470192 -0.7409511253549583 0
    outer loop
      vertex -3.8063597049818756 4.6380627201764195 -28.099054430951757
      vertex -4.242640687119286 4.242640687119284 -50
      vertex -3.8063597049818756 4.6380627201764195 -50
    endloop
  endfacet
  facet normal 0.5956993044924332 -0.8032075314806449 0
    outer loop
      vertex -3.333421398117613 4.988817673815271 -28.333421398117615
      vertex -3.8063597049818756 4.6380627201764195 -50
      vertex -3.333421398117613 4.988817673815271 -50
    endloop
  endfacet
  facet normal 0.5141027441932224 -0.8577286100002717 0
    outer loop
      vertex -2.828380420955987 5.29152758609013 -28.5356856949861
      vertex -3.333421398117613 4.988817673815271 -50
      vertex -2.828380420955987 5.29152758609013 -50
    endloop
  endfacet
  facet normal 0.42755509343028264 -0.9039892931234431 -8.915838971037739e-18
    outer loop
      vertex -2.296100594190542 5.543277195067719 -28.703899405809462
      vertex -2.828380420955987 5.29152758609013 -50
      vertex -2.2961005941905426 5.543277195067719 -50
    endloop
  endfacet
  facet normal 0.33688985339222083 -0.9415440651830206 -7.069187166970682e-18
    outer loop
      vertex -1.7417080635267745 5.741642014393253 -28.836442540597503
      vertex -2.2961005941905426 5.543277195067719 -50
      vertex -1.741708063526775 5.741642014393253 -50
    endloop
  endfacet
  facet normal 0.24298017990326265 -0.9700312531945444 0
    outer loop
      vertex -1.170541932096772 5.884711682419382 -28.932038636506768
      vertex -1.741708063526775 5.741642014393253 -50
      vertex -1.170541932096772 5.884711682419382 -50
    endloop
  endfacet
  facet normal 0.1467304744553623 -0.9891765099647809 7.753533792270728e-18
    outer loop
      vertex -0.5881028419773638 5.971108360033181 -28.98976705087551
      vertex -1.170541932096772 5.884711682419382 -50
      vertex -0.5881028419773627 5.971108360033181 -50
    endloop
  endfacet
  facet normal 0.04906767432741841 -0.9987954562051724 0
    outer loop
      vertex 0 6 -29.009071827515793
      vertex -0.5881028419773627 5.971108360033181 -50
      vertex 0 6 -50
    endloop
  endfacet
  facet normal 0.8032075314806448 -0.5956993044924335 0
    outer loop
      vertex -4.988817673815273 3.3334213981176117 -27.22732096940527
      vertex -4.988817673815273 3.3334213981176117 -50
      vertex -4.638062720176423 3.8063597049818716 -27.543328243105694
    endloop
  endfacet
  facet normal 0.7409511253549591 -0.6715589548470182 0
    outer loop
      vertex -4.638062720176423 3.8063597049818716 -27.543328243105694
      vertex -4.638062720176423 3.8063597049818716 -50
      vertex -4.242640687119286 4.242640687119285 -27.83484187550036
    endloop
  endfacet
  facet normal 0.6715589548470184 -0.7409511253549591 2.9690598005045945e-17
    outer loop
      vertex -4.242640687119286 4.242640687119285 -27.83484187550036
      vertex -4.242640687119286 4.242640687119284 -50
      vertex -3.8063597049818756 4.6380627201764195 -28.099054430951757
    endloop
  endfacet
  facet normal 0.5956993044924332 -0.8032075314806449 0
    outer loop
      vertex -3.8063597049818756 4.6380627201764195 -28.099054430951757
      vertex -3.8063597049818756 4.6380627201764195 -50
      vertex -3.333421398117613 4.988817673815271 -28.333421398117615
    endloop
  endfacet
  facet normal 0.5141027441932224 -0.8577286100002717 0
    outer loop
      vertex -3.333421398117613 4.988817673815271 -28.333421398117615
      vertex -3.333421398117613 4.988817673815271 -50
      vertex -2.828380420955987 5.29152758609013 -28.5356856949861
    endloop
  endfacet
  facet normal 0.4275550934302824 -0.9039892931234432 0
    outer loop
      vertex -2.828380420955987 5.29152758609013 -28.5356856949861
      vertex -2.828380420955987 5.29152758609013 -50
      vertex -2.296100594190542 5.543277195067719 -28.703899405809462
    endloop
  endfacet
  facet normal 0.33688985339222083 -0.9415440651830205 -7.025189805887156e-18
    outer loop
      vertex -2.296100594190542 5.543277195067719 -28.703899405809462
      vertex -2.2961005941905426 5.543277195067719 -50
      vertex -1.7417080635267745 5.741642014393253 -28.836442540597503
    endloop
  endfacet
  facet normal 0.24298017990326284 -0.9700312531945443 -5.098617106762754e-18
    outer loop
      vertex -1.7417080635267745 5.741642014393253 -28.836442540597503
      vertex -1.741708063526775 5.741642014393253 -50
      vertex -1.170541932096772 5.884711682419382 -28.932038636506768
    endloop
  endfacet
  facet normal 0.14673047445536255 -0.9891765099647809 0
    outer loop
      vertex -1.170541932096772 5.884711682419382 -28.932038636506768
      vertex -1.170541932096772 5.884711682419382 -50
      vertex -0.5881028419773638 5.971108360033181 -28.98976705087551
    endloop
  endfacet
  facet normal 0.04906767432741832 -0.9987954562051725 2.5928347360555355e-18
    outer loop
      vertex -0.5881028419773638 5.971108360033181 -28.98976705087551
      vertex -0.5881028419773627 5.971108360033181 -50
      vertex 0 6 -29.009071827515793
    endloop
  endfacet
  facet normal 0.9987954562051723 0.04906767432741948 -1.4903025937780237e-17
    outer loop
      vertex -5.999632382367667 -0.007483028813328406 -24.995
      vertex -6 0 0
      vertex -5.971108360033181 -0.5881028419773651 -50
    endloop
  endfacet
  facet normal 0.9039892931234434 0.42755509343028186 0
    outer loop
      vertex -5.29152758609013 -2.8283804209559866 -50
      vertex -5.54327719506772 -2.296100594190539 0
      vertex -5.29152758609013 -2.8283804209559866 0
    endloop
  endfacet
  facet normal 0.8577286100002725 0.514102744193221 -4.566149629010327e-18
    outer loop
      vertex -4.988817673815272 -3.3334213981176135 -50
      vertex -5.29152758609013 -2.8283804209559866 0
      vertex -4.988817673815272 -3.333421398117613 0
    endloop
  endfacet
  facet normal 0.9700312531945439 0.24298017990326412 -2.1580975220493327e-18
    outer loop
      vertex -5.741642014393253 -1.7417080635267748 -50
      vertex -5.884711682419383 -1.1705419320967716 0
      vertex -5.741642014393253 -1.7417080635267743 0
    endloop
  endfacet
  facet normal 0.989176509964781 0.14673047445536147 0
    outer loop
      vertex -5.884711682419383 -1.1705419320967716 -50
      vertex -5.971108360033181 -0.588102841977365 0
      vertex -5.884711682419383 -1.1705419320967716 0
    endloop
  endfacet
  facet normal 0.9987954562051724 0.04906767432741822 -1.089521236062168e-19
    outer loop
      vertex -5.971108360033181 -0.5881028419773651 -50
      vertex -6 0 0
      vertex -5.971108360033181 -0.588102841977365 0
    endloop
  endfacet
  facet normal 0.9987954562051747 0.049067674327369824 0
    outer loop
      vertex -5.999632382367667 -0.007483028813328406 -24.995
      vertex -6 0 -25
      vertex -6 0 0
    endloop
  endfacet
  facet normal 0.9987954562051724 -0.04906767432741834 0
    outer loop
      vertex -6 0 -25
      vertex -5.971108360033181 0.5881028419773635 -24.11984189765673
      vertex -6 0 0
    endloop
  endfacet
  facet normal 0.9415440651830205 0.336889853392221 -2.9921829759890974e-18
    outer loop
      vertex -5.54327719506772 -2.2961005941905395 -50
      vertex -5.741642014393253 -1.7417080635267743 0
      vertex -5.54327719506772 -2.296100594190539 0
    endloop
  endfacet
  facet normal 0.989176509964781 -0.1467304744553615 0
    outer loop
      vertex -5.971108360033181 0.5881028419773635 -24.11984189765673
      vertex -5.884711682419383 1.17054193209677 -23.24816019898238
      vertex -5.971108360033181 0.5881028419773635 0
    endloop
  endfacet
  facet normal 0.970031253194544 -0.24298017990326418 0
    outer loop
      vertex -5.884711682419383 1.17054193209677 -23.24816019898238
      vertex -5.741642014393253 1.7417080635267728 -22.393349675244885
      vertex -5.884711682419383 1.17054193209677 0
    endloop
  endfacet
  facet normal 0.941544065183021 -0.33688985339221933 0
    outer loop
      vertex -5.741642014393253 1.7417080635267728 -22.393349675244885
      vertex -5.543277195067721 2.296100594190538 -21.563642619074788
      vertex -5.741642014393253 1.7417080635267728 0
    endloop
  endfacet
  facet normal 0.9039892931234434 -0.42755509343028186 0
    outer loop
      vertex -5.543277195067721 2.296100594190538 -21.563642619074788
      vertex -5.2915275860901305 2.8283804209559857 -20.76702956298703
      vertex -5.543277195067721 2.296100594190538 0
    endloop
  endfacet
  facet normal 0.8577286100002723 -0.5141027441932212 0
    outer loop
      vertex -5.2915275860901305 2.8283804209559857 -20.76702956298703
      vertex -4.988817673815273 3.3334213981176117 -20.011182326184734
      vertex -5.2915275860901305 2.8283804209559857 0
    endloop
  endfacet
  facet normal 0.9987954562051724 -0.04906767432741834 0
    outer loop
      vertex -5.971108360033181 0.5881028419773635 -24.11984189765673
      vertex -5.971108360033181 0.5881028419773635 0
      vertex -6 0 0
    endloop
  endfacet
  facet normal 0.989176509964781 -0.14673047445536147 0
    outer loop
      vertex -5.884711682419383 1.17054193209677 -23.24816019898238
      vertex -5.884711682419383 1.17054193209677 0
      vertex -5.971108360033181 0.5881028419773635 0
    endloop
  endfacet
  facet normal 0.9700312531945439 -0.24298017990326415 0
    outer loop
      vertex -5.741642014393253 1.7417080635267728 -22.393349675244885
      vertex -5.741642014393253 1.7417080635267728 0
      vertex -5.884711682419383 1.17054193209677 0
    endloop
  endfacet
  facet normal 0.941544065183021 -0.3368898533922194 0
    outer loop
      vertex -5.543277195067721 2.296100594190538 -21.563642619074788
      vertex -5.543277195067721 2.296100594190538 0
      vertex -5.741642014393253 1.7417080635267728 0
    endloop
  endfacet
  facet normal 0.9039892931234434 -0.42755509343028186 0
    outer loop
      vertex -5.2915275860901305 2.8283804209559857 -20.76702956298703
      vertex -5.2915275860901305 2.8283804209559857 0
      vertex -5.543277195067721 2.296100594190538 0
    endloop
  endfacet
  facet normal 0.8577286100002726 -0.514102744193221 1.1408995117283743e-17
    outer loop
      vertex -4.988817673815273 3.3334213981176117 -20.011182326184734
      vertex -4.988817673815273 3.333421398117612 0
      vertex -5.2915275860901305 2.8283804209559857 0
    endloop
  endfacet
  facet normal 0.595699304492432 0.8032075314806458 5.29087266880552e-18
    outer loop
      vertex -3.3334213981176117 -4.988817673815272 -50
      vertex -3.8063597049818725 -4.638062720176423 0
      vertex -3.333421398117612 -4.988817673815272 0
    endloop
  endfacet
  facet normal 0.5141027441932228 0.8577286100002715 4.566149629010343e-18
    outer loop
      vertex -2.828380420955986 -5.2915275860901305 -50
      vertex -3.333421398117612 -4.988817673815272 0
      vertex -2.8283804209559866 -5.2915275860901305 0
    endloop
  endfacet
  facet normal 0.8032075314806449 0.5956993044924335 -5.290872668805532e-18
    outer loop
      vertex -4.638062720176422 -3.8063597049818734 -50
      vertex -4.988817673815272 -3.333421398117613 0
      vertex -4.638062720176422 -3.806359704981873 0
    endloop
  endfacet
  facet normal 0.7409511253549589 0.6715589548470187 0
    outer loop
      vertex -4.242640687119285 -4.242640687119286 -50
      vertex -4.638062720176422 -3.806359704981873 0
      vertex -4.242640687119285 -4.242640687119286 0
    endloop
  endfacet
  facet normal 0.671558954847019 0.7409511253549584 0
    outer loop
      vertex -3.8063597049818725 -4.638062720176423 -50
      vertex -4.242640687119285 -4.242640687119286 0
      vertex -3.8063597049818725 -4.638062720176423 0
    endloop
  endfacet
  facet normal 0.42755509343028036 0.9039892931234441 3.7974520721764575e-18
    outer loop
      vertex -2.296100594190538 -5.54327719506772 -50
      vertex -2.8283804209559866 -5.2915275860901305 0
      vertex -2.2961005941905386 -5.54327719506772 0
    endloop
  endfacet
  facet normal 0.33688985339222055 0.9415440651830206 1.4960914879945468e-18
    outer loop
      vertex -1.7417080635267728 -5.741642014393253 -50
      vertex -2.2961005941905386 -5.54327719506772 0
      vertex -1.741708063526773 -5.741642014393253 0
    endloop
  endfacet
  facet normal 0.2429801799032637 0.9700312531945441 0
    outer loop
      vertex -1.1705419320967692 -5.884711682419383 -50
      vertex -1.741708063526773 -5.741642014393253 0
      vertex -1.1705419320967692 -5.884711682419383 0
    endloop
  endfacet
  facet normal 0.14673047445536178 0.9891765099647809 0
    outer loop
      vertex -0.5881028419773638 -5.971108360033181 -50
      vertex -1.1705419320967692 -5.884711682419383 0
      vertex -0.5881028419773638 -5.971108360033181 0
    endloop
  endfacet
  facet normal 0.04906767432741831 0.9987954562051724 0
    outer loop
      vertex 0 -6 -50
      vertex -0.5881028419773638 -5.971108360033181 0
      vertex 0 -6 0
    endloop
  endfacet
  facet normal 0.8032075314806448 -0.5956993044924335 1.3219790271668253e-17
    outer loop
      vertex -4.988817673815273 3.3334213981176117 -20.011182326184734
      vertex -4.638062720176423 3.8063597049818716 -19.30338013074642
      vertex -4.988817673815273 3.333421398117612 0
    endloop
  endfacet
  facet normal 0.7409511253549593 -0.6715589548470183 1.544973386037828e-17
    outer loop
      vertex -4.638062720176423 3.8063597049818716 -19.30338013074642
      vertex -4.242640687119286 4.242640687119285 -18.65043949873821
      vertex -4.638062720176423 3.806359704981872 0
    endloop
  endfacet
  facet normal 0.6715589548470184 -0.7409511253549591 0
    outer loop
      vertex -4.242640687119286 4.242640687119285 -18.65043949873821
      vertex -3.8063597049818756 4.6380627201764195 -18.058648605379997
      vertex -4.242640687119286 4.242640687119285 0
    endloop
  endfacet
  facet normal 0.8032075314806447 -0.5956993044924334 1.3704523852737664e-17
    outer loop
      vertex -4.638062720176423 3.8063597049818716 -19.30338013074642
      vertex -4.638062720176423 3.806359704981872 0
      vertex -4.988817673815273 3.333421398117612 0
    endloop
  endfacet
  facet normal 0.5956993044924332 -0.803207531480645 -1.4649137885182848e-17
    outer loop
      vertex -3.8063597049818756 4.6380627201764195 -18.058648605379997
      vertex -3.333421398117613 4.988817673815271 -17.533706720480627
      vertex -3.806359704981875 4.6380627201764195 0
    endloop
  endfacet
  facet normal 0.5141027441932224 -0.8577286100002717 0
    outer loop
      vertex -3.333421398117613 4.988817673815271 -17.533706720480627
      vertex -2.828380420955987 5.29152758609013 -17.080669321354108
      vertex -3.333421398117613 4.988817673815271 0
    endloop
  endfacet
  facet normal 0.42755509343028236 -0.9039892931234432 0
    outer loop
      vertex -2.828380420955987 5.29152758609013 -17.080669321354108
      vertex -2.296100594190542 5.543277195067719 -16.703899405809466
      vertex -2.828380420955987 5.29152758609013 0
    endloop
  endfacet
  facet normal 0.7409511253549589 -0.6715589548470187 0
    outer loop
      vertex -4.242640687119286 4.242640687119285 -18.65043949873821
      vertex -4.242640687119286 4.242640687119285 0
      vertex -4.638062720176423 3.806359704981872 0
    endloop
  endfacet
  facet normal 0.671558954847018 -0.7409511253549593 -1.6514640278060307e-17
    outer loop
      vertex -3.8063597049818756 4.6380627201764195 -18.058648605379997
      vertex -3.806359704981875 4.6380627201764195 0
      vertex -4.242640687119286 4.242640687119285 0
    endloop
  endfacet
  facet normal 0.5956993044924336 -0.8032075314806448 0
    outer loop
      vertex -3.333421398117613 4.988817673815271 -17.533706720480627
      vertex -3.333421398117613 4.988817673815271 0
      vertex -3.806359704981875 4.6380627201764195 0
    endloop
  endfacet
  facet normal 0.5141027441932223 -0.8577286100002716 0
    outer loop
      vertex -2.828380420955987 5.29152758609013 -17.080669321354108
      vertex -2.828380420955987 5.29152758609013 0
      vertex -3.333421398117613 4.988817673815271 0
    endloop
  endfacet
  facet normal 0.4275550934302824 -0.9039892931234431 0
    outer loop
      vertex -2.296100594190542 5.543277195067719 -16.703899405809466
      vertex -2.296100594190542 5.543277195067719 0
      vertex -2.828380420955987 5.29152758609013 0
    endloop
  endfacet
  facet normal 0.33688985339222083 -0.9415440651830206 0
    outer loop
      vertex -2.296100594190542 5.543277195067719 -16.703899405809466
      vertex -1.7417080635267745 5.741642014393253 -16.407025474096773
      vertex -2.296100594190542 5.543277195067719 0
    endloop
  endfacet
  facet normal 0.24298017990326284 -0.9700312531945443 0
    outer loop
      vertex -1.7417080635267745 5.741642014393253 -16.407025474096773
      vertex -1.170541932096772 5.884711682419382 -16.192906584466233
      vertex -1.7417080635267745 5.741642014393253 0
    endloop
  endfacet
  facet normal 0.1467304744553623 -0.9891765099647809 0
    outer loop
      vertex -1.170541932096772 5.884711682419382 -16.192906584466233
      vertex -0.5881028419773627 5.971108360033181 -16.063604818874264
      vertex -1.170541932096772 5.884711682419382 0
    endloop
  endfacet
  facet normal 0.049067674327418404 -0.9987954562051723 -3.3912725329933936e-19
    outer loop
      vertex -0.5881028419773627 5.971108360033181 -16.063604818874264
      vertex 0 6 -16.020365424007068
      vertex -0.5881028419773626 5.971108360033181 0
    endloop
  endfacet
  facet normal 0.33688985339222083 -0.9415440651830206 0
    outer loop
      vertex -1.7417080635267745 5.741642014393253 -16.407025474096773
      vertex -1.7417080635267745 5.741642014393253 0
      vertex -2.296100594190542 5.543277195067719 0
    endloop
  endfacet
  facet normal 0.2429801799032628 -0.9700312531945442 0
    outer loop
      vertex -1.170541932096772 5.884711682419382 -16.192906584466233
      vertex -1.170541932096772 5.884711682419382 0
      vertex -1.7417080635267745 5.741642014393253 0
    endloop
  endfacet
  facet normal 0.14673047445536225 -0.9891765099647808 -1.0141157790629264e-18
    outer loop
      vertex -0.5881028419773627 5.971108360033181 -16.063604818874264
      vertex -0.5881028419773626 5.971108360033181 0
      vertex -1.170541932096772 5.884711682419382 0
    endloop
  endfacet
  facet normal 0.04906767432741842 -0.9987954562051724 0
    outer loop
      vertex 0 6 -16.020365424007068
      vertex 0 6 0
      vertex -0.5881028419773626 5.971108360033181 0
    endloop
  endfacet
  facet normal -0.04906767432741825 0.9987954562051724 0
    outer loop
      vertex 0 -6 0
      vertex 0.5881028419773646 -5.971108360033181 -50
      vertex 0 -6 -50
    endloop
  endfacet
  facet normal -0.14673047445536178 0.989176509964781 0
    outer loop
      vertex 0.5881028419773646 -5.971108360033181 0
      vertex 1.17054193209677 -5.884711682419383 -50
      vertex 0.5881028419773646 -5.971108360033181 -50
    endloop
  endfacet
  facet normal -0.2429801799032636 0.9700312531945441 0
    outer loop
      vertex 1.17054193209677 -5.884711682419383 0
      vertex 1.741708063526774 -5.741642014393253 -50
      vertex 1.17054193209677 -5.884711682419383 -50
    endloop
  endfacet
  facet normal -0.33688985339222094 0.9415440651830206 -2.9921829759890966e-18
    outer loop
      vertex 1.741708063526774 -5.741642014393253 -50
      vertex 1.7417080635267737 -5.741642014393253 0
      vertex 2.296100594190539 -5.54327719506772 -50
    endloop
  endfacet
  facet normal -0.4275550934302816 0.9039892931234436 0
    outer loop
      vertex 2.296100594190539 -5.54327719506772 0
      vertex 2.828380420955987 -5.29152758609013 -50
      vertex 2.296100594190539 -5.54327719506772 -50
    endloop
  endfacet
  facet normal -0.5141027441932218 0.8577286100002721 -4.5661496290103344e-18
    outer loop
      vertex 2.8283804209559866 -5.29152758609013 0
      vertex 3.333421398117614 -4.988817673815271 -50
      vertex 2.828380420955987 -5.29152758609013 -50
    endloop
  endfacet
  facet normal -0.5956993044924341 0.8032075314806443 -5.290872668805538e-18
    outer loop
      vertex 3.333421398117614 -4.988817673815271 -50
      vertex 3.3334213981176135 -4.988817673815271 0
      vertex 3.806359704981873 -4.638062720176421 -50
    endloop
  endfacet
  facet normal -0.671558954847017 0.7409511253549604 0
    outer loop
      vertex 3.806359704981873 -4.638062720176421 0
      vertex 4.242640687119286 -4.242640687119286 -50
      vertex 3.806359704981873 -4.638062720176421 -50
    endloop
  endfacet
  facet normal -0.7409511253549595 0.6715589548470179 0
    outer loop
      vertex 4.242640687119286 -4.242640687119286 -50
      vertex 4.242640687119286 -4.242640687119286 0
      vertex 4.638062720176422 -3.806359704981873 -50
    endloop
  endfacet
  facet normal -0.8032075314806456 0.5956993044924325 4.7138256832835184e-18
    outer loop
      vertex 4.988817673815271 -3.333421398117613 -50
      vertex 4.638062720176422 -3.806359704981873 -50
      vertex 4.638062720176422 -3.8063597049818734 0
    endloop
  endfacet
  facet normal -0.4275550934302821 -0.9039892931234433 -1.7831677942075452e-17
    outer loop
      vertex 2.296100594190539 5.54327719506772 -28.703899405809462
      vertex 2.29610059419054 5.54327719506772 -50
      vertex 2.8283804209559853 5.2915275860901305 -50
    endloop
  endfacet
  facet normal -0.04906767432741859 -0.9987954562051724 0
    outer loop
      vertex 0 6 -29.009071827515793
      vertex 0 6 -50
      vertex 0.5881028419773605 5.971108360033181 -50
    endloop
  endfacet
  facet normal -0.14673047445536083 -0.9891765099647812 0
    outer loop
      vertex 0.5881028419773605 5.971108360033181 -28.98976705087551
      vertex 0.5881028419773605 5.971108360033181 -50
      vertex 1.1705419320967698 5.884711682419383 -50
    endloop
  endfacet
  facet normal -0.24298017990326423 -0.970031253194544 0
    outer loop
      vertex 1.1705419320967698 5.884711682419383 -28.93203863650677
      vertex 1.1705419320967698 5.884711682419383 -50
      vertex 1.7417080635267723 5.741642014393253 -50
    endloop
  endfacet
  facet normal -0.33688985339221944 -0.9415440651830209 0
    outer loop
      vertex 1.7417080635267723 5.741642014393253 -28.836442540597503
      vertex 1.7417080635267723 5.741642014393253 -50
      vertex 2.29610059419054 5.54327719506772 -50
    endloop
  endfacet
  facet normal -0.5141027441932213 -0.8577286100002723 1.0636607263861469e-17
    outer loop
      vertex 2.8283804209559857 5.2915275860901305 -28.535685694986096
      vertex 2.8283804209559853 5.2915275860901305 -50
      vertex 3.3334213981176113 4.988817673815273 -50
    endloop
  endfacet
  facet normal -0.5956993044924335 -0.8032075314806447 0
    outer loop
      vertex 3.3334213981176113 4.988817673815273 -28.33342139811761
      vertex 3.3334213981176113 4.988817673815273 -50
      vertex 3.8063597049818734 4.638062720176421 -50
    endloop
  endfacet
  facet normal -0.7409511253549582 -0.6715589548470193 0
    outer loop
      vertex 4.242640687119284 4.242640687119286 -27.834841875500363
      vertex 4.242640687119284 4.242640687119286 -50
      vertex 4.6380627201764195 3.8063597049818756 -50
    endloop
  endfacet
  facet normal -0.6715589548470189 -0.7409511253549587 -1.3617315502908073e-17
    outer loop
      vertex 3.806359704981873 4.638062720176421 -28.09905443095176
      vertex 3.8063597049818734 4.638062720176421 -50
      vertex 4.242640687119284 4.242640687119286 -50
    endloop
  endfacet
  facet normal -0.8032075314806449 -0.5956993044924331 0
    outer loop
      vertex 4.6380627201764195 3.8063597049818756 -27.543328243105698
      vertex 4.6380627201764195 3.8063597049818756 -50
      vertex 4.988817673815271 3.333421398117613 -50
    endloop
  endfacet
  facet normal -0.04906767432741859 -0.9987954562051723 0
    outer loop
      vertex 0 6 -29.009071827515793
      vertex 0.5881028419773605 5.971108360033181 -50
      vertex 0.5881028419773605 5.971108360033181 -28.98976705087551
    endloop
  endfacet
  facet normal -0.1467304744553608 -0.989176509964781 0
    outer loop
      vertex 0.5881028419773605 5.971108360033181 -28.98976705087551
      vertex 1.1705419320967698 5.884711682419383 -50
      vertex 1.1705419320967698 5.884711682419383 -28.93203863650677
    endloop
  endfacet
  facet normal -0.24298017990326423 -0.970031253194544 0
    outer loop
      vertex 1.1705419320967698 5.884711682419383 -28.93203863650677
      vertex 1.7417080635267723 5.741642014393253 -50
      vertex 1.7417080635267723 5.741642014393253 -28.836442540597503
    endloop
  endfacet
  facet normal -0.33688985339222 -0.9415440651830208 -1.4387547995383308e-17
    outer loop
      vertex 1.7417080635267723 5.741642014393253 -28.836442540597503
      vertex 2.29610059419054 5.54327719506772 -50
      vertex 2.296100594190539 5.54327719506772 -28.703899405809462
    endloop
  endfacet
  facet normal -0.4275550934302812 -0.9039892931234437 8.784488740331964e-18
    outer loop
      vertex 2.296100594190539 5.54327719506772 -28.703899405809462
      vertex 2.8283804209559853 5.2915275860901305 -50
      vertex 2.8283804209559857 5.2915275860901305 -28.535685694986096
    endloop
  endfacet
  facet normal -0.5141027441932217 -0.8577286100002721 0
    outer loop
      vertex 2.8283804209559857 5.2915275860901305 -28.535685694986096
      vertex 3.3334213981176113 4.988817673815273 -50
      vertex 3.3334213981176113 4.988817673815273 -28.33342139811761
    endloop
  endfacet
  facet normal -0.5956993044924339 -0.8032075314806445 -1.0761694440137237e-17
    outer loop
      vertex 3.3334213981176113 4.988817673815273 -28.33342139811761
      vertex 3.8063597049818734 4.638062720176421 -50
      vertex 3.806359704981873 4.638062720176421 -28.09905443095176
    endloop
  endfacet
  facet normal -0.6715589548470184 -0.740951125354959 0
    outer loop
      vertex 3.806359704981873 4.638062720176421 -28.09905443095176
      vertex 4.242640687119284 4.242640687119286 -50
      vertex 4.242640687119284 4.242640687119286 -27.834841875500363
    endloop
  endfacet
  facet normal -0.7409511253549582 -0.6715589548470192 0
    outer loop
      vertex 4.242640687119284 4.242640687119286 -27.834841875500363
      vertex 4.6380627201764195 3.8063597049818756 -50
      vertex 4.6380627201764195 3.8063597049818756 -27.543328243105698
    endloop
  endfacet
  facet normal -0.8032075314806449 -0.5956993044924331 0
    outer loop
      vertex 4.6380627201764195 3.8063597049818756 -27.543328243105698
      vertex 4.988817673815271 3.333421398117613 -50
      vertex 4.988817673815271 3.333421398117613 -27.22732096940527
    endloop
  endfacet
  facet normal -0.8577286100002716 0.5141027441932225 0
    outer loop
      vertex 5.2915275860901305 -2.8283804209559857 -50
      vertex 4.988817673815271 -3.333421398117613 -50
      vertex 4.988817673815271 -3.333421398117613 0
    endloop
  endfacet
  facet normal -0.9039892931234439 0.427555093430281 0
    outer loop
      vertex 5.54327719506772 -2.2961005941905386 -50
      vertex 5.2915275860901305 -2.8283804209559857 -50
      vertex 5.2915275860901305 -2.8283804209559857 0
    endloop
  endfacet
  facet normal -0.9415440651830204 0.33688985339222116 0
    outer loop
      vertex 5.741642014393253 -1.741708063526774 -50
      vertex 5.54327719506772 -2.2961005941905386 -50
      vertex 5.54327719506772 -2.2961005941905386 0
    endloop
  endfacet
  facet normal -0.9700312531945441 0.24298017990326334 0
    outer loop
      vertex 5.884711682419383 -1.1705419320967694 -50
      vertex 5.741642014393253 -1.741708063526774 -50
      vertex 5.741642014393253 -1.741708063526774 0
    endloop
  endfacet
  facet normal -0.989176509964781 0.14673047445536166 7.070738524925277e-19
    outer loop
      vertex 5.971108360033181 -0.5881028419773635 -50
      vertex 5.884711682419383 -1.1705419320967694 -50
      vertex 5.884711682419383 -1.1705419320967696 0
    endloop
  endfacet
  facet normal -0.9987954562051724 0.04906767432741834 1.1784564208208794e-19
    outer loop
      vertex 6 0 -50
      vertex 5.971108360033181 -0.5881028419773635 -50
      vertex 5.971108360033181 -0.5881028419773636 0
    endloop
  endfacet
  facet normal -0.9987954562051745 0.04906767432737653 0
    outer loop
      vertex 5.999835872442179 -0.003340893189596929 -25.005000000000003
      vertex 6 0 -25
      vertex 6 0 -50
    endloop
  endfacet
  facet normal -0.998795456205175 0.04906767432736433 -1.6337968239379418e-18
    outer loop
      vertex 5.999835872442179 -0.003340893189596929 -25.005000000000003
      vertex 6 0 -50
      vertex 5.999632382367667 -0.0074830288133284125 -24.995
    endloop
  endfacet
  facet normal -0.9987954562051724 -0.049067674327418376 0
    outer loop
      vertex 5.971108360033181 0.5881028419773631 -25.392957755908906
      vertex 6 0 -50
      vertex 6 0 -25
    endloop
  endfacet
  facet normal -0.9039892931234427 -0.42755509343028364 0
    outer loop
      vertex 5.291527586090129 2.8283804209559875 -26.88986337719199
      vertex 5.291527586090129 2.8283804209559875 -50
      vertex 5.543277195067719 2.2961005941905426 -50
    endloop
  endfacet
  facet normal -0.9415440651830205 -0.33688985339222094 -6.375626785405256e-18
    outer loop
      vertex 5.543277195067719 2.296100594190542 -26.534205367551927
      vertex 5.543277195067719 2.2961005941905426 -50
      vertex 5.741642014393253 1.7417080635267752 -50
    endloop
  endfacet
  facet normal -0.9891765099647809 -0.1467304744553623 0
    outer loop
      vertex 5.884711682419382 1.1705419320967723 -25.78213111381585
      vertex 5.884711682419382 1.1705419320967723 -50
      vertex 5.971108360033181 0.5881028419773631 -50
    endloop
  endfacet
  facet normal -0.9700312531945443 -0.24298017990326262 -2.2634637630725475e-18
    outer loop
      vertex 5.741642014393253 1.741708063526775 -26.16377212154038
      vertex 5.741642014393253 1.7417080635267752 -50
      vertex 5.884711682419382 1.1705419320967723 -50
    endloop
  endfacet
  facet normal -0.9987954562051723 -0.049067674327418376 0
    outer loop
      vertex 5.971108360033181 0.5881028419773631 -25.392957755908906
      vertex 5.971108360033181 0.5881028419773631 -50
      vertex 6 0 -50
    endloop
  endfacet
  facet normal -0.8577286100002721 -0.5141027441932217 0
    outer loop
      vertex 4.988817673815271 3.333421398117613 -27.22732096940527
      vertex 4.988817673815271 3.333421398117613 -50
      vertex 5.291527586090129 2.8283804209559875 -50
    endloop
  endfacet
  facet normal -0.9039892931234427 -0.42755509343028325 -8.035228735472419e-18
    outer loop
      vertex 5.291527586090129 2.8283804209559875 -26.88986337719199
      vertex 5.543277195067719 2.2961005941905426 -50
      vertex 5.543277195067719 2.296100594190542 -26.534205367551927
    endloop
  endfacet
  facet normal -0.9700312531945443 -0.24298017990326273 0
    outer loop
      vertex 5.741642014393253 1.741708063526775 -26.16377212154038
      vertex 5.884711682419382 1.1705419320967723 -50
      vertex 5.884711682419382 1.1705419320967723 -25.78213111381585
    endloop
  endfacet
  facet normal -0.9891765099647809 -0.1467304744553623 0
    outer loop
      vertex 5.971108360033181 0.5881028419773631 -25.392957755908906
      vertex 5.884711682419382 1.1705419320967723 -25.78213111381585
      vertex 5.971108360033181 0.5881028419773631 -50
    endloop
  endfacet
  facet normal -0.9415440651830204 -0.33688985339222105 -2.9663831714391932e-18
    outer loop
      vertex 5.543277195067719 2.296100594190542 -26.534205367551927
      vertex 5.741642014393253 1.7417080635267752 -50
      vertex 5.741642014393253 1.741708063526775 -26.16377212154038
    endloop
  endfacet
  facet normal -0.8577286100002721 -0.5141027441932217 0
    outer loop
      vertex 5.291527586090129 2.8283804209559875 -26.88986337719199
      vertex 4.988817673815271 3.333421398117613 -27.22732096940527
      vertex 5.291527586090129 2.8283804209559875 -50
    endloop
  endfacet
  facet normal -0.04906767432741825 0.9987954562051724 0
    outer loop
      vertex 0.5881028419773646 -5.971108360033181 -50
      vertex 0 -6 0
      vertex 0.5881028419773646 -5.971108360033181 0
    endloop
  endfacet
  facet normal -0.14673047445536178 0.989176509964781 0
    outer loop
      vertex 1.17054193209677 -5.884711682419383 -50
      vertex 0.5881028419773646 -5.971108360033181 0
      vertex 1.17054193209677 -5.884711682419383 0
    endloop
  endfacet
  facet normal -0.2429801799032638 0.9700312531945441 -2.1580975220493296e-18
    outer loop
      vertex 1.741708063526774 -5.741642014393253 -50
      vertex 1.17054193209677 -5.884711682419383 0
      vertex 1.7417080635267737 -5.741642014393253 0
    endloop
  endfacet
  facet normal -0.33688985339222066 0.9415440651830205 0
    outer loop
      vertex 2.296100594190539 -5.54327719506772 -50
      vertex 1.7417080635267737 -5.741642014393253 0
      vertex 2.296100594190539 -5.54327719506772 0
    endloop
  endfacet
  facet normal -0.42755509343028186 0.9039892931234434 -3.7974520721764714e-18
    outer loop
      vertex 2.828380420955987 -5.29152758609013 -50
      vertex 2.296100594190539 -5.54327719506772 0
      vertex 2.8283804209559866 -5.29152758609013 0
    endloop
  endfacet
  facet normal -0.5141027441932218 0.8577286100002721 -4.5661496290103344e-18
    outer loop
      vertex 3.333421398117614 -4.988817673815271 -50
      vertex 2.8283804209559866 -5.29152758609013 0
      vertex 3.3334213981176135 -4.988817673815271 0
    endloop
  endfacet
  facet normal -0.5956993044924338 0.8032075314806446 0
    outer loop
      vertex 3.806359704981873 -4.638062720176421 -50
      vertex 3.3334213981176135 -4.988817673815271 0
      vertex 3.806359704981873 -4.638062720176421 0
    endloop
  endfacet
  facet normal -0.671558954847017 0.7409511253549604 0
    outer loop
      vertex 4.242640687119286 -4.242640687119286 -50
      vertex 3.806359704981873 -4.638062720176421 0
      vertex 4.242640687119286 -4.242640687119286 0
    endloop
  endfacet
  facet normal -0.7409511253549592 0.6715589548470182 5.964641712514923e-18
    outer loop
      vertex 4.638062720176422 -3.806359704981873 -50
      vertex 4.242640687119286 -4.242640687119286 0
      vertex 4.638062720176422 -3.8063597049818734 0
    endloop
  endfacet
  facet normal -0.8032075314806458 0.595699304492432 0
    outer loop
      vertex 4.988817673815271 -3.333421398117613 -50
      vertex 4.638062720176422 -3.8063597049818734 0
      vertex 4.988817673815271 -3.333421398117613 0
    endloop
  endfacet
  facet normal -0.7409511253549584 -0.6715589548470193 0
    outer loop
      vertex 4.242640687119284 4.242640687119286 -18.65043949873821
      vertex 4.6380627201764195 3.8063597049818756 -19.30338013074642
      vertex 4.6380627201764195 3.8063597049818756 0
    endloop
  endfacet
  facet normal -0.8032075314806449 -0.5956993044924332 0
    outer loop
      vertex 4.6380627201764195 3.8063597049818756 -19.30338013074642
      vertex 4.988817673815271 3.333421398117613 -20.01118232618473
      vertex 4.988817673815271 3.333421398117613 0
    endloop
  endfacet
  facet normal -0.4275550934302818 -0.9039892931234434 0
    outer loop
      vertex 2.29610059419054 5.54327719506772 -16.703899405809466
      vertex 2.8283804209559857 5.2915275860901305 0
      vertex 2.29610059419054 5.54327719506772 0
    endloop
  endfacet
  facet normal -0.04906767432741859 -0.9987954562051723 0
    outer loop
      vertex 0 6 -16.020365424007068
      vertex 0.5881028419773605 5.971108360033181 -16.063604818874264
      vertex 0.5881028419773605 5.971108360033181 0
    endloop
  endfacet
  facet normal -0.14673047445536078 -0.989176509964781 0
    outer loop
      vertex 0.5881028419773605 5.971108360033181 -16.063604818874264
      vertex 1.1705419320967698 5.884711682419383 -16.19290658446623
      vertex 1.1705419320967698 5.884711682419383 0
    endloop
  endfacet
  facet normal -0.24298017990326426 -0.9700312531945439 0
    outer loop
      vertex 1.1705419320967698 5.884711682419383 -16.19290658446623
      vertex 1.7417080635267723 5.741642014393253 -16.407025474096773
      vertex 1.7417080635267723 5.741642014393253 0
    endloop
  endfacet
  facet normal -0.33688985339221944 -0.9415440651830209 0
    outer loop
      vertex 1.7417080635267723 5.741642014393253 -16.407025474096773
      vertex 2.29610059419054 5.54327719506772 -16.703899405809466
      vertex 2.29610059419054 5.54327719506772 0
    endloop
  endfacet
  facet normal -0.0490676743274186 -0.9987954562051724 0
    outer loop
      vertex 0 6 -16.020365424007068
      vertex 0.5881028419773605 5.971108360033181 0
      vertex 0 6 0
    endloop
  endfacet
  facet normal -0.1467304744553608 -0.9891765099647812 0
    outer loop
      vertex 0.5881028419773605 5.971108360033181 -16.063604818874264
      vertex 1.1705419320967698 5.884711682419383 0
      vertex 0.5881028419773605 5.971108360033181 0
    endloop
  endfacet
  facet normal -0.24298017990326423 -0.9700312531945439 0
    outer loop
      vertex 1.1705419320967698 5.884711682419383 -16.19290658446623
      vertex 1.7417080635267723 5.741642014393253 0
      vertex 1.1705419320967698 5.884711682419383 0
    endloop
  endfacet
  facet normal -0.33688985339221944 -0.9415440651830209 0
    outer loop
      vertex 1.7417080635267723 5.741642014393253 -16.407025474096773
      vertex 2.29610059419054 5.54327719506772 0
      vertex 1.7417080635267723 5.741642014393253 0
    endloop
  endfacet
  facet normal -0.42755509343028186 -0.9039892931234434 0
    outer loop
      vertex 2.29610059419054 5.54327719506772 -16.703899405809466
      vertex 2.8283804209559857 5.2915275860901305 -17.080669321354108
      vertex 2.8283804209559857 5.2915275860901305 0
    endloop
  endfacet
  facet normal -0.5141027441932217 -0.8577286100002721 0
    outer loop
      vertex 2.8283804209559857 5.2915275860901305 -17.080669321354108
      vertex 3.3334213981176113 4.988817673815273 -17.533706720480623
      vertex 3.3334213981176113 4.988817673815273 0
    endloop
  endfacet
  facet normal -0.5956993044924335 -0.8032075314806448 0
    outer loop
      vertex 3.3334213981176113 4.988817673815273 -17.533706720480623
      vertex 3.8063597049818734 4.638062720176421 -18.058648605379997
      vertex 3.8063597049818734 4.638062720176421 0
    endloop
  endfacet
  facet normal -0.6715589548470189 -0.7409511253549587 0
    outer loop
      vertex 3.8063597049818734 4.638062720176421 -18.058648605379997
      vertex 4.242640687119284 4.242640687119286 -18.65043949873821
      vertex 4.242640687119284 4.242640687119286 0
    endloop
  endfacet
  facet normal -0.8032075314806452 -0.5956993044924332 0
    outer loop
      vertex 4.6380627201764195 3.8063597049818756 -19.30338013074642
      vertex 4.988817673815271 3.333421398117613 0
      vertex 4.6380627201764195 3.8063597049818756 0
    endloop
  endfacet
  facet normal -0.5141027441932217 -0.8577286100002721 0
    outer loop
      vertex 2.8283804209559857 5.2915275860901305 -17.080669321354108
      vertex 3.3334213981176113 4.988817673815273 0
      vertex 2.8283804209559857 5.2915275860901305 0
    endloop
  endfacet
  facet normal -0.5956993044924336 -0.8032075314806447 0
    outer loop
      vertex 3.3334213981176113 4.988817673815273 -17.533706720480623
      vertex 3.8063597049818734 4.638062720176421 0
      vertex 3.3334213981176113 4.988817673815273 0
    endloop
  endfacet
  facet normal -0.7409511253549582 -0.6715589548470192 0
    outer loop
      vertex 4.242640687119284 4.242640687119286 -18.65043949873821
      vertex 4.6380627201764195 3.8063597049818756 0
      vertex 4.242640687119284 4.242640687119286 0
    endloop
  endfacet
  facet normal -0.6715589548470188 -0.7409511253549587 0
    outer loop
      vertex 3.8063597049818734 4.638062720176421 -18.058648605379997
      vertex 4.242640687119284 4.242640687119286 0
      vertex 3.8063597049818734 4.638062720176421 0
    endloop
  endfacet
  facet normal -0.9987954562051724 0.04906767432741961 1.494602516520164e-17
    outer loop
      vertex 5.999632382367667 -0.0074830288133284125 -24.995
      vertex 6 0 -50
      vertex 5.971108360033181 -0.5881028419773636 0
    endloop
  endfacet
  facet normal -0.8577286100002716 0.5141027441932225 0
    outer loop
      vertex 5.2915275860901305 -2.8283804209559857 -50
      vertex 4.988817673815271 -3.333421398117613 0
      vertex 5.2915275860901305 -2.8283804209559857 0
    endloop
  endfacet
  facet normal -0.9039892931234439 0.427555093430281 0
    outer loop
      vertex 5.54327719506772 -2.2961005941905386 -50
      vertex 5.2915275860901305 -2.8283804209559857 0
      vertex 5.54327719506772 -2.2961005941905386 0
    endloop
  endfacet
  facet normal -0.9415440651830204 0.33688985339222116 0
    outer loop
      vertex 5.741642014393253 -1.741708063526774 -50
      vertex 5.54327719506772 -2.2961005941905386 0
      vertex 5.741642014393253 -1.741708063526774 0
    endloop
  endfacet
  facet normal -0.9700312531945441 0.24298017990326343 1.0790487610246633e-18
    outer loop
      vertex 5.884711682419383 -1.1705419320967694 -50
      vertex 5.741642014393253 -1.741708063526774 0
      vertex 5.884711682419383 -1.1705419320967696 0
    endloop
  endfacet
  facet normal -0.989176509964781 0.14673047445536164 3.2580710230903175e-19
    outer loop
      vertex 5.971108360033181 -0.5881028419773635 -50
      vertex 5.884711682419383 -1.1705419320967696 0
      vertex 5.971108360033181 -0.5881028419773636 0
    endloop
  endfacet
  facet normal -0.9987954562051746 0.04906767432736977 0
    outer loop
      vertex 5.999632382367667 -0.0074830288133284125 -24.995
      vertex 6 0 0
      vertex 6 0 -25
    endloop
  endfacet
  facet normal -0.9987954562051724 -0.049067674327418376 0
    outer loop
      vertex 6 0 -25
      vertex 6 0 0
      vertex 5.971108360033181 0.5881028419773631 -24.11984189765673
    endloop
  endfacet
  facet normal -0.9987954562051724 0.04906767432741833 -1.457158181876187e-17
    outer loop
      vertex 5.999632382367667 -0.0074830288133284125 -24.995
      vertex 5.971108360033181 -0.5881028419773636 0
      vertex 6 0 0
    endloop
  endfacet
  facet normal -0.9891765099647809 -0.1467304744553623 -6.753922842684258e-19
    outer loop
      vertex 5.971108360033181 0.5881028419773631 -24.11984189765673
      vertex 5.971108360033181 0.588102841977363 0
      vertex 5.884711682419382 1.1705419320967723 -23.248160198982376
    endloop
  endfacet
  facet normal -0.9039892931234427 -0.42755509343028325 0
    outer loop
      vertex 5.291527586090129 2.8283804209559875 -20.767029562987027
      vertex 5.543277195067719 2.296100594190542 -21.563642619074784
      vertex 5.543277195067719 2.296100594190542 0
    endloop
  endfacet
  facet normal -0.9700312531945442 -0.2429801799032627 0
    outer loop
      vertex 5.741642014393253 1.741708063526775 -22.393349675244878
      vertex 5.884711682419382 1.1705419320967723 -23.248160198982376
      vertex 5.884711682419382 1.1705419320967723 0
    endloop
  endfacet
  facet normal -0.9415440651830205 -0.3368898533922211 0
    outer loop
      vertex 5.741642014393253 1.741708063526775 -22.393349675244878
      vertex 5.741642014393253 1.741708063526775 0
      vertex 5.543277195067719 2.296100594190542 -21.563642619074784
    endloop
  endfacet
  facet normal -0.857728610000272 -0.5141027441932217 0
    outer loop
      vertex 5.291527586090129 2.8283804209559875 -20.767029562987027
      vertex 5.291527586090129 2.8283804209559875 0
      vertex 4.988817673815271 3.333421398117613 -20.01118232618473
    endloop
  endfacet
  facet normal -0.9415440651830205 -0.33688985339222105 0
    outer loop
      vertex 5.543277195067719 2.296100594190542 -21.563642619074784
      vertex 5.741642014393253 1.741708063526775 0
      vertex 5.543277195067719 2.296100594190542 0
    endloop
  endfacet
  facet normal -0.9039892931234428 -0.4275550934302833 0
    outer loop
      vertex 5.291527586090129 2.8283804209559875 -20.767029562987027
      vertex 5.543277195067719 2.296100594190542 0
      vertex 5.291527586090129 2.8283804209559875 0
    endloop
  endfacet
  facet normal -0.9987954562051724 -0.04906767432741839 -2.2585579969494328e-19
    outer loop
      vertex 5.971108360033181 0.5881028419773631 -24.11984189765673
      vertex 6 0 0
      vertex 5.971108360033181 0.588102841977363 0
    endloop
  endfacet
  facet normal -0.9891765099647809 -0.14673047445536228 0
    outer loop
      vertex 5.884711682419382 1.1705419320967723 -23.248160198982376
      vertex 5.971108360033181 0.588102841977363 0
      vertex 5.884711682419382 1.1705419320967723 0
    endloop
  endfacet
  facet normal -0.9700312531945443 -0.2429801799032627 0
    outer loop
      vertex 5.741642014393253 1.741708063526775 -22.393349675244878
      vertex 5.884711682419382 1.1705419320967723 0
      vertex 5.741642014393253 1.741708063526775 0
    endloop
  endfacet
  facet normal -0.8577286100002721 -0.5141027441932217 0
    outer loop
      vertex 4.988817673815271 3.333421398117613 -20.01118232618473
      vertex 5.291527586090129 2.8283804209559875 0
      vertex 4.988817673815271 3.333421398117613 0
    endloop
  endfacet
  facet normal 1.0151943421651921e-12 0.9238795325112981 0.3826834323650625
    outer loop
      vertex -6 -0.004619397662557034 -25.001913417161827
      vertex -5.999632382367667 -0.007483028813328406 -24.995
      vertex -5.999835872442179 -0.003340893189596929 -25.005000000000003
    endloop
  endfacet
  facet normal 0.9987954562051748 -0.018777386029779446 0.04533262001897982
    outer loop
      vertex -6 -0.004619397662557034 -25.001913417161827
      vertex -5.999835872442179 -0.003340893189596929 -25.005000000000003
      vertex -6 0 -25
    endloop
  endfacet
  facet normal 0.9987954562051747 0.01877738602978144 -0.04533262001898463
    outer loop
      vertex -6 -0.004619397662557034 -25.001913417161827
      vertex -6 0 -25
      vertex -5.999632382367667 -0.007483028813328406 -24.995
    endloop
  endfacet
  facet normal 0.9700312531945441 -0.09298448924206794 0.22448441501853558
    outer loop
      vertex -5.884711682419383 1.17054193209677 -25.782131113815847
      vertex -5.741642014393253 1.7417080635267728 -26.163772121540383
      vertex -5.884711682419383 28.16433297964066 -14.600936762057731
    endloop
  endfacet
  facet normal 0.9987954562051724 0.018777386029788967 -0.04533262001903161
    outer loop
      vertex -6 0 -25
      vertex -6 27.716385975338603 -13.519497029047308
      vertex -5.971108360033181 0.5881028419773635 -24.11984189765673
    endloop
  endfacet
  facet normal 0.9987954562051724 -0.018777386029788772 0.045332620019031135
    outer loop
      vertex -5.971108360033181 0.5881028419773635 -25.392957755908906
      vertex -5.971108360033181 27.941443189490165 -14.062833207761916
      vertex -6 0 -25
    endloop
  endfacet
  facet normal 0.9891765099647809 -0.05615132159713584 0.13556128214497865
    outer loop
      vertex -5.971108360033181 0.5881028419773635 -25.392957755908906
      vertex -5.884711682419383 1.17054193209677 -25.782131113815847
      vertex -5.971108360033181 27.941443189490165 -14.062833207761916
    endloop
  endfacet
  facet normal 0.989176509964781 0.056151321597135616 -0.13556128214497806
    outer loop
      vertex -5.971108360033181 0.5881028419773635 -24.11984189765673
      vertex -5.971108360033181 27.49132876118704 -12.976160850332702
      vertex -5.884711682419383 1.17054193209677 -23.24816019898238
    endloop
  endfacet
  facet normal 0.9700312531945438 0.09298448924206829 -0.22448441501853644
    outer loop
      vertex -5.884711682419383 1.17054193209677 -23.24816019898238
      vertex -5.884711682419383 27.26843897103655 -12.438057296036886
      vertex -5.741642014393253 1.7417080635267728 -22.393349675244885
    endloop
  endfacet
  facet normal 0.9415440651830215 0.128922165425106 -0.3112456402597986
    outer loop
      vertex -5.741642014393253 1.7417080635267728 -22.393349675244885
      vertex -5.741642014393253 27.049863155410225 -11.910368597545055
      vertex -5.543277195067721 2.296100594190538 -21.563642619074788
    endloop
  endfacet
  facet normal 0.9039892931234434 0.16361825067907682 -0.39500939984118816
    outer loop
      vertex -5.543277195067721 2.296100594190538 -21.563642619074788
      vertex -5.543277195067721 26.837706318898245 -11.398176685487666
      vertex -5.2915275860901305 2.8283804209559857 -20.76702956298703
    endloop
  endfacet
  facet normal 0.42755509343028336 -0.3459417255137703 0.835177205526095
    outer loop
      vertex -2.828380420955987 5.29152758609013 -28.5356856949861
      vertex -2.296100594190542 5.543277195067719 -28.703899405809462
      vertex -2.828380420955986 29.74136591443813 -18.408231061554837
    endloop
  endfacet
  facet normal 0.3368898533922167 -0.36031331458721877 0.8698732907800669
    outer loop
      vertex -2.296100594190542 5.543277195067719 -28.703899405809462
      vertex -1.7417080635267745 5.741642014393253 -28.836442540597503
      vertex -2.2961005941905386 29.837706318898245 -18.64081737260695
    endloop
  endfacet
  facet normal 0.24298017990326326 -0.37121488947389764 0.8961920207227131
    outer loop
      vertex -1.7417080635267745 5.741642014393253 -28.836442540597503
      vertex -1.170541932096772 5.884711682419382 -28.932038636506768
      vertex -1.741708063526772 29.91361724881822 -18.824082569152107
    endloop
  endfacet
  facet normal 0.14673047445536497 -0.37854146204824246 0.9138799315974077
    outer loop
      vertex -1.170541932096772 5.884711682419382 -28.932038636506768
      vertex -0.5881028419773638 5.971108360033181 -28.98976705087551
      vertex -1.1705419320967692 29.968367640445795 -18.956261707164636
    endloop
  endfacet
  facet normal 0.049067674327416634 -0.38222247341125104 0.9227666791532321
    outer loop
      vertex -0.5881028419773638 5.971108360033181 -28.98976705087551
      vertex 0 6 -29.009071827515793
      vertex 0 30.01248656952914 -19.062774224115028
    endloop
  endfacet
  facet normal 0.9415440651830203 -0.12892216542510715 0.31124564025980134
    outer loop
      vertex -5.741642014393253 1.7417080635267728 -26.163772121540383
      vertex -5.543277195067721 2.296100594190538 -26.534205367551927
      vertex -5.7416420143932525 28.382908795266985 -15.128625460549564
    endloop
  endfacet
  facet normal 0.903989293123444 -0.16361825067907637 0.3950093998411871
    outer loop
      vertex -5.2915275860901305 2.8283804209559857 -26.889863377191986
      vertex -5.54327719506772 28.59506563177896 -15.640817372606952
      vertex -5.543277195067721 2.296100594190538 -26.534205367551927
    endloop
  endfacet
  facet normal 0.8577286100002708 -0.19673860273617463 0.4749690029680052
    outer loop
      vertex -5.2915275860901305 2.8283804209559857 -26.889863377191986
      vertex -4.988817673815273 3.3334213981176117 -27.22732096940527
      vertex -5.29152758609013 28.79876030286426 -16.132579810124202
    endloop
  endfacet
  facet normal 0.8577286100002711 0.19673860273617438 -0.4749690029680048
    outer loop
      vertex -5.2915275860901305 2.8283804209559857 -20.76702956298703
      vertex -5.2915275860901305 26.63401164781295 -10.906414247970416
      vertex -4.988817673815273 3.3334213981176117 -20.011182326184734
    endloop
  endfacet
  facet normal 0.9415440651830207 -0.12892216542510673 0.3112456402598004
    outer loop
      vertex -5.543277195067721 2.296100594190538 -26.534205367551927
      vertex -5.54327719506772 28.59506563177896 -15.640817372606952
      vertex -5.7416420143932525 28.382908795266985 -15.128625460549564
    endloop
  endfacet
  facet normal 0.9039892931234431 -0.16361825067907712 0.3950093998411889
    outer loop
      vertex -5.2915275860901305 2.8283804209559857 -26.889863377191986
      vertex -5.29152758609013 28.79876030286426 -16.132579810124202
      vertex -5.54327719506772 28.59506563177896 -15.640817372606952
    endloop
  endfacet
  facet normal 0.8577286100002715 -0.19673860273617405 0.474969002968004
    outer loop
      vertex -4.988817673815273 3.3334213981176117 -27.22732096940527
      vertex -4.98881767381527 28.99203111748949 -16.59917683200333
      vertex -5.29152758609013 28.79876030286426 -16.132579810124202
    endloop
  endfacet
  facet normal 0.9987954562051724 -0.01877738602978878 0.04533262001903116
    outer loop
      vertex -6 0 -25
      vertex -5.971108360033181 27.941443189490165 -14.062833207761916
      vertex -6 27.716385975338603 -13.519497029047308
    endloop
  endfacet
  facet normal 0.989176509964781 -0.05615132159713586 0.13556128214497865
    outer loop
      vertex -5.884711682419383 1.17054193209677 -25.782131113815847
      vertex -5.884711682419383 28.16433297964066 -14.600936762057731
      vertex -5.971108360033181 27.941443189490165 -14.062833207761916
    endloop
  endfacet
  facet normal 0.9700312531945439 -0.09298448924206829 0.22448441501853636
    outer loop
      vertex -5.741642014393253 1.7417080635267728 -26.163772121540383
      vertex -5.7416420143932525 28.382908795266985 -15.128625460549564
      vertex -5.884711682419383 28.16433297964066 -14.600936762057731
    endloop
  endfacet
  facet normal 0.9987954562051724 0.01877738602978885 -0.045332620019031315
    outer loop
      vertex -5.971108360033181 0.5881028419773635 -24.11984189765673
      vertex -6 27.716385975338603 -13.519497029047308
      vertex -5.971108360033181 27.49132876118704 -12.976160850332702
    endloop
  endfacet
  facet normal 0.9891765099647811 0.05615132159713595 -0.1355612821449789
    outer loop
      vertex -5.884711682419383 1.17054193209677 -23.24816019898238
      vertex -5.971108360033181 27.49132876118704 -12.976160850332702
      vertex -5.884711682419383 27.26843897103655 -12.438057296036886
    endloop
  endfacet
  facet normal 0.9700312531945439 0.09298448924206827 -0.22448441501853636
    outer loop
      vertex -5.741642014393253 1.7417080635267728 -22.393349675244885
      vertex -5.884711682419383 27.26843897103655 -12.438057296036886
      vertex -5.741642014393253 27.049863155410225 -11.910368597545055
    endloop
  endfacet
  facet normal 0.9415440651830214 0.128922165425106 -0.3112456402597987
    outer loop
      vertex -5.543277195067721 2.296100594190538 -21.563642619074788
      vertex -5.741642014393253 27.049863155410225 -11.910368597545055
      vertex -5.543277195067721 26.837706318898245 -11.398176685487666
    endloop
  endfacet
  facet normal 0.9039892931234433 0.1636182506790769 -0.39500939984118844
    outer loop
      vertex -5.2915275860901305 2.8283804209559857 -20.76702956298703
      vertex -5.543277195067721 26.837706318898245 -11.398176685487666
      vertex -5.2915275860901305 26.63401164781295 -10.906414247970416
    endloop
  endfacet
  facet normal 0.8577286100002728 0.19673860273617336 -0.47496900296800215
    outer loop
      vertex -4.988817673815273 3.3334213981176117 -20.011182326184734
      vertex -5.2915275860901305 26.63401164781295 -10.906414247970416
      vertex -4.988817673815273 26.440740833187718 -10.43981722609129
    endloop
  endfacet
  facet normal 0.803207531480647 -0.22796425450065988 0.550354394951765
    outer loop
      vertex -4.988817673815273 3.3334213981176117 -27.22732096940527
      vertex -4.638062720176423 3.8063597049818716 -27.543328243105694
      vertex -4.98881767381527 28.99203111748949 -16.59917683200333
    endloop
  endfacet
  facet normal 0.740951125354955 -0.2569944858763711 0.6204395732578359
    outer loop
      vertex -4.638062720176423 3.8063597049818716 -27.543328243105694
      vertex -4.242640687119286 4.242640687119285 -27.83484187550036
      vertex -4.638062720176422 29.173016772057238 -17.03611485385576
    endloop
  endfacet
  facet normal 0.6715589548470194 -0.28354971986561117 0.6845495793066507
    outer loop
      vertex -4.242640687119286 4.242640687119285 -27.83484187550036
      vertex -3.8063597049818756 4.6380627201764195 -28.099054430951757
      vertex -4.242640687119285 29.339974275777195 -17.439185923676437
    endloop
  endfacet
  facet normal 0.5956993044924367 -0.30737421504850315 0.7420669986938806
    outer loop
      vertex -3.8063597049818756 4.6380627201764195 -28.099054430951757
      vertex -3.333421398117613 4.988817673815271 -28.333421398117615
      vertex -3.8063597049818707 29.49129573662028 -17.804508246721927
    endloop
  endfacet
  facet normal 0.5141027441932219 -0.32823852851264157 0.7924379072286071
    outer loop
      vertex -3.333421398117613 4.988817673815271 -28.333421398117615
      vertex -2.828380420955987 5.29152758609013 -28.5356856949861
      vertex -3.3334213981176117 29.625523846197854 -18.128563569315805
    endloop
  endfacet
  facet normal 0.8032075314806474 0.22796425450065988 -0.5503543949517649
    outer loop
      vertex -4.988817673815273 3.3334213981176117 -20.011182326184734
      vertex -4.988817673815273 26.440740833187718 -10.43981722609129
      vertex -4.638062720176423 3.8063597049818716 -19.30338013074642
    endloop
  endfacet
  facet normal 0.7409511253549582 0.2569944858763697 -0.6204395732578326
    outer loop
      vertex -4.638062720176423 3.8063597049818716 -19.30338013074642
      vertex -4.638062720176424 26.259755178619972 -10.002879204238857
      vertex -4.242640687119286 4.242640687119285 -18.65043949873821
    endloop
  endfacet
  facet normal 0.6715589548470189 0.2835497198656114 -0.6845495793066511
    outer loop
      vertex -4.242640687119286 4.242640687119285 -18.65043949873821
      vertex -4.242640687119286 26.092797674900012 -9.59980813441818
      vertex -3.8063597049818756 4.6380627201764195 -18.058648605379997
    endloop
  endfacet
  facet normal 0.5956993044924312 0.30737421504850465 -0.7420669986938843
    outer loop
      vertex -3.8063597049818756 4.6380627201764195 -18.058648605379997
      vertex -3.8063597049818756 25.941476214056927 -9.23448581137269
      vertex -3.333421398117613 4.988817673815271 -17.533706720480627
    endloop
  endfacet
  facet normal 0.5141027441932234 0.32823852851264124 -0.7924379072286063
    outer loop
      vertex -3.333421398117613 4.988817673815271 -17.533706720480627
      vertex -3.333421398117613 25.807248104479353 -8.910430488778811
      vertex -2.828380420955987 5.29152758609013 -17.080669321354108
    endloop
  endfacet
  facet normal 0.42755509343028025 0.34594172551377084 -0.8351772055260962
    outer loop
      vertex -2.828380420955987 5.29152758609013 -17.080669321354108
      vertex -2.828380420955987 25.691406036239076 -8.630762996539781
      vertex -2.296100594190542 5.543277195067719 -16.703899405809466
    endloop
  endfacet
  facet normal 0.8032075314806445 -0.22796425450066124 0.5503543949517683
    outer loop
      vertex -4.638062720176423 3.8063597049818716 -27.543328243105694
      vertex -4.638062720176422 29.173016772057238 -17.03611485385576
      vertex -4.98881767381527 28.99203111748949 -16.59917683200333
    endloop
  endfacet
  facet normal 0.7409511253549578 -0.25699448587636986 0.6204395732578332
    outer loop
      vertex -4.242640687119286 4.242640687119285 -27.83484187550036
      vertex -4.242640687119285 29.339974275777195 -17.439185923676437
      vertex -4.638062720176422 29.173016772057238 -17.03611485385576
    endloop
  endfacet
  facet normal 0.6715589548470158 -0.2835497198656126 0.6845495793066537
    outer loop
      vertex -3.8063597049818756 4.6380627201764195 -28.099054430951757
      vertex -3.8063597049818707 29.49129573662028 -17.804508246721927
      vertex -4.242640687119285 29.339974275777195 -17.439185923676437
    endloop
  endfacet
  facet normal 0.8032075314806448 0.22796425450066113 -0.5503543949517681
    outer loop
      vertex -4.638062720176423 3.8063597049818716 -19.30338013074642
      vertex -4.988817673815273 26.440740833187718 -10.43981722609129
      vertex -4.638062720176424 26.259755178619972 -10.002879204238857
    endloop
  endfacet
  facet normal 0.7409511253549594 0.2569944858763691 -0.6204395732578313
    outer loop
      vertex -4.242640687119286 4.242640687119285 -18.65043949873821
      vertex -4.638062720176424 26.259755178619972 -10.002879204238857
      vertex -4.242640687119286 26.092797674900012 -9.59980813441818
    endloop
  endfacet
  facet normal 0.33688985339221983 0.3603133145872183 -0.8698732907800657
    outer loop
      vertex -2.296100594190542 5.543277195067719 -16.703899405809466
      vertex -2.2961005941905426 25.59506563177896 -8.398176685487666
      vertex -1.7417080635267745 5.741642014393253 -16.407025474096773
    endloop
  endfacet
  facet normal 0.24298017990326093 0.37121488947389786 -0.8961920207227136
    outer loop
      vertex -1.7417080635267745 5.741642014393253 -16.407025474096773
      vertex -1.741708063526775 25.519154701858987 -8.214911488942507
      vertex -1.170541932096772 5.884711682419382 -16.192906584466233
    endloop
  endfacet
  facet normal 0.1467304744553679 0.37854146204824257 -0.9138799315974071
    outer loop
      vertex -1.170541932096772 5.884711682419382 -16.192906584466233
      vertex -1.170541932096772 25.464404310231412 -8.082732350929982
      vertex -0.5881028419773627 5.971108360033181 -16.063604818874264
    endloop
  endfacet
  facet normal 0.04906767432741659 0.382222473411251 -0.9227666791532321
    outer loop
      vertex -0.5881028419773627 5.971108360033181 -16.063604818874264
      vertex -0.5881028419773627 25.431341733097224 -8.002912228805616
      vertex 0 6 -16.020365424007068
    endloop
  endfacet
  facet normal 0.6715589548470197 0.28354971986561117 -0.6845495793066503
    outer loop
      vertex -3.8063597049818756 4.6380627201764195 -18.058648605379997
      vertex -4.242640687119286 26.092797674900012 -9.59980813441818
      vertex -3.8063597049818756 25.941476214056927 -9.23448581137269
    endloop
  endfacet
  facet normal 0.5956993044924326 0.3073742150485044 -0.7420669986938834
    outer loop
      vertex -3.333421398117613 4.988817673815271 -17.533706720480627
      vertex -3.8063597049818756 25.941476214056927 -9.23448581137269
      vertex -3.333421398117613 25.807248104479353 -8.910430488778811
    endloop
  endfacet
  facet normal 0.5141027441932237 0.3282385285126411 -0.7924379072286062
    outer loop
      vertex -2.828380420955987 5.29152758609013 -17.080669321354108
      vertex -3.333421398117613 25.807248104479353 -8.910430488778811
      vertex -2.828380420955987 25.691406036239076 -8.630762996539781
    endloop
  endfacet
  facet normal 0.42755509343028425 0.3459417255137703 -0.8351772055260944
    outer loop
      vertex -2.296100594190542 5.543277195067719 -16.703899405809466
      vertex -2.828380420955987 25.691406036239076 -8.630762996539781
      vertex -2.2961005941905426 25.59506563177896 -8.398176685487666
    endloop
  endfacet
  facet normal 0.33688985339221755 0.36031331458721855 -0.8698732907800666
    outer loop
      vertex -1.7417080635267745 5.741642014393253 -16.407025474096773
      vertex -2.2961005941905426 25.59506563177896 -8.398176685487666
      vertex -1.741708063526775 25.519154701858987 -8.214911488942507
    endloop
  endfacet
  facet normal 0.24298017990326393 0.3712148894738977 -0.8961920207227129
    outer loop
      vertex -1.170541932096772 5.884711682419382 -16.192906584466233
      vertex -1.741708063526775 25.519154701858987 -8.214911488942507
      vertex -1.170541932096772 25.464404310231412 -8.082732350929982
    endloop
  endfacet
  facet normal 0.14673047445536194 0.3785414620482427 -0.913879931597408
    outer loop
      vertex -0.5881028419773627 5.971108360033181 -16.063604818874264
      vertex -1.170541932096772 25.464404310231412 -8.082732350929982
      vertex -0.5881028419773627 25.431341733097224 -8.002912228805616
    endloop
  endfacet
  facet normal 0.04906767432741782 0.38222247341125104 -0.9227666791532321
    outer loop
      vertex 0 6 -16.020365424007068
      vertex -0.5881028419773627 25.431341733097224 -8.002912228805616
      vertex 0 25.420285381148066 -7.976219833979587
    endloop
  endfacet
  facet normal 0.5956993044924338 -0.3073742150485041 0.7420669986938826
    outer loop
      vertex -3.333421398117613 4.988817673815271 -28.333421398117615
      vertex -3.3334213981176117 29.625523846197854 -18.128563569315805
      vertex -3.8063597049818707 29.49129573662028 -17.804508246721927
    endloop
  endfacet
  facet normal 0.5141027441932257 -0.3282385285126406 0.792437907228605
    outer loop
      vertex -2.828380420955987 5.29152758609013 -28.5356856949861
      vertex -2.828380420955986 29.74136591443813 -18.408231061554837
      vertex -3.3334213981176117 29.625523846197854 -18.128563569315805
    endloop
  endfacet
  facet normal 0.4275550934302801 -0.345941725513771 0.8351772055260963
    outer loop
      vertex -2.296100594190542 5.543277195067719 -28.703899405809462
      vertex -2.2961005941905386 29.837706318898245 -18.64081737260695
      vertex -2.828380420955986 29.74136591443813 -18.408231061554837
    endloop
  endfacet
  facet normal 0.33688985339221533 -0.3603133145872189 0.8698732907800673
    outer loop
      vertex -1.7417080635267745 5.741642014393253 -28.836442540597503
      vertex -1.741708063526772 29.91361724881822 -18.824082569152107
      vertex -2.2961005941905386 29.837706318898245 -18.64081737260695
    endloop
  endfacet
  facet normal 0.24298017990327048 -0.37121488947389686 0.8961920207227115
    outer loop
      vertex -1.170541932096772 5.884711682419382 -28.932038636506768
      vertex -1.1705419320967692 29.968367640445795 -18.956261707164636
      vertex -1.741708063526772 29.91361724881822 -18.824082569152107
    endloop
  endfacet
  facet normal 0.1467304744553616 -0.3785414620482428 0.9138799315974081
    outer loop
      vertex -0.5881028419773638 5.971108360033181 -28.98976705087551
      vertex -0.5881028419773638 30.001430217579983 -19.036081829289
      vertex -1.1705419320967692 29.968367640445795 -18.956261707164636
    endloop
  endfacet
  facet normal 0.04906767432741614 -0.3822224734112511 0.9227666791532321
    outer loop
      vertex -0.5881028419773638 5.971108360033181 -28.98976705087551
      vertex 0 30.01248656952914 -19.062774224115028
      vertex -0.5881028419773638 30.001430217579983 -19.036081829289
    endloop
  endfacet
  facet normal -1.0234703829980603e-12 0.9238795325112978 0.38268343236506297
    outer loop
      vertex 6 -0.004619397662557034 -25.001913417161827
      vertex 5.999835872442179 -0.003340893189596929 -25.005000000000003
      vertex 5.999632382367667 -0.0074830288133284125 -24.995
    endloop
  endfacet
  facet normal -0.9987954562051748 -0.018777386029779446 0.04533262001897982
    outer loop
      vertex 6 -0.004619397662557034 -25.001913417161827
      vertex 6 0 -25
      vertex 5.999835872442179 -0.003340893189596929 -25.005000000000003
    endloop
  endfacet
  facet normal -0.9987954562051745 0.01877738602978143 -0.04533262001898461
    outer loop
      vertex 6 -0.004619397662557034 -25.001913417161827
      vertex 5.999632382367667 -0.0074830288133284125 -24.995
      vertex 6 0 -25
    endloop
  endfacet
  facet normal -0.9700312531945438 -0.09298448924206842 0.22448441501853666
    outer loop
      vertex 5.741642014393253 1.741708063526775 -26.16377212154038
      vertex 5.884711682419382 1.1705419320967723 -25.78213111381585
      vertex 5.884711682419383 28.16433297964066 -14.60093676205773
    endloop
  endfacet
  facet normal -0.9987954562051724 -0.018777386029788776 0.045332620019031156
    outer loop
      vertex 5.971108360033181 0.5881028419773631 -25.392957755908906
      vertex 6 0 -25
      vertex 6 27.716385975338603 -13.519497029047308
    endloop
  endfacet
  facet normal -0.9987954562051724 0.01877738602978897 -0.04533262001903161
    outer loop
      vertex 6 0 -25
      vertex 5.971108360033181 0.5881028419773631 -24.11984189765673
      vertex 5.971108360033181 27.49132876118704 -12.976160850332702
    endloop
  endfacet
  facet normal -0.989176509964781 -0.05615132159713601 0.13556128214497903
    outer loop
      vertex 5.971108360033181 0.5881028419773631 -25.392957755908906
      vertex 5.971108360033181 27.941443189490165 -14.062833207761914
      vertex 5.884711682419382 1.1705419320967723 -25.78213111381585
    endloop
  endfacet
  facet normal -0.989176509964781 0.05615132159713595 -0.13556128214497887
    outer loop
      vertex 5.971108360033181 0.5881028419773631 -24.11984189765673
      vertex 5.884711682419382 1.1705419320967723 -23.248160198982376
      vertex 5.884711682419382 27.268438971036545 -12.438057296036884
    endloop
  endfacet
  facet normal -0.9700312531945444 0.09298448924206727 -0.22448441501853394
    outer loop
      vertex 5.741642014393253 1.741708063526775 -22.393349675244878
      vertex 5.741642014393253 27.049863155410222 -11.910368597545052
      vertex 5.884711682419382 1.1705419320967723 -23.248160198982376
    endloop
  endfacet
  facet normal -0.9415440651830197 0.12892216542510787 -0.3112456402598031
    outer loop
      vertex 5.741642014393253 1.741708063526775 -22.393349675244878
      vertex 5.543277195067719 2.296100594190542 -21.563642619074784
      vertex 5.543277195067719 26.837706318898245 -11.398176685487662
    endloop
  endfacet
  facet normal -0.9039892931234438 0.16361825067907662 -0.39500939984118766
    outer loop
      vertex 5.291527586090129 2.8283804209559875 -20.767029562987027
      vertex 5.291527586090129 26.634011647812947 -10.906414247970414
      vertex 5.543277195067719 2.296100594190542 -21.563642619074784
    endloop
  endfacet
  facet normal -0.04906767432741691 -0.3822224734112511 0.9227666791532322
    outer loop
      vertex 0 6 -29.009071827515793
      vertex 0.5881028419773605 5.971108360033181 -28.98976705087551
      vertex 0.5881028419773646 30.001430217579983 -19.036081829289
    endloop
  endfacet
  facet normal -0.1467304744553587 -0.378541462048243 0.9138799315974084
    outer loop
      vertex 0.5881028419773605 5.971108360033181 -28.98976705087551
      vertex 1.1705419320967698 5.884711682419383 -28.93203863650677
      vertex 1.17054193209677 29.968367640445795 -18.956261707164636
    endloop
  endfacet
  facet normal -0.2429801799032691 -0.37121488947389714 0.8961920207227118
    outer loop
      vertex 1.1705419320967698 5.884711682419383 -28.93203863650677
      vertex 1.7417080635267723 5.741642014393253 -28.836442540597503
      vertex 1.741708063526774 29.91361724881822 -18.824082569152107
    endloop
  endfacet
  facet normal -0.3368898533922167 -0.3603133145872187 0.8698732907800669
    outer loop
      vertex 1.7417080635267723 5.741642014393253 -28.836442540597503
      vertex 2.296100594190539 5.54327719506772 -28.703899405809462
      vertex 2.296100594190539 29.837706318898245 -18.64081737260695
    endloop
  endfacet
  facet normal -0.4275550934302867 -0.3459417255137696 0.8351772055260934
    outer loop
      vertex 2.296100594190539 5.54327719506772 -28.703899405809462
      vertex 2.8283804209559857 5.2915275860901305 -28.535685694986096
      vertex 2.8283804209559866 29.74136591443813 -18.408231061554833
    endloop
  endfacet
  facet normal -0.04906767432741678 0.38222247341125104 -0.9227666791532321
    outer loop
      vertex 0 6 -16.020365424007068
      vertex 0 25.420285381148066 -7.976219833979587
      vertex 0.5881028419773605 5.971108360033181 -16.063604818874264
    endloop
  endfacet
  facet normal -0.14673047445536305 0.3785414620482426 -0.9138799315974079
    outer loop
      vertex 0.5881028419773605 5.971108360033181 -16.063604818874264
      vertex 0.5881028419773605 25.431341733097224 -8.002912228805616
      vertex 1.1705419320967698 5.884711682419383 -16.19290658446623
    endloop
  endfacet
  facet normal -0.24298017990326562 0.37121488947389747 -0.8961920207227124
    outer loop
      vertex 1.1705419320967698 5.884711682419383 -16.19290658446623
      vertex 1.1705419320967698 25.464404310231412 -8.08273235092998
      vertex 1.7417080635267723 5.741642014393253 -16.407025474096773
    endloop
  endfacet
  facet normal -0.33688985339222033 0.36031331458721816 -0.8698732907800657
    outer loop
      vertex 1.7417080635267723 5.741642014393253 -16.407025474096773
      vertex 1.7417080635267723 25.519154701858987 -8.214911488942507
      vertex 2.29610059419054 5.54327719506772 -16.703899405809466
    endloop
  endfacet
  facet normal -0.42755509343027953 0.34594172551377106 -0.8351772055260964
    outer loop
      vertex 2.29610059419054 5.54327719506772 -16.703899405809466
      vertex 2.29610059419054 25.59506563177896 -8.398176685487666
      vertex 2.8283804209559857 5.2915275860901305 -17.080669321354108
    endloop
  endfacet
  facet normal -0.5141027441932217 -0.32823852851264146 0.7924379072286072
    outer loop
      vertex 2.8283804209559857 5.2915275860901305 -28.535685694986096
      vertex 3.3334213981176113 4.988817673815273 -28.33342139811761
      vertex 3.333421398117614 29.625523846197854 -18.128563569315805
    endloop
  endfacet
  facet normal -0.5956993044924302 -0.307374215048505 0.7420669986938851
    outer loop
      vertex 3.3334213981176113 4.988817673815273 -28.33342139811761
      vertex 3.806359704981873 4.638062720176421 -28.09905443095176
      vertex 3.806359704981873 29.49129573662028 -17.804508246721927
    endloop
  endfacet
  facet normal -0.671558954847019 -0.28354971986561134 0.684549579306651
    outer loop
      vertex 3.806359704981873 4.638062720176421 -28.09905443095176
      vertex 4.242640687119284 4.242640687119286 -27.834841875500363
      vertex 4.242640687119286 29.339974275777195 -17.439185923676437
    endloop
  endfacet
  facet normal -0.8032075314806485 -0.2279642545006593 0.5503543949517636
    outer loop
      vertex 4.6380627201764195 3.8063597049818756 -27.543328243105698
      vertex 4.988817673815271 3.333421398117613 -27.22732096940527
      vertex 4.988817673815271 28.99203111748949 -16.599176832003327
    endloop
  endfacet
  facet normal -0.7409511253549556 -0.2569944858763708 0.6204395732578352
    outer loop
      vertex 4.242640687119284 4.242640687119286 -27.834841875500363
      vertex 4.6380627201764195 3.8063597049818756 -27.543328243105698
      vertex 4.638062720176422 29.173016772057238 -17.03611485385576
    endloop
  endfacet
  facet normal -0.51410274419322 0.328238528512642 -0.7924379072286081
    outer loop
      vertex 2.8283804209559857 5.2915275860901305 -17.080669321354108
      vertex 2.8283804209559857 25.691406036239073 -8.63076299653978
      vertex 3.3334213981176113 4.988817673815273 -17.533706720480623
    endloop
  endfacet
  facet normal -0.5956993044924351 0.3073742150485036 -0.7420669986938816
    outer loop
      vertex 3.3334213981176113 4.988817673815273 -17.533706720480623
      vertex 3.3334213981176113 25.807248104479353 -8.910430488778808
      vertex 3.8063597049818734 4.638062720176421 -18.058648605379997
    endloop
  endfacet
  facet normal -0.7409511253549605 0.2569944858763687 -0.6204395732578303
    outer loop
      vertex 4.242640687119284 4.242640687119286 -18.65043949873821
      vertex 4.242640687119284 26.092797674900012 -9.599808134418177
      vertex 4.6380627201764195 3.8063597049818756 -19.30338013074642
    endloop
  endfacet
  facet normal -0.8032075314806435 0.22796425450066202 -0.55035439495177
    outer loop
      vertex 4.6380627201764195 3.8063597049818756 -19.30338013074642
      vertex 4.6380627201764195 26.25975517861997 -10.002879204238853
      vertex 4.988817673815271 3.333421398117613 -20.01118232618473
    endloop
  endfacet
  facet normal -0.6715589548470182 0.2835497198656117 -0.6845495793066516
    outer loop
      vertex 3.8063597049818734 4.638062720176421 -18.058648605379997
      vertex 3.8063597049818734 25.941476214056927 -9.23448581137269
      vertex 4.242640687119284 4.242640687119286 -18.65043949873821
    endloop
  endfacet
  facet normal -0.6715589548470179 -0.2835497198656119 0.684549579306652
    outer loop
      vertex 3.806359704981873 4.638062720176421 -28.09905443095176
      vertex 4.242640687119286 29.339974275777195 -17.439185923676437
      vertex 3.806359704981873 29.49129573662028 -17.804508246721927
    endloop
  endfacet
  facet normal -0.7409511253549569 -0.2569944858763702 0.6204395732578339
    outer loop
      vertex 4.242640687119284 4.242640687119286 -27.834841875500363
      vertex 4.638062720176422 29.173016772057238 -17.03611485385576
      vertex 4.242640687119286 29.339974275777195 -17.439185923676437
    endloop
  endfacet
  facet normal -0.8032075314806464 -0.22796425450066032 0.550354394951766
    outer loop
      vertex 4.6380627201764195 3.8063597049818756 -27.543328243105698
      vertex 4.988817673815271 28.99203111748949 -16.599176832003327
      vertex 4.638062720176422 29.173016772057238 -17.03611485385576
    endloop
  endfacet
  facet normal -0.7409511253549587 0.2569944858763696 -0.620439573257832
    outer loop
      vertex 4.6380627201764195 3.8063597049818756 -19.30338013074642
      vertex 4.242640687119284 26.092797674900012 -9.599808134418177
      vertex 4.6380627201764195 26.25975517861997 -10.002879204238853
    endloop
  endfacet
  facet normal -0.803207531480644 0.22796425450066157 -0.550354394951769
    outer loop
      vertex 4.988817673815271 3.333421398117613 -20.01118232618473
      vertex 4.6380627201764195 26.25975517861997 -10.002879204238853
      vertex 4.988817673815271 26.440740833187718 -10.439817226091288
    endloop
  endfacet
  facet normal -0.049067674327415906 0.3822224734112511 -0.9227666791532322
    outer loop
      vertex 0.5881028419773605 5.971108360033181 -16.063604818874264
      vertex 0 25.420285381148066 -7.976219833979587
      vertex 0.5881028419773605 25.431341733097224 -8.002912228805616
    endloop
  endfacet
  facet normal -0.1467304744553601 0.37854146204824296 -0.9138799315974082
    outer loop
      vertex 1.1705419320967698 5.884711682419383 -16.19290658446623
      vertex 0.5881028419773605 25.431341733097224 -8.002912228805616
      vertex 1.1705419320967698 25.464404310231412 -8.08273235092998
    endloop
  endfacet
  facet normal -0.24298017990326637 0.37121488947389736 -0.8961920207227123
    outer loop
      vertex 1.7417080635267723 5.741642014393253 -16.407025474096773
      vertex 1.1705419320967698 25.464404310231412 -8.08273235092998
      vertex 1.7417080635267723 25.519154701858987 -8.214911488942507
    endloop
  endfacet
  facet normal -0.3368898533922177 0.36031331458721866 -0.8698732907800666
    outer loop
      vertex 2.29610059419054 5.54327719506772 -16.703899405809466
      vertex 1.7417080635267723 25.519154701858987 -8.214911488942507
      vertex 2.29610059419054 25.59506563177896 -8.398176685487666
    endloop
  endfacet
  facet normal -0.4275550934302792 0.3459417255137711 -0.8351772055260965
    outer loop
      vertex 2.8283804209559857 5.2915275860901305 -17.080669321354108
      vertex 2.29610059419054 25.59506563177896 -8.398176685487666
      vertex 2.8283804209559857 25.691406036239073 -8.63076299653978
    endloop
  endfacet
  facet normal -0.5141027441932228 0.32823852851264135 -0.7924379072286066
    outer loop
      vertex 3.3334213981176113 4.988817673815273 -17.533706720480623
      vertex 2.8283804209559857 25.691406036239073 -8.63076299653978
      vertex 3.3334213981176113 25.807248104479353 -8.910430488778808
    endloop
  endfacet
  facet normal -0.5956993044924342 0.3073742150485038 -0.7420669986938822
    outer loop
      vertex 3.8063597049818734 4.638062720176421 -18.058648605379997
      vertex 3.3334213981176113 25.807248104479353 -8.910430488778808
      vertex 3.8063597049818734 25.941476214056927 -9.23448581137269
    endloop
  endfacet
  facet normal -0.6715589548470177 0.28354971986561184 -0.684549579306652
    outer loop
      vertex 4.242640687119284 4.242640687119286 -18.65043949873821
      vertex 3.8063597049818734 25.941476214056927 -9.23448581137269
      vertex 4.242640687119284 26.092797674900012 -9.599808134418177
    endloop
  endfacet
  facet normal -0.049067674327417286 -0.38222247341125104 0.9227666791532321
    outer loop
      vertex 0 6 -29.009071827515793
      vertex 0.5881028419773646 30.001430217579983 -19.036081829289
      vertex 0 30.01248656952914 -19.062774224115028
    endloop
  endfacet
  facet normal -0.14673047445536158 -0.37854146204824285 0.9138799315974081
    outer loop
      vertex 0.5881028419773605 5.971108360033181 -28.98976705087551
      vertex 1.17054193209677 29.968367640445795 -18.956261707164636
      vertex 0.5881028419773646 30.001430217579983 -19.036081829289
    endloop
  endfacet
  facet normal -0.24298017990327 -0.37121488947389697 0.8961920207227115
    outer loop
      vertex 1.1705419320967698 5.884711682419383 -28.93203863650677
      vertex 1.741708063526774 29.91361724881822 -18.824082569152107
      vertex 1.17054193209677 29.968367640445795 -18.956261707164636
    endloop
  endfacet
  facet normal -0.33688985339221617 -0.36031331458721877 0.869873290780067
    outer loop
      vertex 1.7417080635267723 5.741642014393253 -28.836442540597503
      vertex 2.296100594190539 29.837706318898245 -18.64081737260695
      vertex 1.741708063526774 29.91361724881822 -18.824082569152107
    endloop
  endfacet
  facet normal -0.4275550934302845 -0.3459417255137701 0.8351772055260944
    outer loop
      vertex 2.296100594190539 5.54327719506772 -28.703899405809462
      vertex 2.8283804209559866 29.74136591443813 -18.408231061554833
      vertex 2.296100594190539 29.837706318898245 -18.64081737260695
    endloop
  endfacet
  facet normal -0.5141027441932203 -0.3282385285126419 0.792437907228608
    outer loop
      vertex 2.8283804209559857 5.2915275860901305 -28.535685694986096
      vertex 3.333421398117614 29.625523846197854 -18.128563569315805
      vertex 2.8283804209559866 29.74136591443813 -18.408231061554833
    endloop
  endfacet
  facet normal -0.5956993044924337 -0.3073742150485039 0.7420669986938826
    outer loop
      vertex 3.3334213981176113 4.988817673815273 -28.33342139811761
      vertex 3.806359704981873 29.49129573662028 -17.804508246721927
      vertex 3.333421398117614 29.625523846197854 -18.128563569315805
    endloop
  endfacet
  facet normal -0.8577286100002692 -0.1967386027361756 0.4749690029680076
    outer loop
      vertex 5.291527586090129 2.8283804209559875 -26.88986337719199
      vertex 5.2915275860901305 28.798760302864256 -16.132579810124202
      vertex 4.988817673815271 3.333421398117613 -27.22732096940527
    endloop
  endfacet
  facet normal -0.9039892931234449 -0.16361825067907576 0.39500939984118566
    outer loop
      vertex 5.291527586090129 2.8283804209559875 -26.88986337719199
      vertex 5.543277195067719 2.296100594190542 -26.534205367551927
      vertex 5.54327719506772 28.59506563177896 -15.64081737260695
    endloop
  endfacet
  facet normal -0.94154406518302 -0.12892216542510737 0.3112456402598019
    outer loop
      vertex 5.543277195067719 2.296100594190542 -26.534205367551927
      vertex 5.741642014393253 1.741708063526775 -26.16377212154038
      vertex 5.741642014393253 28.382908795266985 -15.12862546054956
    endloop
  endfacet
  facet normal -0.8577286100002711 0.19673860273617438 -0.47496900296800465
    outer loop
      vertex 5.291527586090129 2.8283804209559875 -20.767029562987027
      vertex 4.988817673815271 3.333421398117613 -20.01118232618473
      vertex 4.988817673815271 26.440740833187718 -10.439817226091288
    endloop
  endfacet
  facet normal -0.9415440651830201 -0.12892216542510718 0.31124564025980156
    outer loop
      vertex 5.543277195067719 2.296100594190542 -26.534205367551927
      vertex 5.741642014393253 28.382908795266985 -15.12862546054956
      vertex 5.54327719506772 28.59506563177896 -15.64081737260695
    endloop
  endfacet
  facet normal -0.8577286100002698 -0.19673860273617522 0.47496900296800687
    outer loop
      vertex 4.988817673815271 3.333421398117613 -27.22732096940527
      vertex 5.2915275860901305 28.798760302864256 -16.132579810124202
      vertex 4.988817673815271 28.99203111748949 -16.599176832003327
    endloop
  endfacet
  facet normal -0.9039892931234444 -0.16361825067907615 0.3950093998411865
    outer loop
      vertex 5.291527586090129 2.8283804209559875 -26.88986337719199
      vertex 5.54327719506772 28.59506563177896 -15.64081737260695
      vertex 5.2915275860901305 28.798760302864256 -16.132579810124202
    endloop
  endfacet
  facet normal -0.9700312531945445 0.09298448924206736 -0.2244844150185342
    outer loop
      vertex 5.884711682419382 1.1705419320967723 -23.248160198982376
      vertex 5.741642014393253 27.049863155410222 -11.910368597545052
      vertex 5.884711682419382 27.268438971036545 -12.438057296036884
    endloop
  endfacet
  facet normal -0.9987954562051724 0.01877738602978884 -0.04533262001903131
    outer loop
      vertex 6 0 -25
      vertex 5.971108360033181 27.49132876118704 -12.976160850332702
      vertex 6 27.716385975338603 -13.519497029047308
    endloop
  endfacet
  facet normal -0.9891765099647808 0.056151321597136344 -0.1355612821449798
    outer loop
      vertex 5.971108360033181 0.5881028419773631 -24.11984189765673
      vertex 5.884711682419382 27.268438971036545 -12.438057296036884
      vertex 5.971108360033181 27.49132876118704 -12.976160850332702
    endloop
  endfacet
  facet normal -0.9415440651830199 0.12892216542510765 -0.3112456402598026
    outer loop
      vertex 5.741642014393253 1.741708063526775 -22.393349675244878
      vertex 5.543277195067719 26.837706318898245 -11.398176685487662
      vertex 5.741642014393253 27.049863155410222 -11.910368597545052
    endloop
  endfacet
  facet normal -0.9891765099647808 -0.056151321597136025 0.1355612821449791
    outer loop
      vertex 5.884711682419382 1.1705419320967723 -25.78213111381585
      vertex 5.971108360033181 27.941443189490165 -14.062833207761914
      vertex 5.884711682419383 28.16433297964066 -14.60093676205773
    endloop
  endfacet
  facet normal -0.9700312531945442 -0.09298448924206773 0.22448441501853506
    outer loop
      vertex 5.741642014393253 1.741708063526775 -26.16377212154038
      vertex 5.884711682419383 28.16433297964066 -14.60093676205773
      vertex 5.741642014393253 28.382908795266985 -15.12862546054956
    endloop
  endfacet
  facet normal -0.9987954562051724 -0.018777386029788824 0.04533262001903126
    outer loop
      vertex 5.971108360033181 0.5881028419773631 -25.392957755908906
      vertex 6 27.716385975338603 -13.519497029047308
      vertex 5.971108360033181 27.941443189490165 -14.062833207761914
    endloop
  endfacet
  facet normal -0.9039892931234429 0.16361825067907732 -0.39500939984118927
    outer loop
      vertex 5.543277195067719 2.296100594190542 -21.563642619074784
      vertex 5.291527586090129 26.634011647812947 -10.906414247970414
      vertex 5.543277195067719 26.837706318898245 -11.398176685487662
    endloop
  endfacet
  facet normal -0.8577286100002719 0.19673860273617394 -0.47496900296800365
    outer loop
      vertex 5.291527586090129 2.8283804209559875 -20.767029562987027
      vertex 4.988817673815271 26.440740833187718 -10.439817226091288
      vertex 5.291527586090129 26.634011647812947 -10.906414247970414
    endloop
  endfacet
endsolid OpenSCAD_Model
