solid OpenSCAD_Model
  facet normal 0 0 -1
    outer loop
      vertex -1.1077823315410948 -2.072514971218634 -4
      vertex -1.3055900475960653 -1.953953588910981 -4
      vertex -0.7777983262274433 -1.1640574572235634 -4
    endloop
  endfacet
  facet normal 0 0 -1
    outer loop
      vertex -1.3055900475960653 -1.953953588910981 -4
      vertex -1.490824217784567 -1.8165745654024315 -4
      vertex -0.8881505978291038 -1.0822146347078316 -4
    endloop
  endfacet
  facet normal 0 0 -1
    outer loop
      vertex -1.953953588910981 -1.3055900475960647 -4
      vertex -1.1640574572235634 -0.7777983262274429 -4
      vertex -1.8165745654024317 -1.4908242177845665 -4
    endloop
  endfacet
  facet normal 0 0 -1
    outer loop
      vertex -1.953953588910981 -1.3055900475960647 -4
      vertex -2.072514971218634 -1.1077823315410942 -4
      vertex -1.234689770087697 -0.6599554315563967 -4
    endloop
  endfacet
  facet normal 0 0 -1
    outer loop
      vertex -2.072514971218634 -1.1077823315410942 -4
      vertex -2.1711169014015237 -0.8993060660579607 -4
      vertex -1.2934313455158013 -0.5357568053111256 -4
    endloop
  endfacet
  facet normal 0 0 -1
    outer loop
      vertex -1.6617009357883865 -1.6617009357883865 -4
      vertex -1.8165745654024317 -1.4908242177845665 -4
      vertex -1.0822146347078316 -0.8881505978291035 -4
    endloop
  endfacet
  facet normal 0 0 -1
    outer loop
      vertex -1.6617009357883865 -1.6617009357883865 -4
      vertex -0.9899494936611666 -0.9899494936611666 -4
      vertex -1.490824217784567 -1.8165745654024315 -4
    endloop
  endfacet
  facet normal 0 0 -1
    outer loop
      vertex -1.6617009357883865 -1.6617009357883865 -4
      vertex -1.0822146347078316 -0.8881505978291035 -4
      vertex -0.9899494936611666 -0.9899494936611666 -4
    endloop
  endfacet
  facet normal 0 0 -1
    outer loop
      vertex -1.490824217784567 -1.8165745654024315 -4
      vertex -0.9899494936611666 -0.9899494936611666 -4
      vertex -0.8881505978291038 -1.0822146347078316 -4
    endloop
  endfacet
  facet normal 0 0 -1
    outer loop
      vertex -1.8165745654024317 -1.4908242177845665 -4
      vertex -1.1640574572235634 -0.7777983262274429 -4
      vertex -1.0822146347078316 -0.8881505978291035 -4
    endloop
  endfacet
  facet normal 0 0 -1
    outer loop
      vertex -2.072514971218634 -1.1077823315410942 -4
      vertex -1.2934313455158013 -0.5357568053111256 -4
      vertex -1.234689770087697 -0.6599554315563967 -4
    endloop
  endfacet
  facet normal 0 0 -1
    outer loop
      vertex -1.953953588910981 -1.3055900475960647 -4
      vertex -1.234689770087697 -0.6599554315563967 -4
      vertex -1.1640574572235634 -0.7777983262274429 -4
    endloop
  endfacet
  facet normal 0 0 -1
    outer loop
      vertex -2.304845408947591 -0.45846225673790114 -4
      vertex -1.3730993925645225 -0.2731264508225794 -4
      vertex -2.2488097889706906 -0.6821689915479863 -4
    endloop
  endfacet
  facet normal 0 0 -1
    outer loop
      vertex -2.1711169014015237 -0.8993060660579607 -4
      vertex -2.2488097889706906 -0.6821689915479863 -4
      vertex -1.3397164700250923 -0.4063985481562472 -4
    endloop
  endfacet
  facet normal 0 0 -1
    outer loop
      vertex -2.2488097889706906 -0.6821689915479863 -4
      vertex -1.3730993925645225 -0.2731264508225794 -4
      vertex -1.3397164700250923 -0.4063985481562472 -4
    endloop
  endfacet
  facet normal 0 0 -1
    outer loop
      vertex -2.304845408947591 -0.45846225673790114 -4
      vertex -2.3386841076796623 -0.23034027977446725 -4
      vertex -1.3932586173410757 -0.13722399646138478 -4
    endloop
  endfacet
  facet normal 0 0 -1
    outer loop
      vertex -2.3386841076796623 -0.23034027977446725 -4
      vertex -2.3499999999999996 1.43895998899814e-16 -4
      vertex -1.4 8.572527594031472e-17 -4
    endloop
  endfacet
  facet normal 0 0 -1
    outer loop
      vertex -2.304845408947591 -0.45846225673790114 -4
      vertex -1.3932586173410757 -0.13722399646138478 -4
      vertex -1.3730993925645225 -0.2731264508225794 -4
    endloop
  endfacet
  facet normal 0 0 -1
    outer loop
      vertex -2.3386841076796623 -0.23034027977446725 -4
      vertex -1.4 8.572527594031472e-17 -4
      vertex -1.3932586173410757 -0.13722399646138478 -4
    endloop
  endfacet
  facet normal 0 0 -1
    outer loop
      vertex -2.1711169014015237 -0.8993060660579607 -4
      vertex -1.3397164700250923 -0.4063985481562472 -4
      vertex -1.2934313455158013 -0.5357568053111256 -4
    endloop
  endfacet
  facet normal 0 0 -1
    outer loop
      vertex -0.899306066057961 -2.1711169014015237 -4
      vertex -0.5357568053111257 -1.2934313455158013 -4
      vertex -0.6821689915479865 -2.2488097889706906 -4
    endloop
  endfacet
  facet normal 0 0 -1
    outer loop
      vertex -0.4584622567379017 -2.304845408947591 -4
      vertex -0.6821689915479865 -2.2488097889706906 -4
      vertex -0.4063985481562473 -1.3397164700250925 -4
    endloop
  endfacet
  facet normal 0 0 -1
    outer loop
      vertex -1.1077823315410948 -2.072514971218634 -4
      vertex -0.6599554315563969 -1.2346897700876969 -4
      vertex -0.899306066057961 -2.1711169014015237 -4
    endloop
  endfacet
  facet normal 0 0 -1
    outer loop
      vertex -0.899306066057961 -2.1711169014015237 -4
      vertex -0.6599554315563969 -1.2346897700876969 -4
      vertex -0.5357568053111257 -1.2934313455158013 -4
    endloop
  endfacet
  facet normal 0 0 -1
    outer loop
      vertex -0.6821689915479865 -2.2488097889706906 -4
      vertex -0.5357568053111257 -1.2934313455158013 -4
      vertex -0.4063985481562473 -1.3397164700250925 -4
    endloop
  endfacet
  facet normal 0 0 -1
    outer loop
      vertex -0.4584622567379017 -2.304845408947591 -4
      vertex -0.4063985481562473 -1.3397164700250925 -4
      vertex -0.27312645082257975 -1.3730993925645225 -4
    endloop
  endfacet
  facet normal 0 0 -1
    outer loop
      vertex -0.4584622567379017 -2.304845408947591 -4
      vertex -0.27312645082257975 -1.3730993925645225 -4
      vertex -0.23034027977446792 -2.3386841076796623 -4
    endloop
  endfacet
  facet normal 0 0 -1
    outer loop
      vertex -0.23034027977446792 -2.3386841076796623 -4
      vertex -0.13722399646138514 -1.3932586173410755 -4
      vertex -1.4389599889981394e-16 -2.3499999999999996 -4
    endloop
  endfacet
  facet normal 0 0 -1
    outer loop
      vertex -1.4389599889981394e-16 -2.3499999999999996 -4
      vertex -8.57252759403147e-17 -1.4 -4
      vertex 0.23034027977446733 -2.3386841076796623 -4
    endloop
  endfacet
  facet normal 0 0 -1
    outer loop
      vertex -0.23034027977446792 -2.3386841076796623 -4
      vertex -0.27312645082257975 -1.3730993925645225 -4
      vertex -0.13722399646138514 -1.3932586173410755 -4
    endloop
  endfacet
  facet normal 0 0 -1
    outer loop
      vertex -1.4389599889981394e-16 -2.3499999999999996 -4
      vertex -0.13722399646138514 -1.3932586173410755 -4
      vertex -8.57252759403147e-17 -1.4 -4
    endloop
  endfacet
  facet normal 0 0 -1
    outer loop
      vertex 0.23034027977446733 -2.3386841076796623 -4
      vertex -8.57252759403147e-17 -1.4 -4
      vertex 0.13722399646138483 -1.3932586173410757 -4
    endloop
  endfacet
  facet normal 0 0 -1
    outer loop
      vertex 0.23034027977446733 -2.3386841076796623 -4
      vertex 0.13722399646138483 -1.3932586173410757 -4
      vertex 0.45846225673790103 -2.304845408947591 -4
    endloop
  endfacet
  facet normal 0 0 -1
    outer loop
      vertex 0.45846225673790103 -2.304845408947591 -4
      vertex 0.27312645082257936 -1.3730993925645225 -4
      vertex 0.6821689915479858 -2.2488097889706906 -4
    endloop
  endfacet
  facet normal 0 0 -1
    outer loop
      vertex 0.6821689915479858 -2.2488097889706906 -4
      vertex 0.406398548156247 -1.3397164700250925 -4
      vertex 0.8993060660579606 -2.1711169014015237 -4
    endloop
  endfacet
  facet normal 0 0 -1
    outer loop
      vertex 0.45846225673790103 -2.304845408947591 -4
      vertex 0.13722399646138483 -1.3932586173410757 -4
      vertex 0.27312645082257936 -1.3730993925645225 -4
    endloop
  endfacet
  facet normal 0 0 -1
    outer loop
      vertex 0.6821689915479858 -2.2488097889706906 -4
      vertex 0.27312645082257936 -1.3730993925645225 -4
      vertex 0.406398548156247 -1.3397164700250925 -4
    endloop
  endfacet
  facet normal 0 0 -1
    outer loop
      vertex 0.8993060660579606 -2.1711169014015237 -4
      vertex 0.5357568053111255 -1.2934313455158013 -4
      vertex 1.1077823315410942 -2.072514971218634 -4
    endloop
  endfacet
  facet normal 0 0 -1
    outer loop
      vertex 0.8993060660579606 -2.1711169014015237 -4
      vertex 0.406398548156247 -1.3397164700250925 -4
      vertex 0.5357568053111255 -1.2934313455158013 -4
    endloop
  endfacet
  facet normal 0 0 -1
    outer loop
      vertex 1.1077823315410942 -2.072514971218634 -4
      vertex 0.5357568053111255 -1.2934313455158013 -4
      vertex 0.6599554315563967 -1.234689770087697 -4
    endloop
  endfacet
  facet normal 0 0 -1
    outer loop
      vertex 1.1077823315410942 -2.072514971218634 -4
      vertex 0.6599554315563967 -1.234689770087697 -4
      vertex 1.3055900475960642 -1.9539535889109814 -4
    endloop
  endfacet
  facet normal 0 0 -1
    outer loop
      vertex 1.3055900475960642 -1.9539535889109814 -4
      vertex 0.7777983262274426 -1.1640574572235634 -4
      vertex 1.490824217784566 -1.816574565402432 -4
    endloop
  endfacet
  facet normal 0 0 -1
    outer loop
      vertex 1.490824217784566 -1.816574565402432 -4
      vertex 0.8881505978291033 -1.0822146347078319 -4
      vertex 1.6617009357883863 -1.6617009357883865 -4
    endloop
  endfacet
  facet normal 0 0 -1
    outer loop
      vertex -1.1077823315410948 -2.072514971218634 -4
      vertex -0.7777983262274433 -1.1640574572235634 -4
      vertex -0.6599554315563969 -1.2346897700876969 -4
    endloop
  endfacet
  facet normal 0 0 -1
    outer loop
      vertex -1.3055900475960653 -1.953953588910981 -4
      vertex -0.8881505978291038 -1.0822146347078316 -4
      vertex -0.7777983262274433 -1.1640574572235634 -4
    endloop
  endfacet
  facet normal 0 0 -1
    outer loop
      vertex 1.3055900475960642 -1.9539535889109814 -4
      vertex 0.6599554315563967 -1.234689770087697 -4
      vertex 0.7777983262274426 -1.1640574572235634 -4
    endloop
  endfacet
  facet normal 0 0 -1
    outer loop
      vertex 1.490824217784566 -1.816574565402432 -4
      vertex 0.7777983262274426 -1.1640574572235634 -4
      vertex 0.8881505978291033 -1.0822146347078319 -4
    endloop
  endfacet
  facet normal 0 0 -1
    outer loop
      vertex 1.6617009357883863 -1.6617009357883865 -4
      vertex 0.8881505978291033 -1.0822146347078319 -4
      vertex 0.9899494936611664 -0.9899494936611665 -4
    endloop
  endfacet
  facet normal 0 0 -1
    outer loop
      vertex 1.6617009357883863 -1.6617009357883865 -4
      vertex 0.9899494936611664 -0.9899494936611665 -4
      vertex 1.8165745654024317 -1.490824217784567 -4
    endloop
  endfacet
  facet normal 0 0 -1
    outer loop
      vertex 1.8165745654024317 -1.490824217784567 -4
      vertex 0.9899494936611664 -0.9899494936611665 -4
      vertex 1.0822146347078316 -0.8881505978291038 -4
    endloop
  endfacet
  facet normal 0 0 -1
    outer loop
      vertex 1.9539535889109814 -1.3055900475960651 -4
      vertex 1.0822146347078316 -0.8881505978291038 -4
      vertex 1.1640574572235634 -0.777798326227443 -4
    endloop
  endfacet
  facet normal 0 0 -1
    outer loop
      vertex 2.072514971218634 -1.1077823315410948 -4
      vertex 1.1640574572235634 -0.777798326227443 -4
      vertex 1.2346897700876969 -0.6599554315563969 -4
    endloop
  endfacet
  facet normal 0 0 -1
    outer loop
      vertex 1.8165745654024317 -1.490824217784567 -4
      vertex 1.0822146347078316 -0.8881505978291038 -4
      vertex 1.9539535889109814 -1.3055900475960651 -4
    endloop
  endfacet
  facet normal 0 0 -1
    outer loop
      vertex 1.9539535889109814 -1.3055900475960651 -4
      vertex 1.1640574572235634 -0.777798326227443 -4
      vertex 2.072514971218634 -1.1077823315410948 -4
    endloop
  endfacet
  facet normal 0 0 -1
    outer loop
      vertex 2.072514971218634 -1.1077823315410948 -4
      vertex 1.2346897700876969 -0.6599554315563969 -4
      vertex 2.1711169014015237 -0.8993060660579613 -4
    endloop
  endfacet
  facet normal 0 0 -1
    outer loop
      vertex 2.1711169014015237 -0.8993060660579613 -4
      vertex 1.2346897700876969 -0.6599554315563969 -4
      vertex 1.2934313455158013 -0.5357568053111259 -4
    endloop
  endfacet
  facet normal 0 0 -1
    outer loop
      vertex 2.2488097889706906 -0.6821689915479866 -4
      vertex 1.2934313455158013 -0.5357568053111259 -4
      vertex 1.3397164700250923 -0.4063985481562474 -4
    endloop
  endfacet
  facet normal 0 0 -1
    outer loop
      vertex 2.304845408947591 -0.4584622567379023 -4
      vertex 1.3397164700250923 -0.4063985481562474 -4
      vertex 1.3730993925645225 -0.27312645082258014 -4
    endloop
  endfacet
  facet normal 0 0 -1
    outer loop
      vertex 2.1711169014015237 -0.8993060660579613 -4
      vertex 1.2934313455158013 -0.5357568053111259 -4
      vertex 2.2488097889706906 -0.6821689915479866 -4
    endloop
  endfacet
  facet normal 0 0 -1
    outer loop
      vertex 2.2488097889706906 -0.6821689915479866 -4
      vertex 1.3397164700250923 -0.4063985481562474 -4
      vertex 2.304845408947591 -0.4584622567379023 -4
    endloop
  endfacet
  facet normal 0 0 -1
    outer loop
      vertex 2.3386841076796623 -0.23034027977446805 -4
      vertex 1.3730993925645225 -0.27312645082258014 -4
      vertex 1.3932586173410755 -0.13722399646138522 -4
    endloop
  endfacet
  facet normal 0 0 -1
    outer loop
      vertex 2.3499999999999996 -1.43895998899814e-16 -4
      vertex 1.3932586173410755 -0.13722399646138522 -4
      vertex 1.4 -8.572527594031472e-17 -4
    endloop
  endfacet
  facet normal 0 0 -1
    outer loop
      vertex 2.304845408947591 -0.4584622567379023 -4
      vertex 1.3730993925645225 -0.27312645082258014 -4
      vertex 2.3386841076796623 -0.23034027977446805 -4
    endloop
  endfacet
  facet normal 0 0 -1
    outer loop
      vertex 2.3386841076796623 -0.23034027977446805 -4
      vertex 1.3932586173410755 -0.13722399646138522 -4
      vertex 2.3499999999999996 -1.43895998899814e-16 -4
    endloop
  endfacet
  facet normal 0 0 -1
    outer loop
      vertex -2.3499999999999996 1.43895998899814e-16 -4
      vertex -2.3386841076796623 0.2303402797744673 -4
      vertex -1.3932586173410757 0.13722399646138478 -4
    endloop
  endfacet
  facet normal 0 0 -1
    outer loop
      vertex -2.3386841076796623 0.2303402797744673 -4
      vertex -2.3048454089475907 0.4584622567379026 -4
      vertex -1.3730993925645223 0.2731264508225803 -4
    endloop
  endfacet
  facet normal 0 0 -1
    outer loop
      vertex -2.3499999999999996 1.43895998899814e-16 -4
      vertex -1.3932586173410757 0.13722399646138478 -4
      vertex -1.4 8.572527594031472e-17 -4
    endloop
  endfacet
  facet normal 0 0 -1
    outer loop
      vertex -2.3386841076796623 0.2303402797744673 -4
      vertex -1.3730993925645223 0.2731264508225803 -4
      vertex -1.3932586173410757 0.13722399646138478 -4
    endloop
  endfacet
  facet normal 0 0 -1
    outer loop
      vertex -2.3048454089475907 0.4584622567379026 -4
      vertex -2.2488097889706906 0.6821689915479868 -4
      vertex -1.3397164700250923 0.4063985481562475 -4
    endloop
  endfacet
  facet normal 0 0 -1
    outer loop
      vertex -2.3048454089475907 0.4584622567379026 -4
      vertex -1.3397164700250923 0.4063985481562475 -4
      vertex -1.3730993925645223 0.2731264508225803 -4
    endloop
  endfacet
  facet normal 0 0 -1
    outer loop
      vertex -2.2488097889706906 0.6821689915479868 -4
      vertex -1.293431345515801 0.5357568053111266 -4
      vertex -1.3397164700250923 0.4063985481562475 -4
    endloop
  endfacet
  facet normal 0 0 -1
    outer loop
      vertex -2.2488097889706906 0.6821689915479868 -4
      vertex -2.171116901401523 0.8993060660579624 -4
      vertex -1.293431345515801 0.5357568053111266 -4
    endloop
  endfacet
  facet normal 0 0 -1
    outer loop
      vertex -2.171116901401523 0.8993060660579624 -4
      vertex -1.2346897700876966 0.6599554315563971 -4
      vertex -1.293431345515801 0.5357568053111266 -4
    endloop
  endfacet
  facet normal 0 0 -1
    outer loop
      vertex -2.171116901401523 0.8993060660579624 -4
      vertex -2.0725149712186335 1.107782331541095 -4
      vertex -1.2346897700876966 0.6599554315563971 -4
    endloop
  endfacet
  facet normal 0 0 -1
    outer loop
      vertex -2.0725149712186335 1.107782331541095 -4
      vertex -1.953953588910981 1.3055900475960651 -4
      vertex -1.1640574572235634 0.7777983262274432 -4
    endloop
  endfacet
  facet normal 0 0 -1
    outer loop
      vertex -2.0725149712186335 1.107782331541095 -4
      vertex -1.1640574572235634 0.7777983262274432 -4
      vertex -1.2346897700876966 0.6599554315563971 -4
    endloop
  endfacet
  facet normal 0 0 -1
    outer loop
      vertex -1.953953588910981 1.3055900475960651 -4
      vertex -1.0822146347078312 0.8881505978291043 -4
      vertex -1.1640574572235634 0.7777983262274432 -4
    endloop
  endfacet
  facet normal 0 0 -1
    outer loop
      vertex -1.8165745654024306 1.4908242177845679 -4
      vertex -0.9899494936611662 0.9899494936611666 -4
      vertex -1.0822146347078312 0.8881505978291043 -4
    endloop
  endfacet
  facet normal 0 0 -1
    outer loop
      vertex -1.953953588910981 1.3055900475960651 -4
      vertex -1.8165745654024306 1.4908242177845679 -4
      vertex -1.0822146347078312 0.8881505978291043 -4
    endloop
  endfacet
  facet normal 0 0 -1
    outer loop
      vertex -1.8165745654024306 1.4908242177845679 -4
      vertex -1.661700935788386 1.6617009357883867 -4
      vertex -0.9899494936611662 0.9899494936611666 -4
    endloop
  endfacet
  facet normal 0 0 -1
    outer loop
      vertex -1.661700935788386 1.6617009357883867 -4
      vertex -0.8881505978291037 1.0822146347078316 -4
      vertex -0.9899494936611662 0.9899494936611666 -4
    endloop
  endfacet
  facet normal 0 0 -1
    outer loop
      vertex -1.4908242177845668 1.8165745654024315 -4
      vertex -0.7777983262274424 1.1640574572235636 -4
      vertex -0.8881505978291037 1.0822146347078316 -4
    endloop
  endfacet
  facet normal 0 0 -1
    outer loop
      vertex -1.661700935788386 1.6617009357883867 -4
      vertex -1.4908242177845668 1.8165745654024315 -4
      vertex -0.8881505978291037 1.0822146347078316 -4
    endloop
  endfacet
  facet normal 0 0 -1
    outer loop
      vertex -1.4908242177845668 1.8165745654024315 -4
      vertex -1.305590047596064 1.9539535889109816 -4
      vertex -0.7777983262274424 1.1640574572235636 -4
    endloop
  endfacet
  facet normal 0 0 -1
    outer loop
      vertex -1.305590047596064 1.9539535889109816 -4
      vertex -1.107782331541094 2.072514971218634 -4
      vertex -0.6599554315563965 1.234689770087697 -4
    endloop
  endfacet
  facet normal 0 0 -1
    outer loop
      vertex -1.305590047596064 1.9539535889109816 -4
      vertex -0.6599554315563965 1.234689770087697 -4
      vertex -0.7777983262274424 1.1640574572235636 -4
    endloop
  endfacet
  facet normal 0 0 -1
    outer loop
      vertex 1.107782331541095 2.072514971218634 -4
      vertex 0.7777983262274432 1.1640574572235634 -4
      vertex 0.659955431556397 1.2346897700876969 -4
    endloop
  endfacet
  facet normal 0 0 -1
    outer loop
      vertex 1.9539535889109816 1.3055900475960642 -4
      vertex 1.234689770087697 0.6599554315563967 -4
      vertex 1.1640574572235636 0.7777983262274426 -4
    endloop
  endfacet
  facet normal 0 0 -1
    outer loop
      vertex 1.816574565402432 1.4908242177845659 -4
      vertex 1.1640574572235636 0.7777983262274426 -4
      vertex 1.0822146347078319 0.8881505978291032 -4
    endloop
  endfacet
  facet normal 0 0 -1
    outer loop
      vertex 1.4908242177845679 1.8165745654024308 -4
      vertex 0.9899494936611666 0.9899494936611664 -4
      vertex 0.8881505978291043 1.0822146347078312 -4
    endloop
  endfacet
  facet normal 0 0 -1
    outer loop
      vertex 1.3055900475960651 1.953953588910981 -4
      vertex 0.8881505978291043 1.0822146347078312 -4
      vertex 0.7777983262274432 1.1640574572235634 -4
    endloop
  endfacet
  facet normal 0 0 -1
    outer loop
      vertex 1.6617009357883867 1.6617009357883863 -4
      vertex 1.0822146347078319 0.8881505978291032 -4
      vertex 0.9899494936611666 0.9899494936611664 -4
    endloop
  endfacet
  facet normal 0 0 -1
    outer loop
      vertex 1.4908242177845679 1.8165745654024308 -4
      vertex 1.6617009357883867 1.6617009357883863 -4
      vertex 0.9899494936611666 0.9899494936611664 -4
    endloop
  endfacet
  facet normal 0 0 -1
    outer loop
      vertex -1.107782331541094 2.072514971218634 -4
      vertex -0.5357568053111259 1.2934313455158013 -4
      vertex -0.6599554315563965 1.234689770087697 -4
    endloop
  endfacet
  facet normal 0 0 -1
    outer loop
      vertex -1.107782331541094 2.072514971218634 -4
      vertex -0.8993060660579613 2.1711169014015232 -4
      vertex -0.5357568053111259 1.2934313455158013 -4
    endloop
  endfacet
  facet normal 0 0 -1
    outer loop
      vertex -0.8993060660579613 2.1711169014015232 -4
      vertex -0.4063985481562468 1.3397164700250925 -4
      vertex -0.5357568053111259 1.2934313455158013 -4
    endloop
  endfacet
  facet normal 0 0 -1
    outer loop
      vertex -0.6821689915479856 2.2488097889706906 -4
      vertex -0.27312645082257947 1.3730993925645225 -4
      vertex -0.4063985481562468 1.3397164700250925 -4
    endloop
  endfacet
  facet normal 0 0 -1
    outer loop
      vertex -0.8993060660579613 2.1711169014015232 -4
      vertex -0.6821689915479856 2.2488097889706906 -4
      vertex -0.4063985481562468 1.3397164700250925 -4
    endloop
  endfacet
  facet normal 0 0 -1
    outer loop
      vertex -0.6821689915479856 2.2488097889706906 -4
      vertex -0.45846225673790125 2.304845408947591 -4
      vertex -0.27312645082257947 1.3730993925645225 -4
    endloop
  endfacet
  facet normal 0 0 -1
    outer loop
      vertex -0.45846225673790125 2.304845408947591 -4
      vertex -0.13722399646138406 1.3932586173410757 -4
      vertex -0.27312645082257947 1.3730993925645225 -4
    endloop
  endfacet
  facet normal 0 0 -1
    outer loop
      vertex -0.23034027977446603 2.3386841076796623 -4
      vertex 8.572527594031472e-17 1.4 -4
      vertex -0.13722399646138406 1.3932586173410757 -4
    endloop
  endfacet
  facet normal 0 0 -1
    outer loop
      vertex 1.43895998899814e-16 2.3499999999999996 -4
      vertex 0.1372239964613847 1.3932586173410757 -4
      vertex 8.572527594031472e-17 1.4 -4
    endloop
  endfacet
  facet normal 0 0 -1
    outer loop
      vertex 0.23034027977446717 2.3386841076796623 -4
      vertex 0.27312645082258025 1.3730993925645223 -4
      vertex 0.1372239964613847 1.3932586173410757 -4
    endloop
  endfacet
  facet normal 0 0 -1
    outer loop
      vertex -0.45846225673790125 2.304845408947591 -4
      vertex -0.23034027977446603 2.3386841076796623 -4
      vertex -0.13722399646138406 1.3932586173410757 -4
    endloop
  endfacet
  facet normal 0 0 -1
    outer loop
      vertex -0.23034027977446603 2.3386841076796623 -4
      vertex 1.43895998899814e-16 2.3499999999999996 -4
      vertex 8.572527594031472e-17 1.4 -4
    endloop
  endfacet
  facet normal 0 0 -1
    outer loop
      vertex 1.43895998899814e-16 2.3499999999999996 -4
      vertex 0.23034027977446717 2.3386841076796623 -4
      vertex 0.1372239964613847 1.3932586173410757 -4
    endloop
  endfacet
  facet normal 0 0 -1
    outer loop
      vertex 0.4584622567379025 2.3048454089475907 -4
      vertex 0.40639854815624743 1.3397164700250923 -4
      vertex 0.27312645082258025 1.3730993925645223 -4
    endloop
  endfacet
  facet normal 0 0 -1
    outer loop
      vertex 0.6821689915479867 2.2488097889706906 -4
      vertex 0.5357568053111266 1.293431345515801 -4
      vertex 0.40639854815624743 1.3397164700250923 -4
    endloop
  endfacet
  facet normal 0 0 -1
    outer loop
      vertex 0.8993060660579623 2.171116901401523 -4
      vertex 0.659955431556397 1.2346897700876969 -4
      vertex 0.5357568053111266 1.293431345515801 -4
    endloop
  endfacet
  facet normal 0 0 -1
    outer loop
      vertex 0.23034027977446717 2.3386841076796623 -4
      vertex 0.4584622567379025 2.3048454089475907 -4
      vertex 0.27312645082258025 1.3730993925645223 -4
    endloop
  endfacet
  facet normal 0 0 -1
    outer loop
      vertex 0.6821689915479867 2.2488097889706906 -4
      vertex 0.40639854815624743 1.3397164700250923 -4
      vertex 0.4584622567379025 2.3048454089475907 -4
    endloop
  endfacet
  facet normal 0 0 -1
    outer loop
      vertex 0.6821689915479867 2.2488097889706906 -4
      vertex 0.8993060660579623 2.171116901401523 -4
      vertex 0.5357568053111266 1.293431345515801 -4
    endloop
  endfacet
  facet normal 0 0 -1
    outer loop
      vertex 0.8993060660579623 2.171116901401523 -4
      vertex 1.107782331541095 2.072514971218634 -4
      vertex 0.659955431556397 1.2346897700876969 -4
    endloop
  endfacet
  facet normal 0 0 -1
    outer loop
      vertex 1.107782331541095 2.072514971218634 -4
      vertex 1.3055900475960651 1.953953588910981 -4
      vertex 0.7777983262274432 1.1640574572235634 -4
    endloop
  endfacet
  facet normal 0 0 -1
    outer loop
      vertex 1.4908242177845679 1.8165745654024308 -4
      vertex 0.8881505978291043 1.0822146347078312 -4
      vertex 1.3055900475960651 1.953953588910981 -4
    endloop
  endfacet
  facet normal 0 0 -1
    outer loop
      vertex 2.3386841076796623 0.23034027977446722 -4
      vertex 1.4 -8.572527594031472e-17 -4
      vertex 1.3932586173410757 0.13722399646138478 -4
    endloop
  endfacet
  facet normal 0 0 -1
    outer loop
      vertex 2.304845408947591 0.4584622567379014 -4
      vertex 1.3932586173410757 0.13722399646138478 -4
      vertex 1.3730993925645225 0.2731264508225796 -4
    endloop
  endfacet
  facet normal 0 0 -1
    outer loop
      vertex 2.3499999999999996 -1.43895998899814e-16 -4
      vertex 1.4 -8.572527594031472e-17 -4
      vertex 2.3386841076796623 0.23034027977446722 -4
    endloop
  endfacet
  facet normal 0 0 -1
    outer loop
      vertex 2.3386841076796623 0.23034027977446722 -4
      vertex 1.3932586173410757 0.13722399646138478 -4
      vertex 2.304845408947591 0.4584622567379014 -4
    endloop
  endfacet
  facet normal 0 0 -1
    outer loop
      vertex 2.2488097889706906 0.6821689915479857 -4
      vertex 1.3730993925645225 0.2731264508225796 -4
      vertex 1.3397164700250925 0.40639854815624693 -4
    endloop
  endfacet
  facet normal 0 0 -1
    outer loop
      vertex 2.1711169014015237 0.8993060660579605 -4
      vertex 1.3397164700250925 0.40639854815624693 -4
      vertex 1.2934313455158015 0.5357568053111255 -4
    endloop
  endfacet
  facet normal 0 0 -1
    outer loop
      vertex 2.304845408947591 0.4584622567379014 -4
      vertex 1.3730993925645225 0.2731264508225796 -4
      vertex 2.2488097889706906 0.6821689915479857 -4
    endloop
  endfacet
  facet normal 0 0 -1
    outer loop
      vertex 2.2488097889706906 0.6821689915479857 -4
      vertex 1.3397164700250925 0.40639854815624693 -4
      vertex 2.1711169014015237 0.8993060660579605 -4
    endloop
  endfacet
  facet normal 0 0 -1
    outer loop
      vertex 2.072514971218634 1.1077823315410942 -4
      vertex 1.2934313455158015 0.5357568053111255 -4
      vertex 1.234689770087697 0.6599554315563967 -4
    endloop
  endfacet
  facet normal 0 0 -1
    outer loop
      vertex 2.072514971218634 1.1077823315410942 -4
      vertex 1.234689770087697 0.6599554315563967 -4
      vertex 1.9539535889109816 1.3055900475960642 -4
    endloop
  endfacet
  facet normal 0 0 -1
    outer loop
      vertex 2.072514971218634 1.1077823315410942 -4
      vertex 2.1711169014015237 0.8993060660579605 -4
      vertex 1.2934313455158015 0.5357568053111255 -4
    endloop
  endfacet
  facet normal 0 0 -1
    outer loop
      vertex 1.9539535889109816 1.3055900475960642 -4
      vertex 1.1640574572235636 0.7777983262274426 -4
      vertex 1.816574565402432 1.4908242177845659 -4
    endloop
  endfacet
  facet normal 0 0 -1
    outer loop
      vertex 1.816574565402432 1.4908242177845659 -4
      vertex 1.0822146347078319 0.8881505978291032 -4
      vertex 1.6617009357883867 1.6617009357883863 -4
    endloop
  endfacet
  facet normal 0 0 -1
    outer loop
      vertex -3.8063597083091736 -4.638062722980976 0
      vertex -4.029353730380535 -4.445706754922867 0
      vertex -3.8063597049818734 -4.638062720176422 0
    endloop
  endfacet
  facet normal 0 0 -1
    outer loop
      vertex -3.5741958245635033 -4.8192451894283295 0
      vertex -3.8063597083091736 -4.638062722980976 0
      vertex -3.3334213981176135 -4.988817673815271 0
    endloop
  endfacet
  facet normal 0 0 -1
    outer loop
      vertex -3.8063597083091736 -4.638062722980976 0
      vertex -3.8063597049818734 -4.638062720176422 0
      vertex -3.3334213981176135 -4.988817673815271 0
    endloop
  endfacet
  facet normal -0.653172846383443 -0.7572088435480341 0
    outer loop
      vertex -3.8063597083091736 -4.638062722980976 0
      vertex -4.029353730380535 -4.445706754922867 1
      vertex -4.029353730380535 -4.445706754922867 0
    endloop
  endfacet
  facet normal -0.6152315763931467 -0.7883464386986242 0
    outer loop
      vertex -3.5741958245635033 -4.8192451894283295 0
      vertex -3.8063597083091736 -4.638062722980976 1
      vertex -3.8063597083091736 -4.638062722980976 0
    endloop
  endfacet
  facet normal -0.653172846383443 -0.7572088435480341 0
    outer loop
      vertex -3.8063597083091736 -4.638062722980976 0
      vertex -3.8063597083091736 -4.638062722980976 1
      vertex -4.029353730380535 -4.445706754922867 1
    endloop
  endfacet
  facet normal -0.6152315763931467 -0.7883464386986242 0
    outer loop
      vertex -3.5741958245635033 -4.8192451894283295 0
      vertex -3.5741958245635033 -4.8192451894283295 1
      vertex -3.8063597083091736 -4.638062722980976 1
    endloop
  endfacet
  facet normal -0.653172846383443 -0.7572088435480341 0
    outer loop
      vertex -3.8063597083091736 -4.638062722980976 1
      vertex -4.029353730380535 -4.445706754922867 2
      vertex -4.029353730380535 -4.445706754922867 1
    endloop
  endfacet
  facet normal -0.6152315763931467 -0.7883464386986242 0
    outer loop
      vertex -3.5741958245635033 -4.8192451894283295 1
      vertex -3.8063597083091736 -4.638062722980976 2
      vertex -3.8063597083091736 -4.638062722980976 1
    endloop
  endfacet
  facet normal -0.653172846383443 -0.7572088435480341 0
    outer loop
      vertex -3.8063597083091736 -4.638062722980976 1
      vertex -3.8063597083091736 -4.638062722980976 2
      vertex -4.029353730380535 -4.445706754922867 2
    endloop
  endfacet
  facet normal -0.6152315763931467 -0.7883464386986242 0
    outer loop
      vertex -3.5741958245635033 -4.8192451894283295 1
      vertex -3.5741958245635033 -4.8192451894283295 2
      vertex -3.8063597083091736 -4.638062722980976 2
    endloop
  endfacet
  facet normal 0 0 -1
    outer loop
      vertex -4.8192451894283295 -3.5741958245635033 0
      vertex -4.988817676901817 -3.333421401679516 0
      vertex -4.638062720176422 -3.8063597049818725 0
    endloop
  endfacet
  facet normal 0 0 -1
    outer loop
      vertex -4.988817676901817 -3.333421401679516 0
      vertex -4.988817673815271 -3.3334213981176126 0
      vertex -4.638062720176422 -3.8063597049818725 0
    endloop
  endfacet
  facet normal -0.7883464386986242 -0.6152315763931467 0
    outer loop
      vertex -4.8192451894283295 -3.5741958245635033 0
      vertex -4.638062722980976 -3.8063597083091736 0
      vertex -4.8192451894283295 -3.5741958245635033 1
    endloop
  endfacet
  facet normal -0.8175848023857204 -0.5758082067041963 0
    outer loop
      vertex -4.8192451894283295 -3.5741958245635033 0
      vertex -4.988817676901817 -3.333421401679516 1
      vertex -4.988817676901817 -3.333421401679516 0
    endloop
  endfacet
  facet normal 0 0 -1
    outer loop
      vertex -5.14637166261673 -3.084616467356682 0
      vertex -5.291527549980943 -2.828380481200525 0
      vertex -4.988817673815271 -3.3334213981176126 0
    endloop
  endfacet
  facet normal 0 0 -1
    outer loop
      vertex -5.14637166261673 -3.084616467356682 0
      vertex -4.988817673815271 -3.3334213981176126 0
      vertex -4.988817676901817 -3.333421401679516 0
    endloop
  endfacet
  facet normal -0.844853567299514 -0.5349976166500983 0
    outer loop
      vertex -5.14637166261673 -3.084616467356682 0
      vertex -4.988817676901817 -3.333421401679516 0
      vertex -5.14637166261673 -3.084616467356682 1
    endloop
  endfacet
  facet normal -0.8175848023857204 -0.5758082067041963 0
    outer loop
      vertex -4.8192451894283295 -3.5741958245635033 0
      vertex -4.8192451894283295 -3.5741958245635033 1
      vertex -4.988817676901817 -3.333421401679516 1
    endloop
  endfacet
  facet normal -0.844853567299514 -0.5349976166500983 0
    outer loop
      vertex -4.988817676901817 -3.333421401679516 0
      vertex -4.988817676901817 -3.333421401679516 1
      vertex -5.14637166261673 -3.084616467356682 1
    endloop
  endfacet
  facet normal 0 0 -1
    outer loop
      vertex -4.2426406890153885 -4.2426406890153885 0
      vertex -4.445706754922867 -4.029353730380535 0
      vertex -4.242640687119286 -4.242640687119286 0
    endloop
  endfacet
  facet normal -0.6895405453212274 -0.7242470823953 0
    outer loop
      vertex -4.2426406890153885 -4.2426406890153885 0
      vertex -4.029353730380535 -4.445706754922867 0
      vertex -4.2426406890153885 -4.2426406890153885 1
    endloop
  endfacet
  facet normal 0 0 -1
    outer loop
      vertex -4.242640687119286 -4.242640687119286 0
      vertex -4.445706754922867 -4.029353730380535 0
      vertex -4.638062722980976 -3.8063597083091736 0
    endloop
  endfacet
  facet normal 0 0 -1
    outer loop
      vertex -4.242640687119286 -4.242640687119286 0
      vertex -4.638062722980976 -3.8063597083091736 0
      vertex -4.638062720176422 -3.8063597049818725 0
    endloop
  endfacet
  facet normal -0.7572088435480341 -0.653172846383443 0
    outer loop
      vertex -4.445706754922867 -4.029353730380535 0
      vertex -4.638062722980976 -3.8063597083091736 1
      vertex -4.638062722980976 -3.8063597083091736 0
    endloop
  endfacet
  facet normal -0.7242470823953 -0.6895405453212274 0
    outer loop
      vertex -4.2426406890153885 -4.2426406890153885 0
      vertex -4.445706754922867 -4.029353730380535 1
      vertex -4.445706754922867 -4.029353730380535 0
    endloop
  endfacet
  facet normal 0 0 -1
    outer loop
      vertex -3.8063597049818734 -4.638062720176422 0
      vertex -4.029353730380535 -4.445706754922867 0
      vertex -4.2426406890153885 -4.2426406890153885 0
    endloop
  endfacet
  facet normal 0 0 -1
    outer loop
      vertex -3.8063597049818734 -4.638062720176422 0
      vertex -4.2426406890153885 -4.2426406890153885 0
      vertex -4.242640687119286 -4.242640687119286 0
    endloop
  endfacet
  facet normal -0.7242470823953 -0.6895405453212274 0
    outer loop
      vertex -4.2426406890153885 -4.2426406890153885 0
      vertex -4.2426406890153885 -4.2426406890153885 1
      vertex -4.445706754922867 -4.029353730380535 1
    endloop
  endfacet
  facet normal -0.7572088435480341 -0.653172846383443 0
    outer loop
      vertex -4.445706754922867 -4.029353730380535 0
      vertex -4.445706754922867 -4.029353730380535 1
      vertex -4.638062722980976 -3.8063597083091736 1
    endloop
  endfacet
  facet normal -0.6895405453212274 -0.7242470823953 0
    outer loop
      vertex -4.029353730380535 -4.445706754922867 0
      vertex -4.029353730380535 -4.445706754922867 1
      vertex -4.2426406890153885 -4.2426406890153885 1
    endloop
  endfacet
  facet normal 0 0 -1
    outer loop
      vertex -4.8192451894283295 -3.5741958245635033 0
      vertex -4.638062720176422 -3.8063597049818725 0
      vertex -4.638062722980976 -3.8063597083091736 0
    endloop
  endfacet
  facet normal -0.7883464386986242 -0.6152315763931467 0
    outer loop
      vertex -4.638062722980976 -3.8063597083091736 0
      vertex -4.638062722980976 -3.8063597083091736 1
      vertex -4.8192451894283295 -3.5741958245635033 1
    endloop
  endfacet
  facet normal -0.7883464386986242 -0.6152315763931467 0
    outer loop
      vertex -4.8192451894283295 -3.5741958245635033 1
      vertex -4.638062722980976 -3.8063597083091736 1
      vertex -4.8192451894283295 -3.5741958245635033 2
    endloop
  endfacet
  facet normal -0.8175848023857204 -0.5758082067041963 0
    outer loop
      vertex -4.8192451894283295 -3.5741958245635033 1
      vertex -4.988817676901817 -3.333421401679516 2
      vertex -4.988817676901817 -3.333421401679516 1
    endloop
  endfacet
  facet normal -0.844853567299514 -0.5349976166500983 0
    outer loop
      vertex -5.14637166261673 -3.084616467356682 1
      vertex -4.988817676901817 -3.333421401679516 1
      vertex -5.14637166261673 -3.084616467356682 2
    endloop
  endfacet
  facet normal -0.8175848023857204 -0.5758082067041963 0
    outer loop
      vertex -4.8192451894283295 -3.5741958245635033 1
      vertex -4.8192451894283295 -3.5741958245635033 2
      vertex -4.988817676901817 -3.333421401679516 2
    endloop
  endfacet
  facet normal -0.844853567299514 -0.5349976166500983 0
    outer loop
      vertex -4.988817676901817 -3.333421401679516 1
      vertex -4.988817676901817 -3.333421401679516 2
      vertex -5.14637166261673 -3.084616467356682 2
    endloop
  endfacet
  facet normal -0.6895405453212274 -0.7242470823953 0
    outer loop
      vertex -4.2426406890153885 -4.2426406890153885 1
      vertex -4.029353730380535 -4.445706754922867 1
      vertex -4.2426406890153885 -4.2426406890153885 2
    endloop
  endfacet
  facet normal -0.7572088435480341 -0.653172846383443 0
    outer loop
      vertex -4.445706754922867 -4.029353730380535 1
      vertex -4.638062722980976 -3.8063597083091736 2
      vertex -4.638062722980976 -3.8063597083091736 1
    endloop
  endfacet
  facet normal -0.7242470823953 -0.6895405453212274 0
    outer loop
      vertex -4.2426406890153885 -4.2426406890153885 1
      vertex -4.445706754922867 -4.029353730380535 2
      vertex -4.445706754922867 -4.029353730380535 1
    endloop
  endfacet
  facet normal -0.7242470823953 -0.6895405453212274 0
    outer loop
      vertex -4.2426406890153885 -4.2426406890153885 1
      vertex -4.2426406890153885 -4.2426406890153885 2
      vertex -4.445706754922867 -4.029353730380535 2
    endloop
  endfacet
  facet normal -0.7572088435480341 -0.653172846383443 0
    outer loop
      vertex -4.445706754922867 -4.029353730380535 1
      vertex -4.445706754922867 -4.029353730380535 2
      vertex -4.638062722980976 -3.8063597083091736 2
    endloop
  endfacet
  facet normal -0.6895405453212274 -0.7242470823953 0
    outer loop
      vertex -4.029353730380535 -4.445706754922867 1
      vertex -4.029353730380535 -4.445706754922867 2
      vertex -4.2426406890153885 -4.2426406890153885 2
    endloop
  endfacet
  facet normal -0.7883464386986242 -0.6152315763931467 0
    outer loop
      vertex -4.638062722980976 -3.8063597083091736 1
      vertex -4.638062722980976 -3.8063597083091736 2
      vertex -4.8192451894283295 -3.5741958245635033 2
    endloop
  endfacet
  facet normal 0 0 -1
    outer loop
      vertex -2.8283803560893808 -5.29152761676975 0
      vertex -2.296100594190539 -5.54327719506772 0
      vertex -2.565330557525158 -5.423935756087303 0
    endloop
  endfacet
  facet normal 0 0 -1
    outer loop
      vertex -2.565330557525158 -5.423935756087303 0
      vertex -2.296100594190539 -5.54327719506772 0
      vertex -2.2961005941033363 -5.543277196586132 0
    endloop
  endfacet
  facet normal -0.44961132300777434 -0.8932243045412495 0
    outer loop
      vertex -2.8283803560893808 -5.29152761676975 0
      vertex -2.8283804208040237 -5.291527584195137 1
      vertex -2.8283804208040237 -5.291527584195137 0
    endloop
  endfacet
  facet normal -0.44961132363905815 -0.8932243042234879 -5.120426575612026e-17
    outer loop
      vertex -2.8283803560893808 -5.29152761676975 0
      vertex -2.565330557525158 -5.423935756087303 0
      vertex -2.8283804208040237 -5.291527584195137 1
    endloop
  endfacet
  facet normal -0.4052413295799485 -0.9142097487996261 0
    outer loop
      vertex -2.565330557525158 -5.423935756087303 0
      vertex -2.2961005941033363 -5.543277196586132 0
      vertex -2.565330557525158 -5.423935756087303 1
    endloop
  endfacet
  facet normal -0.44961132363905804 -0.893224304223488 0
    outer loop
      vertex -2.565330557525158 -5.423935756087303 0
      vertex -2.565330557525158 -5.423935756087303 1
      vertex -2.8283804208040237 -5.291527584195137 1
    endloop
  endfacet
  facet normal -0.4052413295799485 -0.9142097487996261 0
    outer loop
      vertex -2.2961005941033363 -5.543277196586132 0
      vertex -2.2961005941033363 -5.543277196586132 1
      vertex -2.565330557525158 -5.423935756087303 1
    endloop
  endfacet
  facet normal 0 0 -1
    outer loop
      vertex -3.5741958245635033 -4.8192451894283295 0
      vertex -3.3334213981176135 -4.988817673815271 0
      vertex -3.333421401679516 -4.988817676901817 0
    endloop
  endfacet
  facet normal 0 0 -1
    outer loop
      vertex -2.8283804812005453 -5.291527549980931 0
      vertex -3.333421401679516 -4.988817676901817 0
      vertex -3.3334213981176135 -4.988817673815271 0
    endloop
  endfacet
  facet normal 0 0 -1
    outer loop
      vertex -2.8283804812005453 -5.291527549980931 0
      vertex -3.084616467356682 -5.14637166261673 0
      vertex -3.333421401679516 -4.988817676901817 0
    endloop
  endfacet
  facet normal -0.5758082067041963 -0.8175848023857204 0
    outer loop
      vertex -3.5741958245635033 -4.8192451894283295 0
      vertex -3.333421401679516 -4.988817676901817 0
      vertex -3.5741958245635033 -4.8192451894283295 1
    endloop
  endfacet
  facet normal -0.5349976166500983 -0.844853567299514 0
    outer loop
      vertex -3.333421401679516 -4.988817676901817 0
      vertex -3.084616467356682 -5.14637166261673 0
      vertex -3.333421401679516 -4.988817676901817 1
    endloop
  endfacet
  facet normal -0.4928981772145513 -0.8700869996147357 0
    outer loop
      vertex -2.8283804812005453 -5.291527549980931 0
      vertex -3.084616467356682 -5.14637166261673 1
      vertex -3.084616467356682 -5.14637166261673 0
    endloop
  endfacet
  facet normal -0.49289817954408166 -0.870086998295073 -7.884663151241967e-10
    outer loop
      vertex -2.8283804208040237 -5.291527584195137 0
      vertex -3.084616467356682 -5.14637166261673 1
      vertex -2.8283804812005453 -5.291527549980931 0
    endloop
  endfacet
  facet normal -0.5758082067041963 -0.8175848023857204 0
    outer loop
      vertex -3.333421401679516 -4.988817676901817 0
      vertex -3.333421401679516 -4.988817676901817 1
      vertex -3.5741958245635033 -4.8192451894283295 1
    endloop
  endfacet
  facet normal -0.5349976166500983 -0.844853567299514 0
    outer loop
      vertex -3.084616467356682 -5.14637166261673 0
      vertex -3.084616467356682 -5.14637166261673 1
      vertex -3.333421401679516 -4.988817676901817 1
    endloop
  endfacet
  facet normal -0.4928981772145518 -0.8700869996147352 0
    outer loop
      vertex -2.8283804208040237 -5.291527584195137 0
      vertex -2.8283804208040237 -5.291527584195137 1
      vertex -3.084616467356682 -5.14637166261673 1
    endloop
  endfacet
  facet normal 0 0 -1
    outer loop
      vertex -2.2961005941033363 -5.543277196586132 0
      vertex -1.7417081185650791 -5.741641994700233 0
      vertex -2.0213391184806824 -5.649264387786388 0
    endloop
  endfacet
  facet normal -0.3136817478064178 -0.9495281781459204 0
    outer loop
      vertex -2.0213391184806824 -5.649264387786388 0
      vertex -1.7417081185650791 -5.741641994700233 0
      vertex -2.0213391184806824 -5.649264387786388 1
    endloop
  endfacet
  facet normal -0.31368175441453283 -0.9495281759628941 -2.0494965571708595e-9
    outer loop
      vertex -1.7417080625891685 -5.741642013192177 0
      vertex -2.0213391184806824 -5.649264387786388 1
      vertex -1.7417081185650791 -5.741641994700233 0
    endloop
  endfacet
  facet normal -0.26671274616978774 -0.9637760689239853 0
    outer loop
      vertex -1.74170800788752 -5.741642028330161 0
      vertex -1.7417080625891685 -5.741642013192177 1
      vertex -1.7417080625891685 -5.741642013192177 0
    endloop
  endfacet
  facet normal -0.26671275257105853 -0.9637760671525152 -3.769765510812186e-16
    outer loop
      vertex -1.74170800788752 -5.741642028330161 0
      vertex -1.4578810781240463 -5.820187516510487 0
      vertex -1.7417080625891685 -5.741642013192177 1
    endloop
  endfacet
  facet normal 0 0 -1
    outer loop
      vertex -2.2961005941033363 -5.543277196586132 0
      vertex -2.296100594190539 -5.54327719506772 0
      vertex -1.7417081185650791 -5.741641994700233 0
    endloop
  endfacet
  facet normal -0.3598950202221731 -0.932992805127286 0
    outer loop
      vertex -2.2961005941033363 -5.543277196586132 0
      vertex -2.0213391184806824 -5.649264387786388 0
      vertex -2.2961005941033363 -5.543277196586132 1
    endloop
  endfacet
  facet normal 0 0 -1
    outer loop
      vertex -1.74170800788752 -5.741642028330161 0
      vertex -1.17054193209677 -5.884711682419383 0
      vertex -1.4578810781240463 -5.820187516510487 0
    endloop
  endfacet
  facet normal 0 0 -1
    outer loop
      vertex -1.4578810781240463 -5.820187516510487 0
      vertex -1.17054193209677 -5.884711682419383 0
      vertex -1.1705419346690178 -5.884711682796478 0
    endloop
  endfacet
  facet normal -0.21910125277195563 -0.9757021272057161 0
    outer loop
      vertex -1.4578810781240463 -5.820187516510487 0
      vertex -1.1705419346690178 -5.884711682796478 0
      vertex -1.4578810781240463 -5.820187516510487 1
    endloop
  endfacet
  facet normal -0.17096189512774906 -0.9852776412840841 0
    outer loop
      vertex -1.1705419346690178 -5.884711682796478 0
      vertex -0.8803828433156013 -5.935059063136578 0
      vertex -1.1705419346690178 -5.884711682796478 1
    endloop
  endfacet
  facet normal -0.3136817478064191 -0.9495281781459199 0
    outer loop
      vertex -1.7417080625891685 -5.741642013192177 0
      vertex -1.7417080625891685 -5.741642013192177 1
      vertex -2.0213391184806824 -5.649264387786388 1
    endloop
  endfacet
  facet normal -0.3598950202221731 -0.932992805127286 0
    outer loop
      vertex -2.0213391184806824 -5.649264387786388 0
      vertex -2.0213391184806824 -5.649264387786388 1
      vertex -2.2961005941033363 -5.543277196586132 1
    endloop
  endfacet
  facet normal -0.26671275257105725 -0.9637760671525154 0
    outer loop
      vertex -1.4578810781240463 -5.820187516510487 0
      vertex -1.4578810781240463 -5.820187516510487 1
      vertex -1.7417080625891685 -5.741642013192177 1
    endloop
  endfacet
  facet normal -0.21910125277195563 -0.9757021272057161 0
    outer loop
      vertex -1.1705419346690178 -5.884711682796478 0
      vertex -1.1705419346690178 -5.884711682796478 1
      vertex -1.4578810781240463 -5.820187516510487 1
    endloop
  endfacet
  facet normal -0.44961132363905804 -0.893224304223488 0
    outer loop
      vertex -2.8283804208040237 -5.291527584195137 1
      vertex -2.565330557525158 -5.423935756087303 1
      vertex -2.8283804208040237 -5.291527584195137 2
    endloop
  endfacet
  facet normal -0.4052413295799485 -0.9142097487996261 0
    outer loop
      vertex -2.565330557525158 -5.423935756087303 1
      vertex -2.2961005941033363 -5.543277196586132 1
      vertex -2.565330557525158 -5.423935756087303 2
    endloop
  endfacet
  facet normal -0.44961132363905804 -0.893224304223488 0
    outer loop
      vertex -2.565330557525158 -5.423935756087303 1
      vertex -2.565330557525158 -5.423935756087303 2
      vertex -2.8283804208040237 -5.291527584195137 2
    endloop
  endfacet
  facet normal -0.4052413295799485 -0.9142097487996261 0
    outer loop
      vertex -2.2961005941033363 -5.543277196586132 1
      vertex -2.2961005941033363 -5.543277196586132 2
      vertex -2.565330557525158 -5.423935756087303 2
    endloop
  endfacet
  facet normal -0.5758082067041963 -0.8175848023857204 0
    outer loop
      vertex -3.5741958245635033 -4.8192451894283295 1
      vertex -3.333421401679516 -4.988817676901817 1
      vertex -3.5741958245635033 -4.8192451894283295 2
    endloop
  endfacet
  facet normal -0.5349976166500983 -0.844853567299514 0
    outer loop
      vertex -3.333421401679516 -4.988817676901817 1
      vertex -3.084616467356682 -5.14637166261673 1
      vertex -3.333421401679516 -4.988817676901817 2
    endloop
  endfacet
  facet normal -0.4928981772145518 -0.8700869996147352 0
    outer loop
      vertex -2.8283804208040237 -5.291527584195137 1
      vertex -3.084616467356682 -5.14637166261673 2
      vertex -3.084616467356682 -5.14637166261673 1
    endloop
  endfacet
  facet normal -0.5758082067041963 -0.8175848023857204 0
    outer loop
      vertex -3.5741958245635033 -4.8192451894283295 2
      vertex -3.333421401679516 -4.988817676901817 1
      vertex -3.333421401679516 -4.988817676901817 2
    endloop
  endfacet
  facet normal -0.5349976166500983 -0.844853567299514 0
    outer loop
      vertex -3.084616467356682 -5.14637166261673 1
      vertex -3.084616467356682 -5.14637166261673 2
      vertex -3.333421401679516 -4.988817676901817 2
    endloop
  endfacet
  facet normal -0.4928981772145518 -0.8700869996147352 0
    outer loop
      vertex -2.8283804208040237 -5.291527584195137 1
      vertex -2.8283804208040237 -5.291527584195137 2
      vertex -3.084616467356682 -5.14637166261673 2
    endloop
  endfacet
  facet normal -0.3136817478064191 -0.9495281781459199 0
    outer loop
      vertex -2.0213391184806824 -5.649264387786388 1
      vertex -1.7417080625891685 -5.741642013192177 1
      vertex -2.0213391184806824 -5.649264387786388 2
    endloop
  endfacet
  facet normal -0.26671275257105725 -0.9637760671525154 0
    outer loop
      vertex -1.7417080625891685 -5.741642013192177 1
      vertex -1.4578810781240463 -5.820187516510487 1
      vertex -1.7417080625891685 -5.741642013192177 2
    endloop
  endfacet
  facet normal -0.3598950202221731 -0.932992805127286 0
    outer loop
      vertex -2.2961005941033363 -5.543277196586132 1
      vertex -2.0213391184806824 -5.649264387786388 1
      vertex -2.2961005941033363 -5.543277196586132 2
    endloop
  endfacet
  facet normal -0.21910125277195563 -0.9757021272057161 0
    outer loop
      vertex -1.4578810781240463 -5.820187516510487 1
      vertex -1.1705419346690178 -5.884711682796478 1
      vertex -1.4578810781240463 -5.820187516510487 2
    endloop
  endfacet
  facet normal -0.17096189512774906 -0.9852776412840841 0
    outer loop
      vertex -1.1705419346690178 -5.884711682796478 1
      vertex -0.8803828433156013 -5.935059063136578 1
      vertex -1.1705419346690178 -5.884711682796478 2
    endloop
  endfacet
  facet normal -0.3136817478064191 -0.9495281781459199 0
    outer loop
      vertex -1.7417080625891685 -5.741642013192177 1
      vertex -1.7417080625891685 -5.741642013192177 2
      vertex -2.0213391184806824 -5.649264387786388 2
    endloop
  endfacet
  facet normal -0.3598950202221731 -0.932992805127286 0
    outer loop
      vertex -2.0213391184806824 -5.649264387786388 1
      vertex -2.0213391184806824 -5.649264387786388 2
      vertex -2.2961005941033363 -5.543277196586132 2
    endloop
  endfacet
  facet normal -0.26671275257105725 -0.9637760671525154 0
    outer loop
      vertex -1.4578810781240463 -5.820187516510487 1
      vertex -1.4578810781240463 -5.820187516510487 2
      vertex -1.7417080625891685 -5.741642013192177 2
    endloop
  endfacet
  facet normal -0.21910125277195563 -0.9757021272057161 0
    outer loop
      vertex -1.1705419346690178 -5.884711682796478 1
      vertex -1.1705419346690178 -5.884711682796478 2
      vertex -1.4578810781240463 -5.820187516510487 2
    endloop
  endfacet
  facet normal -0.653172846383443 -0.7572088435480341 0
    outer loop
      vertex -3.8063597083091736 -4.638062722980976 2
      vertex -4.029353730380535 -4.445706754922867 3
      vertex -4.029353730380535 -4.445706754922867 2
    endloop
  endfacet
  facet normal -0.6152315763931467 -0.7883464386986242 0
    outer loop
      vertex -3.5741958245635033 -4.8192451894283295 2
      vertex -3.8063597083091736 -4.638062722980976 3
      vertex -3.8063597083091736 -4.638062722980976 2
    endloop
  endfacet
  facet normal -0.653172846383443 -0.7572088435480341 0
    outer loop
      vertex -3.8063597083091736 -4.638062722980976 2
      vertex -3.8063597083091736 -4.638062722980976 3
      vertex -4.029353730380535 -4.445706754922867 3
    endloop
  endfacet
  facet normal -0.6152315763931467 -0.7883464386986242 0
    outer loop
      vertex -3.5741958245635033 -4.8192451894283295 2
      vertex -3.5741958245635033 -4.8192451894283295 3
      vertex -3.8063597083091736 -4.638062722980976 3
    endloop
  endfacet
  facet normal -0.653172846383443 -0.7572088435480341 0
    outer loop
      vertex -3.8063597083091736 -4.638062722980976 3
      vertex -4.029353730380535 -4.445706754922867 4
      vertex -4.029353730380535 -4.445706754922867 3
    endloop
  endfacet
  facet normal -0.6152315763931467 -0.7883464386986242 0
    outer loop
      vertex -3.5741958245635033 -4.8192451894283295 3
      vertex -3.8063597083091736 -4.638062722980976 4
      vertex -3.8063597083091736 -4.638062722980976 3
    endloop
  endfacet
  facet normal -0.653172846383443 -0.7572088435480341 0
    outer loop
      vertex -3.8063597083091736 -4.638062722980976 3
      vertex -3.8063597083091736 -4.638062722980976 4
      vertex -4.029353730380535 -4.445706754922867 4
    endloop
  endfacet
  facet normal -0.6152315763931467 -0.7883464386986242 0
    outer loop
      vertex -3.5741958245635033 -4.8192451894283295 3
      vertex -3.5741958245635033 -4.8192451894283295 4
      vertex -3.8063597083091736 -4.638062722980976 4
    endloop
  endfacet
  facet normal -0.7883464386986242 -0.6152315763931467 0
    outer loop
      vertex -4.8192451894283295 -3.5741958245635033 2
      vertex -4.638062722980976 -3.8063597083091736 2
      vertex -4.8192451894283295 -3.5741958245635033 3
    endloop
  endfacet
  facet normal -0.8175848023857204 -0.5758082067041963 0
    outer loop
      vertex -4.8192451894283295 -3.5741958245635033 2
      vertex -4.988817676901817 -3.333421401679516 3
      vertex -4.988817676901817 -3.333421401679516 2
    endloop
  endfacet
  facet normal -0.844853567299514 -0.5349976166500983 0
    outer loop
      vertex -5.14637166261673 -3.084616467356682 2
      vertex -4.988817676901817 -3.333421401679516 2
      vertex -5.14637166261673 -3.084616467356682 3
    endloop
  endfacet
  facet normal -0.8175848023857204 -0.5758082067041963 0
    outer loop
      vertex -4.8192451894283295 -3.5741958245635033 2
      vertex -4.8192451894283295 -3.5741958245635033 3
      vertex -4.988817676901817 -3.333421401679516 3
    endloop
  endfacet
  facet normal -0.844853567299514 -0.5349976166500983 0
    outer loop
      vertex -4.988817676901817 -3.333421401679516 2
      vertex -4.988817676901817 -3.333421401679516 3
      vertex -5.14637166261673 -3.084616467356682 3
    endloop
  endfacet
  facet normal -0.6895405453212274 -0.7242470823953 0
    outer loop
      vertex -4.2426406890153885 -4.2426406890153885 2
      vertex -4.029353730380535 -4.445706754922867 2
      vertex -4.2426406890153885 -4.2426406890153885 3
    endloop
  endfacet
  facet normal -0.7572088435480341 -0.653172846383443 0
    outer loop
      vertex -4.445706754922867 -4.029353730380535 2
      vertex -4.638062722980976 -3.8063597083091736 3
      vertex -4.638062722980976 -3.8063597083091736 2
    endloop
  endfacet
  facet normal -0.7242470823953 -0.6895405453212274 0
    outer loop
      vertex -4.2426406890153885 -4.2426406890153885 2
      vertex -4.445706754922867 -4.029353730380535 3
      vertex -4.445706754922867 -4.029353730380535 2
    endloop
  endfacet
  facet normal -0.7242470823953 -0.6895405453212274 0
    outer loop
      vertex -4.2426406890153885 -4.2426406890153885 2
      vertex -4.2426406890153885 -4.2426406890153885 3
      vertex -4.445706754922867 -4.029353730380535 3
    endloop
  endfacet
  facet normal -0.7572088435480341 -0.653172846383443 0
    outer loop
      vertex -4.445706754922867 -4.029353730380535 2
      vertex -4.445706754922867 -4.029353730380535 3
      vertex -4.638062722980976 -3.8063597083091736 3
    endloop
  endfacet
  facet normal -0.6895405453212274 -0.7242470823953 0
    outer loop
      vertex -4.029353730380535 -4.445706754922867 2
      vertex -4.029353730380535 -4.445706754922867 3
      vertex -4.2426406890153885 -4.2426406890153885 3
    endloop
  endfacet
  facet normal -0.7883464386986242 -0.6152315763931467 0
    outer loop
      vertex -4.638062722980976 -3.8063597083091736 2
      vertex -4.638062722980976 -3.8063597083091736 3
      vertex -4.8192451894283295 -3.5741958245635033 3
    endloop
  endfacet
  facet normal -0.7883464386986242 -0.6152315763931467 0
    outer loop
      vertex -4.8192451894283295 -3.5741958245635033 3
      vertex -4.638062722980976 -3.8063597083091736 3
      vertex -4.8192451894283295 -3.5741958245635033 4
    endloop
  endfacet
  facet normal -0.8175848023857204 -0.5758082067041963 0
    outer loop
      vertex -4.8192451894283295 -3.5741958245635033 3
      vertex -4.988817676901817 -3.333421401679516 4
      vertex -4.988817676901817 -3.333421401679516 3
    endloop
  endfacet
  facet normal -0.844853567299514 -0.5349976166500983 0
    outer loop
      vertex -5.14637166261673 -3.084616467356682 3
      vertex -4.988817676901817 -3.333421401679516 3
      vertex -5.14637166261673 -3.084616467356682 4
    endloop
  endfacet
  facet normal -0.8175848023857204 -0.5758082067041963 0
    outer loop
      vertex -4.8192451894283295 -3.5741958245635033 3
      vertex -4.8192451894283295 -3.5741958245635033 4
      vertex -4.988817676901817 -3.333421401679516 4
    endloop
  endfacet
  facet normal -0.844853567299514 -0.5349976166500983 0
    outer loop
      vertex -4.988817676901817 -3.333421401679516 3
      vertex -4.988817676901817 -3.333421401679516 4
      vertex -5.14637166261673 -3.084616467356682 4
    endloop
  endfacet
  facet normal -0.6895405453212274 -0.7242470823953 0
    outer loop
      vertex -4.2426406890153885 -4.2426406890153885 3
      vertex -4.029353730380535 -4.445706754922867 3
      vertex -4.2426406890153885 -4.2426406890153885 4
    endloop
  endfacet
  facet normal -0.7572088435480341 -0.653172846383443 0
    outer loop
      vertex -4.445706754922867 -4.029353730380535 3
      vertex -4.638062722980976 -3.8063597083091736 4
      vertex -4.638062722980976 -3.8063597083091736 3
    endloop
  endfacet
  facet normal -0.7242470823953 -0.6895405453212274 0
    outer loop
      vertex -4.2426406890153885 -4.2426406890153885 3
      vertex -4.445706754922867 -4.029353730380535 4
      vertex -4.445706754922867 -4.029353730380535 3
    endloop
  endfacet
  facet normal -0.7242470823953 -0.6895405453212274 0
    outer loop
      vertex -4.2426406890153885 -4.2426406890153885 3
      vertex -4.2426406890153885 -4.2426406890153885 4
      vertex -4.445706754922867 -4.029353730380535 4
    endloop
  endfacet
  facet normal -0.7572088435480341 -0.653172846383443 0
    outer loop
      vertex -4.445706754922867 -4.029353730380535 3
      vertex -4.445706754922867 -4.029353730380535 4
      vertex -4.638062722980976 -3.8063597083091736 4
    endloop
  endfacet
  facet normal -0.6895405453212274 -0.7242470823953 0
    outer loop
      vertex -4.029353730380535 -4.445706754922867 3
      vertex -4.029353730380535 -4.445706754922867 4
      vertex -4.2426406890153885 -4.2426406890153885 4
    endloop
  endfacet
  facet normal -0.7883464386986242 -0.6152315763931467 0
    outer loop
      vertex -4.638062722980976 -3.8063597083091736 3
      vertex -4.638062722980976 -3.8063597083091736 4
      vertex -4.8192451894283295 -3.5741958245635033 4
    endloop
  endfacet
  facet normal -0.44961132363905804 -0.893224304223488 0
    outer loop
      vertex -2.8283804208040237 -5.291527584195137 2
      vertex -2.565330557525158 -5.423935756087303 2
      vertex -2.8283804208040237 -5.291527584195137 3
    endloop
  endfacet
  facet normal -0.4052413295799485 -0.9142097487996261 0
    outer loop
      vertex -2.565330557525158 -5.423935756087303 2
      vertex -2.2961005941033363 -5.543277196586132 2
      vertex -2.565330557525158 -5.423935756087303 3
    endloop
  endfacet
  facet normal -0.44961132363905804 -0.893224304223488 0
    outer loop
      vertex -2.565330557525158 -5.423935756087303 2
      vertex -2.565330557525158 -5.423935756087303 3
      vertex -2.8283804208040237 -5.291527584195137 3
    endloop
  endfacet
  facet normal -0.4052413295799485 -0.9142097487996261 0
    outer loop
      vertex -2.2961005941033363 -5.543277196586132 2
      vertex -2.2961005941033363 -5.543277196586132 3
      vertex -2.565330557525158 -5.423935756087303 3
    endloop
  endfacet
  facet normal -0.5758082067041963 -0.8175848023857204 0
    outer loop
      vertex -3.5741958245635033 -4.8192451894283295 2
      vertex -3.333421401679516 -4.988817676901817 2
      vertex -3.5741958245635033 -4.8192451894283295 3
    endloop
  endfacet
  facet normal -0.5349976166500983 -0.844853567299514 0
    outer loop
      vertex -3.333421401679516 -4.988817676901817 2
      vertex -3.084616467356682 -5.14637166261673 2
      vertex -3.333421401679516 -4.988817676901817 3
    endloop
  endfacet
  facet normal -0.4928981772145518 -0.8700869996147352 0
    outer loop
      vertex -2.8283804208040237 -5.291527584195137 2
      vertex -3.084616467356682 -5.14637166261673 3
      vertex -3.084616467356682 -5.14637166261673 2
    endloop
  endfacet
  facet normal -0.5758082067041963 -0.8175848023857204 0
    outer loop
      vertex -3.333421401679516 -4.988817676901817 2
      vertex -3.333421401679516 -4.988817676901817 3
      vertex -3.5741958245635033 -4.8192451894283295 3
    endloop
  endfacet
  facet normal -0.5349976166500983 -0.844853567299514 0
    outer loop
      vertex -3.084616467356682 -5.14637166261673 2
      vertex -3.084616467356682 -5.14637166261673 3
      vertex -3.333421401679516 -4.988817676901817 3
    endloop
  endfacet
  facet normal -0.4928981772145518 -0.8700869996147352 0
    outer loop
      vertex -2.8283804208040237 -5.291527584195137 2
      vertex -2.8283804208040237 -5.291527584195137 3
      vertex -3.084616467356682 -5.14637166261673 3
    endloop
  endfacet
  facet normal -0.3136817478064191 -0.9495281781459199 0
    outer loop
      vertex -2.0213391184806824 -5.649264387786388 2
      vertex -1.7417080625891685 -5.741642013192177 2
      vertex -2.0213391184806824 -5.649264387786388 3
    endloop
  endfacet
  facet normal -0.26671275257105725 -0.9637760671525154 0
    outer loop
      vertex -1.7417080625891685 -5.741642013192177 2
      vertex -1.4578810781240463 -5.820187516510487 2
      vertex -1.7417080625891685 -5.741642013192177 3
    endloop
  endfacet
  facet normal -0.3598950202221731 -0.932992805127286 0
    outer loop
      vertex -2.2961005941033363 -5.543277196586132 2
      vertex -2.0213391184806824 -5.649264387786388 2
      vertex -2.2961005941033363 -5.543277196586132 3
    endloop
  endfacet
  facet normal -0.21910125277195563 -0.9757021272057161 0
    outer loop
      vertex -1.4578810781240463 -5.820187516510487 2
      vertex -1.1705419346690178 -5.884711682796478 2
      vertex -1.4578810781240463 -5.820187516510487 3
    endloop
  endfacet
  facet normal -0.17096189512774906 -0.9852776412840841 0
    outer loop
      vertex -1.1705419346690178 -5.884711682796478 2
      vertex -0.8803828433156013 -5.935059063136578 2
      vertex -1.1705419346690178 -5.884711682796478 3
    endloop
  endfacet
  facet normal -0.3136817478064191 -0.9495281781459199 0
    outer loop
      vertex -1.7417080625891685 -5.741642013192177 2
      vertex -1.7417080625891685 -5.741642013192177 3
      vertex -2.0213391184806824 -5.649264387786388 3
    endloop
  endfacet
  facet normal -0.3598950202221731 -0.932992805127286 0
    outer loop
      vertex -2.0213391184806824 -5.649264387786388 2
      vertex -2.0213391184806824 -5.649264387786388 3
      vertex -2.2961005941033363 -5.543277196586132 3
    endloop
  endfacet
  facet normal -0.26671275257105725 -0.9637760671525154 0
    outer loop
      vertex -1.4578810781240463 -5.820187516510487 2
      vertex -1.4578810781240463 -5.820187516510487 3
      vertex -1.7417080625891685 -5.741642013192177 3
    endloop
  endfacet
  facet normal -0.21910125277195563 -0.9757021272057161 0
    outer loop
      vertex -1.1705419346690178 -5.884711682796478 2
      vertex -1.1705419346690178 -5.884711682796478 3
      vertex -1.4578810781240463 -5.820187516510487 3
    endloop
  endfacet
  facet normal -0.44961132363905804 -0.893224304223488 0
    outer loop
      vertex -2.8283804208040237 -5.291527584195137 3
      vertex -2.565330557525158 -5.423935756087303 3
      vertex -2.8283804208040237 -5.291527584195137 4
    endloop
  endfacet
  facet normal -0.4052413295799485 -0.9142097487996261 0
    outer loop
      vertex -2.565330557525158 -5.423935756087303 3
      vertex -2.2961005941033363 -5.543277196586132 3
      vertex -2.565330557525158 -5.423935756087303 4
    endloop
  endfacet
  facet normal -0.44961132363905804 -0.893224304223488 0
    outer loop
      vertex -2.565330557525158 -5.423935756087303 3
      vertex -2.565330557525158 -5.423935756087303 4
      vertex -2.8283804208040237 -5.291527584195137 4
    endloop
  endfacet
  facet normal -0.4052413295799485 -0.9142097487996261 0
    outer loop
      vertex -2.2961005941033363 -5.543277196586132 3
      vertex -2.2961005941033363 -5.543277196586132 4
      vertex -2.565330557525158 -5.423935756087303 4
    endloop
  endfacet
  facet normal -0.5758082067041963 -0.8175848023857204 0
    outer loop
      vertex -3.5741958245635033 -4.8192451894283295 3
      vertex -3.333421401679516 -4.988817676901817 3
      vertex -3.5741958245635033 -4.8192451894283295 4
    endloop
  endfacet
  facet normal -0.5349976166500983 -0.844853567299514 0
    outer loop
      vertex -3.333421401679516 -4.988817676901817 3
      vertex -3.084616467356682 -5.14637166261673 3
      vertex -3.333421401679516 -4.988817676901817 4
    endloop
  endfacet
  facet normal -0.4928981772145518 -0.8700869996147352 0
    outer loop
      vertex -2.8283804208040237 -5.291527584195137 3
      vertex -3.084616467356682 -5.14637166261673 4
      vertex -3.084616467356682 -5.14637166261673 3
    endloop
  endfacet
  facet normal -0.5758082067041963 -0.8175848023857204 0
    outer loop
      vertex -3.5741958245635033 -4.8192451894283295 4
      vertex -3.333421401679516 -4.988817676901817 3
      vertex -3.333421401679516 -4.988817676901817 4
    endloop
  endfacet
  facet normal -0.5349976166500983 -0.844853567299514 0
    outer loop
      vertex -3.084616467356682 -5.14637166261673 3
      vertex -3.084616467356682 -5.14637166261673 4
      vertex -3.333421401679516 -4.988817676901817 4
    endloop
  endfacet
  facet normal -0.4928981772145518 -0.8700869996147352 0
    outer loop
      vertex -2.8283804208040237 -5.291527584195137 3
      vertex -2.8283804208040237 -5.291527584195137 4
      vertex -3.084616467356682 -5.14637166261673 4
    endloop
  endfacet
  facet normal -0.3136817478064191 -0.9495281781459199 0
    outer loop
      vertex -2.0213391184806824 -5.649264387786388 3
      vertex -1.7417080625891685 -5.741642013192177 3
      vertex -2.0213391184806824 -5.649264387786388 4
    endloop
  endfacet
  facet normal -0.26671275257105725 -0.9637760671525154 0
    outer loop
      vertex -1.7417080625891685 -5.741642013192177 3
      vertex -1.4578810781240463 -5.820187516510487 3
      vertex -1.7417080625891685 -5.741642013192177 4
    endloop
  endfacet
  facet normal -0.3598950202221731 -0.932992805127286 0
    outer loop
      vertex -2.2961005941033363 -5.543277196586132 3
      vertex -2.0213391184806824 -5.649264387786388 3
      vertex -2.2961005941033363 -5.543277196586132 4
    endloop
  endfacet
  facet normal -0.21910125277195563 -0.9757021272057161 0
    outer loop
      vertex -1.4578810781240463 -5.820187516510487 3
      vertex -1.1705419346690178 -5.884711682796478 3
      vertex -1.4578810781240463 -5.820187516510487 4
    endloop
  endfacet
  facet normal -0.17096189512774906 -0.9852776412840841 0
    outer loop
      vertex -1.1705419346690178 -5.884711682796478 3
      vertex -0.8803828433156013 -5.935059063136578 3
      vertex -1.1705419346690178 -5.884711682796478 4
    endloop
  endfacet
  facet normal -0.3136817478064191 -0.9495281781459199 0
    outer loop
      vertex -1.7417080625891685 -5.741642013192177 3
      vertex -1.7417080625891685 -5.741642013192177 4
      vertex -2.0213391184806824 -5.649264387786388 4
    endloop
  endfacet
  facet normal -0.3598950202221731 -0.932992805127286 0
    outer loop
      vertex -2.0213391184806824 -5.649264387786388 3
      vertex -2.0213391184806824 -5.649264387786388 4
      vertex -2.2961005941033363 -5.543277196586132 4
    endloop
  endfacet
  facet normal -0.26671275257105725 -0.9637760671525154 0
    outer loop
      vertex -1.4578810781240463 -5.820187516510487 3
      vertex -1.4578810781240463 -5.820187516510487 4
      vertex -1.7417080625891685 -5.741642013192177 4
    endloop
  endfacet
  facet normal -0.21910125277195563 -0.9757021272057161 0
    outer loop
      vertex -1.1705419346690178 -5.884711682796478 3
      vertex -1.1705419346690178 -5.884711682796478 4
      vertex -1.4578810781240463 -5.820187516510487 4
    endloop
  endfacet
  facet normal -0.8932243042234883 -0.4496113236390573 0
    outer loop
      vertex -5.423935756087303 -2.565330557525158 0
      vertex -5.291527616769738 -2.828380356089406 0
      vertex -5.423935756087303 -2.565330557525158 1
    endloop
  endfacet
  facet normal 0 0 -1
    outer loop
      vertex -5.423935756087303 -2.565330557525158 0
      vertex -5.54327719506772 -2.296100594190538 0
      vertex -5.291527616769738 -2.828380356089406 0
    endloop
  endfacet
  facet normal 0 0 -1
    outer loop
      vertex -5.423935756087303 -2.565330557525158 0
      vertex -5.543277196586132 -2.2961005941033363 0
      vertex -5.54327719506772 -2.296100594190538 0
    endloop
  endfacet
  facet normal -0.9142097487996261 -0.4052413295799485 0
    outer loop
      vertex -5.423935756087303 -2.565330557525158 0
      vertex -5.543277196586132 -2.2961005941033363 1
      vertex -5.543277196586132 -2.2961005941033363 0
    endloop
  endfacet
  facet normal -0.8700869996147357 -0.4928981772145512 -2.1205831863267715e-16
    outer loop
      vertex -5.14637166261673 -3.084616467356682 0
      vertex -5.291527584195137 -2.8283804208040237 1
      vertex -5.291527549980943 -2.828380481200525 0
    endloop
  endfacet
  facet normal -0.8700869981340785 -0.49289817982827644 0
    outer loop
      vertex -5.291527549980943 -2.828380481200525 0
      vertex -5.291527584195137 -2.8283804208040237 1
      vertex -5.291527584195137 -2.8283804208040237 0
    endloop
  endfacet
  facet normal -0.8932243028392939 -0.4496113263889792 9.066450018299108e-10
    outer loop
      vertex -5.291527584195137 -2.8283804208040237 0
      vertex -5.423935756087303 -2.565330557525158 1
      vertex -5.291527616769738 -2.828380356089406 0
    endloop
  endfacet
  facet normal -0.9142097487996261 -0.4052413295799485 0
    outer loop
      vertex -5.423935756087303 -2.565330557525158 0
      vertex -5.423935756087303 -2.565330557525158 1
      vertex -5.543277196586132 -2.2961005941033363 1
    endloop
  endfacet
  facet normal -0.8700869996147352 -0.4928981772145518 0
    outer loop
      vertex -5.14637166261673 -3.084616467356682 0
      vertex -5.14637166261673 -3.084616467356682 1
      vertex -5.291527584195137 -2.8283804208040237 1
    endloop
  endfacet
  facet normal -0.893224304223488 -0.44961132363905804 0
    outer loop
      vertex -5.291527584195137 -2.8283804208040237 0
      vertex -5.291527584195137 -2.8283804208040237 1
      vertex -5.423935756087303 -2.565330557525158 1
    endloop
  endfacet
  facet normal 0 0 -1
    outer loop
      vertex -5.543277196586132 -2.2961005941033363 0
      vertex -5.649264387786388 -2.0213391184806824 0
      vertex -5.54327719506772 -2.296100594190538 0
    endloop
  endfacet
  facet normal 0 0 -1
    outer loop
      vertex -5.54327719506772 -2.296100594190538 0
      vertex -5.649264387786388 -2.0213391184806824 0
      vertex -5.741641994700239 -1.7417081185650625 0
    endloop
  endfacet
  facet normal -0.932992805127286 -0.3598950202221731 0
    outer loop
      vertex -5.543277196586132 -2.2961005941033363 0
      vertex -5.649264387786388 -2.0213391184806824 1
      vertex -5.649264387786388 -2.0213391184806824 0
    endloop
  endfacet
  facet normal -0.9495281781459196 -0.31368174780642 2.709633975578523e-16
    outer loop
      vertex -5.649264387786388 -2.0213391184806824 0
      vertex -5.741642013192177 -1.7417080625891685 1
      vertex -5.741641994700239 -1.7417081185650625 0
    endloop
  endfacet
  facet normal -0.9495281795790822 -0.3136817434681757 0
    outer loop
      vertex -5.741641994700239 -1.7417081185650625 0
      vertex -5.741642013192177 -1.7417080625891685 1
      vertex -5.741642013192177 -1.7417080625891685 0
    endloop
  endfacet
  facet normal -0.9637760691257095 -0.26671274544085016 -2.178730694623032e-9
    outer loop
      vertex -5.741642013192177 -1.7417080625891685 0
      vertex -5.820187516510487 -1.4578810781240463 1
      vertex -5.741642028330156 -1.741708007887539 0
    endloop
  endfacet
  facet normal -0.9637760671525152 -0.26671275257105864 0
    outer loop
      vertex -5.741642028330156 -1.741708007887539 0
      vertex -5.820187516510487 -1.4578810781240463 1
      vertex -5.820187516510487 -1.4578810781240463 0
    endloop
  endfacet
  facet normal -0.932992805127286 -0.3598950202221731 0
    outer loop
      vertex -5.543277196586132 -2.2961005941033363 0
      vertex -5.543277196586132 -2.2961005941033363 1
      vertex -5.649264387786388 -2.0213391184806824 1
    endloop
  endfacet
  facet normal -0.9495281781459199 -0.3136817478064191 0
    outer loop
      vertex -5.649264387786388 -2.0213391184806824 0
      vertex -5.649264387786388 -2.0213391184806824 1
      vertex -5.741642013192177 -1.7417080625891685 1
    endloop
  endfacet
  facet normal -0.9637760671525154 -0.26671275257105725 0
    outer loop
      vertex -5.741642013192177 -1.7417080625891685 0
      vertex -5.741642013192177 -1.7417080625891685 1
      vertex -5.820187516510487 -1.4578810781240463 1
    endloop
  endfacet
  facet normal -0.893224304223488 -0.44961132363905804 0
    outer loop
      vertex -5.423935756087303 -2.565330557525158 1
      vertex -5.291527584195137 -2.8283804208040237 1
      vertex -5.423935756087303 -2.565330557525158 2
    endloop
  endfacet
  facet normal -0.9142097487996261 -0.4052413295799485 0
    outer loop
      vertex -5.423935756087303 -2.565330557525158 1
      vertex -5.543277196586132 -2.2961005941033363 2
      vertex -5.543277196586132 -2.2961005941033363 1
    endloop
  endfacet
  facet normal -0.8700869996147352 -0.4928981772145518 0
    outer loop
      vertex -5.14637166261673 -3.084616467356682 1
      vertex -5.291527584195137 -2.8283804208040237 2
      vertex -5.291527584195137 -2.8283804208040237 1
    endloop
  endfacet
  facet normal -0.9142097487996261 -0.4052413295799485 0
    outer loop
      vertex -5.423935756087303 -2.565330557525158 1
      vertex -5.423935756087303 -2.565330557525158 2
      vertex -5.543277196586132 -2.2961005941033363 2
    endloop
  endfacet
  facet normal -0.8700869996147352 -0.4928981772145518 0
    outer loop
      vertex -5.14637166261673 -3.084616467356682 1
      vertex -5.14637166261673 -3.084616467356682 2
      vertex -5.291527584195137 -2.8283804208040237 2
    endloop
  endfacet
  facet normal -0.893224304223488 -0.44961132363905804 0
    outer loop
      vertex -5.291527584195137 -2.8283804208040237 1
      vertex -5.291527584195137 -2.8283804208040237 2
      vertex -5.423935756087303 -2.565330557525158 2
    endloop
  endfacet
  facet normal -0.932992805127286 -0.3598950202221731 0
    outer loop
      vertex -5.543277196586132 -2.2961005941033363 1
      vertex -5.649264387786388 -2.0213391184806824 2
      vertex -5.649264387786388 -2.0213391184806824 1
    endloop
  endfacet
  facet normal -0.9495281781459199 -0.3136817478064191 0
    outer loop
      vertex -5.649264387786388 -2.0213391184806824 1
      vertex -5.741642013192177 -1.7417080625891685 2
      vertex -5.741642013192177 -1.7417080625891685 1
    endloop
  endfacet
  facet normal -0.9637760671525154 -0.26671275257105725 0
    outer loop
      vertex -5.741642013192177 -1.7417080625891685 1
      vertex -5.820187516510487 -1.4578810781240463 2
      vertex -5.820187516510487 -1.4578810781240463 1
    endloop
  endfacet
  facet normal -0.932992805127286 -0.3598950202221731 0
    outer loop
      vertex -5.543277196586132 -2.2961005941033363 1
      vertex -5.543277196586132 -2.2961005941033363 2
      vertex -5.649264387786388 -2.0213391184806824 2
    endloop
  endfacet
  facet normal -0.9495281781459199 -0.3136817478064191 0
    outer loop
      vertex -5.649264387786388 -2.0213391184806824 1
      vertex -5.649264387786388 -2.0213391184806824 2
      vertex -5.741642013192177 -1.7417080625891685 2
    endloop
  endfacet
  facet normal -0.9637760671525154 -0.26671275257105725 0
    outer loop
      vertex -5.741642013192177 -1.7417080625891685 1
      vertex -5.741642013192177 -1.7417080625891685 2
      vertex -5.820187516510487 -1.4578810781240463 2
    endloop
  endfacet
  facet normal 0 0 -1
    outer loop
      vertex -5.741642028330156 -1.741708007887539 0
      vertex -5.820187516510487 -1.4578810781240463 0
      vertex -5.884711682796478 -1.1705419346690178 0
    endloop
  endfacet
  facet normal 0 0 -1
    outer loop
      vertex -5.741642028330156 -1.741708007887539 0
      vertex -5.884711682796478 -1.1705419346690178 0
      vertex -5.884711682419383 -1.1705419320967692 0
    endloop
  endfacet
  facet normal -0.9757021272057161 -0.21910125277195563 0
    outer loop
      vertex -5.820187516510487 -1.4578810781240463 0
      vertex -5.884711682796478 -1.1705419346690178 1
      vertex -5.884711682796478 -1.1705419346690178 0
    endloop
  endfacet
  facet normal 0 0 -1
    outer loop
      vertex -5.884711682796478 -1.1705419346690178 0
      vertex -5.935059063136578 -0.8803828433156013 0
      vertex -5.884711682419383 -1.1705419320967692 0
    endloop
  endfacet
  facet normal 0 0 -1
    outer loop
      vertex -5.884711682419383 -1.1705419320967692 0
      vertex -5.935059063136578 -0.8803828433156013 0
      vertex -5.971108360033181 -0.5881028419773633 0
    endloop
  endfacet
  facet normal -0.9852776412840841 -0.17096189512774906 0
    outer loop
      vertex -5.884711682796478 -1.1705419346690178 0
      vertex -5.935059063136578 -0.8803828433156013 1
      vertex -5.935059063136578 -0.8803828433156013 0
    endloop
  endfacet
  facet normal -0.9757021272057161 -0.21910125277195563 0
    outer loop
      vertex -5.820187516510487 -1.4578810781240463 0
      vertex -5.820187516510487 -1.4578810781240463 1
      vertex -5.884711682796478 -1.1705419346690178 1
    endloop
  endfacet
  facet normal -0.9852776412840841 -0.17096189512774906 0
    outer loop
      vertex -5.884711682796478 -1.1705419346690178 0
      vertex -5.884711682796478 -1.1705419346690178 1
      vertex -5.935059063136578 -0.8803828433156013 1
    endloop
  endfacet
  facet normal -0.9924795350685145 -0.12241067139014121 0
    outer loop
      vertex -5.935059063136578 -0.8803828433156013 0
      vertex -5.935059063136578 -0.8803828433156013 1
      vertex -5.971108362078667 -0.5881028398871422 1
    endloop
  endfacet
  facet normal 0 0 -1
    outer loop
      vertex -5.935059063136578 -0.8803828433156013 0
      vertex -5.971108362078667 -0.5881028398871422 0
      vertex -5.971108360033181 -0.5881028419773633 0
    endloop
  endfacet
  facet normal 0 0 -1
    outer loop
      vertex -5.971108362078667 -0.5881028398871422 0
      vertex -5.992772735655308 -0.2944060489535332 0
      vertex -5.971108360033181 -0.5881028419773633 0
    endloop
  endfacet
  facet normal -0.9924795350685145 -0.12241067139014121 0
    outer loop
      vertex -5.935059063136578 -0.8803828433156013 0
      vertex -5.971108362078667 -0.5881028398871422 1
      vertex -5.971108362078667 -0.5881028398871422 0
    endloop
  endfacet
  facet normal -0.997290457487477 -0.07356455263521083 0
    outer loop
      vertex -5.971108362078667 -0.5881028398871422 0
      vertex -5.992772735655308 -0.2944060489535332 1
      vertex -5.992772735655308 -0.2944060489535332 0
    endloop
  endfacet
  facet normal 0 0 -1
    outer loop
      vertex -5.971108360033181 -0.5881028419773633 0
      vertex -5.992772735655308 -0.2944060489535332 0
      vertex -6 3.6739403974420594e-16 0
    endloop
  endfacet
  facet normal -0.999698818571046 -0.024541233621289526 -8.835761097533614e-18
    outer loop
      vertex -5.992772735655308 -0.2944060489535332 0
      vertex -6 0 1
      vertex -6 3.6739403974420594e-16 0
    endloop
  endfacet
  facet normal -0.997290457487477 -0.07356455263521083 0
    outer loop
      vertex -5.971108362078667 -0.5881028398871422 0
      vertex -5.971108362078667 -0.5881028398871422 1
      vertex -5.992772735655308 -0.2944060489535332 1
    endloop
  endfacet
  facet normal -0.999698818571046 -0.024541233621289557 0
    outer loop
      vertex -5.992772735655308 -0.2944060489535332 0
      vertex -5.992772735655308 -0.2944060489535332 1
      vertex -6 0 1
    endloop
  endfacet
  facet normal -0.9757021272057161 -0.21910125277195563 0
    outer loop
      vertex -5.820187516510487 -1.4578810781240463 1
      vertex -5.884711682796478 -1.1705419346690178 2
      vertex -5.884711682796478 -1.1705419346690178 1
    endloop
  endfacet
  facet normal -0.9852776412840841 -0.17096189512774906 0
    outer loop
      vertex -5.884711682796478 -1.1705419346690178 1
      vertex -5.935059063136578 -0.8803828433156013 2
      vertex -5.935059063136578 -0.8803828433156013 1
    endloop
  endfacet
  facet normal -0.9757021272057161 -0.21910125277195563 0
    outer loop
      vertex -5.820187516510487 -1.4578810781240463 1
      vertex -5.820187516510487 -1.4578810781240463 2
      vertex -5.884711682796478 -1.1705419346690178 2
    endloop
  endfacet
  facet normal -0.9852776412840841 -0.17096189512774906 0
    outer loop
      vertex -5.884711682796478 -1.1705419346690178 1
      vertex -5.884711682796478 -1.1705419346690178 2
      vertex -5.935059063136578 -0.8803828433156013 2
    endloop
  endfacet
  facet normal -0.9924795350685145 -0.12241067139014121 0
    outer loop
      vertex -5.935059063136578 -0.8803828433156013 1
      vertex -5.935059063136578 -0.8803828433156013 2
      vertex -5.971108362078667 -0.5881028398871422 2
    endloop
  endfacet
  facet normal -0.9924795350685145 -0.12241067139014121 0
    outer loop
      vertex -5.935059063136578 -0.8803828433156013 1
      vertex -5.971108362078667 -0.5881028398871422 2
      vertex -5.971108362078667 -0.5881028398871422 1
    endloop
  endfacet
  facet normal -0.997290457487477 -0.07356455263521083 0
    outer loop
      vertex -5.971108362078667 -0.5881028398871422 1
      vertex -5.992772735655308 -0.2944060489535332 2
      vertex -5.992772735655308 -0.2944060489535332 1
    endloop
  endfacet
  facet normal -0.999698818571046 -0.024541233621289557 0
    outer loop
      vertex -5.992772735655308 -0.2944060489535332 1
      vertex -6 0 2
      vertex -6 0 1
    endloop
  endfacet
  facet normal -0.997290457487477 -0.07356455263521083 0
    outer loop
      vertex -5.971108362078667 -0.5881028398871422 1
      vertex -5.971108362078667 -0.5881028398871422 2
      vertex -5.992772735655308 -0.2944060489535332 2
    endloop
  endfacet
  facet normal -0.999698818571046 -0.024541233621289557 0
    outer loop
      vertex -5.992772735655308 -0.2944060489535332 1
      vertex -5.992772735655308 -0.2944060489535332 2
      vertex -6 0 2
    endloop
  endfacet
  facet normal -0.893224304223488 -0.44961132363905804 0
    outer loop
      vertex -5.423935756087303 -2.565330557525158 2
      vertex -5.291527584195137 -2.8283804208040237 2
      vertex -5.423935756087303 -2.565330557525158 3
    endloop
  endfacet
  facet normal -0.9142097487996261 -0.4052413295799485 0
    outer loop
      vertex -5.423935756087303 -2.565330557525158 2
      vertex -5.543277196586132 -2.2961005941033363 3
      vertex -5.543277196586132 -2.2961005941033363 2
    endloop
  endfacet
  facet normal -0.8700869996147352 -0.4928981772145518 0
    outer loop
      vertex -5.14637166261673 -3.084616467356682 2
      vertex -5.291527584195137 -2.8283804208040237 3
      vertex -5.291527584195137 -2.8283804208040237 2
    endloop
  endfacet
  facet normal -0.9142097487996261 -0.4052413295799485 0
    outer loop
      vertex -5.423935756087303 -2.565330557525158 2
      vertex -5.423935756087303 -2.565330557525158 3
      vertex -5.543277196586132 -2.2961005941033363 3
    endloop
  endfacet
  facet normal -0.8700869996147352 -0.4928981772145518 0
    outer loop
      vertex -5.14637166261673 -3.084616467356682 2
      vertex -5.14637166261673 -3.084616467356682 3
      vertex -5.291527584195137 -2.8283804208040237 3
    endloop
  endfacet
  facet normal -0.893224304223488 -0.44961132363905804 0
    outer loop
      vertex -5.291527584195137 -2.8283804208040237 2
      vertex -5.291527584195137 -2.8283804208040237 3
      vertex -5.423935756087303 -2.565330557525158 3
    endloop
  endfacet
  facet normal -0.932992805127286 -0.3598950202221731 0
    outer loop
      vertex -5.543277196586132 -2.2961005941033363 2
      vertex -5.649264387786388 -2.0213391184806824 3
      vertex -5.649264387786388 -2.0213391184806824 2
    endloop
  endfacet
  facet normal -0.9495281781459199 -0.3136817478064191 0
    outer loop
      vertex -5.649264387786388 -2.0213391184806824 2
      vertex -5.741642013192177 -1.7417080625891685 3
      vertex -5.741642013192177 -1.7417080625891685 2
    endloop
  endfacet
  facet normal -0.9637760671525154 -0.26671275257105725 0
    outer loop
      vertex -5.741642013192177 -1.7417080625891685 2
      vertex -5.820187516510487 -1.4578810781240463 3
      vertex -5.820187516510487 -1.4578810781240463 2
    endloop
  endfacet
  facet normal -0.932992805127286 -0.3598950202221731 0
    outer loop
      vertex -5.543277196586132 -2.2961005941033363 2
      vertex -5.543277196586132 -2.2961005941033363 3
      vertex -5.649264387786388 -2.0213391184806824 3
    endloop
  endfacet
  facet normal -0.9495281781459199 -0.3136817478064191 0
    outer loop
      vertex -5.649264387786388 -2.0213391184806824 2
      vertex -5.649264387786388 -2.0213391184806824 3
      vertex -5.741642013192177 -1.7417080625891685 3
    endloop
  endfacet
  facet normal -0.9637760671525154 -0.26671275257105725 0
    outer loop
      vertex -5.741642013192177 -1.7417080625891685 2
      vertex -5.741642013192177 -1.7417080625891685 3
      vertex -5.820187516510487 -1.4578810781240463 3
    endloop
  endfacet
  facet normal -0.893224304223488 -0.44961132363905804 0
    outer loop
      vertex -5.423935756087303 -2.565330557525158 3
      vertex -5.291527584195137 -2.8283804208040237 3
      vertex -5.423935756087303 -2.565330557525158 4
    endloop
  endfacet
  facet normal -0.9142097487996261 -0.4052413295799485 0
    outer loop
      vertex -5.423935756087303 -2.565330557525158 3
      vertex -5.543277196586132 -2.2961005941033363 4
      vertex -5.543277196586132 -2.2961005941033363 3
    endloop
  endfacet
  facet normal -0.8700869996147352 -0.4928981772145518 0
    outer loop
      vertex -5.14637166261673 -3.084616467356682 3
      vertex -5.291527584195137 -2.8283804208040237 4
      vertex -5.291527584195137 -2.8283804208040237 3
    endloop
  endfacet
  facet normal -0.9142097487996261 -0.4052413295799485 0
    outer loop
      vertex -5.423935756087303 -2.565330557525158 3
      vertex -5.423935756087303 -2.565330557525158 4
      vertex -5.543277196586132 -2.2961005941033363 4
    endloop
  endfacet
  facet normal -0.8700869996147352 -0.4928981772145518 0
    outer loop
      vertex -5.14637166261673 -3.084616467356682 3
      vertex -5.14637166261673 -3.084616467356682 4
      vertex -5.291527584195137 -2.8283804208040237 4
    endloop
  endfacet
  facet normal -0.893224304223488 -0.44961132363905804 0
    outer loop
      vertex -5.291527584195137 -2.8283804208040237 3
      vertex -5.291527584195137 -2.8283804208040237 4
      vertex -5.423935756087303 -2.565330557525158 4
    endloop
  endfacet
  facet normal -0.932992805127286 -0.3598950202221731 0
    outer loop
      vertex -5.543277196586132 -2.2961005941033363 3
      vertex -5.649264387786388 -2.0213391184806824 4
      vertex -5.649264387786388 -2.0213391184806824 3
    endloop
  endfacet
  facet normal -0.9495281781459199 -0.3136817478064191 0
    outer loop
      vertex -5.649264387786388 -2.0213391184806824 3
      vertex -5.741642013192177 -1.7417080625891685 4
      vertex -5.741642013192177 -1.7417080625891685 3
    endloop
  endfacet
  facet normal -0.9637760671525154 -0.26671275257105725 0
    outer loop
      vertex -5.741642013192177 -1.7417080625891685 3
      vertex -5.820187516510487 -1.4578810781240463 4
      vertex -5.820187516510487 -1.4578810781240463 3
    endloop
  endfacet
  facet normal -0.932992805127286 -0.3598950202221731 0
    outer loop
      vertex -5.543277196586132 -2.2961005941033363 3
      vertex -5.543277196586132 -2.2961005941033363 4
      vertex -5.649264387786388 -2.0213391184806824 4
    endloop
  endfacet
  facet normal -0.9495281781459199 -0.3136817478064191 0
    outer loop
      vertex -5.649264387786388 -2.0213391184806824 3
      vertex -5.649264387786388 -2.0213391184806824 4
      vertex -5.741642013192177 -1.7417080625891685 4
    endloop
  endfacet
  facet normal -0.9637760671525154 -0.26671275257105725 0
    outer loop
      vertex -5.741642013192177 -1.7417080625891685 3
      vertex -5.741642013192177 -1.7417080625891685 4
      vertex -5.820187516510487 -1.4578810781240463 4
    endloop
  endfacet
  facet normal 0 0 1
    outer loop
      vertex -5.423935756087303 -2.565330557525158 4
      vertex -1.308367898761163 -1.9581109369724936 4
      vertex -5.543277196586132 -2.2961005941033363 4
    endloop
  endfacet
  facet normal 0 0 1
    outer loop
      vertex -5.543277196586132 -2.2961005941033363 4
      vertex -1.6652364696943192 -1.6652364696943192 4
      vertex -5.649264387786388 -2.0213391184806824 4
    endloop
  endfacet
  facet normal 0 0 1
    outer loop
      vertex -5.649264387786388 -2.0213391184806824 4
      vertex -1.9581109369724936 -1.3083678987611627 4
      vertex -5.741642013192177 -1.7417080625891685 4
    endloop
  endfacet
  facet normal -0.9757021272057161 -0.21910125277195563 0
    outer loop
      vertex -5.820187516510487 -1.4578810781240463 2
      vertex -5.884711682796478 -1.1705419346690178 3
      vertex -5.884711682796478 -1.1705419346690178 2
    endloop
  endfacet
  facet normal -0.9852776412840841 -0.17096189512774906 0
    outer loop
      vertex -5.884711682796478 -1.1705419346690178 2
      vertex -5.935059063136578 -0.8803828433156013 3
      vertex -5.935059063136578 -0.8803828433156013 2
    endloop
  endfacet
  facet normal -0.9757021272057161 -0.21910125277195563 0
    outer loop
      vertex -5.820187516510487 -1.4578810781240463 2
      vertex -5.820187516510487 -1.4578810781240463 3
      vertex -5.884711682796478 -1.1705419346690178 3
    endloop
  endfacet
  facet normal -0.9852776412840841 -0.17096189512774906 0
    outer loop
      vertex -5.884711682796478 -1.1705419346690178 2
      vertex -5.884711682796478 -1.1705419346690178 3
      vertex -5.935059063136578 -0.8803828433156013 3
    endloop
  endfacet
  facet normal -0.9924795350685145 -0.12241067139014121 0
    outer loop
      vertex -5.935059063136578 -0.8803828433156013 2
      vertex -5.935059063136578 -0.8803828433156013 3
      vertex -5.971108362078667 -0.5881028398871422 3
    endloop
  endfacet
  facet normal -0.9924795350685145 -0.12241067139014121 0
    outer loop
      vertex -5.935059063136578 -0.8803828433156013 2
      vertex -5.971108362078667 -0.5881028398871422 3
      vertex -5.971108362078667 -0.5881028398871422 2
    endloop
  endfacet
  facet normal -0.997290457487477 -0.07356455263521083 0
    outer loop
      vertex -5.971108362078667 -0.5881028398871422 2
      vertex -5.992772735655308 -0.2944060489535332 3
      vertex -5.992772735655308 -0.2944060489535332 2
    endloop
  endfacet
  facet normal -0.999698818571046 -0.024541233621289557 0
    outer loop
      vertex -5.992772735655308 -0.2944060489535332 2
      vertex -6 0 3
      vertex -6 0 2
    endloop
  endfacet
  facet normal -0.997290457487477 -0.07356455263521083 0
    outer loop
      vertex -5.971108362078667 -0.5881028398871422 2
      vertex -5.971108362078667 -0.5881028398871422 3
      vertex -5.992772735655308 -0.2944060489535332 3
    endloop
  endfacet
  facet normal -0.999698818571046 -0.024541233621289557 0
    outer loop
      vertex -5.992772735655308 -0.2944060489535332 2
      vertex -5.992772735655308 -0.2944060489535332 3
      vertex -6 0 3
    endloop
  endfacet
  facet normal -0.9757021272057161 -0.21910125277195563 0
    outer loop
      vertex -5.820187516510487 -1.4578810781240463 3
      vertex -5.884711682796478 -1.1705419346690178 4
      vertex -5.884711682796478 -1.1705419346690178 3
    endloop
  endfacet
  facet normal -0.9852776412840841 -0.17096189512774906 0
    outer loop
      vertex -5.884711682796478 -1.1705419346690178 3
      vertex -5.935059063136578 -0.8803828433156013 4
      vertex -5.935059063136578 -0.8803828433156013 3
    endloop
  endfacet
  facet normal -0.9757021272057161 -0.21910125277195563 0
    outer loop
      vertex -5.820187516510487 -1.4578810781240463 3
      vertex -5.820187516510487 -1.4578810781240463 4
      vertex -5.884711682796478 -1.1705419346690178 4
    endloop
  endfacet
  facet normal -0.9852776412840841 -0.17096189512774906 0
    outer loop
      vertex -5.884711682796478 -1.1705419346690178 3
      vertex -5.884711682796478 -1.1705419346690178 4
      vertex -5.935059063136578 -0.8803828433156013 4
    endloop
  endfacet
  facet normal -0.9924795350685145 -0.12241067139014121 0
    outer loop
      vertex -5.935059063136578 -0.8803828433156013 3
      vertex -5.935059063136578 -0.8803828433156013 4
      vertex -5.971108362078667 -0.5881028398871422 4
    endloop
  endfacet
  facet normal -0.9924795350685145 -0.12241067139014121 0
    outer loop
      vertex -5.935059063136578 -0.8803828433156013 3
      vertex -5.971108362078667 -0.5881028398871422 4
      vertex -5.971108362078667 -0.5881028398871422 3
    endloop
  endfacet
  facet normal -0.997290457487477 -0.07356455263521083 0
    outer loop
      vertex -5.971108362078667 -0.5881028398871422 3
      vertex -5.992772735655308 -0.2944060489535332 4
      vertex -5.992772735655308 -0.2944060489535332 3
    endloop
  endfacet
  facet normal -0.999698818571046 -0.024541233621289557 0
    outer loop
      vertex -5.992772735655308 -0.2944060489535332 3
      vertex -6 0 4
      vertex -6 0 3
    endloop
  endfacet
  facet normal -0.997290457487477 -0.07356455263521083 0
    outer loop
      vertex -5.971108362078667 -0.5881028398871422 3
      vertex -5.971108362078667 -0.5881028398871422 4
      vertex -5.992772735655308 -0.2944060489535332 4
    endloop
  endfacet
  facet normal -0.999698818571046 -0.024541233621289557 0
    outer loop
      vertex -5.992772735655308 -0.2944060489535332 3
      vertex -5.992772735655308 -0.2944060489535332 4
      vertex -6 0 4
    endloop
  endfacet
  facet normal 0 0 1
    outer loop
      vertex -5.971108362078667 -0.5881028398871422 4
      vertex -2.3549999999999995 1.442021605996008e-16 4
      vertex -5.992772735655308 -0.2944060489535332 4
    endloop
  endfacet
  facet normal 0 0 1
    outer loop
      vertex -5.992772735655308 -0.2944060489535332 4
      vertex -2.3549999999999995 1.442021605996008e-16 4
      vertex -6 0 4
    endloop
  endfacet
  facet normal 0 0 1
    outer loop
      vertex -5.741642013192177 -1.7417080625891685 4
      vertex -2.0769245775403755 -1.110139315225224 4
      vertex -5.820187516510487 -1.4578810781240463 4
    endloop
  endfacet
  facet normal 0 0 1
    outer loop
      vertex -5.820187516510487 -1.4578810781240463 4
      vertex -2.2535944906493515 -0.6836204149342585 4
      vertex -5.884711682796478 -1.1705419346690178 4
    endloop
  endfacet
  facet normal 0 0 1
    outer loop
      vertex -5.884711682796478 -1.1705419346690178 4
      vertex -2.3097493353496072 -0.45943770834798175 4
      vertex -5.935059063136578 -0.8803828433156013 4
    endloop
  endfacet
  facet normal 0 0 1
    outer loop
      vertex -5.935059063136578 -0.8803828433156013 4
      vertex -2.343660031313177 -0.23083036547299088 4
      vertex -5.971108362078667 -0.5881028398871422 4
    endloop
  endfacet
  facet normal 0 0 1
    outer loop
      vertex -5.935059063136578 -0.8803828433156013 4
      vertex -2.3097493353496072 -0.45943770834798175 4
      vertex -2.343660031313177 -0.23083036547299088 4
    endloop
  endfacet
  facet normal 0 0 1
    outer loop
      vertex -5.971108362078667 -0.5881028398871422 4
      vertex -2.343660031313177 -0.23083036547299088 4
      vertex -2.3549999999999995 1.442021605996008e-16 4
    endloop
  endfacet
  facet normal 0 0 1
    outer loop
      vertex -5.423935756087303 -2.565330557525158 4
      vertex -0.9012194832197864 -2.17573629906408 4
      vertex -1.1101393152252244 -2.0769245775403755 4
    endloop
  endfacet
  facet normal 0 0 1
    outer loop
      vertex -5.423935756087303 -2.565330557525158 4
      vertex -0.6836204149342587 -2.2535944906493515 4
      vertex -0.9012194832197864 -2.17573629906408 4
    endloop
  endfacet
  facet normal 0 0 1
    outer loop
      vertex -5.543277196586132 -2.2961005941033363 4
      vertex -1.493996184205385 -1.8204396176692452 4
      vertex -1.6652364696943192 -1.6652364696943192 4
    endloop
  endfacet
  facet normal 0 0 1
    outer loop
      vertex -5.649264387786388 -2.0213391184806824 4
      vertex -1.6652364696943192 -1.6652364696943192 4
      vertex -1.8204396176692452 -1.4939961842053846 4
    endloop
  endfacet
  facet normal 0 0 1
    outer loop
      vertex -5.649264387786388 -2.0213391184806824 4
      vertex -1.8204396176692452 -1.4939961842053846 4
      vertex -1.9581109369724936 -1.3083678987611627 4
    endloop
  endfacet
  facet normal 0 0 1
    outer loop
      vertex -5.423935756087303 -2.565330557525158 4
      vertex -1.1101393152252244 -2.0769245775403755 4
      vertex -1.308367898761163 -1.9581109369724936 4
    endloop
  endfacet
  facet normal 0 0 1
    outer loop
      vertex -5.543277196586132 -2.2961005941033363 4
      vertex -1.308367898761163 -1.9581109369724936 4
      vertex -1.493996184205385 -1.8204396176692452 4
    endloop
  endfacet
  facet normal 0 0 1
    outer loop
      vertex -5.423935756087303 -2.565330557525158 4
      vertex -0.4594377083479821 -2.3097493353496072 4
      vertex -0.6836204149342587 -2.2535944906493515 4
    endloop
  endfacet
  facet normal 0 0 1
    outer loop
      vertex -5.423935756087303 -2.565330557525158 4
      vertex -0.23083036547611532 -2.343660031313023 4
      vertex -0.4594377083479821 -2.3097493353496072 4
    endloop
  endfacet
  facet normal 0 0 1
    outer loop
      vertex -5.423935756087303 -2.565330557525158 4
      vertex -1.442021605996008e-16 -2.3549999999999995 4
      vertex -0.23083036547611532 -2.343660031313023 4
    endloop
  endfacet
  facet normal 0 0 1
    outer loop
      vertex -5.741642013192177 -1.7417080625891685 4
      vertex -1.9581109369724936 -1.3083678987611627 4
      vertex -2.0769245775403755 -1.110139315225224 4
    endloop
  endfacet
  facet normal 0 0 1
    outer loop
      vertex -5.820187516510487 -1.4578810781240463 4
      vertex -2.0769245775403755 -1.110139315225224 4
      vertex -2.17573629906408 -0.9012194832197862 4
    endloop
  endfacet
  facet normal 0 0 1
    outer loop
      vertex -5.820187516510487 -1.4578810781240463 4
      vertex -2.17573629906408 -0.9012194832197862 4
      vertex -2.2535944906493515 -0.6836204149342585 4
    endloop
  endfacet
  facet normal 0 0 1
    outer loop
      vertex -5.884711682796478 -1.1705419346690178 4
      vertex -2.2535944906493515 -0.6836204149342585 4
      vertex -2.3097493353496072 -0.45943770834798175 4
    endloop
  endfacet
  facet normal 0 0 -1
    outer loop
      vertex -1.1705419346690178 -5.884711682796478 0
      vertex -1.17054193209677 -5.884711682419383 0
      vertex -0.588102841977364 -5.971108360033181 0
    endloop
  endfacet
  facet normal 0 0 -1
    outer loop
      vertex -1.1705419346690178 -5.884711682796478 0
      vertex -0.588102841977364 -5.971108360033181 0
      vertex -0.8803828433156013 -5.935059063136578 0
    endloop
  endfacet
  facet normal 0 0 -1
    outer loop
      vertex -0.8803828433156013 -5.935059063136578 0
      vertex -0.588102841977364 -5.971108360033181 0
      vertex -0.5881028398871422 -5.971108362078667 0
    endloop
  endfacet
  facet normal 0 0 -1
    outer loop
      vertex -0.5881028398871422 -5.971108362078667 0
      vertex -0.588102841977364 -5.971108360033181 0
      vertex -3.6739403974420594e-16 -6 0
    endloop
  endfacet
  facet normal -0.12241067139014121 -0.9924795350685145 0
    outer loop
      vertex -0.8803828433156013 -5.935059063136578 0
      vertex -0.5881028398871422 -5.971108362078667 0
      vertex -0.8803828433156013 -5.935059063136578 1
    endloop
  endfacet
  facet normal -0.07356455263521083 -0.997290457487477 0
    outer loop
      vertex -0.5881028398871422 -5.971108362078667 0
      vertex -0.2944060489535332 -5.992772735655308 0
      vertex -0.5881028398871422 -5.971108362078667 1
    endloop
  endfacet
  facet normal 0 0 -1
    outer loop
      vertex -0.5881028398871422 -5.971108362078667 0
      vertex -3.6739403974420594e-16 -6 0
      vertex -0.2944060489535332 -5.992772735655308 0
    endloop
  endfacet
  facet normal -0.024541233621289592 -0.999698818571046 0
    outer loop
      vertex -0.2944060489535332 -5.992772735655308 0
      vertex -3.6739403974420594e-16 -6 0
      vertex -0.2944060489535332 -5.992772735655308 1
    endloop
  endfacet
  facet normal -0.17096189512774906 -0.9852776412840841 0
    outer loop
      vertex -0.8803828433156013 -5.935059063136578 0
      vertex -0.8803828433156013 -5.935059063136578 1
      vertex -1.1705419346690178 -5.884711682796478 1
    endloop
  endfacet
  facet normal -0.12241067139014121 -0.9924795350685145 0
    outer loop
      vertex -0.5881028398871422 -5.971108362078667 0
      vertex -0.5881028398871422 -5.971108362078667 1
      vertex -0.8803828433156013 -5.935059063136578 1
    endloop
  endfacet
  facet normal -0.07356455263521083 -0.997290457487477 0
    outer loop
      vertex -0.2944060489535332 -5.992772735655308 0
      vertex -0.2944060489535332 -5.992772735655308 1
      vertex -0.5881028398871422 -5.971108362078667 1
    endloop
  endfacet
  facet normal -0.024541233621289557 -0.999698818571046 9.016302960431899e-18
    outer loop
      vertex -3.6739403974420594e-16 -6 0
      vertex 0 -6 1
      vertex -0.2944060489535332 -5.992772735655308 1
    endloop
  endfacet
  facet normal -0.12241067139014121 -0.9924795350685145 0
    outer loop
      vertex -0.8803828433156013 -5.935059063136578 1
      vertex -0.5881028398871422 -5.971108362078667 1
      vertex -0.8803828433156013 -5.935059063136578 2
    endloop
  endfacet
  facet normal -0.07356455263521083 -0.997290457487477 0
    outer loop
      vertex -0.5881028398871422 -5.971108362078667 1
      vertex -0.2944060489535332 -5.992772735655308 1
      vertex -0.5881028398871422 -5.971108362078667 2
    endloop
  endfacet
  facet normal -0.024541233621289557 -0.999698818571046 0
    outer loop
      vertex -0.2944060489535332 -5.992772735655308 1
      vertex 0 -6 1
      vertex -0.2944060489535332 -5.992772735655308 2
    endloop
  endfacet
  facet normal -0.17096189512774906 -0.9852776412840841 0
    outer loop
      vertex -1.1705419346690178 -5.884711682796478 2
      vertex -0.8803828433156013 -5.935059063136578 1
      vertex -0.8803828433156013 -5.935059063136578 2
    endloop
  endfacet
  facet normal -0.12241067139014121 -0.9924795350685145 0
    outer loop
      vertex -0.5881028398871422 -5.971108362078667 1
      vertex -0.5881028398871422 -5.971108362078667 2
      vertex -0.8803828433156013 -5.935059063136578 2
    endloop
  endfacet
  facet normal -0.07356455263521083 -0.997290457487477 0
    outer loop
      vertex -0.2944060489535332 -5.992772735655308 1
      vertex -0.2944060489535332 -5.992772735655308 2
      vertex -0.5881028398871422 -5.971108362078667 2
    endloop
  endfacet
  facet normal -0.024541233621289557 -0.999698818571046 0
    outer loop
      vertex 0 -6 1
      vertex 0 -6 2
      vertex -0.2944060489535332 -5.992772735655308 2
    endloop
  endfacet
  facet normal 0 -1 0
    outer loop
      vertex -3.6739403974420594e-16 -6 0
      vertex 8 -6 0
      vertex 0 -6 1
    endloop
  endfacet
  facet normal 0 0 -1
    outer loop
      vertex -3.6739403974420594e-16 -6 0
      vertex 0.5881028419773633 -5.971108360033181 0
      vertex 8.880382843315601 -5.935059063136578 0
    endloop
  endfacet
  facet normal 0 0 -1
    outer loop
      vertex 0.5881028419773633 -5.971108360033181 0
      vertex 1.1705419320967692 -5.884711682419383 0
      vertex 9.170541934669018 -5.884711682796478 0
    endloop
  endfacet
  facet normal 0 -1 0
    outer loop
      vertex 0 -6 1
      vertex 8 -6 1
      vertex 0 -6 2
    endloop
  endfacet
  facet normal -0.12241067139014121 -0.9924795350685145 0
    outer loop
      vertex -0.8803828433156013 -5.935059063136578 2
      vertex -0.5881028398871422 -5.971108362078667 2
      vertex -0.8803828433156013 -5.935059063136578 3
    endloop
  endfacet
  facet normal -0.07356455263521083 -0.997290457487477 0
    outer loop
      vertex -0.5881028398871422 -5.971108362078667 2
      vertex -0.2944060489535332 -5.992772735655308 2
      vertex -0.5881028398871422 -5.971108362078667 3
    endloop
  endfacet
  facet normal -0.024541233621289557 -0.999698818571046 0
    outer loop
      vertex -0.2944060489535332 -5.992772735655308 2
      vertex 0 -6 2
      vertex -0.2944060489535332 -5.992772735655308 3
    endloop
  endfacet
  facet normal -0.17096189512774906 -0.9852776412840841 0
    outer loop
      vertex -1.1705419346690178 -5.884711682796478 3
      vertex -0.8803828433156013 -5.935059063136578 2
      vertex -0.8803828433156013 -5.935059063136578 3
    endloop
  endfacet
  facet normal -0.12241067139014121 -0.9924795350685145 0
    outer loop
      vertex -0.5881028398871422 -5.971108362078667 2
      vertex -0.5881028398871422 -5.971108362078667 3
      vertex -0.8803828433156013 -5.935059063136578 3
    endloop
  endfacet
  facet normal -0.07356455263521083 -0.997290457487477 0
    outer loop
      vertex -0.2944060489535332 -5.992772735655308 2
      vertex -0.2944060489535332 -5.992772735655308 3
      vertex -0.5881028398871422 -5.971108362078667 3
    endloop
  endfacet
  facet normal -0.024541233621289557 -0.999698818571046 0
    outer loop
      vertex 0 -6 2
      vertex 0 -6 3
      vertex -0.2944060489535332 -5.992772735655308 3
    endloop
  endfacet
  facet normal -0.12241067139014121 -0.9924795350685145 0
    outer loop
      vertex -0.8803828433156013 -5.935059063136578 3
      vertex -0.5881028398871422 -5.971108362078667 3
      vertex -0.8803828433156013 -5.935059063136578 4
    endloop
  endfacet
  facet normal -0.07356455263521083 -0.997290457487477 0
    outer loop
      vertex -0.5881028398871422 -5.971108362078667 3
      vertex -0.2944060489535332 -5.992772735655308 3
      vertex -0.5881028398871422 -5.971108362078667 4
    endloop
  endfacet
  facet normal -0.024541233621289557 -0.999698818571046 0
    outer loop
      vertex -0.2944060489535332 -5.992772735655308 3
      vertex 0 -6 3
      vertex -0.2944060489535332 -5.992772735655308 4
    endloop
  endfacet
  facet normal -0.17096189512774906 -0.9852776412840841 0
    outer loop
      vertex -1.1705419346690178 -5.884711682796478 4
      vertex -0.8803828433156013 -5.935059063136578 3
      vertex -0.8803828433156013 -5.935059063136578 4
    endloop
  endfacet
  facet normal -0.12241067139014121 -0.9924795350685145 0
    outer loop
      vertex -0.5881028398871422 -5.971108362078667 3
      vertex -0.5881028398871422 -5.971108362078667 4
      vertex -0.8803828433156013 -5.935059063136578 4
    endloop
  endfacet
  facet normal -0.07356455263521083 -0.997290457487477 0
    outer loop
      vertex -0.2944060489535332 -5.992772735655308 3
      vertex -0.2944060489535332 -5.992772735655308 4
      vertex -0.5881028398871422 -5.971108362078667 4
    endloop
  endfacet
  facet normal -0.024541233621289557 -0.999698818571046 0
    outer loop
      vertex 0 -6 3
      vertex 0 -6 4
      vertex -0.2944060489535332 -5.992772735655308 4
    endloop
  endfacet
  facet normal 0 0 1
    outer loop
      vertex -4.2426406890153885 -4.2426406890153885 4
      vertex -4.029353730380535 -4.445706754922867 4
      vertex 12.638062722980976 -3.8063597083091736 4
    endloop
  endfacet
  facet normal 0 0 1
    outer loop
      vertex -4.2426406890153885 -4.2426406890153885 4
      vertex 12.81924518942833 -3.5741958245635033 4
      vertex -4.445706754922867 -4.029353730380535 4
    endloop
  endfacet
  facet normal 0 0 1
    outer loop
      vertex -4.445706754922867 -4.029353730380535 4
      vertex 12.988817676901817 -3.333421401679516 4
      vertex -4.638062722980976 -3.8063597083091736 4
    endloop
  endfacet
  facet normal 0 0 1
    outer loop
      vertex -4.8192451894283295 -3.5741958245635033 4
      vertex -4.638062722980976 -3.8063597083091736 4
      vertex 13.14637166261673 -3.084616467356682 4
    endloop
  endfacet
  facet normal 0 0 1
    outer loop
      vertex -4.8192451894283295 -3.5741958245635033 4
      vertex 13.291527584195137 -2.8283804208040237 4
      vertex -4.988817676901817 -3.333421401679516 4
    endloop
  endfacet
  facet normal 0 -1 0
    outer loop
      vertex 0 -6 2
      vertex 8 -6 2
      vertex 0 -6 3
    endloop
  endfacet
  facet normal 0 -1 0
    outer loop
      vertex 0 -6 3
      vertex 8 -6 3
      vertex 0 -6 4
    endloop
  endfacet
  facet normal 0 0 1
    outer loop
      vertex -2.565330557525158 -5.423935756087303 4
      vertex -2.2961005941033363 -5.543277196586132 4
      vertex 11.084616467356682 -5.14637166261673 4
    endloop
  endfacet
  facet normal 0 0 1
    outer loop
      vertex -1.7417080625891685 -5.741642013192177 4
      vertex -1.4578810781240463 -5.820187516510487 4
      vertex 10.296100594103336 -5.543277196586132 4
    endloop
  endfacet
  facet normal 0 0 1
    outer loop
      vertex -1.1705419346690178 -5.884711682796478 4
      vertex -0.8803828433156013 -5.935059063136578 4
      vertex 9.741708062589169 -5.741642013192177 4
    endloop
  endfacet
  facet normal 0 0 1
    outer loop
      vertex -0.8803828433156013 -5.935059063136578 4
      vertex -0.5881028398871422 -5.971108362078667 4
      vertex 9.457881078124046 -5.820187516510487 4
    endloop
  endfacet
  facet normal 0 0 1
    outer loop
      vertex -1.4578810781240463 -5.820187516510487 4
      vertex -1.1705419346690178 -5.884711682796478 4
      vertex 10.021339118480682 -5.649264387786388 4
    endloop
  endfacet
  facet normal 0 0 1
    outer loop
      vertex -2.0213391184806824 -5.649264387786388 4
      vertex -1.7417080625891685 -5.741642013192177 4
      vertex 10.565330557525158 -5.423935756087303 4
    endloop
  endfacet
  facet normal 0 0 1
    outer loop
      vertex -2.2961005941033363 -5.543277196586132 4
      vertex -2.0213391184806824 -5.649264387786388 4
      vertex 10.828380420804024 -5.291527584195137 4
    endloop
  endfacet
  facet normal 0 0 1
    outer loop
      vertex -3.333421401679516 -4.988817676901817 4
      vertex -3.084616467356682 -5.14637166261673 4
      vertex 11.806359708309174 -4.638062722980976 4
    endloop
  endfacet
  facet normal 0 0 1
    outer loop
      vertex -2.8283804208040237 -5.291527584195137 4
      vertex 11.574195824563503 -4.8192451894283295 4
      vertex -3.084616467356682 -5.14637166261673 4
    endloop
  endfacet
  facet normal 0 0 1
    outer loop
      vertex -2.8283804208040237 -5.291527584195137 4
      vertex -2.565330557525158 -5.423935756087303 4
      vertex 11.333421401679516 -4.988817676901817 4
    endloop
  endfacet
  facet normal 0 0 1
    outer loop
      vertex -3.5741958245635033 -4.8192451894283295 4
      vertex -3.333421401679516 -4.988817676901817 4
      vertex 12.029353730380535 -4.445706754922867 4
    endloop
  endfacet
  facet normal 0 0 1
    outer loop
      vertex -3.5741958245635033 -4.8192451894283295 4
      vertex 12.242640689015388 -4.2426406890153885 4
      vertex -3.8063597083091736 -4.638062722980976 4
    endloop
  endfacet
  facet normal 0 0 1
    outer loop
      vertex -0.5881028398871422 -5.971108362078667 4
      vertex -0.2944060489535332 -5.992772735655308 4
      vertex 9.170541934669018 -5.884711682796478 4
    endloop
  endfacet
  facet normal 0 0 1
    outer loop
      vertex -0.2944060489535332 -5.992772735655308 4
      vertex 0 -6 4
      vertex 8.880382843315601 -5.935059063136578 4
    endloop
  endfacet
  facet normal 0 0 1
    outer loop
      vertex -3.8063597083091736 -4.638062722980976 4
      vertex 12.445706754922867 -4.029353730380535 4
      vertex -4.029353730380535 -4.445706754922867 4
    endloop
  endfacet
  facet normal 0 0 1
    outer loop
      vertex -5.14637166261673 -3.084616467356682 4
      vertex -4.988817676901817 -3.333421401679516 4
      vertex 13.423935756087303 -2.565330557525158 4
    endloop
  endfacet
  facet normal 0 0 1
    outer loop
      vertex -5.14637166261673 -3.084616467356682 4
      vertex 13.543277196586132 -2.2961005941033363 4
      vertex -5.291527584195137 -2.8283804208040237 4
    endloop
  endfacet
  facet normal 0 0 1
    outer loop
      vertex -5.423935756087303 -2.565330557525158 4
      vertex -5.291527584195137 -2.8283804208040237 4
      vertex 13.649264387786388 -2.0213391184806824 4
    endloop
  endfacet
  facet normal 0 0 1
    outer loop
      vertex -5.423935756087303 -2.565330557525158 4
      vertex 13.649264387786388 -2.0213391184806824 4
      vertex -1.442021605996008e-16 -2.3549999999999995 4
    endloop
  endfacet
  facet normal 0 0 -1
    outer loop
      vertex -6 3.6739403974420594e-16 0
      vertex -5.992772735655308 0.2944060489535332 0
      vertex -5.971108362078667 0.5881028398871422 0
    endloop
  endfacet
  facet normal -0.999698818571046 0.024541233621289592 0
    outer loop
      vertex -6 3.6739403974420594e-16 0
      vertex -5.992772735655308 0.2944060489535332 1
      vertex -5.992772735655308 0.2944060489535332 0
    endloop
  endfacet
  facet normal 0 0 -1
    outer loop
      vertex -6 3.6739403974420594e-16 0
      vertex -5.971108362078667 0.5881028398871422 0
      vertex -5.971108360033181 0.588102841977364 0
    endloop
  endfacet
  facet normal 0 0 -1
    outer loop
      vertex -5.971108362078667 0.5881028398871422 0
      vertex -5.935059063136578 0.8803828433156013 0
      vertex -5.971108360033181 0.588102841977364 0
    endloop
  endfacet
  facet normal -0.997290457487477 0.07356455263521083 0
    outer loop
      vertex -5.992772735655308 0.2944060489535332 0
      vertex -5.971108362078667 0.5881028398871422 1
      vertex -5.971108362078667 0.5881028398871422 0
    endloop
  endfacet
  facet normal -0.999698818571046 0.024541233621289557 9.016302960431899e-18
    outer loop
      vertex -6 3.6739403974420594e-16 0
      vertex -6 0 1
      vertex -5.992772735655308 0.2944060489535332 1
    endloop
  endfacet
  facet normal -0.997290457487477 0.07356455263521083 0
    outer loop
      vertex -5.992772735655308 0.2944060489535332 0
      vertex -5.992772735655308 0.2944060489535332 1
      vertex -5.971108362078667 0.5881028398871422 1
    endloop
  endfacet
  facet normal -0.9924795350685145 0.12241067139014121 0
    outer loop
      vertex -5.971108362078667 0.5881028398871422 0
      vertex -5.971108362078667 0.5881028398871422 1
      vertex -5.935059063136578 0.8803828433156013 1
    endloop
  endfacet
  facet normal 0 0 -1
    outer loop
      vertex -5.971108360033181 0.588102841977364 0
      vertex -5.935059063136578 0.8803828433156013 0
      vertex -5.884711682796478 1.1705419346690178 0
    endloop
  endfacet
  facet normal 0 0 -1
    outer loop
      vertex -5.971108360033181 0.588102841977364 0
      vertex -5.884711682796478 1.1705419346690178 0
      vertex -5.884711682419383 1.17054193209677 0
    endloop
  endfacet
  facet normal -0.9924795350685145 0.12241067139014121 0
    outer loop
      vertex -5.971108362078667 0.5881028398871422 0
      vertex -5.935059063136578 0.8803828433156013 1
      vertex -5.935059063136578 0.8803828433156013 0
    endloop
  endfacet
  facet normal -0.9852776412840841 0.17096189512774906 0
    outer loop
      vertex -5.935059063136578 0.8803828433156013 0
      vertex -5.884711682796478 1.1705419346690178 1
      vertex -5.884711682796478 1.1705419346690178 0
    endloop
  endfacet
  facet normal 0 0 -1
    outer loop
      vertex -5.884711682796478 1.1705419346690178 0
      vertex -5.820187516510487 1.4578810781240463 0
      vertex -5.884711682419383 1.17054193209677 0
    endloop
  endfacet
  facet normal 0 0 -1
    outer loop
      vertex -5.884711682419383 1.17054193209677 0
      vertex -5.820187516510487 1.4578810781240463 0
      vertex -5.741642028330158 1.7417080078875307 0
    endloop
  endfacet
  facet normal -0.9757021272057161 0.21910125277195563 0
    outer loop
      vertex -5.884711682796478 1.1705419346690178 0
      vertex -5.820187516510487 1.4578810781240463 1
      vertex -5.820187516510487 1.4578810781240463 0
    endloop
  endfacet
  facet normal -0.9852776412840841 0.17096189512774906 0
    outer loop
      vertex -5.935059063136578 0.8803828433156013 0
      vertex -5.935059063136578 0.8803828433156013 1
      vertex -5.884711682796478 1.1705419346690178 1
    endloop
  endfacet
  facet normal -0.9757021272057161 0.21910125277195563 0
    outer loop
      vertex -5.884711682796478 1.1705419346690178 0
      vertex -5.884711682796478 1.1705419346690178 1
      vertex -5.820187516510487 1.4578810781240463 1
    endloop
  endfacet
  facet normal -0.999698818571046 0.024541233621289557 0
    outer loop
      vertex -6 0 1
      vertex -5.992772735655308 0.2944060489535332 2
      vertex -5.992772735655308 0.2944060489535332 1
    endloop
  endfacet
  facet normal -0.997290457487477 0.07356455263521083 0
    outer loop
      vertex -5.992772735655308 0.2944060489535332 1
      vertex -5.971108362078667 0.5881028398871422 2
      vertex -5.971108362078667 0.5881028398871422 1
    endloop
  endfacet
  facet normal -0.999698818571046 0.024541233621289557 0
    outer loop
      vertex -6 0 1
      vertex -6 0 2
      vertex -5.992772735655308 0.2944060489535332 2
    endloop
  endfacet
  facet normal -0.997290457487477 0.07356455263521083 0
    outer loop
      vertex -5.992772735655308 0.2944060489535332 1
      vertex -5.992772735655308 0.2944060489535332 2
      vertex -5.971108362078667 0.5881028398871422 2
    endloop
  endfacet
  facet normal -0.9924795350685145 0.12241067139014121 0
    outer loop
      vertex -5.971108362078667 0.5881028398871422 1
      vertex -5.971108362078667 0.5881028398871422 2
      vertex -5.935059063136578 0.8803828433156013 2
    endloop
  endfacet
  facet normal -0.9924795350685145 0.12241067139014121 0
    outer loop
      vertex -5.971108362078667 0.5881028398871422 1
      vertex -5.935059063136578 0.8803828433156013 2
      vertex -5.935059063136578 0.8803828433156013 1
    endloop
  endfacet
  facet normal -0.9852776412840841 0.17096189512774906 0
    outer loop
      vertex -5.935059063136578 0.8803828433156013 1
      vertex -5.884711682796478 1.1705419346690178 2
      vertex -5.884711682796478 1.1705419346690178 1
    endloop
  endfacet
  facet normal -0.9757021272057161 0.21910125277195563 0
    outer loop
      vertex -5.884711682796478 1.1705419346690178 1
      vertex -5.820187516510487 1.4578810781240463 2
      vertex -5.820187516510487 1.4578810781240463 1
    endloop
  endfacet
  facet normal -0.9852776412840841 0.17096189512774906 0
    outer loop
      vertex -5.935059063136578 0.8803828433156013 1
      vertex -5.935059063136578 0.8803828433156013 2
      vertex -5.884711682796478 1.1705419346690178 2
    endloop
  endfacet
  facet normal -0.9757021272057161 0.21910125277195563 0
    outer loop
      vertex -5.884711682796478 1.1705419346690178 1
      vertex -5.884711682796478 1.1705419346690178 2
      vertex -5.820187516510487 1.4578810781240463 2
    endloop
  endfacet
  facet normal -0.9637760671525154 0.2667127525710576 -1.0602915471062166e-16
    outer loop
      vertex -5.820187516510487 1.4578810781240463 0
      vertex -5.741642013192177 1.7417080625891685 1
      vertex -5.741642028330158 1.7417080078875307 0
    endloop
  endfacet
  facet normal -0.9637760676333782 0.26671275083344265 0
    outer loop
      vertex -5.741642028330158 1.7417080078875307 0
      vertex -5.741642013192177 1.7417080625891685 1
      vertex -5.741642013192177 1.7417080625891685 0
    endloop
  endfacet
  facet normal -0.9495281764136921 0.31368175304994766 -1.6262725153448402e-9
    outer loop
      vertex -5.741642013192177 1.7417080625891685 0
      vertex -5.649264387786388 2.0213391184806824 1
      vertex -5.741641994700235 1.741708118565074 0
    endloop
  endfacet
  facet normal 0 0 -1
    outer loop
      vertex -5.741641994700235 1.741708118565074 0
      vertex -5.649264387786388 2.0213391184806824 0
      vertex -5.543277196586132 2.2961005941033363 0
    endloop
  endfacet
  facet normal 0 0 -1
    outer loop
      vertex -5.741641994700235 1.741708118565074 0
      vertex -5.543277196586132 2.2961005941033363 0
      vertex -5.54327719506772 2.296100594190539 0
    endloop
  endfacet
  facet normal -0.9495281781459204 0.3136817478064181 0
    outer loop
      vertex -5.741641994700235 1.741708118565074 0
      vertex -5.649264387786388 2.0213391184806824 1
      vertex -5.649264387786388 2.0213391184806824 0
    endloop
  endfacet
  facet normal -0.932992805127286 0.3598950202221731 0
    outer loop
      vertex -5.649264387786388 2.0213391184806824 0
      vertex -5.543277196586132 2.2961005941033363 1
      vertex -5.543277196586132 2.2961005941033363 0
    endloop
  endfacet
  facet normal -0.9637760671525154 0.26671275257105725 0
    outer loop
      vertex -5.820187516510487 1.4578810781240463 0
      vertex -5.820187516510487 1.4578810781240463 1
      vertex -5.741642013192177 1.7417080625891685 1
    endloop
  endfacet
  facet normal -0.9495281781459199 0.3136817478064191 0
    outer loop
      vertex -5.741642013192177 1.7417080625891685 0
      vertex -5.741642013192177 1.7417080625891685 1
      vertex -5.649264387786388 2.0213391184806824 1
    endloop
  endfacet
  facet normal -0.932992805127286 0.3598950202221731 0
    outer loop
      vertex -5.649264387786388 2.0213391184806824 0
      vertex -5.649264387786388 2.0213391184806824 1
      vertex -5.543277196586132 2.2961005941033363 1
    endloop
  endfacet
  facet normal 0 0 -1
    outer loop
      vertex -5.543277196586132 2.2961005941033363 0
      vertex -5.423935756087303 2.565330557525158 0
      vertex -5.54327719506772 2.296100594190539 0
    endloop
  endfacet
  facet normal 0 0 -1
    outer loop
      vertex -5.54327719506772 2.296100594190539 0
      vertex -5.423935756087303 2.565330557525158 0
      vertex -5.291527616769745 2.8283803560893923 0
    endloop
  endfacet
  facet normal -0.9142097487996261 0.4052413295799485 0
    outer loop
      vertex -5.543277196586132 2.2961005941033363 0
      vertex -5.423935756087303 2.565330557525158 1
      vertex -5.423935756087303 2.565330557525158 0
    endloop
  endfacet
  facet normal -0.8932243042234885 0.4496113236390568 4.0055460268310756e-16
    outer loop
      vertex -5.423935756087303 2.565330557525158 0
      vertex -5.291527584195137 2.8283804208040237 1
      vertex -5.291527616769745 2.8283803560893923 0
    endloop
  endfacet
  facet normal -0.8932243018646993 0.4496113283251667 0
    outer loop
      vertex -5.291527616769745 2.8283803560893923 0
      vertex -5.291527584195137 2.8283804208040237 1
      vertex -5.291527584195137 2.8283804208040237 0
    endloop
  endfacet
  facet normal -0.8700869992144141 0.49289817792121765 -2.391822629781944e-10
    outer loop
      vertex -5.291527584195137 2.8283804208040237 0
      vertex -5.14637166261673 3.084616467356682 1
      vertex -5.291527549980934 2.828380481200541 0
    endloop
  endfacet
  facet normal -0.8700869996147353 0.4928981772145516 0
    outer loop
      vertex -5.291527549980934 2.828380481200541 0
      vertex -5.14637166261673 3.084616467356682 1
      vertex -5.14637166261673 3.084616467356682 0
    endloop
  endfacet
  facet normal -0.9142097487996261 0.4052413295799485 0
    outer loop
      vertex -5.543277196586132 2.2961005941033363 0
      vertex -5.543277196586132 2.2961005941033363 1
      vertex -5.423935756087303 2.565330557525158 1
    endloop
  endfacet
  facet normal -0.893224304223488 0.44961132363905804 0
    outer loop
      vertex -5.423935756087303 2.565330557525158 0
      vertex -5.423935756087303 2.565330557525158 1
      vertex -5.291527584195137 2.8283804208040237 1
    endloop
  endfacet
  facet normal -0.8700869996147352 0.4928981772145518 0
    outer loop
      vertex -5.291527584195137 2.8283804208040237 0
      vertex -5.291527584195137 2.8283804208040237 1
      vertex -5.14637166261673 3.084616467356682 1
    endloop
  endfacet
  facet normal -0.9637760671525154 0.26671275257105725 0
    outer loop
      vertex -5.820187516510487 1.4578810781240463 1
      vertex -5.741642013192177 1.7417080625891685 2
      vertex -5.741642013192177 1.7417080625891685 1
    endloop
  endfacet
  facet normal -0.9495281781459199 0.3136817478064191 0
    outer loop
      vertex -5.741642013192177 1.7417080625891685 1
      vertex -5.649264387786388 2.0213391184806824 2
      vertex -5.649264387786388 2.0213391184806824 1
    endloop
  endfacet
  facet normal -0.932992805127286 0.3598950202221731 0
    outer loop
      vertex -5.649264387786388 2.0213391184806824 1
      vertex -5.543277196586132 2.2961005941033363 2
      vertex -5.543277196586132 2.2961005941033363 1
    endloop
  endfacet
  facet normal -0.9637760671525154 0.26671275257105725 0
    outer loop
      vertex -5.820187516510487 1.4578810781240463 1
      vertex -5.820187516510487 1.4578810781240463 2
      vertex -5.741642013192177 1.7417080625891685 2
    endloop
  endfacet
  facet normal -0.9495281781459199 0.3136817478064191 0
    outer loop
      vertex -5.741642013192177 1.7417080625891685 1
      vertex -5.741642013192177 1.7417080625891685 2
      vertex -5.649264387786388 2.0213391184806824 2
    endloop
  endfacet
  facet normal -0.932992805127286 0.3598950202221731 0
    outer loop
      vertex -5.649264387786388 2.0213391184806824 1
      vertex -5.649264387786388 2.0213391184806824 2
      vertex -5.543277196586132 2.2961005941033363 2
    endloop
  endfacet
  facet normal -0.9142097487996261 0.4052413295799485 0
    outer loop
      vertex -5.543277196586132 2.2961005941033363 1
      vertex -5.423935756087303 2.565330557525158 2
      vertex -5.423935756087303 2.565330557525158 1
    endloop
  endfacet
  facet normal -0.893224304223488 0.44961132363905804 0
    outer loop
      vertex -5.423935756087303 2.565330557525158 1
      vertex -5.291527584195137 2.8283804208040237 2
      vertex -5.291527584195137 2.8283804208040237 1
    endloop
  endfacet
  facet normal -0.8700869996147352 0.4928981772145518 0
    outer loop
      vertex -5.291527584195137 2.8283804208040237 1
      vertex -5.14637166261673 3.084616467356682 2
      vertex -5.14637166261673 3.084616467356682 1
    endloop
  endfacet
  facet normal -0.9142097487996261 0.4052413295799485 0
    outer loop
      vertex -5.543277196586132 2.2961005941033363 1
      vertex -5.543277196586132 2.2961005941033363 2
      vertex -5.423935756087303 2.565330557525158 2
    endloop
  endfacet
  facet normal -0.893224304223488 0.44961132363905804 0
    outer loop
      vertex -5.423935756087303 2.565330557525158 1
      vertex -5.423935756087303 2.565330557525158 2
      vertex -5.291527584195137 2.8283804208040237 2
    endloop
  endfacet
  facet normal -0.8700869996147352 0.4928981772145518 0
    outer loop
      vertex -5.291527584195137 2.8283804208040237 1
      vertex -5.291527584195137 2.8283804208040237 2
      vertex -5.14637166261673 3.084616467356682 2
    endloop
  endfacet
  facet normal -0.999698818571046 0.024541233621289557 0
    outer loop
      vertex -6 0 2
      vertex -5.992772735655308 0.2944060489535332 3
      vertex -5.992772735655308 0.2944060489535332 2
    endloop
  endfacet
  facet normal -0.997290457487477 0.07356455263521083 0
    outer loop
      vertex -5.992772735655308 0.2944060489535332 2
      vertex -5.971108362078667 0.5881028398871422 3
      vertex -5.971108362078667 0.5881028398871422 2
    endloop
  endfacet
  facet normal -0.999698818571046 0.024541233621289557 0
    outer loop
      vertex -6 0 2
      vertex -6 0 3
      vertex -5.992772735655308 0.2944060489535332 3
    endloop
  endfacet
  facet normal -0.997290457487477 0.07356455263521083 0
    outer loop
      vertex -5.992772735655308 0.2944060489535332 2
      vertex -5.992772735655308 0.2944060489535332 3
      vertex -5.971108362078667 0.5881028398871422 3
    endloop
  endfacet
  facet normal -0.9924795350685145 0.12241067139014121 0
    outer loop
      vertex -5.971108362078667 0.5881028398871422 2
      vertex -5.971108362078667 0.5881028398871422 3
      vertex -5.935059063136578 0.8803828433156013 3
    endloop
  endfacet
  facet normal -0.9924795350685145 0.12241067139014121 0
    outer loop
      vertex -5.971108362078667 0.5881028398871422 2
      vertex -5.935059063136578 0.8803828433156013 3
      vertex -5.935059063136578 0.8803828433156013 2
    endloop
  endfacet
  facet normal -0.9852776412840841 0.17096189512774906 0
    outer loop
      vertex -5.935059063136578 0.8803828433156013 2
      vertex -5.884711682796478 1.1705419346690178 3
      vertex -5.884711682796478 1.1705419346690178 2
    endloop
  endfacet
  facet normal -0.9757021272057161 0.21910125277195563 0
    outer loop
      vertex -5.884711682796478 1.1705419346690178 2
      vertex -5.820187516510487 1.4578810781240463 3
      vertex -5.820187516510487 1.4578810781240463 2
    endloop
  endfacet
  facet normal -0.9852776412840841 0.17096189512774906 0
    outer loop
      vertex -5.935059063136578 0.8803828433156013 2
      vertex -5.935059063136578 0.8803828433156013 3
      vertex -5.884711682796478 1.1705419346690178 3
    endloop
  endfacet
  facet normal -0.9757021272057161 0.21910125277195563 0
    outer loop
      vertex -5.884711682796478 1.1705419346690178 2
      vertex -5.884711682796478 1.1705419346690178 3
      vertex -5.820187516510487 1.4578810781240463 3
    endloop
  endfacet
  facet normal -0.999698818571046 0.024541233621289557 0
    outer loop
      vertex -6 0 3
      vertex -5.992772735655308 0.2944060489535332 4
      vertex -5.992772735655308 0.2944060489535332 3
    endloop
  endfacet
  facet normal -0.997290457487477 0.07356455263521083 0
    outer loop
      vertex -5.992772735655308 0.2944060489535332 3
      vertex -5.971108362078667 0.5881028398871422 4
      vertex -5.971108362078667 0.5881028398871422 3
    endloop
  endfacet
  facet normal -0.999698818571046 0.024541233621289557 0
    outer loop
      vertex -6 0 3
      vertex -6 0 4
      vertex -5.992772735655308 0.2944060489535332 4
    endloop
  endfacet
  facet normal -0.997290457487477 0.07356455263521083 0
    outer loop
      vertex -5.992772735655308 0.2944060489535332 3
      vertex -5.992772735655308 0.2944060489535332 4
      vertex -5.971108362078667 0.5881028398871422 4
    endloop
  endfacet
  facet normal -0.9924795350685145 0.12241067139014121 0
    outer loop
      vertex -5.971108362078667 0.5881028398871422 3
      vertex -5.971108362078667 0.5881028398871422 4
      vertex -5.935059063136578 0.8803828433156013 4
    endloop
  endfacet
  facet normal 0 0 1
    outer loop
      vertex -6 0 4
      vertex -2.343660031313023 0.23083036547611532 4
      vertex -5.992772735655308 0.2944060489535332 4
    endloop
  endfacet
  facet normal 0 0 1
    outer loop
      vertex -5.992772735655308 0.2944060489535332 4
      vertex -2.3097493353496072 0.4594377083479821 4
      vertex -5.971108362078667 0.5881028398871422 4
    endloop
  endfacet
  facet normal -0.9924795350685145 0.12241067139014121 0
    outer loop
      vertex -5.971108362078667 0.5881028398871422 3
      vertex -5.935059063136578 0.8803828433156013 4
      vertex -5.935059063136578 0.8803828433156013 3
    endloop
  endfacet
  facet normal -0.9852776412840841 0.17096189512774906 0
    outer loop
      vertex -5.935059063136578 0.8803828433156013 3
      vertex -5.884711682796478 1.1705419346690178 4
      vertex -5.884711682796478 1.1705419346690178 3
    endloop
  endfacet
  facet normal -0.9757021272057161 0.21910125277195563 0
    outer loop
      vertex -5.884711682796478 1.1705419346690178 3
      vertex -5.820187516510487 1.4578810781240463 4
      vertex -5.820187516510487 1.4578810781240463 3
    endloop
  endfacet
  facet normal -0.9852776412840841 0.17096189512774906 0
    outer loop
      vertex -5.935059063136578 0.8803828433156013 3
      vertex -5.935059063136578 0.8803828433156013 4
      vertex -5.884711682796478 1.1705419346690178 4
    endloop
  endfacet
  facet normal -0.9757021272057161 0.21910125277195563 0
    outer loop
      vertex -5.884711682796478 1.1705419346690178 3
      vertex -5.884711682796478 1.1705419346690178 4
      vertex -5.820187516510487 1.4578810781240463 4
    endloop
  endfacet
  facet normal 0 0 1
    outer loop
      vertex -6 0 4
      vertex -2.3549999999999995 1.442021605996008e-16 4
      vertex -2.343660031313023 0.23083036547611532 4
    endloop
  endfacet
  facet normal 0 0 1
    outer loop
      vertex -5.992772735655308 0.2944060489535332 4
      vertex -2.343660031313023 0.23083036547611532 4
      vertex -2.3097493353496072 0.4594377083479821 4
    endloop
  endfacet
  facet normal 0 0 1
    outer loop
      vertex -5.971108362078667 0.5881028398871422 4
      vertex -2.3097493353496072 0.4594377083479821 4
      vertex -2.2535944906493515 0.6836204149342587 4
    endloop
  endfacet
  facet normal 0 0 1
    outer loop
      vertex -5.971108362078667 0.5881028398871422 4
      vertex -2.17573629906408 0.9012194832197864 4
      vertex -5.935059063136578 0.8803828433156013 4
    endloop
  endfacet
  facet normal 0 0 1
    outer loop
      vertex -5.935059063136578 0.8803828433156013 4
      vertex -2.0769245775403755 1.1101393152252244 4
      vertex -5.884711682796478 1.1705419346690178 4
    endloop
  endfacet
  facet normal 0 0 1
    outer loop
      vertex -5.884711682796478 1.1705419346690178 4
      vertex -1.8204396176692452 1.493996184205385 4
      vertex -5.820187516510487 1.4578810781240463 4
    endloop
  endfacet
  facet normal -0.9637760671525154 0.26671275257105725 0
    outer loop
      vertex -5.820187516510487 1.4578810781240463 2
      vertex -5.741642013192177 1.7417080625891685 3
      vertex -5.741642013192177 1.7417080625891685 2
    endloop
  endfacet
  facet normal -0.9495281781459199 0.3136817478064191 0
    outer loop
      vertex -5.741642013192177 1.7417080625891685 2
      vertex -5.649264387786388 2.0213391184806824 3
      vertex -5.649264387786388 2.0213391184806824 2
    endloop
  endfacet
  facet normal -0.932992805127286 0.3598950202221731 0
    outer loop
      vertex -5.649264387786388 2.0213391184806824 2
      vertex -5.543277196586132 2.2961005941033363 3
      vertex -5.543277196586132 2.2961005941033363 2
    endloop
  endfacet
  facet normal -0.9637760671525154 0.26671275257105725 0
    outer loop
      vertex -5.820187516510487 1.4578810781240463 2
      vertex -5.820187516510487 1.4578810781240463 3
      vertex -5.741642013192177 1.7417080625891685 3
    endloop
  endfacet
  facet normal -0.9495281781459199 0.3136817478064191 0
    outer loop
      vertex -5.741642013192177 1.7417080625891685 2
      vertex -5.741642013192177 1.7417080625891685 3
      vertex -5.649264387786388 2.0213391184806824 3
    endloop
  endfacet
  facet normal -0.932992805127286 0.3598950202221731 0
    outer loop
      vertex -5.649264387786388 2.0213391184806824 2
      vertex -5.649264387786388 2.0213391184806824 3
      vertex -5.543277196586132 2.2961005941033363 3
    endloop
  endfacet
  facet normal -0.9142097487996261 0.4052413295799485 0
    outer loop
      vertex -5.543277196586132 2.2961005941033363 2
      vertex -5.423935756087303 2.565330557525158 3
      vertex -5.423935756087303 2.565330557525158 2
    endloop
  endfacet
  facet normal -0.893224304223488 0.44961132363905804 0
    outer loop
      vertex -5.423935756087303 2.565330557525158 2
      vertex -5.291527584195137 2.8283804208040237 3
      vertex -5.291527584195137 2.8283804208040237 2
    endloop
  endfacet
  facet normal -0.8700869996147352 0.4928981772145518 0
    outer loop
      vertex -5.291527584195137 2.8283804208040237 2
      vertex -5.14637166261673 3.084616467356682 3
      vertex -5.14637166261673 3.084616467356682 2
    endloop
  endfacet
  facet normal -0.9142097487996261 0.4052413295799485 0
    outer loop
      vertex -5.543277196586132 2.2961005941033363 2
      vertex -5.543277196586132 2.2961005941033363 3
      vertex -5.423935756087303 2.565330557525158 3
    endloop
  endfacet
  facet normal -0.893224304223488 0.44961132363905804 0
    outer loop
      vertex -5.423935756087303 2.565330557525158 2
      vertex -5.423935756087303 2.565330557525158 3
      vertex -5.291527584195137 2.8283804208040237 3
    endloop
  endfacet
  facet normal -0.8700869996147352 0.4928981772145518 0
    outer loop
      vertex -5.291527584195137 2.8283804208040237 2
      vertex -5.291527584195137 2.8283804208040237 3
      vertex -5.14637166261673 3.084616467356682 3
    endloop
  endfacet
  facet normal -0.9637760671525154 0.26671275257105725 0
    outer loop
      vertex -5.820187516510487 1.4578810781240463 3
      vertex -5.741642013192177 1.7417080625891685 4
      vertex -5.741642013192177 1.7417080625891685 3
    endloop
  endfacet
  facet normal -0.9495281781459199 0.3136817478064191 0
    outer loop
      vertex -5.741642013192177 1.7417080625891685 3
      vertex -5.649264387786388 2.0213391184806824 4
      vertex -5.649264387786388 2.0213391184806824 3
    endloop
  endfacet
  facet normal -0.932992805127286 0.3598950202221731 0
    outer loop
      vertex -5.649264387786388 2.0213391184806824 3
      vertex -5.543277196586132 2.2961005941033363 4
      vertex -5.543277196586132 2.2961005941033363 3
    endloop
  endfacet
  facet normal -0.9637760671525154 0.26671275257105725 0
    outer loop
      vertex -5.820187516510487 1.4578810781240463 3
      vertex -5.820187516510487 1.4578810781240463 4
      vertex -5.741642013192177 1.7417080625891685 4
    endloop
  endfacet
  facet normal -0.9495281781459199 0.3136817478064191 0
    outer loop
      vertex -5.741642013192177 1.7417080625891685 3
      vertex -5.741642013192177 1.7417080625891685 4
      vertex -5.649264387786388 2.0213391184806824 4
    endloop
  endfacet
  facet normal -0.932992805127286 0.3598950202221731 0
    outer loop
      vertex -5.649264387786388 2.0213391184806824 3
      vertex -5.649264387786388 2.0213391184806824 4
      vertex -5.543277196586132 2.2961005941033363 4
    endloop
  endfacet
  facet normal -0.9142097487996261 0.4052413295799485 0
    outer loop
      vertex -5.543277196586132 2.2961005941033363 3
      vertex -5.423935756087303 2.565330557525158 4
      vertex -5.423935756087303 2.565330557525158 3
    endloop
  endfacet
  facet normal -0.893224304223488 0.44961132363905804 0
    outer loop
      vertex -5.423935756087303 2.565330557525158 3
      vertex -5.291527584195137 2.8283804208040237 4
      vertex -5.291527584195137 2.8283804208040237 3
    endloop
  endfacet
  facet normal -0.8700869996147352 0.4928981772145518 0
    outer loop
      vertex -5.291527584195137 2.8283804208040237 3
      vertex -5.14637166261673 3.084616467356682 4
      vertex -5.14637166261673 3.084616467356682 3
    endloop
  endfacet
  facet normal -0.9142097487996261 0.4052413295799485 0
    outer loop
      vertex -5.543277196586132 2.2961005941033363 3
      vertex -5.543277196586132 2.2961005941033363 4
      vertex -5.423935756087303 2.565330557525158 4
    endloop
  endfacet
  facet normal -0.893224304223488 0.44961132363905804 0
    outer loop
      vertex -5.423935756087303 2.565330557525158 3
      vertex -5.423935756087303 2.565330557525158 4
      vertex -5.291527584195137 2.8283804208040237 4
    endloop
  endfacet
  facet normal -0.8700869996147352 0.4928981772145518 0
    outer loop
      vertex -5.291527584195137 2.8283804208040237 3
      vertex -5.291527584195137 2.8283804208040237 4
      vertex -5.14637166261673 3.084616467356682 4
    endloop
  endfacet
  facet normal 0 0 1
    outer loop
      vertex -5.820187516510487 1.4578810781240463 4
      vertex -1.6652364696943192 1.6652364696943192 4
      vertex -5.741642013192177 1.7417080625891685 4
    endloop
  endfacet
  facet normal 0 0 1
    outer loop
      vertex -5.741642013192177 1.7417080625891685 4
      vertex -1.3083678987611627 1.9581109369724936 4
      vertex -5.649264387786388 2.0213391184806824 4
    endloop
  endfacet
  facet normal 0 0 1
    outer loop
      vertex -5.649264387786388 2.0213391184806824 4
      vertex -0.6836204149342585 2.2535944906493515 4
      vertex -5.543277196586132 2.2961005941033363 4
    endloop
  endfacet
  facet normal 0 0 1
    outer loop
      vertex -5.971108362078667 0.5881028398871422 4
      vertex -2.2535944906493515 0.6836204149342587 4
      vertex -2.17573629906408 0.9012194832197864 4
    endloop
  endfacet
  facet normal 0 0 1
    outer loop
      vertex -5.935059063136578 0.8803828433156013 4
      vertex -2.17573629906408 0.9012194832197864 4
      vertex -2.0769245775403755 1.1101393152252244 4
    endloop
  endfacet
  facet normal 0 0 1
    outer loop
      vertex -5.884711682796478 1.1705419346690178 4
      vertex -2.0769245775403755 1.1101393152252244 4
      vertex -1.9581109369724936 1.308367898761163 4
    endloop
  endfacet
  facet normal 0 0 1
    outer loop
      vertex -5.884711682796478 1.1705419346690178 4
      vertex -1.9581109369724936 1.308367898761163 4
      vertex -1.8204396176692452 1.493996184205385 4
    endloop
  endfacet
  facet normal 0 0 1
    outer loop
      vertex -5.820187516510487 1.4578810781240463 4
      vertex -1.8204396176692452 1.493996184205385 4
      vertex -1.6652364696943192 1.6652364696943192 4
    endloop
  endfacet
  facet normal 0 0 1
    outer loop
      vertex -5.741642013192177 1.7417080625891685 4
      vertex -1.6652364696943192 1.6652364696943192 4
      vertex -1.4939961842053846 1.8204396176692452 4
    endloop
  endfacet
  facet normal 0 0 1
    outer loop
      vertex -5.741642013192177 1.7417080625891685 4
      vertex -1.4939961842053846 1.8204396176692452 4
      vertex -1.3083678987611627 1.9581109369724936 4
    endloop
  endfacet
  facet normal 0 0 1
    outer loop
      vertex -5.649264387786388 2.0213391184806824 4
      vertex -1.3083678987611627 1.9581109369724936 4
      vertex -1.110139315225224 2.0769245775403755 4
    endloop
  endfacet
  facet normal 0 0 1
    outer loop
      vertex -5.649264387786388 2.0213391184806824 4
      vertex -1.110139315225224 2.0769245775403755 4
      vertex -0.9012194832197862 2.17573629906408 4
    endloop
  endfacet
  facet normal 0 0 1
    outer loop
      vertex -5.649264387786388 2.0213391184806824 4
      vertex -0.9012194832197862 2.17573629906408 4
      vertex -0.6836204149342585 2.2535944906493515 4
    endloop
  endfacet
  facet normal 0 0 1
    outer loop
      vertex -5.543277196586132 2.2961005941033363 4
      vertex -0.6836204149342585 2.2535944906493515 4
      vertex -0.45943770834798175 2.3097493353496072 4
    endloop
  endfacet
  facet normal 0 0 1
    outer loop
      vertex -5.543277196586132 2.2961005941033363 4
      vertex -0.45943770834798175 2.3097493353496072 4
      vertex -0.23083036547611505 2.343660031313023 4
    endloop
  endfacet
  facet normal 0 0 1
    outer loop
      vertex -5.543277196586132 2.2961005941033363 4
      vertex -0.23083036547611505 2.343660031313023 4
      vertex 1.442021605996008e-16 2.3549999999999995 4
    endloop
  endfacet
  facet normal 0 0 -1
    outer loop
      vertex -5.291527549980934 2.828380481200541 0
      vertex -5.14637166261673 3.084616467356682 0
      vertex -4.988817676901817 3.333421401679516 0
    endloop
  endfacet
  facet normal 0 0 -1
    outer loop
      vertex -5.291527549980934 2.828380481200541 0
      vertex -4.988817676901817 3.333421401679516 0
      vertex -4.988817673815271 3.3334213981176135 0
    endloop
  endfacet
  facet normal -0.844853567299514 0.5349976166500983 0
    outer loop
      vertex -5.14637166261673 3.084616467356682 0
      vertex -4.988817676901817 3.333421401679516 1
      vertex -4.988817676901817 3.333421401679516 0
    endloop
  endfacet
  facet normal 0 0 -1
    outer loop
      vertex -4.988817676901817 3.333421401679516 0
      vertex -4.8192451894283295 3.5741958245635033 0
      vertex -4.988817673815271 3.3334213981176135 0
    endloop
  endfacet
  facet normal 0 0 -1
    outer loop
      vertex -4.988817673815271 3.3334213981176135 0
      vertex -4.8192451894283295 3.5741958245635033 0
      vertex -4.638062722980976 3.8063597083091736 0
    endloop
  endfacet
  facet normal 0 0 -1
    outer loop
      vertex -4.988817673815271 3.3334213981176135 0
      vertex -4.638062722980976 3.8063597083091736 0
      vertex -4.638062720176422 3.8063597049818734 0
    endloop
  endfacet
  facet normal -0.8175848023857204 0.5758082067041963 0
    outer loop
      vertex -4.988817676901817 3.333421401679516 0
      vertex -4.8192451894283295 3.5741958245635033 1
      vertex -4.8192451894283295 3.5741958245635033 0
    endloop
  endfacet
  facet normal -0.844853567299514 0.5349976166500983 0
    outer loop
      vertex -5.14637166261673 3.084616467356682 0
      vertex -5.14637166261673 3.084616467356682 1
      vertex -4.988817676901817 3.333421401679516 1
    endloop
  endfacet
  facet normal -0.8175848023857204 0.5758082067041963 0
    outer loop
      vertex -4.988817676901817 3.333421401679516 0
      vertex -4.988817676901817 3.333421401679516 1
      vertex -4.8192451894283295 3.5741958245635033 1
    endloop
  endfacet
  facet normal -0.7883464386986242 0.6152315763931467 0
    outer loop
      vertex -4.8192451894283295 3.5741958245635033 0
      vertex -4.8192451894283295 3.5741958245635033 1
      vertex -4.638062722980976 3.8063597083091736 1
    endloop
  endfacet
  facet normal -0.7883464386986242 0.6152315763931467 0
    outer loop
      vertex -4.8192451894283295 3.5741958245635033 0
      vertex -4.638062722980976 3.8063597083091736 1
      vertex -4.638062722980976 3.8063597083091736 0
    endloop
  endfacet
  facet normal 0 0 -1
    outer loop
      vertex -4.638062722980976 3.8063597083091736 0
      vertex -4.445706754922867 4.029353730380535 0
      vertex -4.638062720176422 3.8063597049818734 0
    endloop
  endfacet
  facet normal 0 0 -1
    outer loop
      vertex -4.638062720176422 3.8063597049818734 0
      vertex -4.445706754922867 4.029353730380535 0
      vertex -4.2426406890153885 4.2426406890153885 0
    endloop
  endfacet
  facet normal 0 0 -1
    outer loop
      vertex -4.638062720176422 3.8063597049818734 0
      vertex -4.2426406890153885 4.2426406890153885 0
      vertex -4.242640687119286 4.242640687119286 0
    endloop
  endfacet
  facet normal -0.7572088435480341 0.653172846383443 0
    outer loop
      vertex -4.638062722980976 3.8063597083091736 0
      vertex -4.445706754922867 4.029353730380535 1
      vertex -4.445706754922867 4.029353730380535 0
    endloop
  endfacet
  facet normal 0 0 -1
    outer loop
      vertex -4.2426406890153885 4.2426406890153885 0
      vertex -4.029353730380535 4.445706754922867 0
      vertex -4.242640687119286 4.242640687119286 0
    endloop
  endfacet
  facet normal -0.7242470823953 0.6895405453212274 0
    outer loop
      vertex -4.445706754922867 4.029353730380535 0
      vertex -4.2426406890153885 4.2426406890153885 1
      vertex -4.2426406890153885 4.2426406890153885 0
    endloop
  endfacet
  facet normal 0 0 -1
    outer loop
      vertex -4.242640687119286 4.242640687119286 0
      vertex -4.029353730380535 4.445706754922867 0
      vertex -3.8063597083091736 4.638062722980976 0
    endloop
  endfacet
  facet normal -0.6895405453212274 0.7242470823953 0
    outer loop
      vertex -4.2426406890153885 4.2426406890153885 0
      vertex -4.029353730380535 4.445706754922867 1
      vertex -4.029353730380535 4.445706754922867 0
    endloop
  endfacet
  facet normal -0.7572088435480341 0.653172846383443 0
    outer loop
      vertex -4.638062722980976 3.8063597083091736 0
      vertex -4.638062722980976 3.8063597083091736 1
      vertex -4.445706754922867 4.029353730380535 1
    endloop
  endfacet
  facet normal -0.7242470823953 0.6895405453212274 0
    outer loop
      vertex -4.445706754922867 4.029353730380535 0
      vertex -4.445706754922867 4.029353730380535 1
      vertex -4.2426406890153885 4.2426406890153885 1
    endloop
  endfacet
  facet normal -0.6895405453212274 0.7242470823953 0
    outer loop
      vertex -4.2426406890153885 4.2426406890153885 0
      vertex -4.2426406890153885 4.2426406890153885 1
      vertex -4.029353730380535 4.445706754922867 1
    endloop
  endfacet
  facet normal -0.844853567299514 0.5349976166500983 0
    outer loop
      vertex -5.14637166261673 3.084616467356682 1
      vertex -4.988817676901817 3.333421401679516 2
      vertex -4.988817676901817 3.333421401679516 1
    endloop
  endfacet
  facet normal -0.8175848023857204 0.5758082067041963 0
    outer loop
      vertex -4.988817676901817 3.333421401679516 1
      vertex -4.8192451894283295 3.5741958245635033 2
      vertex -4.8192451894283295 3.5741958245635033 1
    endloop
  endfacet
  facet normal -0.844853567299514 0.5349976166500983 0
    outer loop
      vertex -5.14637166261673 3.084616467356682 1
      vertex -5.14637166261673 3.084616467356682 2
      vertex -4.988817676901817 3.333421401679516 2
    endloop
  endfacet
  facet normal -0.8175848023857204 0.5758082067041963 0
    outer loop
      vertex -4.988817676901817 3.333421401679516 1
      vertex -4.988817676901817 3.333421401679516 2
      vertex -4.8192451894283295 3.5741958245635033 2
    endloop
  endfacet
  facet normal -0.7883464386986242 0.6152315763931467 0
    outer loop
      vertex -4.8192451894283295 3.5741958245635033 1
      vertex -4.8192451894283295 3.5741958245635033 2
      vertex -4.638062722980976 3.8063597083091736 2
    endloop
  endfacet
  facet normal -0.7883464386986242 0.6152315763931467 0
    outer loop
      vertex -4.8192451894283295 3.5741958245635033 1
      vertex -4.638062722980976 3.8063597083091736 2
      vertex -4.638062722980976 3.8063597083091736 1
    endloop
  endfacet
  facet normal -0.7572088435480341 0.653172846383443 0
    outer loop
      vertex -4.638062722980976 3.8063597083091736 1
      vertex -4.445706754922867 4.029353730380535 2
      vertex -4.445706754922867 4.029353730380535 1
    endloop
  endfacet
  facet normal -0.7242470823953 0.6895405453212274 0
    outer loop
      vertex -4.445706754922867 4.029353730380535 1
      vertex -4.2426406890153885 4.2426406890153885 2
      vertex -4.2426406890153885 4.2426406890153885 1
    endloop
  endfacet
  facet normal -0.6895405453212274 0.7242470823953 0
    outer loop
      vertex -4.2426406890153885 4.2426406890153885 1
      vertex -4.029353730380535 4.445706754922867 2
      vertex -4.029353730380535 4.445706754922867 1
    endloop
  endfacet
  facet normal -0.7572088435480341 0.653172846383443 0
    outer loop
      vertex -4.638062722980976 3.8063597083091736 1
      vertex -4.638062722980976 3.8063597083091736 2
      vertex -4.445706754922867 4.029353730380535 2
    endloop
  endfacet
  facet normal -0.7242470823953 0.6895405453212274 0
    outer loop
      vertex -4.445706754922867 4.029353730380535 1
      vertex -4.445706754922867 4.029353730380535 2
      vertex -4.2426406890153885 4.2426406890153885 2
    endloop
  endfacet
  facet normal -0.6895405453212274 0.7242470823953 0
    outer loop
      vertex -4.2426406890153885 4.2426406890153885 1
      vertex -4.2426406890153885 4.2426406890153885 2
      vertex -4.029353730380535 4.445706754922867 2
    endloop
  endfacet
  facet normal 0 0 -1
    outer loop
      vertex -4.242640687119286 4.242640687119286 0
      vertex -3.8063597083091736 4.638062722980976 0
      vertex -3.8063597049818725 4.638062720176422 0
    endloop
  endfacet
  facet normal 0 0 -1
    outer loop
      vertex -3.8063597083091736 4.638062722980976 0
      vertex -3.5741958245635033 4.8192451894283295 0
      vertex -3.8063597049818725 4.638062720176422 0
    endloop
  endfacet
  facet normal 0 0 -1
    outer loop
      vertex -3.8063597049818725 4.638062720176422 0
      vertex -3.5741958245635033 4.8192451894283295 0
      vertex -3.333421401679516 4.988817676901817 0
    endloop
  endfacet
  facet normal -0.653172846383443 0.7572088435480341 0
    outer loop
      vertex -4.029353730380535 4.445706754922867 0
      vertex -3.8063597083091736 4.638062722980976 1
      vertex -3.8063597083091736 4.638062722980976 0
    endloop
  endfacet
  facet normal -0.6152315763931467 0.7883464386986242 0
    outer loop
      vertex -3.8063597083091736 4.638062722980976 0
      vertex -3.5741958245635033 4.8192451894283295 1
      vertex -3.5741958245635033 4.8192451894283295 0
    endloop
  endfacet
  facet normal -0.653172846383443 0.7572088435480341 0
    outer loop
      vertex -4.029353730380535 4.445706754922867 0
      vertex -4.029353730380535 4.445706754922867 1
      vertex -3.8063597083091736 4.638062722980976 1
    endloop
  endfacet
  facet normal -0.6152315763931467 0.7883464386986242 0
    outer loop
      vertex -3.8063597083091736 4.638062722980976 0
      vertex -3.8063597083091736 4.638062722980976 1
      vertex -3.5741958245635033 4.8192451894283295 1
    endloop
  endfacet
  facet normal -0.653172846383443 0.7572088435480341 0
    outer loop
      vertex -4.029353730380535 4.445706754922867 1
      vertex -3.8063597083091736 4.638062722980976 2
      vertex -3.8063597083091736 4.638062722980976 1
    endloop
  endfacet
  facet normal -0.6152315763931467 0.7883464386986242 0
    outer loop
      vertex -3.8063597083091736 4.638062722980976 1
      vertex -3.5741958245635033 4.8192451894283295 2
      vertex -3.5741958245635033 4.8192451894283295 1
    endloop
  endfacet
  facet normal -0.653172846383443 0.7572088435480341 0
    outer loop
      vertex -4.029353730380535 4.445706754922867 1
      vertex -4.029353730380535 4.445706754922867 2
      vertex -3.8063597083091736 4.638062722980976 2
    endloop
  endfacet
  facet normal -0.6152315763931467 0.7883464386986242 0
    outer loop
      vertex -3.8063597083091736 4.638062722980976 1
      vertex -3.8063597083091736 4.638062722980976 2
      vertex -3.5741958245635033 4.8192451894283295 2
    endloop
  endfacet
  facet normal 0 0 -1
    outer loop
      vertex -3.8063597049818725 4.638062720176422 0
      vertex -3.333421401679516 4.988817676901817 0
      vertex -3.3334213981176126 4.988817673815271 0
    endloop
  endfacet
  facet normal 0 0 -1
    outer loop
      vertex -3.333421401679516 4.988817676901817 0
      vertex -3.084616467356682 5.14637166261673 0
      vertex -3.3334213981176126 4.988817673815271 0
    endloop
  endfacet
  facet normal 0 0 -1
    outer loop
      vertex -3.3334213981176126 4.988817673815271 0
      vertex -3.084616467356682 5.14637166261673 0
      vertex -2.8283804812005178 5.291527549980947 0
    endloop
  endfacet
  facet normal -0.5758082067041963 0.8175848023857204 0
    outer loop
      vertex -3.5741958245635033 4.8192451894283295 0
      vertex -3.333421401679516 4.988817676901817 1
      vertex -3.333421401679516 4.988817676901817 0
    endloop
  endfacet
  facet normal -0.5349976166500983 0.844853567299514 0
    outer loop
      vertex -3.333421401679516 4.988817676901817 0
      vertex -3.084616467356682 5.14637166261673 1
      vertex -3.084616467356682 5.14637166261673 0
    endloop
  endfacet
  facet normal -0.49289817721455226 0.870086999614735 1.4137221242178076e-16
    outer loop
      vertex -3.084616467356682 5.14637166261673 0
      vertex -2.8283804208040237 5.291527584195137 1
      vertex -2.8283804812005178 5.291527549980947 0
    endloop
  endfacet
  facet normal -0.5758082067041963 0.8175848023857204 0
    outer loop
      vertex -3.5741958245635033 4.8192451894283295 0
      vertex -3.5741958245635033 4.8192451894283295 1
      vertex -3.333421401679516 4.988817676901817 1
    endloop
  endfacet
  facet normal -0.5349976166500983 0.844853567299514 0
    outer loop
      vertex -3.333421401679516 4.988817676901817 0
      vertex -3.333421401679516 4.988817676901817 1
      vertex -3.084616467356682 5.14637166261673 1
    endloop
  endfacet
  facet normal -0.4928981772145518 0.8700869996147352 0
    outer loop
      vertex -3.084616467356682 5.14637166261673 0
      vertex -3.084616467356682 5.14637166261673 1
      vertex -2.8283804208040237 5.291527584195137 1
    endloop
  endfacet
  facet normal 0 0 -1
    outer loop
      vertex -2.82838035608941 5.291527616769735 0
      vertex -2.565330557525158 5.423935756087303 0
      vertex -2.2961005941033363 5.543277196586132 0
    endloop
  endfacet
  facet normal 0 0 -1
    outer loop
      vertex -2.82838035608941 5.291527616769735 0
      vertex -2.2961005941033363 5.543277196586132 0
      vertex -2.296100594190538 5.54327719506772 0
    endloop
  endfacet
  facet normal -0.4928981752943501 0.8700870007025161 0
    outer loop
      vertex -2.8283804812005178 5.291527549980947 0
      vertex -2.8283804208040237 5.291527584195137 1
      vertex -2.8283804208040237 5.291527584195137 0
    endloop
  endfacet
  facet normal -0.4496113192010796 0.8932243064573786 -1.4631949873870182e-9
    outer loop
      vertex -2.8283804208040237 5.291527584195137 0
      vertex -2.565330557525158 5.423935756087303 1
      vertex -2.82838035608941 5.291527616769735 0
    endloop
  endfacet
  facet normal -0.4496113236390591 0.8932243042234874 0
    outer loop
      vertex -2.82838035608941 5.291527616769735 0
      vertex -2.565330557525158 5.423935756087303 1
      vertex -2.565330557525158 5.423935756087303 0
    endloop
  endfacet
  facet normal -0.4052413295799485 0.9142097487996261 0
    outer loop
      vertex -2.565330557525158 5.423935756087303 0
      vertex -2.2961005941033363 5.543277196586132 1
      vertex -2.2961005941033363 5.543277196586132 0
    endloop
  endfacet
  facet normal -0.44961132363905804 0.893224304223488 0
    outer loop
      vertex -2.8283804208040237 5.291527584195137 0
      vertex -2.8283804208040237 5.291527584195137 1
      vertex -2.565330557525158 5.423935756087303 1
    endloop
  endfacet
  facet normal -0.4052413295799485 0.9142097487996261 0
    outer loop
      vertex -2.565330557525158 5.423935756087303 0
      vertex -2.565330557525158 5.423935756087303 1
      vertex -2.2961005941033363 5.543277196586132 1
    endloop
  endfacet
  facet normal 0 0 -1
    outer loop
      vertex -2.2961005941033363 5.543277196586132 0
      vertex -2.0213391184806824 5.649264387786388 0
      vertex -2.296100594190538 5.54327719506772 0
    endloop
  endfacet
  facet normal -0.3598950202221731 0.932992805127286 0
    outer loop
      vertex -2.2961005941033363 5.543277196586132 0
      vertex -2.0213391184806824 5.649264387786388 1
      vertex -2.0213391184806824 5.649264387786388 0
    endloop
  endfacet
  facet normal 0 0 -1
    outer loop
      vertex -2.296100594190538 5.54327719506772 0
      vertex -2.0213391184806824 5.649264387786388 0
      vertex -1.7417081185650458 5.741641994700244 0
    endloop
  endfacet
  facet normal -0.31368174780641944 0.9495281781459198 1.0602915556610982e-16
    outer loop
      vertex -2.0213391184806824 5.649264387786388 0
      vertex -1.7417080625891685 5.741642013192177 1
      vertex -1.7417081185650458 5.741641994700244 0
    endloop
  endfacet
  facet normal -0.3136817461056621 0.9495281787077743 0
    outer loop
      vertex -1.7417081185650458 5.741641994700244 0
      vertex -1.7417080625891685 5.741642013192177 1
      vertex -1.7417080625891685 5.741642013192177 0
    endloop
  endfacet
  facet normal -0.2667127546759346 0.9637760665700175 6.43173580737884e-10
    outer loop
      vertex -1.7417080625891685 5.741642013192177 0
      vertex -1.4578810781240463 5.820187516510487 1
      vertex -1.741708007887554 5.741642028330152 0
    endloop
  endfacet
  facet normal 0 0 -1
    outer loop
      vertex -1.741708007887554 5.741642028330152 0
      vertex -1.4578810781240463 5.820187516510487 0
      vertex -1.1705419346690178 5.884711682796478 0
    endloop
  endfacet
  facet normal 0 0 -1
    outer loop
      vertex -1.741708007887554 5.741642028330152 0
      vertex -1.1705419346690178 5.884711682796478 0
      vertex -1.1705419320967692 5.884711682419383 0
    endloop
  endfacet
  facet normal 0 0 -1
    outer loop
      vertex -1.1705419346690178 5.884711682796478 0
      vertex -0.8803828433156013 5.935059063136578 0
      vertex -1.1705419320967692 5.884711682419383 0
    endloop
  endfacet
  facet normal -0.26671275257105687 0.9637760671525155 0
    outer loop
      vertex -1.741708007887554 5.741642028330152 0
      vertex -1.4578810781240463 5.820187516510487 1
      vertex -1.4578810781240463 5.820187516510487 0
    endloop
  endfacet
  facet normal -0.21910125277195563 0.9757021272057161 0
    outer loop
      vertex -1.4578810781240463 5.820187516510487 0
      vertex -1.1705419346690178 5.884711682796478 1
      vertex -1.1705419346690178 5.884711682796478 0
    endloop
  endfacet
  facet normal -0.3598950202221731 0.932992805127286 0
    outer loop
      vertex -2.2961005941033363 5.543277196586132 0
      vertex -2.2961005941033363 5.543277196586132 1
      vertex -2.0213391184806824 5.649264387786388 1
    endloop
  endfacet
  facet normal -0.3136817478064191 0.9495281781459199 0
    outer loop
      vertex -2.0213391184806824 5.649264387786388 0
      vertex -2.0213391184806824 5.649264387786388 1
      vertex -1.7417080625891685 5.741642013192177 1
    endloop
  endfacet
  facet normal -0.26671275257105725 0.9637760671525154 0
    outer loop
      vertex -1.7417080625891685 5.741642013192177 0
      vertex -1.7417080625891685 5.741642013192177 1
      vertex -1.4578810781240463 5.820187516510487 1
    endloop
  endfacet
  facet normal -0.21910125277195563 0.9757021272057161 0
    outer loop
      vertex -1.4578810781240463 5.820187516510487 0
      vertex -1.4578810781240463 5.820187516510487 1
      vertex -1.1705419346690178 5.884711682796478 1
    endloop
  endfacet
  facet normal -0.17096189512774906 0.9852776412840841 0
    outer loop
      vertex -1.1705419346690178 5.884711682796478 0
      vertex -1.1705419346690178 5.884711682796478 1
      vertex -0.8803828433156013 5.935059063136578 1
    endloop
  endfacet
  facet normal -0.5758082067041963 0.8175848023857204 0
    outer loop
      vertex -3.5741958245635033 4.8192451894283295 1
      vertex -3.333421401679516 4.988817676901817 2
      vertex -3.333421401679516 4.988817676901817 1
    endloop
  endfacet
  facet normal -0.5349976166500983 0.844853567299514 0
    outer loop
      vertex -3.333421401679516 4.988817676901817 1
      vertex -3.084616467356682 5.14637166261673 2
      vertex -3.084616467356682 5.14637166261673 1
    endloop
  endfacet
  facet normal -0.4928981772145518 0.8700869996147352 0
    outer loop
      vertex -3.084616467356682 5.14637166261673 1
      vertex -2.8283804208040237 5.291527584195137 2
      vertex -2.8283804208040237 5.291527584195137 1
    endloop
  endfacet
  facet normal -0.5758082067041963 0.8175848023857204 0
    outer loop
      vertex -3.5741958245635033 4.8192451894283295 1
      vertex -3.5741958245635033 4.8192451894283295 2
      vertex -3.333421401679516 4.988817676901817 2
    endloop
  endfacet
  facet normal -0.5349976166500983 0.844853567299514 0
    outer loop
      vertex -3.333421401679516 4.988817676901817 1
      vertex -3.333421401679516 4.988817676901817 2
      vertex -3.084616467356682 5.14637166261673 2
    endloop
  endfacet
  facet normal -0.4928981772145518 0.8700869996147352 0
    outer loop
      vertex -3.084616467356682 5.14637166261673 1
      vertex -3.084616467356682 5.14637166261673 2
      vertex -2.8283804208040237 5.291527584195137 2
    endloop
  endfacet
  facet normal -0.44961132363905804 0.893224304223488 0
    outer loop
      vertex -2.8283804208040237 5.291527584195137 1
      vertex -2.565330557525158 5.423935756087303 2
      vertex -2.565330557525158 5.423935756087303 1
    endloop
  endfacet
  facet normal -0.4052413295799485 0.9142097487996261 0
    outer loop
      vertex -2.565330557525158 5.423935756087303 1
      vertex -2.2961005941033363 5.543277196586132 2
      vertex -2.2961005941033363 5.543277196586132 1
    endloop
  endfacet
  facet normal -0.44961132363905804 0.893224304223488 0
    outer loop
      vertex -2.8283804208040237 5.291527584195137 1
      vertex -2.8283804208040237 5.291527584195137 2
      vertex -2.565330557525158 5.423935756087303 2
    endloop
  endfacet
  facet normal -0.4052413295799485 0.9142097487996261 0
    outer loop
      vertex -2.565330557525158 5.423935756087303 1
      vertex -2.565330557525158 5.423935756087303 2
      vertex -2.2961005941033363 5.543277196586132 2
    endloop
  endfacet
  facet normal -0.3598950202221731 0.932992805127286 0
    outer loop
      vertex -2.2961005941033363 5.543277196586132 1
      vertex -2.0213391184806824 5.649264387786388 2
      vertex -2.0213391184806824 5.649264387786388 1
    endloop
  endfacet
  facet normal -0.3136817478064191 0.9495281781459199 0
    outer loop
      vertex -2.0213391184806824 5.649264387786388 1
      vertex -1.7417080625891685 5.741642013192177 2
      vertex -1.7417080625891685 5.741642013192177 1
    endloop
  endfacet
  facet normal -0.26671275257105725 0.9637760671525154 0
    outer loop
      vertex -1.7417080625891685 5.741642013192177 1
      vertex -1.4578810781240463 5.820187516510487 2
      vertex -1.4578810781240463 5.820187516510487 1
    endloop
  endfacet
  facet normal -0.21910125277195563 0.9757021272057161 0
    outer loop
      vertex -1.4578810781240463 5.820187516510487 1
      vertex -1.1705419346690178 5.884711682796478 2
      vertex -1.1705419346690178 5.884711682796478 1
    endloop
  endfacet
  facet normal -0.3598950202221731 0.932992805127286 0
    outer loop
      vertex -2.2961005941033363 5.543277196586132 1
      vertex -2.2961005941033363 5.543277196586132 2
      vertex -2.0213391184806824 5.649264387786388 2
    endloop
  endfacet
  facet normal -0.3136817478064191 0.9495281781459199 0
    outer loop
      vertex -2.0213391184806824 5.649264387786388 1
      vertex -2.0213391184806824 5.649264387786388 2
      vertex -1.7417080625891685 5.741642013192177 2
    endloop
  endfacet
  facet normal -0.26671275257105725 0.9637760671525154 0
    outer loop
      vertex -1.7417080625891685 5.741642013192177 1
      vertex -1.7417080625891685 5.741642013192177 2
      vertex -1.4578810781240463 5.820187516510487 2
    endloop
  endfacet
  facet normal -0.21910125277195563 0.9757021272057161 0
    outer loop
      vertex -1.4578810781240463 5.820187516510487 1
      vertex -1.4578810781240463 5.820187516510487 2
      vertex -1.1705419346690178 5.884711682796478 2
    endloop
  endfacet
  facet normal -0.17096189512774906 0.9852776412840841 0
    outer loop
      vertex -1.1705419346690178 5.884711682796478 1
      vertex -1.1705419346690178 5.884711682796478 2
      vertex -0.8803828433156013 5.935059063136578 2
    endloop
  endfacet
  facet normal -0.844853567299514 0.5349976166500983 0
    outer loop
      vertex -5.14637166261673 3.084616467356682 2
      vertex -4.988817676901817 3.333421401679516 3
      vertex -4.988817676901817 3.333421401679516 2
    endloop
  endfacet
  facet normal -0.8175848023857204 0.5758082067041963 0
    outer loop
      vertex -4.988817676901817 3.333421401679516 2
      vertex -4.8192451894283295 3.5741958245635033 3
      vertex -4.8192451894283295 3.5741958245635033 2
    endloop
  endfacet
  facet normal -0.844853567299514 0.5349976166500983 0
    outer loop
      vertex -5.14637166261673 3.084616467356682 2
      vertex -5.14637166261673 3.084616467356682 3
      vertex -4.988817676901817 3.333421401679516 3
    endloop
  endfacet
  facet normal -0.8175848023857204 0.5758082067041963 0
    outer loop
      vertex -4.988817676901817 3.333421401679516 2
      vertex -4.988817676901817 3.333421401679516 3
      vertex -4.8192451894283295 3.5741958245635033 3
    endloop
  endfacet
  facet normal -0.7883464386986242 0.6152315763931467 0
    outer loop
      vertex -4.8192451894283295 3.5741958245635033 2
      vertex -4.8192451894283295 3.5741958245635033 3
      vertex -4.638062722980976 3.8063597083091736 3
    endloop
  endfacet
  facet normal -0.7883464386986242 0.6152315763931467 0
    outer loop
      vertex -4.8192451894283295 3.5741958245635033 2
      vertex -4.638062722980976 3.8063597083091736 3
      vertex -4.638062722980976 3.8063597083091736 2
    endloop
  endfacet
  facet normal -0.7572088435480341 0.653172846383443 0
    outer loop
      vertex -4.638062722980976 3.8063597083091736 2
      vertex -4.445706754922867 4.029353730380535 3
      vertex -4.445706754922867 4.029353730380535 2
    endloop
  endfacet
  facet normal -0.7242470823953 0.6895405453212274 0
    outer loop
      vertex -4.445706754922867 4.029353730380535 2
      vertex -4.2426406890153885 4.2426406890153885 3
      vertex -4.2426406890153885 4.2426406890153885 2
    endloop
  endfacet
  facet normal -0.6895405453212274 0.7242470823953 0
    outer loop
      vertex -4.2426406890153885 4.2426406890153885 2
      vertex -4.029353730380535 4.445706754922867 3
      vertex -4.029353730380535 4.445706754922867 2
    endloop
  endfacet
  facet normal -0.7572088435480341 0.653172846383443 0
    outer loop
      vertex -4.638062722980976 3.8063597083091736 2
      vertex -4.638062722980976 3.8063597083091736 3
      vertex -4.445706754922867 4.029353730380535 3
    endloop
  endfacet
  facet normal -0.7242470823953 0.6895405453212274 0
    outer loop
      vertex -4.445706754922867 4.029353730380535 2
      vertex -4.445706754922867 4.029353730380535 3
      vertex -4.2426406890153885 4.2426406890153885 3
    endloop
  endfacet
  facet normal -0.6895405453212274 0.7242470823953 0
    outer loop
      vertex -4.2426406890153885 4.2426406890153885 2
      vertex -4.2426406890153885 4.2426406890153885 3
      vertex -4.029353730380535 4.445706754922867 3
    endloop
  endfacet
  facet normal -0.844853567299514 0.5349976166500983 0
    outer loop
      vertex -5.14637166261673 3.084616467356682 3
      vertex -4.988817676901817 3.333421401679516 4
      vertex -4.988817676901817 3.333421401679516 3
    endloop
  endfacet
  facet normal -0.8175848023857204 0.5758082067041963 0
    outer loop
      vertex -4.988817676901817 3.333421401679516 3
      vertex -4.8192451894283295 3.5741958245635033 4
      vertex -4.8192451894283295 3.5741958245635033 3
    endloop
  endfacet
  facet normal -0.844853567299514 0.5349976166500983 0
    outer loop
      vertex -5.14637166261673 3.084616467356682 3
      vertex -5.14637166261673 3.084616467356682 4
      vertex -4.988817676901817 3.333421401679516 4
    endloop
  endfacet
  facet normal -0.8175848023857204 0.5758082067041963 0
    outer loop
      vertex -4.988817676901817 3.333421401679516 3
      vertex -4.988817676901817 3.333421401679516 4
      vertex -4.8192451894283295 3.5741958245635033 4
    endloop
  endfacet
  facet normal -0.7883464386986242 0.6152315763931467 0
    outer loop
      vertex -4.8192451894283295 3.5741958245635033 3
      vertex -4.8192451894283295 3.5741958245635033 4
      vertex -4.638062722980976 3.8063597083091736 4
    endloop
  endfacet
  facet normal -0.7883464386986242 0.6152315763931467 0
    outer loop
      vertex -4.8192451894283295 3.5741958245635033 3
      vertex -4.638062722980976 3.8063597083091736 4
      vertex -4.638062722980976 3.8063597083091736 3
    endloop
  endfacet
  facet normal -0.7572088435480341 0.653172846383443 0
    outer loop
      vertex -4.638062722980976 3.8063597083091736 3
      vertex -4.445706754922867 4.029353730380535 4
      vertex -4.445706754922867 4.029353730380535 3
    endloop
  endfacet
  facet normal -0.7242470823953 0.6895405453212274 0
    outer loop
      vertex -4.445706754922867 4.029353730380535 3
      vertex -4.2426406890153885 4.2426406890153885 4
      vertex -4.2426406890153885 4.2426406890153885 3
    endloop
  endfacet
  facet normal -0.6895405453212274 0.7242470823953 0
    outer loop
      vertex -4.2426406890153885 4.2426406890153885 3
      vertex -4.029353730380535 4.445706754922867 4
      vertex -4.029353730380535 4.445706754922867 3
    endloop
  endfacet
  facet normal -0.7572088435480341 0.653172846383443 0
    outer loop
      vertex -4.638062722980976 3.8063597083091736 3
      vertex -4.638062722980976 3.8063597083091736 4
      vertex -4.445706754922867 4.029353730380535 4
    endloop
  endfacet
  facet normal -0.7242470823953 0.6895405453212274 0
    outer loop
      vertex -4.445706754922867 4.029353730380535 3
      vertex -4.445706754922867 4.029353730380535 4
      vertex -4.2426406890153885 4.2426406890153885 4
    endloop
  endfacet
  facet normal -0.6895405453212274 0.7242470823953 0
    outer loop
      vertex -4.2426406890153885 4.2426406890153885 3
      vertex -4.2426406890153885 4.2426406890153885 4
      vertex -4.029353730380535 4.445706754922867 4
    endloop
  endfacet
  facet normal -0.653172846383443 0.7572088435480341 0
    outer loop
      vertex -4.029353730380535 4.445706754922867 2
      vertex -3.8063597083091736 4.638062722980976 3
      vertex -3.8063597083091736 4.638062722980976 2
    endloop
  endfacet
  facet normal -0.6152315763931467 0.7883464386986242 0
    outer loop
      vertex -3.8063597083091736 4.638062722980976 2
      vertex -3.5741958245635033 4.8192451894283295 3
      vertex -3.5741958245635033 4.8192451894283295 2
    endloop
  endfacet
  facet normal -0.653172846383443 0.7572088435480341 0
    outer loop
      vertex -4.029353730380535 4.445706754922867 2
      vertex -4.029353730380535 4.445706754922867 3
      vertex -3.8063597083091736 4.638062722980976 3
    endloop
  endfacet
  facet normal -0.6152315763931467 0.7883464386986242 0
    outer loop
      vertex -3.8063597083091736 4.638062722980976 2
      vertex -3.8063597083091736 4.638062722980976 3
      vertex -3.5741958245635033 4.8192451894283295 3
    endloop
  endfacet
  facet normal -0.653172846383443 0.7572088435480341 0
    outer loop
      vertex -4.029353730380535 4.445706754922867 3
      vertex -3.8063597083091736 4.638062722980976 4
      vertex -3.8063597083091736 4.638062722980976 3
    endloop
  endfacet
  facet normal -0.6152315763931467 0.7883464386986242 0
    outer loop
      vertex -3.8063597083091736 4.638062722980976 3
      vertex -3.5741958245635033 4.8192451894283295 4
      vertex -3.5741958245635033 4.8192451894283295 3
    endloop
  endfacet
  facet normal -0.653172846383443 0.7572088435480341 0
    outer loop
      vertex -4.029353730380535 4.445706754922867 3
      vertex -4.029353730380535 4.445706754922867 4
      vertex -3.8063597083091736 4.638062722980976 4
    endloop
  endfacet
  facet normal -0.6152315763931467 0.7883464386986242 0
    outer loop
      vertex -3.8063597083091736 4.638062722980976 3
      vertex -3.8063597083091736 4.638062722980976 4
      vertex -3.5741958245635033 4.8192451894283295 4
    endloop
  endfacet
  facet normal -0.5758082067041963 0.8175848023857204 0
    outer loop
      vertex -3.5741958245635033 4.8192451894283295 2
      vertex -3.333421401679516 4.988817676901817 3
      vertex -3.333421401679516 4.988817676901817 2
    endloop
  endfacet
  facet normal -0.5349976166500983 0.844853567299514 0
    outer loop
      vertex -3.333421401679516 4.988817676901817 2
      vertex -3.084616467356682 5.14637166261673 3
      vertex -3.084616467356682 5.14637166261673 2
    endloop
  endfacet
  facet normal -0.4928981772145518 0.8700869996147352 0
    outer loop
      vertex -3.084616467356682 5.14637166261673 2
      vertex -2.8283804208040237 5.291527584195137 3
      vertex -2.8283804208040237 5.291527584195137 2
    endloop
  endfacet
  facet normal -0.5758082067041963 0.8175848023857204 0
    outer loop
      vertex -3.5741958245635033 4.8192451894283295 2
      vertex -3.5741958245635033 4.8192451894283295 3
      vertex -3.333421401679516 4.988817676901817 3
    endloop
  endfacet
  facet normal -0.5349976166500983 0.844853567299514 0
    outer loop
      vertex -3.333421401679516 4.988817676901817 2
      vertex -3.333421401679516 4.988817676901817 3
      vertex -3.084616467356682 5.14637166261673 3
    endloop
  endfacet
  facet normal -0.4928981772145518 0.8700869996147352 0
    outer loop
      vertex -3.084616467356682 5.14637166261673 2
      vertex -3.084616467356682 5.14637166261673 3
      vertex -2.8283804208040237 5.291527584195137 3
    endloop
  endfacet
  facet normal -0.44961132363905804 0.893224304223488 0
    outer loop
      vertex -2.8283804208040237 5.291527584195137 2
      vertex -2.565330557525158 5.423935756087303 3
      vertex -2.565330557525158 5.423935756087303 2
    endloop
  endfacet
  facet normal -0.4052413295799485 0.9142097487996261 0
    outer loop
      vertex -2.565330557525158 5.423935756087303 2
      vertex -2.2961005941033363 5.543277196586132 3
      vertex -2.2961005941033363 5.543277196586132 2
    endloop
  endfacet
  facet normal -0.44961132363905804 0.893224304223488 0
    outer loop
      vertex -2.8283804208040237 5.291527584195137 2
      vertex -2.8283804208040237 5.291527584195137 3
      vertex -2.565330557525158 5.423935756087303 3
    endloop
  endfacet
  facet normal -0.4052413295799485 0.9142097487996261 0
    outer loop
      vertex -2.565330557525158 5.423935756087303 2
      vertex -2.565330557525158 5.423935756087303 3
      vertex -2.2961005941033363 5.543277196586132 3
    endloop
  endfacet
  facet normal -0.3598950202221731 0.932992805127286 0
    outer loop
      vertex -2.2961005941033363 5.543277196586132 2
      vertex -2.0213391184806824 5.649264387786388 3
      vertex -2.0213391184806824 5.649264387786388 2
    endloop
  endfacet
  facet normal -0.3136817478064191 0.9495281781459199 0
    outer loop
      vertex -2.0213391184806824 5.649264387786388 2
      vertex -1.7417080625891685 5.741642013192177 3
      vertex -1.7417080625891685 5.741642013192177 2
    endloop
  endfacet
  facet normal -0.26671275257105725 0.9637760671525154 0
    outer loop
      vertex -1.7417080625891685 5.741642013192177 2
      vertex -1.4578810781240463 5.820187516510487 3
      vertex -1.4578810781240463 5.820187516510487 2
    endloop
  endfacet
  facet normal -0.21910125277195563 0.9757021272057161 0
    outer loop
      vertex -1.4578810781240463 5.820187516510487 2
      vertex -1.1705419346690178 5.884711682796478 3
      vertex -1.1705419346690178 5.884711682796478 2
    endloop
  endfacet
  facet normal -0.3598950202221731 0.932992805127286 0
    outer loop
      vertex -2.2961005941033363 5.543277196586132 2
      vertex -2.2961005941033363 5.543277196586132 3
      vertex -2.0213391184806824 5.649264387786388 3
    endloop
  endfacet
  facet normal -0.3136817478064191 0.9495281781459199 0
    outer loop
      vertex -2.0213391184806824 5.649264387786388 2
      vertex -2.0213391184806824 5.649264387786388 3
      vertex -1.7417080625891685 5.741642013192177 3
    endloop
  endfacet
  facet normal -0.26671275257105725 0.9637760671525154 0
    outer loop
      vertex -1.7417080625891685 5.741642013192177 2
      vertex -1.7417080625891685 5.741642013192177 3
      vertex -1.4578810781240463 5.820187516510487 3
    endloop
  endfacet
  facet normal -0.21910125277195563 0.9757021272057161 0
    outer loop
      vertex -1.4578810781240463 5.820187516510487 2
      vertex -1.4578810781240463 5.820187516510487 3
      vertex -1.1705419346690178 5.884711682796478 3
    endloop
  endfacet
  facet normal -0.17096189512774906 0.9852776412840841 0
    outer loop
      vertex -1.1705419346690178 5.884711682796478 2
      vertex -1.1705419346690178 5.884711682796478 3
      vertex -0.8803828433156013 5.935059063136578 3
    endloop
  endfacet
  facet normal -0.5758082067041963 0.8175848023857204 0
    outer loop
      vertex -3.5741958245635033 4.8192451894283295 3
      vertex -3.333421401679516 4.988817676901817 4
      vertex -3.333421401679516 4.988817676901817 3
    endloop
  endfacet
  facet normal -0.5349976166500983 0.844853567299514 0
    outer loop
      vertex -3.333421401679516 4.988817676901817 3
      vertex -3.084616467356682 5.14637166261673 4
      vertex -3.084616467356682 5.14637166261673 3
    endloop
  endfacet
  facet normal -0.4928981772145518 0.8700869996147352 0
    outer loop
      vertex -3.084616467356682 5.14637166261673 3
      vertex -2.8283804208040237 5.291527584195137 4
      vertex -2.8283804208040237 5.291527584195137 3
    endloop
  endfacet
  facet normal -0.5758082067041963 0.8175848023857204 0
    outer loop
      vertex -3.5741958245635033 4.8192451894283295 3
      vertex -3.5741958245635033 4.8192451894283295 4
      vertex -3.333421401679516 4.988817676901817 4
    endloop
  endfacet
  facet normal -0.5349976166500983 0.844853567299514 0
    outer loop
      vertex -3.333421401679516 4.988817676901817 3
      vertex -3.333421401679516 4.988817676901817 4
      vertex -3.084616467356682 5.14637166261673 4
    endloop
  endfacet
  facet normal -0.4928981772145518 0.8700869996147352 0
    outer loop
      vertex -3.084616467356682 5.14637166261673 3
      vertex -3.084616467356682 5.14637166261673 4
      vertex -2.8283804208040237 5.291527584195137 4
    endloop
  endfacet
  facet normal -0.44961132363905804 0.893224304223488 0
    outer loop
      vertex -2.8283804208040237 5.291527584195137 3
      vertex -2.565330557525158 5.423935756087303 4
      vertex -2.565330557525158 5.423935756087303 3
    endloop
  endfacet
  facet normal -0.4052413295799485 0.9142097487996261 0
    outer loop
      vertex -2.565330557525158 5.423935756087303 3
      vertex -2.2961005941033363 5.543277196586132 4
      vertex -2.2961005941033363 5.543277196586132 3
    endloop
  endfacet
  facet normal -0.44961132363905804 0.893224304223488 0
    outer loop
      vertex -2.8283804208040237 5.291527584195137 3
      vertex -2.8283804208040237 5.291527584195137 4
      vertex -2.565330557525158 5.423935756087303 4
    endloop
  endfacet
  facet normal -0.4052413295799485 0.9142097487996261 0
    outer loop
      vertex -2.565330557525158 5.423935756087303 3
      vertex -2.565330557525158 5.423935756087303 4
      vertex -2.2961005941033363 5.543277196586132 4
    endloop
  endfacet
  facet normal -0.3598950202221731 0.932992805127286 0
    outer loop
      vertex -2.2961005941033363 5.543277196586132 3
      vertex -2.0213391184806824 5.649264387786388 4
      vertex -2.0213391184806824 5.649264387786388 3
    endloop
  endfacet
  facet normal -0.3136817478064191 0.9495281781459199 0
    outer loop
      vertex -2.0213391184806824 5.649264387786388 3
      vertex -1.7417080625891685 5.741642013192177 4
      vertex -1.7417080625891685 5.741642013192177 3
    endloop
  endfacet
  facet normal -0.26671275257105725 0.9637760671525154 0
    outer loop
      vertex -1.7417080625891685 5.741642013192177 3
      vertex -1.4578810781240463 5.820187516510487 4
      vertex -1.4578810781240463 5.820187516510487 3
    endloop
  endfacet
  facet normal -0.21910125277195563 0.9757021272057161 0
    outer loop
      vertex -1.4578810781240463 5.820187516510487 3
      vertex -1.1705419346690178 5.884711682796478 4
      vertex -1.1705419346690178 5.884711682796478 3
    endloop
  endfacet
  facet normal -0.3598950202221731 0.932992805127286 0
    outer loop
      vertex -2.2961005941033363 5.543277196586132 3
      vertex -2.2961005941033363 5.543277196586132 4
      vertex -2.0213391184806824 5.649264387786388 4
    endloop
  endfacet
  facet normal -0.3136817478064191 0.9495281781459199 0
    outer loop
      vertex -2.0213391184806824 5.649264387786388 3
      vertex -2.0213391184806824 5.649264387786388 4
      vertex -1.7417080625891685 5.741642013192177 4
    endloop
  endfacet
  facet normal -0.26671275257105725 0.9637760671525154 0
    outer loop
      vertex -1.7417080625891685 5.741642013192177 3
      vertex -1.7417080625891685 5.741642013192177 4
      vertex -1.4578810781240463 5.820187516510487 4
    endloop
  endfacet
  facet normal -0.21910125277195563 0.9757021272057161 0
    outer loop
      vertex -1.4578810781240463 5.820187516510487 3
      vertex -1.4578810781240463 5.820187516510487 4
      vertex -1.1705419346690178 5.884711682796478 4
    endloop
  endfacet
  facet normal -0.17096189512774906 0.9852776412840841 0
    outer loop
      vertex -1.1705419346690178 5.884711682796478 3
      vertex -1.1705419346690178 5.884711682796478 4
      vertex -0.8803828433156013 5.935059063136578 4
    endloop
  endfacet
  facet normal 0 0 1
    outer loop
      vertex -5.543277196586132 2.2961005941033363 4
      vertex 13.14637166261673 3.084616467356682 4
      vertex -5.423935756087303 2.565330557525158 4
    endloop
  endfacet
  facet normal 0 0 1
    outer loop
      vertex -5.423935756087303 2.565330557525158 4
      vertex 12.988817676901817 3.333421401679516 4
      vertex -5.291527584195137 2.8283804208040237 4
    endloop
  endfacet
  facet normal 0 0 1
    outer loop
      vertex -5.543277196586132 2.2961005941033363 4
      vertex 1.442021605996008e-16 2.3549999999999995 4
      vertex 13.291527584195137 2.8283804208040237 4
    endloop
  endfacet
  facet normal 0 0 -1
    outer loop
      vertex -1.1705419320967692 5.884711682419383 0
      vertex -0.8803828433156013 5.935059063136578 0
      vertex -0.5881028398871422 5.971108362078667 0
    endloop
  endfacet
  facet normal 0 0 -1
    outer loop
      vertex -1.1705419320967692 5.884711682419383 0
      vertex -0.5881028398871422 5.971108362078667 0
      vertex -0.5881028419773633 5.971108360033181 0
    endloop
  endfacet
  facet normal 0 0 -1
    outer loop
      vertex -0.5881028398871422 5.971108362078667 0
      vertex 3.6739403974420594e-16 6 0
      vertex -0.5881028419773633 5.971108360033181 0
    endloop
  endfacet
  facet normal -0.17096189512774906 0.9852776412840841 0
    outer loop
      vertex -1.1705419346690178 5.884711682796478 0
      vertex -0.8803828433156013 5.935059063136578 1
      vertex -0.8803828433156013 5.935059063136578 0
    endloop
  endfacet
  facet normal -0.12241067139014121 0.9924795350685145 0
    outer loop
      vertex -0.8803828433156013 5.935059063136578 0
      vertex -0.5881028398871422 5.971108362078667 1
      vertex -0.5881028398871422 5.971108362078667 0
    endloop
  endfacet
  facet normal -0.07356455263521083 0.997290457487477 0
    outer loop
      vertex -0.5881028398871422 5.971108362078667 0
      vertex -0.2944060489535332 5.992772735655308 1
      vertex -0.2944060489535332 5.992772735655308 0
    endloop
  endfacet
  facet normal 0 0 -1
    outer loop
      vertex -0.5881028398871422 5.971108362078667 0
      vertex -0.2944060489535332 5.992772735655308 0
      vertex 3.6739403974420594e-16 6 0
    endloop
  endfacet
  facet normal -0.024541233621289526 0.999698818571046 -8.835761097533614e-18
    outer loop
      vertex -0.2944060489535332 5.992772735655308 0
      vertex 0 6 1
      vertex 3.6739403974420594e-16 6 0
    endloop
  endfacet
  facet normal -0.12241067139014121 0.9924795350685145 0
    outer loop
      vertex -0.8803828433156013 5.935059063136578 0
      vertex -0.8803828433156013 5.935059063136578 1
      vertex -0.5881028398871422 5.971108362078667 1
    endloop
  endfacet
  facet normal -0.07356455263521083 0.997290457487477 0
    outer loop
      vertex -0.5881028398871422 5.971108362078667 0
      vertex -0.5881028398871422 5.971108362078667 1
      vertex -0.2944060489535332 5.992772735655308 1
    endloop
  endfacet
  facet normal -0.024541233621289557 0.999698818571046 0
    outer loop
      vertex -0.2944060489535332 5.992772735655308 0
      vertex -0.2944060489535332 5.992772735655308 1
      vertex 0 6 1
    endloop
  endfacet
  facet normal -0.17096189512774906 0.9852776412840841 0
    outer loop
      vertex -1.1705419346690178 5.884711682796478 1
      vertex -0.8803828433156013 5.935059063136578 2
      vertex -0.8803828433156013 5.935059063136578 1
    endloop
  endfacet
  facet normal -0.12241067139014121 0.9924795350685145 0
    outer loop
      vertex -0.8803828433156013 5.935059063136578 1
      vertex -0.5881028398871422 5.971108362078667 2
      vertex -0.5881028398871422 5.971108362078667 1
    endloop
  endfacet
  facet normal -0.07356455263521083 0.997290457487477 0
    outer loop
      vertex -0.5881028398871422 5.971108362078667 1
      vertex -0.2944060489535332 5.992772735655308 2
      vertex -0.2944060489535332 5.992772735655308 1
    endloop
  endfacet
  facet normal -0.024541233621289557 0.999698818571046 0
    outer loop
      vertex -0.2944060489535332 5.992772735655308 1
      vertex 0 6 2
      vertex 0 6 1
    endloop
  endfacet
  facet normal -0.12241067139014121 0.9924795350685145 0
    outer loop
      vertex -0.8803828433156013 5.935059063136578 1
      vertex -0.8803828433156013 5.935059063136578 2
      vertex -0.5881028398871422 5.971108362078667 2
    endloop
  endfacet
  facet normal -0.07356455263521083 0.997290457487477 0
    outer loop
      vertex -0.5881028398871422 5.971108362078667 1
      vertex -0.5881028398871422 5.971108362078667 2
      vertex -0.2944060489535332 5.992772735655308 2
    endloop
  endfacet
  facet normal -0.024541233621289557 0.999698818571046 0
    outer loop
      vertex -0.2944060489535332 5.992772735655308 1
      vertex -0.2944060489535332 5.992772735655308 2
      vertex 0 6 2
    endloop
  endfacet
  facet normal 0 1 0
    outer loop
      vertex 3.6739403974420594e-16 6 0
      vertex 0 6 1
      vertex 8 6 1
    endloop
  endfacet
  facet normal 0 0 -1
    outer loop
      vertex 3.6739403974420594e-16 6 0
      vertex 8 6 0
      vertex 0.588102841977364 5.971108360033181 0
    endloop
  endfacet
  facet normal 0 0 -1
    outer loop
      vertex 0.588102841977364 5.971108360033181 0
      vertex 8.588102839887142 5.971108362078667 0
      vertex 1.17054193209677 5.884711682419383 0
    endloop
  endfacet
  facet normal 0 1 0
    outer loop
      vertex 0 6 1
      vertex 0 6 2
      vertex 8 6 2
    endloop
  endfacet
  facet normal 0 0 1
    outer loop
      vertex -5.291527584195137 2.8283804208040237 4
      vertex 12.81924518942833 3.5741958245635033 4
      vertex -5.14637166261673 3.084616467356682 4
    endloop
  endfacet
  facet normal 0 0 1
    outer loop
      vertex -5.14637166261673 3.084616467356682 4
      vertex 12.638062722980976 3.8063597083091736 4
      vertex -4.988817676901817 3.333421401679516 4
    endloop
  endfacet
  facet normal 0 0 1
    outer loop
      vertex -4.988817676901817 3.333421401679516 4
      vertex 12.445706754922867 4.029353730380535 4
      vertex -4.8192451894283295 3.5741958245635033 4
    endloop
  endfacet
  facet normal 0 0 1
    outer loop
      vertex -4.8192451894283295 3.5741958245635033 4
      vertex 12.242640689015388 4.2426406890153885 4
      vertex -4.638062722980976 3.8063597083091736 4
    endloop
  endfacet
  facet normal 0 0 1
    outer loop
      vertex -4.638062722980976 3.8063597083091736 4
      vertex 12.029353730380535 4.445706754922867 4
      vertex -4.445706754922867 4.029353730380535 4
    endloop
  endfacet
  facet normal 0 0 1
    outer loop
      vertex -4.445706754922867 4.029353730380535 4
      vertex 11.806359708309174 4.638062722980976 4
      vertex -4.2426406890153885 4.2426406890153885 4
    endloop
  endfacet
  facet normal -0.17096189512774906 0.9852776412840841 0
    outer loop
      vertex -1.1705419346690178 5.884711682796478 2
      vertex -0.8803828433156013 5.935059063136578 3
      vertex -0.8803828433156013 5.935059063136578 2
    endloop
  endfacet
  facet normal -0.12241067139014121 0.9924795350685145 0
    outer loop
      vertex -0.8803828433156013 5.935059063136578 2
      vertex -0.5881028398871422 5.971108362078667 3
      vertex -0.5881028398871422 5.971108362078667 2
    endloop
  endfacet
  facet normal -0.07356455263521083 0.997290457487477 0
    outer loop
      vertex -0.5881028398871422 5.971108362078667 2
      vertex -0.2944060489535332 5.992772735655308 3
      vertex -0.2944060489535332 5.992772735655308 2
    endloop
  endfacet
  facet normal -0.024541233621289557 0.999698818571046 0
    outer loop
      vertex -0.2944060489535332 5.992772735655308 2
      vertex 0 6 3
      vertex 0 6 2
    endloop
  endfacet
  facet normal -0.12241067139014121 0.9924795350685145 0
    outer loop
      vertex -0.8803828433156013 5.935059063136578 2
      vertex -0.8803828433156013 5.935059063136578 3
      vertex -0.5881028398871422 5.971108362078667 3
    endloop
  endfacet
  facet normal -0.07356455263521083 0.997290457487477 0
    outer loop
      vertex -0.5881028398871422 5.971108362078667 2
      vertex -0.5881028398871422 5.971108362078667 3
      vertex -0.2944060489535332 5.992772735655308 3
    endloop
  endfacet
  facet normal -0.024541233621289557 0.999698818571046 0
    outer loop
      vertex -0.2944060489535332 5.992772735655308 2
      vertex -0.2944060489535332 5.992772735655308 3
      vertex 0 6 3
    endloop
  endfacet
  facet normal -0.17096189512774906 0.9852776412840841 0
    outer loop
      vertex -1.1705419346690178 5.884711682796478 3
      vertex -0.8803828433156013 5.935059063136578 4
      vertex -0.8803828433156013 5.935059063136578 3
    endloop
  endfacet
  facet normal -0.12241067139014121 0.9924795350685145 0
    outer loop
      vertex -0.8803828433156013 5.935059063136578 3
      vertex -0.5881028398871422 5.971108362078667 4
      vertex -0.5881028398871422 5.971108362078667 3
    endloop
  endfacet
  facet normal -0.07356455263521083 0.997290457487477 0
    outer loop
      vertex -0.5881028398871422 5.971108362078667 3
      vertex -0.2944060489535332 5.992772735655308 4
      vertex -0.2944060489535332 5.992772735655308 3
    endloop
  endfacet
  facet normal -0.024541233621289557 0.999698818571046 0
    outer loop
      vertex -0.2944060489535332 5.992772735655308 3
      vertex 0 6 4
      vertex 0 6 3
    endloop
  endfacet
  facet normal -0.12241067139014121 0.9924795350685145 0
    outer loop
      vertex -0.8803828433156013 5.935059063136578 3
      vertex -0.8803828433156013 5.935059063136578 4
      vertex -0.5881028398871422 5.971108362078667 4
    endloop
  endfacet
  facet normal -0.07356455263521083 0.997290457487477 0
    outer loop
      vertex -0.5881028398871422 5.971108362078667 3
      vertex -0.5881028398871422 5.971108362078667 4
      vertex -0.2944060489535332 5.992772735655308 4
    endloop
  endfacet
  facet normal -0.024541233621289557 0.999698818571046 0
    outer loop
      vertex -0.2944060489535332 5.992772735655308 3
      vertex -0.2944060489535332 5.992772735655308 4
      vertex 0 6 4
    endloop
  endfacet
  facet normal 0 0 1
    outer loop
      vertex -0.5881028398871422 5.971108362078667 4
      vertex 0 6 4
      vertex -0.2944060489535332 5.992772735655308 4
    endloop
  endfacet
  facet normal 0 0 1
    outer loop
      vertex -4.2426406890153885 4.2426406890153885 4
      vertex 11.574195824563503 4.8192451894283295 4
      vertex -4.029353730380535 4.445706754922867 4
    endloop
  endfacet
  facet normal 0 0 1
    outer loop
      vertex -4.029353730380535 4.445706754922867 4
      vertex 11.333421401679516 4.988817676901817 4
      vertex -3.8063597083091736 4.638062722980976 4
    endloop
  endfacet
  facet normal 0 0 1
    outer loop
      vertex -3.8063597083091736 4.638062722980976 4
      vertex 11.084616467356682 5.14637166261673 4
      vertex -3.5741958245635033 4.8192451894283295 4
    endloop
  endfacet
  facet normal 0 0 1
    outer loop
      vertex -3.5741958245635033 4.8192451894283295 4
      vertex 10.828380420804024 5.291527584195137 4
      vertex -3.333421401679516 4.988817676901817 4
    endloop
  endfacet
  facet normal 0 0 1
    outer loop
      vertex -3.333421401679516 4.988817676901817 4
      vertex 10.565330557525158 5.423935756087303 4
      vertex -3.084616467356682 5.14637166261673 4
    endloop
  endfacet
  facet normal 0 0 1
    outer loop
      vertex -3.084616467356682 5.14637166261673 4
      vertex 10.296100594103336 5.543277196586132 4
      vertex -2.8283804208040237 5.291527584195137 4
    endloop
  endfacet
  facet normal 0 1 0
    outer loop
      vertex 0 6 2
      vertex 0 6 3
      vertex 8 6 3
    endloop
  endfacet
  facet normal 0 0 1
    outer loop
      vertex -2.8283804208040237 5.291527584195137 4
      vertex 10.021339118480682 5.649264387786388 4
      vertex -2.565330557525158 5.423935756087303 4
    endloop
  endfacet
  facet normal 0 0 1
    outer loop
      vertex -2.565330557525158 5.423935756087303 4
      vertex 9.741708062589169 5.741642013192177 4
      vertex -2.2961005941033363 5.543277196586132 4
    endloop
  endfacet
  facet normal 0 0 1
    outer loop
      vertex -2.2961005941033363 5.543277196586132 4
      vertex 9.457881078124046 5.820187516510487 4
      vertex -2.0213391184806824 5.649264387786388 4
    endloop
  endfacet
  facet normal 0 0 1
    outer loop
      vertex -2.0213391184806824 5.649264387786388 4
      vertex 9.170541934669018 5.884711682796478 4
      vertex -1.7417080625891685 5.741642013192177 4
    endloop
  endfacet
  facet normal 0 0 1
    outer loop
      vertex -1.7417080625891685 5.741642013192177 4
      vertex 8.880382843315601 5.935059063136578 4
      vertex -1.4578810781240463 5.820187516510487 4
    endloop
  endfacet
  facet normal 0 0 1
    outer loop
      vertex -1.4578810781240463 5.820187516510487 4
      vertex 8.588102839887142 5.971108362078667 4
      vertex -1.1705419346690178 5.884711682796478 4
    endloop
  endfacet
  facet normal 0 0 1
    outer loop
      vertex -1.1705419346690178 5.884711682796478 4
      vertex 8.294406048953533 5.992772735655308 4
      vertex -0.8803828433156013 5.935059063136578 4
    endloop
  endfacet
  facet normal 0 1 0
    outer loop
      vertex 0 6 3
      vertex 0 6 4
      vertex 8 6 4
    endloop
  endfacet
  facet normal 0 0 1
    outer loop
      vertex -0.8803828433156013 5.935059063136578 4
      vertex 8 6 4
      vertex -0.5881028398871422 5.971108362078667 4
    endloop
  endfacet
  facet normal 0 0 1
    outer loop
      vertex -0.5881028398871422 5.971108362078667 4
      vertex 8 6 4
      vertex 0 6 4
    endloop
  endfacet
  facet normal 0 0 -1
    outer loop
      vertex 1.1705419320967692 -5.884711682419383 0
      vertex 1.7417080635267737 -5.741642014393253 0
      vertex 9.741708062589169 -5.741642013192177 0
    endloop
  endfacet
  facet normal 0 0 -1
    outer loop
      vertex 1.7417080635267737 -5.741642014393253 0
      vertex 2.296100594190538 -5.54327719506772 0
      vertex 10.296100594103336 -5.543277196586132 0
    endloop
  endfacet
  facet normal 0 0 -1
    outer loop
      vertex 2.296100594190538 -5.54327719506772 0
      vertex 2.8283804209559853 -5.2915275860901305 0
      vertex 10.565330557525158 -5.423935756087303 0
    endloop
  endfacet
  facet normal 0 0 -1
    outer loop
      vertex -3.6739403974420594e-16 -6 0
      vertex 8.588102839887142 -5.971108362078667 0
      vertex 8 -6 0
    endloop
  endfacet
  facet normal 0 0 -1
    outer loop
      vertex -3.6739403974420594e-16 -6 0
      vertex 8.880382843315601 -5.935059063136578 0
      vertex 8.588102839887142 -5.971108362078667 0
    endloop
  endfacet
  facet normal 0 0 -1
    outer loop
      vertex 0.5881028419773633 -5.971108360033181 0
      vertex 9.170541934669018 -5.884711682796478 0
      vertex 8.880382843315601 -5.935059063136578 0
    endloop
  endfacet
  facet normal 0 -1 0
    outer loop
      vertex 0 -6 1
      vertex 8 -6 0
      vertex 8 -6 1
    endloop
  endfacet
  facet normal 0 0 -1
    outer loop
      vertex 2.8283804209559853 -5.2915275860901305 0
      vertex 3.3334213981176126 -4.988817673815271 0
      vertex 11.084616467356682 -5.14637166261673 0
    endloop
  endfacet
  facet normal 0 0 -1
    outer loop
      vertex 3.3334213981176126 -4.988817673815271 0
      vertex 3.8063597049818725 -4.638062720176422 0
      vertex 11.574195824563503 -4.8192451894283295 0
    endloop
  endfacet
  facet normal 0 -1 0
    outer loop
      vertex 0 -6 2
      vertex 8 -6 1
      vertex 8 -6 2
    endloop
  endfacet
  facet normal 0 0 -1
    outer loop
      vertex 1.1705419320967692 -5.884711682419383 0
      vertex 9.457881078124046 -5.820187516510487 0
      vertex 9.170541934669018 -5.884711682796478 0
    endloop
  endfacet
  facet normal 0 0 -1
    outer loop
      vertex 1.1705419320967692 -5.884711682419383 0
      vertex 9.741708062589169 -5.741642013192177 0
      vertex 9.457881078124046 -5.820187516510487 0
    endloop
  endfacet
  facet normal 0 0 -1
    outer loop
      vertex 1.7417080635267737 -5.741642014393253 0
      vertex 10.021339118480682 -5.649264387786388 0
      vertex 9.741708062589169 -5.741642013192177 0
    endloop
  endfacet
  facet normal 0 0 -1
    outer loop
      vertex 1.7417080635267737 -5.741642014393253 0
      vertex 10.296100594103336 -5.543277196586132 0
      vertex 10.021339118480682 -5.649264387786388 0
    endloop
  endfacet
  facet normal 0 0 -1
    outer loop
      vertex 2.296100594190538 -5.54327719506772 0
      vertex 10.565330557525158 -5.423935756087303 0
      vertex 10.296100594103336 -5.543277196586132 0
    endloop
  endfacet
  facet normal 0 0 -1
    outer loop
      vertex 8 -6 0
      vertex 8.588102839887142 -5.971108362078667 0
      vertex 8.294406048953533 -5.992772735655308 0
    endloop
  endfacet
  facet normal 0.024541233621289557 -0.999698818571046 0
    outer loop
      vertex 8 -6 0
      vertex 8.294406048953533 -5.992772735655308 0
      vertex 8 -6 1
    endloop
  endfacet
  facet normal 0 0 -1
    outer loop
      vertex 2.8283804209559853 -5.2915275860901305 0
      vertex 10.828380420804024 -5.291527584195137 0
      vertex 10.565330557525158 -5.423935756087303 0
    endloop
  endfacet
  facet normal 0.07356455263521083 -0.997290457487477 0
    outer loop
      vertex 8.294406048953533 -5.992772735655308 0
      vertex 8.588102839887142 -5.971108362078667 0
      vertex 8.294406048953533 -5.992772735655308 1
    endloop
  endfacet
  facet normal 0.12241067139014121 -0.9924795350685145 0
    outer loop
      vertex 8.588102839887142 -5.971108362078667 0
      vertex 8.880382843315601 -5.935059063136578 0
      vertex 8.588102839887142 -5.971108362078667 1
    endloop
  endfacet
  facet normal 0.17096189512774906 -0.9852776412840841 0
    outer loop
      vertex 8.880382843315601 -5.935059063136578 0
      vertex 9.170541934669018 -5.884711682796478 0
      vertex 8.880382843315601 -5.935059063136578 1
    endloop
  endfacet
  facet normal 0.024541233621289557 -0.999698818571046 0
    outer loop
      vertex 8.294406048953533 -5.992772735655308 0
      vertex 8.294406048953533 -5.992772735655308 1
      vertex 8 -6 1
    endloop
  endfacet
  facet normal 0.07356455263521083 -0.997290457487477 0
    outer loop
      vertex 8.588102839887142 -5.971108362078667 0
      vertex 8.588102839887142 -5.971108362078667 1
      vertex 8.294406048953533 -5.992772735655308 1
    endloop
  endfacet
  facet normal 0.12241067139014121 -0.9924795350685145 0
    outer loop
      vertex 8.880382843315601 -5.935059063136578 0
      vertex 8.880382843315601 -5.935059063136578 1
      vertex 8.588102839887142 -5.971108362078667 1
    endloop
  endfacet
  facet normal 0 0 -1
    outer loop
      vertex 2.8283804209559853 -5.2915275860901305 0
      vertex 11.084616467356682 -5.14637166261673 0
      vertex 10.828380420804024 -5.291527584195137 0
    endloop
  endfacet
  facet normal 0 0 -1
    outer loop
      vertex 3.3334213981176126 -4.988817673815271 0
      vertex 11.333421401679516 -4.988817676901817 0
      vertex 11.084616467356682 -5.14637166261673 0
    endloop
  endfacet
  facet normal 0 0 -1
    outer loop
      vertex 3.3334213981176126 -4.988817673815271 0
      vertex 11.574195824563503 -4.8192451894283295 0
      vertex 11.333421401679516 -4.988817676901817 0
    endloop
  endfacet
  facet normal 0.024541233621289557 -0.999698818571046 0
    outer loop
      vertex 8 -6 1
      vertex 8.294406048953533 -5.992772735655308 1
      vertex 8 -6 2
    endloop
  endfacet
  facet normal 0.07356455263521083 -0.997290457487477 0
    outer loop
      vertex 8.294406048953533 -5.992772735655308 1
      vertex 8.588102839887142 -5.971108362078667 1
      vertex 8.294406048953533 -5.992772735655308 2
    endloop
  endfacet
  facet normal 0.12241067139014121 -0.9924795350685145 0
    outer loop
      vertex 8.588102839887142 -5.971108362078667 1
      vertex 8.880382843315601 -5.935059063136578 1
      vertex 8.588102839887142 -5.971108362078667 2
    endloop
  endfacet
  facet normal 0.17096189512774906 -0.9852776412840841 0
    outer loop
      vertex 8.880382843315601 -5.935059063136578 1
      vertex 9.170541934669018 -5.884711682796478 1
      vertex 8.880382843315601 -5.935059063136578 2
    endloop
  endfacet
  facet normal 0.024541233621289557 -0.999698818571046 0
    outer loop
      vertex 8.294406048953533 -5.992772735655308 1
      vertex 8.294406048953533 -5.992772735655308 2
      vertex 8 -6 2
    endloop
  endfacet
  facet normal 0.07356455263521083 -0.997290457487477 0
    outer loop
      vertex 8.588102839887142 -5.971108362078667 1
      vertex 8.588102839887142 -5.971108362078667 2
      vertex 8.294406048953533 -5.992772735655308 2
    endloop
  endfacet
  facet normal 0.12241067139014121 -0.9924795350685145 0
    outer loop
      vertex 8.880382843315601 -5.935059063136578 1
      vertex 8.880382843315601 -5.935059063136578 2
      vertex 8.588102839887142 -5.971108362078667 2
    endloop
  endfacet
  facet normal 0 0 -1
    outer loop
      vertex 3.8063597049818725 -4.638062720176422 0
      vertex 4.242640687119286 -4.242640687119286 0
      vertex 12.029353730380535 -4.445706754922867 0
    endloop
  endfacet
  facet normal 0 0 -1
    outer loop
      vertex 4.242640687119286 -4.242640687119286 0
      vertex 4.638062720176422 -3.8063597049818734 0
      vertex 12.445706754922867 -4.029353730380535 0
    endloop
  endfacet
  facet normal 0 0 -1
    outer loop
      vertex 4.638062720176422 -3.8063597049818734 0
      vertex 4.988817673815271 -3.3334213981176135 0
      vertex 12.81924518942833 -3.5741958245635033 0
    endloop
  endfacet
  facet normal 0 0 -1
    outer loop
      vertex 4.988817673815271 -3.3334213981176135 0
      vertex 5.2915275860901305 -2.828380420955986 0
      vertex 13.14637166261673 -3.084616467356682 0
    endloop
  endfacet
  facet normal 0 -1 0
    outer loop
      vertex 0 -6 3
      vertex 8 -6 2
      vertex 8 -6 3
    endloop
  endfacet
  facet normal 0 -1 0
    outer loop
      vertex 0 -6 4
      vertex 8 -6 3
      vertex 8 -6 4
    endloop
  endfacet
  facet normal 0 0 1
    outer loop
      vertex 0 -6 4
      vertex 8 -6 4
      vertex 8.588102839887142 -5.971108362078667 4
    endloop
  endfacet
  facet normal 0 0 1
    outer loop
      vertex 0 -6 4
      vertex 8.588102839887142 -5.971108362078667 4
      vertex 8.880382843315601 -5.935059063136578 4
    endloop
  endfacet
  facet normal 0 0 1
    outer loop
      vertex -0.2944060489535332 -5.992772735655308 4
      vertex 8.880382843315601 -5.935059063136578 4
      vertex 9.170541934669018 -5.884711682796478 4
    endloop
  endfacet
  facet normal 0 0 1
    outer loop
      vertex -0.5881028398871422 -5.971108362078667 4
      vertex 9.170541934669018 -5.884711682796478 4
      vertex 9.457881078124046 -5.820187516510487 4
    endloop
  endfacet
  facet normal 0 0 1
    outer loop
      vertex -0.8803828433156013 -5.935059063136578 4
      vertex 9.457881078124046 -5.820187516510487 4
      vertex 9.741708062589169 -5.741642013192177 4
    endloop
  endfacet
  facet normal 0 0 1
    outer loop
      vertex -1.1705419346690178 -5.884711682796478 4
      vertex 9.741708062589169 -5.741642013192177 4
      vertex 10.021339118480682 -5.649264387786388 4
    endloop
  endfacet
  facet normal 0 0 1
    outer loop
      vertex -1.4578810781240463 -5.820187516510487 4
      vertex 10.021339118480682 -5.649264387786388 4
      vertex 10.296100594103336 -5.543277196586132 4
    endloop
  endfacet
  facet normal 0 0 1
    outer loop
      vertex -1.7417080625891685 -5.741642013192177 4
      vertex 10.296100594103336 -5.543277196586132 4
      vertex 10.565330557525158 -5.423935756087303 4
    endloop
  endfacet
  facet normal 0 0 1
    outer loop
      vertex -2.0213391184806824 -5.649264387786388 4
      vertex 10.565330557525158 -5.423935756087303 4
      vertex 10.828380420804024 -5.291527584195137 4
    endloop
  endfacet
  facet normal 0.024541233621289557 -0.999698818571046 0
    outer loop
      vertex 8 -6 2
      vertex 8.294406048953533 -5.992772735655308 2
      vertex 8 -6 3
    endloop
  endfacet
  facet normal 0.07356455263521083 -0.997290457487477 0
    outer loop
      vertex 8.294406048953533 -5.992772735655308 2
      vertex 8.588102839887142 -5.971108362078667 2
      vertex 8.294406048953533 -5.992772735655308 3
    endloop
  endfacet
  facet normal 0.12241067139014121 -0.9924795350685145 0
    outer loop
      vertex 8.588102839887142 -5.971108362078667 2
      vertex 8.880382843315601 -5.935059063136578 2
      vertex 8.588102839887142 -5.971108362078667 3
    endloop
  endfacet
  facet normal 0.17096189512774906 -0.9852776412840841 0
    outer loop
      vertex 8.880382843315601 -5.935059063136578 2
      vertex 9.170541934669018 -5.884711682796478 2
      vertex 8.880382843315601 -5.935059063136578 3
    endloop
  endfacet
  facet normal 0.024541233621289557 -0.999698818571046 0
    outer loop
      vertex 8.294406048953533 -5.992772735655308 2
      vertex 8.294406048953533 -5.992772735655308 3
      vertex 8 -6 3
    endloop
  endfacet
  facet normal 0.07356455263521083 -0.997290457487477 0
    outer loop
      vertex 8.588102839887142 -5.971108362078667 2
      vertex 8.588102839887142 -5.971108362078667 3
      vertex 8.294406048953533 -5.992772735655308 3
    endloop
  endfacet
  facet normal 0.12241067139014121 -0.9924795350685145 0
    outer loop
      vertex 8.880382843315601 -5.935059063136578 2
      vertex 8.880382843315601 -5.935059063136578 3
      vertex 8.588102839887142 -5.971108362078667 3
    endloop
  endfacet
  facet normal 0 0 1
    outer loop
      vertex -2.2961005941033363 -5.543277196586132 4
      vertex 10.828380420804024 -5.291527584195137 4
      vertex 11.084616467356682 -5.14637166261673 4
    endloop
  endfacet
  facet normal 0 0 1
    outer loop
      vertex -2.565330557525158 -5.423935756087303 4
      vertex 11.084616467356682 -5.14637166261673 4
      vertex 11.333421401679516 -4.988817676901817 4
    endloop
  endfacet
  facet normal 0 0 1
    outer loop
      vertex -2.8283804208040237 -5.291527584195137 4
      vertex 11.333421401679516 -4.988817676901817 4
      vertex 11.574195824563503 -4.8192451894283295 4
    endloop
  endfacet
  facet normal 0 0 1
    outer loop
      vertex -3.084616467356682 -5.14637166261673 4
      vertex 11.574195824563503 -4.8192451894283295 4
      vertex 11.806359708309174 -4.638062722980976 4
    endloop
  endfacet
  facet normal 0 0 1
    outer loop
      vertex -3.333421401679516 -4.988817676901817 4
      vertex 11.806359708309174 -4.638062722980976 4
      vertex 12.029353730380535 -4.445706754922867 4
    endloop
  endfacet
  facet normal 0 0 1
    outer loop
      vertex -3.5741958245635033 -4.8192451894283295 4
      vertex 12.029353730380535 -4.445706754922867 4
      vertex 12.242640689015388 -4.2426406890153885 4
    endloop
  endfacet
  facet normal 0.024541233621289557 -0.999698818571046 0
    outer loop
      vertex 8 -6 3
      vertex 8.294406048953533 -5.992772735655308 3
      vertex 8 -6 4
    endloop
  endfacet
  facet normal 0.07356455263521083 -0.997290457487477 0
    outer loop
      vertex 8.294406048953533 -5.992772735655308 3
      vertex 8.588102839887142 -5.971108362078667 3
      vertex 8.294406048953533 -5.992772735655308 4
    endloop
  endfacet
  facet normal 0.12241067139014121 -0.9924795350685145 0
    outer loop
      vertex 8.588102839887142 -5.971108362078667 3
      vertex 8.880382843315601 -5.935059063136578 3
      vertex 8.588102839887142 -5.971108362078667 4
    endloop
  endfacet
  facet normal 0.17096189512774906 -0.9852776412840841 0
    outer loop
      vertex 8.880382843315601 -5.935059063136578 3
      vertex 9.170541934669018 -5.884711682796478 3
      vertex 8.880382843315601 -5.935059063136578 4
    endloop
  endfacet
  facet normal 0.024541233621289557 -0.999698818571046 0
    outer loop
      vertex 8.294406048953533 -5.992772735655308 3
      vertex 8.294406048953533 -5.992772735655308 4
      vertex 8 -6 4
    endloop
  endfacet
  facet normal 0 0 1
    outer loop
      vertex 8 -6 4
      vertex 8.294406048953533 -5.992772735655308 4
      vertex 8.588102839887142 -5.971108362078667 4
    endloop
  endfacet
  facet normal 0.07356455263521083 -0.997290457487477 0
    outer loop
      vertex 8.588102839887142 -5.971108362078667 3
      vertex 8.588102839887142 -5.971108362078667 4
      vertex 8.294406048953533 -5.992772735655308 4
    endloop
  endfacet
  facet normal 0.12241067139014121 -0.9924795350685145 0
    outer loop
      vertex 8.880382843315601 -5.935059063136578 3
      vertex 8.880382843315601 -5.935059063136578 4
      vertex 8.588102839887142 -5.971108362078667 4
    endloop
  endfacet
  facet normal 0 0 1
    outer loop
      vertex -3.8063597083091736 -4.638062722980976 4
      vertex 12.242640689015388 -4.2426406890153885 4
      vertex 12.445706754922867 -4.029353730380535 4
    endloop
  endfacet
  facet normal 0 0 1
    outer loop
      vertex -4.029353730380535 -4.445706754922867 4
      vertex 12.445706754922867 -4.029353730380535 4
      vertex 12.638062722980976 -3.8063597083091736 4
    endloop
  endfacet
  facet normal 0 0 1
    outer loop
      vertex -4.2426406890153885 -4.2426406890153885 4
      vertex 12.638062722980976 -3.8063597083091736 4
      vertex 12.81924518942833 -3.5741958245635033 4
    endloop
  endfacet
  facet normal 0 0 1
    outer loop
      vertex -4.445706754922867 -4.029353730380535 4
      vertex 12.81924518942833 -3.5741958245635033 4
      vertex 12.988817676901817 -3.333421401679516 4
    endloop
  endfacet
  facet normal 0 0 1
    outer loop
      vertex -4.638062722980976 -3.8063597083091736 4
      vertex 12.988817676901817 -3.333421401679516 4
      vertex 13.14637166261673 -3.084616467356682 4
    endloop
  endfacet
  facet normal 0 0 1
    outer loop
      vertex -4.8192451894283295 -3.5741958245635033 4
      vertex 13.14637166261673 -3.084616467356682 4
      vertex 13.291527584195137 -2.8283804208040237 4
    endloop
  endfacet
  facet normal 0 0 -1
    outer loop
      vertex 5.2915275860901305 -2.828380420955986 0
      vertex 5.54327719506772 -2.296100594190539 0
      vertex 13.423935756087303 -2.565330557525158 0
    endloop
  endfacet
  facet normal 0 0 -1
    outer loop
      vertex 5.54327719506772 -2.296100594190539 0
      vertex 5.741642014393253 -1.7417080635267745 0
      vertex 13.649264387786388 -2.0213391184806824 0
    endloop
  endfacet
  facet normal 0 0 -1
    outer loop
      vertex 5.741642014393253 -1.7417080635267745 0
      vertex 5.884711682419383 -1.17054193209677 0
      vertex 13.820187516510487 -1.4578810781240463 0
    endloop
  endfacet
  facet normal 0 0 -1
    outer loop
      vertex 5.884711682419383 -1.17054193209677 0
      vertex 5.971108360033181 -0.588102841977364 0
      vertex 13.884711682796478 -1.1705419346690178 0
    endloop
  endfacet
  facet normal 0 0 -1
    outer loop
      vertex 5.971108360033181 -0.588102841977364 0
      vertex 6 -9.881270310716841e-17 0
      vertex 13.971108362078667 -0.5881028398871422 0
    endloop
  endfacet
  facet normal 0 0 1
    outer loop
      vertex 13.649264387786388 -2.0213391184806824 4
      vertex 0.23083036547611505 -2.343660031313023 4
      vertex -1.442021605996008e-16 -2.3549999999999995 4
    endloop
  endfacet
  facet normal 0 0 1
    outer loop
      vertex 13.741642013192177 -1.7417080625891685 4
      vertex 0.45943770834798175 -2.3097493353496072 4
      vertex 0.23083036547611505 -2.343660031313023 4
    endloop
  endfacet
  facet normal 0 0 1
    outer loop
      vertex 13.741642013192177 -1.7417080625891685 4
      vertex 0.6836204149342585 -2.2535944906493515 4
      vertex 0.45943770834798175 -2.3097493353496072 4
    endloop
  endfacet
  facet normal 0 0 1
    outer loop
      vertex 13.741642013192177 -1.7417080625891685 4
      vertex 0.9012194832197862 -2.17573629906408 4
      vertex 0.6836204149342585 -2.2535944906493515 4
    endloop
  endfacet
  facet normal 0 0 1
    outer loop
      vertex 13.741642013192177 -1.7417080625891685 4
      vertex 1.110139315225224 -2.0769245775403755 4
      vertex 0.9012194832197862 -2.17573629906408 4
    endloop
  endfacet
  facet normal 0 0 1
    outer loop
      vertex 13.820187516510487 -1.4578810781240463 4
      vertex 1.3083678987611627 -1.9581109369724936 4
      vertex 1.110139315225224 -2.0769245775403755 4
    endloop
  endfacet
  facet normal 0 0 1
    outer loop
      vertex 13.820187516510487 -1.4578810781240463 4
      vertex 1.4939961842053846 -1.8204396176692452 4
      vertex 1.3083678987611627 -1.9581109369724936 4
    endloop
  endfacet
  facet normal 0 0 1
    outer loop
      vertex 13.884711682796478 -1.1705419346690178 4
      vertex 1.6652364696943192 -1.6652364696943192 4
      vertex 1.4939961842053846 -1.8204396176692452 4
    endloop
  endfacet
  facet normal 0 0 1
    outer loop
      vertex 13.884711682796478 -1.1705419346690178 4
      vertex 1.8204396176692452 -1.493996184205385 4
      vertex 1.6652364696943192 -1.6652364696943192 4
    endloop
  endfacet
  facet normal 0 0 1
    outer loop
      vertex 13.935059063136578 -0.8803828433156013 4
      vertex 1.9581109369724936 -1.308367898761163 4
      vertex 1.8204396176692452 -1.493996184205385 4
    endloop
  endfacet
  facet normal 0 0 1
    outer loop
      vertex 13.971108362078667 -0.5881028398871422 4
      vertex 2.0769245775403755 -1.1101393152252244 4
      vertex 1.9581109369724936 -1.308367898761163 4
    endloop
  endfacet
  facet normal 0 0 1
    outer loop
      vertex 13.971108362078667 -0.5881028398871422 4
      vertex 2.17573629906408 -0.9012194832197864 4
      vertex 2.0769245775403755 -1.1101393152252244 4
    endloop
  endfacet
  facet normal 0 0 1
    outer loop
      vertex 13.992772735655308 -0.2944060489535332 4
      vertex 2.2535944906493515 -0.6836204149342587 4
      vertex 2.17573629906408 -0.9012194832197864 4
    endloop
  endfacet
  facet normal 0 0 1
    outer loop
      vertex 14 0 4
      vertex 2.3097493353496072 -0.4594377083479821 4
      vertex 2.2535944906493515 -0.6836204149342587 4
    endloop
  endfacet
  facet normal 0 0 1
    outer loop
      vertex 14 0 4
      vertex 2.343660031313023 -0.23083036547611532 4
      vertex 2.3097493353496072 -0.4594377083479821 4
    endloop
  endfacet
  facet normal 0 0 1
    outer loop
      vertex -4.988817676901817 -3.333421401679516 4
      vertex 13.291527584195137 -2.8283804208040237 4
      vertex 13.423935756087303 -2.565330557525158 4
    endloop
  endfacet
  facet normal 0 0 1
    outer loop
      vertex -5.14637166261673 -3.084616467356682 4
      vertex 13.423935756087303 -2.565330557525158 4
      vertex 13.543277196586132 -2.2961005941033363 4
    endloop
  endfacet
  facet normal 0 0 1
    outer loop
      vertex -5.291527584195137 -2.8283804208040237 4
      vertex 13.543277196586132 -2.2961005941033363 4
      vertex 13.649264387786388 -2.0213391184806824 4
    endloop
  endfacet
  facet normal 0.21910125277195563 -0.9757021272057161 0
    outer loop
      vertex 9.170541934669018 -5.884711682796478 0
      vertex 9.457881078124046 -5.820187516510487 0
      vertex 9.170541934669018 -5.884711682796478 1
    endloop
  endfacet
  facet normal 0.26671275257105725 -0.9637760671525154 0
    outer loop
      vertex 9.457881078124046 -5.820187516510487 0
      vertex 9.741708062589169 -5.741642013192177 0
      vertex 9.457881078124046 -5.820187516510487 1
    endloop
  endfacet
  facet normal 0.3136817478064191 -0.9495281781459199 0
    outer loop
      vertex 9.741708062589169 -5.741642013192177 0
      vertex 10.021339118480682 -5.649264387786388 0
      vertex 9.741708062589169 -5.741642013192177 1
    endloop
  endfacet
  facet normal 0.3598950202221731 -0.932992805127286 0
    outer loop
      vertex 10.021339118480682 -5.649264387786388 0
      vertex 10.296100594103336 -5.543277196586132 0
      vertex 10.021339118480682 -5.649264387786388 1
    endloop
  endfacet
  facet normal 0.17096189512774906 -0.9852776412840841 0
    outer loop
      vertex 9.170541934669018 -5.884711682796478 0
      vertex 9.170541934669018 -5.884711682796478 1
      vertex 8.880382843315601 -5.935059063136578 1
    endloop
  endfacet
  facet normal 0.21910125277195563 -0.9757021272057161 0
    outer loop
      vertex 9.457881078124046 -5.820187516510487 0
      vertex 9.457881078124046 -5.820187516510487 1
      vertex 9.170541934669018 -5.884711682796478 1
    endloop
  endfacet
  facet normal 0.26671275257105725 -0.9637760671525154 0
    outer loop
      vertex 9.741708062589169 -5.741642013192177 0
      vertex 9.741708062589169 -5.741642013192177 1
      vertex 9.457881078124046 -5.820187516510487 1
    endloop
  endfacet
  facet normal 0.3136817478064191 -0.9495281781459199 0
    outer loop
      vertex 10.021339118480682 -5.649264387786388 0
      vertex 10.021339118480682 -5.649264387786388 1
      vertex 9.741708062589169 -5.741642013192177 1
    endloop
  endfacet
  facet normal 0.3598950202221731 -0.932992805127286 0
    outer loop
      vertex 10.296100594103336 -5.543277196586132 0
      vertex 10.296100594103336 -5.543277196586132 1
      vertex 10.021339118480682 -5.649264387786388 1
    endloop
  endfacet
  facet normal 0 0 -1
    outer loop
      vertex 3.8063597049818725 -4.638062720176422 0
      vertex 11.806359708309174 -4.638062722980976 0
      vertex 11.574195824563503 -4.8192451894283295 0
    endloop
  endfacet
  facet normal 0 0 -1
    outer loop
      vertex 3.8063597049818725 -4.638062720176422 0
      vertex 12.029353730380535 -4.445706754922867 0
      vertex 11.806359708309174 -4.638062722980976 0
    endloop
  endfacet
  facet normal 0.4052413295799485 -0.9142097487996261 0
    outer loop
      vertex 10.296100594103336 -5.543277196586132 0
      vertex 10.565330557525158 -5.423935756087303 0
      vertex 10.296100594103336 -5.543277196586132 1
    endloop
  endfacet
  facet normal 0.44961132363905804 -0.893224304223488 0
    outer loop
      vertex 10.565330557525158 -5.423935756087303 0
      vertex 10.828380420804024 -5.291527584195137 0
      vertex 10.565330557525158 -5.423935756087303 1
    endloop
  endfacet
  facet normal 0.4052413295799485 -0.9142097487996261 0
    outer loop
      vertex 10.565330557525158 -5.423935756087303 0
      vertex 10.565330557525158 -5.423935756087303 1
      vertex 10.296100594103336 -5.543277196586132 1
    endloop
  endfacet
  facet normal 0.44961132363905804 -0.893224304223488 0
    outer loop
      vertex 10.828380420804024 -5.291527584195137 0
      vertex 10.828380420804024 -5.291527584195137 1
      vertex 10.565330557525158 -5.423935756087303 1
    endloop
  endfacet
  facet normal 0.4928981772145518 -0.8700869996147352 0
    outer loop
      vertex 10.828380420804024 -5.291527584195137 0
      vertex 11.084616467356682 -5.14637166261673 0
      vertex 10.828380420804024 -5.291527584195137 1
    endloop
  endfacet
  facet normal 0.5349976166500983 -0.844853567299514 0
    outer loop
      vertex 11.084616467356682 -5.14637166261673 0
      vertex 11.333421401679516 -4.988817676901817 0
      vertex 11.084616467356682 -5.14637166261673 1
    endloop
  endfacet
  facet normal 0.5758082067041963 -0.8175848023857204 0
    outer loop
      vertex 11.333421401679516 -4.988817676901817 0
      vertex 11.574195824563503 -4.8192451894283295 0
      vertex 11.333421401679516 -4.988817676901817 1
    endloop
  endfacet
  facet normal 0.4928981772145518 -0.8700869996147352 0
    outer loop
      vertex 11.084616467356682 -5.14637166261673 0
      vertex 11.084616467356682 -5.14637166261673 1
      vertex 10.828380420804024 -5.291527584195137 1
    endloop
  endfacet
  facet normal 0.5349976166500983 -0.844853567299514 0
    outer loop
      vertex 11.333421401679516 -4.988817676901817 0
      vertex 11.333421401679516 -4.988817676901817 1
      vertex 11.084616467356682 -5.14637166261673 1
    endloop
  endfacet
  facet normal 0.5758082067041963 -0.8175848023857204 0
    outer loop
      vertex 11.574195824563503 -4.8192451894283295 0
      vertex 11.574195824563503 -4.8192451894283295 1
      vertex 11.333421401679516 -4.988817676901817 1
    endloop
  endfacet
  facet normal 0.21910125277195563 -0.9757021272057161 0
    outer loop
      vertex 9.170541934669018 -5.884711682796478 1
      vertex 9.457881078124046 -5.820187516510487 1
      vertex 9.170541934669018 -5.884711682796478 2
    endloop
  endfacet
  facet normal 0.26671275257105725 -0.9637760671525154 0
    outer loop
      vertex 9.457881078124046 -5.820187516510487 1
      vertex 9.741708062589169 -5.741642013192177 1
      vertex 9.457881078124046 -5.820187516510487 2
    endloop
  endfacet
  facet normal 0.3136817478064191 -0.9495281781459199 0
    outer loop
      vertex 9.741708062589169 -5.741642013192177 1
      vertex 10.021339118480682 -5.649264387786388 1
      vertex 9.741708062589169 -5.741642013192177 2
    endloop
  endfacet
  facet normal 0.3598950202221731 -0.932992805127286 0
    outer loop
      vertex 10.021339118480682 -5.649264387786388 1
      vertex 10.296100594103336 -5.543277196586132 1
      vertex 10.021339118480682 -5.649264387786388 2
    endloop
  endfacet
  facet normal 0.17096189512774906 -0.9852776412840841 0
    outer loop
      vertex 8.880382843315601 -5.935059063136578 2
      vertex 9.170541934669018 -5.884711682796478 1
      vertex 9.170541934669018 -5.884711682796478 2
    endloop
  endfacet
  facet normal 0.21910125277195563 -0.9757021272057161 0
    outer loop
      vertex 9.457881078124046 -5.820187516510487 1
      vertex 9.457881078124046 -5.820187516510487 2
      vertex 9.170541934669018 -5.884711682796478 2
    endloop
  endfacet
  facet normal 0.26671275257105725 -0.9637760671525154 0
    outer loop
      vertex 9.741708062589169 -5.741642013192177 1
      vertex 9.741708062589169 -5.741642013192177 2
      vertex 9.457881078124046 -5.820187516510487 2
    endloop
  endfacet
  facet normal 0.3136817478064191 -0.9495281781459199 0
    outer loop
      vertex 10.021339118480682 -5.649264387786388 1
      vertex 10.021339118480682 -5.649264387786388 2
      vertex 9.741708062589169 -5.741642013192177 2
    endloop
  endfacet
  facet normal 0.3598950202221731 -0.932992805127286 0
    outer loop
      vertex 10.296100594103336 -5.543277196586132 1
      vertex 10.296100594103336 -5.543277196586132 2
      vertex 10.021339118480682 -5.649264387786388 2
    endloop
  endfacet
  facet normal 0.4052413295799485 -0.9142097487996261 0
    outer loop
      vertex 10.296100594103336 -5.543277196586132 1
      vertex 10.565330557525158 -5.423935756087303 1
      vertex 10.296100594103336 -5.543277196586132 2
    endloop
  endfacet
  facet normal 0.44961132363905804 -0.893224304223488 0
    outer loop
      vertex 10.565330557525158 -5.423935756087303 1
      vertex 10.828380420804024 -5.291527584195137 1
      vertex 10.565330557525158 -5.423935756087303 2
    endloop
  endfacet
  facet normal 0.4052413295799485 -0.9142097487996261 0
    outer loop
      vertex 10.565330557525158 -5.423935756087303 1
      vertex 10.565330557525158 -5.423935756087303 2
      vertex 10.296100594103336 -5.543277196586132 2
    endloop
  endfacet
  facet normal 0.44961132363905804 -0.893224304223488 0
    outer loop
      vertex 10.828380420804024 -5.291527584195137 1
      vertex 10.828380420804024 -5.291527584195137 2
      vertex 10.565330557525158 -5.423935756087303 2
    endloop
  endfacet
  facet normal 0.4928981772145518 -0.8700869996147352 0
    outer loop
      vertex 10.828380420804024 -5.291527584195137 1
      vertex 11.084616467356682 -5.14637166261673 1
      vertex 10.828380420804024 -5.291527584195137 2
    endloop
  endfacet
  facet normal 0.5349976166500983 -0.844853567299514 0
    outer loop
      vertex 11.084616467356682 -5.14637166261673 1
      vertex 11.333421401679516 -4.988817676901817 1
      vertex 11.084616467356682 -5.14637166261673 2
    endloop
  endfacet
  facet normal 0.5758082067041963 -0.8175848023857204 0
    outer loop
      vertex 11.333421401679516 -4.988817676901817 1
      vertex 11.574195824563503 -4.8192451894283295 1
      vertex 11.333421401679516 -4.988817676901817 2
    endloop
  endfacet
  facet normal 0.4928981772145518 -0.8700869996147352 0
    outer loop
      vertex 11.084616467356682 -5.14637166261673 1
      vertex 11.084616467356682 -5.14637166261673 2
      vertex 10.828380420804024 -5.291527584195137 2
    endloop
  endfacet
  facet normal 0.5349976166500983 -0.844853567299514 0
    outer loop
      vertex 11.333421401679516 -4.988817676901817 1
      vertex 11.333421401679516 -4.988817676901817 2
      vertex 11.084616467356682 -5.14637166261673 2
    endloop
  endfacet
  facet normal 0.5758082067041963 -0.8175848023857204 0
    outer loop
      vertex 11.333421401679516 -4.988817676901817 2
      vertex 11.574195824563503 -4.8192451894283295 1
      vertex 11.574195824563503 -4.8192451894283295 2
    endloop
  endfacet
  facet normal 0 0 -1
    outer loop
      vertex 4.242640687119286 -4.242640687119286 0
      vertex 12.242640689015388 -4.2426406890153885 0
      vertex 12.029353730380535 -4.445706754922867 0
    endloop
  endfacet
  facet normal 0 0 -1
    outer loop
      vertex 4.242640687119286 -4.242640687119286 0
      vertex 12.445706754922867 -4.029353730380535 0
      vertex 12.242640689015388 -4.2426406890153885 0
    endloop
  endfacet
  facet normal 0 0 -1
    outer loop
      vertex 4.638062720176422 -3.8063597049818734 0
      vertex 12.638062722980976 -3.8063597083091736 0
      vertex 12.445706754922867 -4.029353730380535 0
    endloop
  endfacet
  facet normal 0 0 -1
    outer loop
      vertex 4.638062720176422 -3.8063597049818734 0
      vertex 12.81924518942833 -3.5741958245635033 0
      vertex 12.638062722980976 -3.8063597083091736 0
    endloop
  endfacet
  facet normal 0 0 -1
    outer loop
      vertex 4.988817673815271 -3.3334213981176135 0
      vertex 12.988817676901817 -3.333421401679516 0
      vertex 12.81924518942833 -3.5741958245635033 0
    endloop
  endfacet
  facet normal 0 0 -1
    outer loop
      vertex 4.988817673815271 -3.3334213981176135 0
      vertex 13.14637166261673 -3.084616467356682 0
      vertex 12.988817676901817 -3.333421401679516 0
    endloop
  endfacet
  facet normal 0.6152315763931467 -0.7883464386986242 0
    outer loop
      vertex 11.574195824563503 -4.8192451894283295 0
      vertex 11.806359708309174 -4.638062722980976 0
      vertex 11.574195824563503 -4.8192451894283295 1
    endloop
  endfacet
  facet normal 0.653172846383443 -0.7572088435480341 0
    outer loop
      vertex 11.806359708309174 -4.638062722980976 0
      vertex 12.029353730380535 -4.445706754922867 0
      vertex 11.806359708309174 -4.638062722980976 1
    endloop
  endfacet
  facet normal 0.6152315763931467 -0.7883464386986242 0
    outer loop
      vertex 11.806359708309174 -4.638062722980976 0
      vertex 11.806359708309174 -4.638062722980976 1
      vertex 11.574195824563503 -4.8192451894283295 1
    endloop
  endfacet
  facet normal 0.653172846383443 -0.7572088435480341 0
    outer loop
      vertex 12.029353730380535 -4.445706754922867 0
      vertex 12.029353730380535 -4.445706754922867 1
      vertex 11.806359708309174 -4.638062722980976 1
    endloop
  endfacet
  facet normal 0.6152315763931467 -0.7883464386986242 0
    outer loop
      vertex 11.574195824563503 -4.8192451894283295 1
      vertex 11.806359708309174 -4.638062722980976 1
      vertex 11.574195824563503 -4.8192451894283295 2
    endloop
  endfacet
  facet normal 0.653172846383443 -0.7572088435480341 0
    outer loop
      vertex 11.806359708309174 -4.638062722980976 1
      vertex 12.029353730380535 -4.445706754922867 1
      vertex 11.806359708309174 -4.638062722980976 2
    endloop
  endfacet
  facet normal 0.6152315763931467 -0.7883464386986242 0
    outer loop
      vertex 11.806359708309174 -4.638062722980976 1
      vertex 11.806359708309174 -4.638062722980976 2
      vertex 11.574195824563503 -4.8192451894283295 2
    endloop
  endfacet
  facet normal 0.653172846383443 -0.7572088435480341 0
    outer loop
      vertex 11.806359708309174 -4.638062722980976 2
      vertex 12.029353730380535 -4.445706754922867 1
      vertex 12.029353730380535 -4.445706754922867 2
    endloop
  endfacet
  facet normal 0.6895405453212274 -0.7242470823953 0
    outer loop
      vertex 12.029353730380535 -4.445706754922867 0
      vertex 12.242640689015388 -4.2426406890153885 0
      vertex 12.029353730380535 -4.445706754922867 1
    endloop
  endfacet
  facet normal 0.7242470823953 -0.6895405453212274 0
    outer loop
      vertex 12.242640689015388 -4.2426406890153885 0
      vertex 12.445706754922867 -4.029353730380535 0
      vertex 12.242640689015388 -4.2426406890153885 1
    endloop
  endfacet
  facet normal 0.7572088435480341 -0.653172846383443 0
    outer loop
      vertex 12.445706754922867 -4.029353730380535 0
      vertex 12.638062722980976 -3.8063597083091736 0
      vertex 12.445706754922867 -4.029353730380535 1
    endloop
  endfacet
  facet normal 0.6895405453212274 -0.7242470823953 0
    outer loop
      vertex 12.242640689015388 -4.2426406890153885 0
      vertex 12.242640689015388 -4.2426406890153885 1
      vertex 12.029353730380535 -4.445706754922867 1
    endloop
  endfacet
  facet normal 0.7242470823953 -0.6895405453212274 0
    outer loop
      vertex 12.445706754922867 -4.029353730380535 0
      vertex 12.445706754922867 -4.029353730380535 1
      vertex 12.242640689015388 -4.2426406890153885 1
    endloop
  endfacet
  facet normal 0.7572088435480341 -0.653172846383443 0
    outer loop
      vertex 12.638062722980976 -3.8063597083091736 0
      vertex 12.638062722980976 -3.8063597083091736 1
      vertex 12.445706754922867 -4.029353730380535 1
    endloop
  endfacet
  facet normal 0.7883464386986242 -0.6152315763931467 0
    outer loop
      vertex 12.638062722980976 -3.8063597083091736 0
      vertex 12.81924518942833 -3.5741958245635033 0
      vertex 12.638062722980976 -3.8063597083091736 1
    endloop
  endfacet
  facet normal 0.8175848023857204 -0.5758082067041963 0
    outer loop
      vertex 12.81924518942833 -3.5741958245635033 0
      vertex 12.988817676901817 -3.333421401679516 0
      vertex 12.81924518942833 -3.5741958245635033 1
    endloop
  endfacet
  facet normal 0.844853567299514 -0.5349976166500983 0
    outer loop
      vertex 12.988817676901817 -3.333421401679516 0
      vertex 13.14637166261673 -3.084616467356682 0
      vertex 12.988817676901817 -3.333421401679516 1
    endloop
  endfacet
  facet normal 0.7883464386986242 -0.6152315763931467 0
    outer loop
      vertex 12.81924518942833 -3.5741958245635033 0
      vertex 12.81924518942833 -3.5741958245635033 1
      vertex 12.638062722980976 -3.8063597083091736 1
    endloop
  endfacet
  facet normal 0.8175848023857204 -0.5758082067041963 0
    outer loop
      vertex 12.988817676901817 -3.333421401679516 0
      vertex 12.988817676901817 -3.333421401679516 1
      vertex 12.81924518942833 -3.5741958245635033 1
    endloop
  endfacet
  facet normal 0.844853567299514 -0.5349976166500983 0
    outer loop
      vertex 13.14637166261673 -3.084616467356682 0
      vertex 13.14637166261673 -3.084616467356682 1
      vertex 12.988817676901817 -3.333421401679516 1
    endloop
  endfacet
  facet normal 0.6895405453212274 -0.7242470823953 0
    outer loop
      vertex 12.029353730380535 -4.445706754922867 1
      vertex 12.242640689015388 -4.2426406890153885 1
      vertex 12.029353730380535 -4.445706754922867 2
    endloop
  endfacet
  facet normal 0.7242470823953 -0.6895405453212274 0
    outer loop
      vertex 12.242640689015388 -4.2426406890153885 1
      vertex 12.445706754922867 -4.029353730380535 1
      vertex 12.242640689015388 -4.2426406890153885 2
    endloop
  endfacet
  facet normal 0.7572088435480341 -0.653172846383443 0
    outer loop
      vertex 12.445706754922867 -4.029353730380535 1
      vertex 12.638062722980976 -3.8063597083091736 1
      vertex 12.445706754922867 -4.029353730380535 2
    endloop
  endfacet
  facet normal 0.6895405453212274 -0.7242470823953 0
    outer loop
      vertex 12.242640689015388 -4.2426406890153885 1
      vertex 12.242640689015388 -4.2426406890153885 2
      vertex 12.029353730380535 -4.445706754922867 2
    endloop
  endfacet
  facet normal 0.7242470823953 -0.6895405453212274 0
    outer loop
      vertex 12.445706754922867 -4.029353730380535 1
      vertex 12.445706754922867 -4.029353730380535 2
      vertex 12.242640689015388 -4.2426406890153885 2
    endloop
  endfacet
  facet normal 0.7572088435480341 -0.653172846383443 0
    outer loop
      vertex 12.638062722980976 -3.8063597083091736 1
      vertex 12.638062722980976 -3.8063597083091736 2
      vertex 12.445706754922867 -4.029353730380535 2
    endloop
  endfacet
  facet normal 0.7883464386986242 -0.6152315763931467 0
    outer loop
      vertex 12.638062722980976 -3.8063597083091736 1
      vertex 12.81924518942833 -3.5741958245635033 1
      vertex 12.638062722980976 -3.8063597083091736 2
    endloop
  endfacet
  facet normal 0.8175848023857204 -0.5758082067041963 0
    outer loop
      vertex 12.81924518942833 -3.5741958245635033 1
      vertex 12.988817676901817 -3.333421401679516 1
      vertex 12.81924518942833 -3.5741958245635033 2
    endloop
  endfacet
  facet normal 0.844853567299514 -0.5349976166500983 0
    outer loop
      vertex 12.988817676901817 -3.333421401679516 1
      vertex 13.14637166261673 -3.084616467356682 1
      vertex 12.988817676901817 -3.333421401679516 2
    endloop
  endfacet
  facet normal 0.7883464386986242 -0.6152315763931467 0
    outer loop
      vertex 12.81924518942833 -3.5741958245635033 1
      vertex 12.81924518942833 -3.5741958245635033 2
      vertex 12.638062722980976 -3.8063597083091736 2
    endloop
  endfacet
  facet normal 0.8175848023857204 -0.5758082067041963 0
    outer loop
      vertex 12.988817676901817 -3.333421401679516 1
      vertex 12.988817676901817 -3.333421401679516 2
      vertex 12.81924518942833 -3.5741958245635033 2
    endloop
  endfacet
  facet normal 0.844853567299514 -0.5349976166500983 0
    outer loop
      vertex 13.14637166261673 -3.084616467356682 1
      vertex 13.14637166261673 -3.084616467356682 2
      vertex 12.988817676901817 -3.333421401679516 2
    endloop
  endfacet
  facet normal 0.21910125277195563 -0.9757021272057161 0
    outer loop
      vertex 9.170541934669018 -5.884711682796478 2
      vertex 9.457881078124046 -5.820187516510487 2
      vertex 9.170541934669018 -5.884711682796478 3
    endloop
  endfacet
  facet normal 0.26671275257105725 -0.9637760671525154 0
    outer loop
      vertex 9.457881078124046 -5.820187516510487 2
      vertex 9.741708062589169 -5.741642013192177 2
      vertex 9.457881078124046 -5.820187516510487 3
    endloop
  endfacet
  facet normal 0.3136817478064191 -0.9495281781459199 0
    outer loop
      vertex 9.741708062589169 -5.741642013192177 2
      vertex 10.021339118480682 -5.649264387786388 2
      vertex 9.741708062589169 -5.741642013192177 3
    endloop
  endfacet
  facet normal 0.3598950202221731 -0.932992805127286 0
    outer loop
      vertex 10.021339118480682 -5.649264387786388 2
      vertex 10.296100594103336 -5.543277196586132 2
      vertex 10.021339118480682 -5.649264387786388 3
    endloop
  endfacet
  facet normal 0.17096189512774906 -0.9852776412840841 0
    outer loop
      vertex 8.880382843315601 -5.935059063136578 3
      vertex 9.170541934669018 -5.884711682796478 2
      vertex 9.170541934669018 -5.884711682796478 3
    endloop
  endfacet
  facet normal 0.21910125277195563 -0.9757021272057161 0
    outer loop
      vertex 9.457881078124046 -5.820187516510487 2
      vertex 9.457881078124046 -5.820187516510487 3
      vertex 9.170541934669018 -5.884711682796478 3
    endloop
  endfacet
  facet normal 0.26671275257105725 -0.9637760671525154 0
    outer loop
      vertex 9.741708062589169 -5.741642013192177 2
      vertex 9.741708062589169 -5.741642013192177 3
      vertex 9.457881078124046 -5.820187516510487 3
    endloop
  endfacet
  facet normal 0.3136817478064191 -0.9495281781459199 0
    outer loop
      vertex 10.021339118480682 -5.649264387786388 2
      vertex 10.021339118480682 -5.649264387786388 3
      vertex 9.741708062589169 -5.741642013192177 3
    endloop
  endfacet
  facet normal 0.3598950202221731 -0.932992805127286 0
    outer loop
      vertex 10.296100594103336 -5.543277196586132 2
      vertex 10.296100594103336 -5.543277196586132 3
      vertex 10.021339118480682 -5.649264387786388 3
    endloop
  endfacet
  facet normal 0.4052413295799485 -0.9142097487996261 0
    outer loop
      vertex 10.296100594103336 -5.543277196586132 2
      vertex 10.565330557525158 -5.423935756087303 2
      vertex 10.296100594103336 -5.543277196586132 3
    endloop
  endfacet
  facet normal 0.44961132363905804 -0.893224304223488 0
    outer loop
      vertex 10.565330557525158 -5.423935756087303 2
      vertex 10.828380420804024 -5.291527584195137 2
      vertex 10.565330557525158 -5.423935756087303 3
    endloop
  endfacet
  facet normal 0.4052413295799485 -0.9142097487996261 0
    outer loop
      vertex 10.565330557525158 -5.423935756087303 2
      vertex 10.565330557525158 -5.423935756087303 3
      vertex 10.296100594103336 -5.543277196586132 3
    endloop
  endfacet
  facet normal 0.44961132363905804 -0.893224304223488 0
    outer loop
      vertex 10.828380420804024 -5.291527584195137 2
      vertex 10.828380420804024 -5.291527584195137 3
      vertex 10.565330557525158 -5.423935756087303 3
    endloop
  endfacet
  facet normal 0.4928981772145518 -0.8700869996147352 0
    outer loop
      vertex 10.828380420804024 -5.291527584195137 2
      vertex 11.084616467356682 -5.14637166261673 2
      vertex 10.828380420804024 -5.291527584195137 3
    endloop
  endfacet
  facet normal 0.5349976166500983 -0.844853567299514 0
    outer loop
      vertex 11.084616467356682 -5.14637166261673 2
      vertex 11.333421401679516 -4.988817676901817 2
      vertex 11.084616467356682 -5.14637166261673 3
    endloop
  endfacet
  facet normal 0.5758082067041963 -0.8175848023857204 0
    outer loop
      vertex 11.333421401679516 -4.988817676901817 2
      vertex 11.574195824563503 -4.8192451894283295 2
      vertex 11.333421401679516 -4.988817676901817 3
    endloop
  endfacet
  facet normal 0.4928981772145518 -0.8700869996147352 0
    outer loop
      vertex 11.084616467356682 -5.14637166261673 2
      vertex 11.084616467356682 -5.14637166261673 3
      vertex 10.828380420804024 -5.291527584195137 3
    endloop
  endfacet
  facet normal 0.5349976166500983 -0.844853567299514 0
    outer loop
      vertex 11.333421401679516 -4.988817676901817 2
      vertex 11.333421401679516 -4.988817676901817 3
      vertex 11.084616467356682 -5.14637166261673 3
    endloop
  endfacet
  facet normal 0.5758082067041963 -0.8175848023857204 0
    outer loop
      vertex 11.574195824563503 -4.8192451894283295 2
      vertex 11.574195824563503 -4.8192451894283295 3
      vertex 11.333421401679516 -4.988817676901817 3
    endloop
  endfacet
  facet normal 0.21910125277195563 -0.9757021272057161 0
    outer loop
      vertex 9.170541934669018 -5.884711682796478 3
      vertex 9.457881078124046 -5.820187516510487 3
      vertex 9.170541934669018 -5.884711682796478 4
    endloop
  endfacet
  facet normal 0.26671275257105725 -0.9637760671525154 0
    outer loop
      vertex 9.457881078124046 -5.820187516510487 3
      vertex 9.741708062589169 -5.741642013192177 3
      vertex 9.457881078124046 -5.820187516510487 4
    endloop
  endfacet
  facet normal 0.3136817478064191 -0.9495281781459199 0
    outer loop
      vertex 9.741708062589169 -5.741642013192177 3
      vertex 10.021339118480682 -5.649264387786388 3
      vertex 9.741708062589169 -5.741642013192177 4
    endloop
  endfacet
  facet normal 0.3598950202221731 -0.932992805127286 0
    outer loop
      vertex 10.021339118480682 -5.649264387786388 3
      vertex 10.296100594103336 -5.543277196586132 3
      vertex 10.021339118480682 -5.649264387786388 4
    endloop
  endfacet
  facet normal 0.17096189512774906 -0.9852776412840841 0
    outer loop
      vertex 8.880382843315601 -5.935059063136578 4
      vertex 9.170541934669018 -5.884711682796478 3
      vertex 9.170541934669018 -5.884711682796478 4
    endloop
  endfacet
  facet normal 0.21910125277195563 -0.9757021272057161 0
    outer loop
      vertex 9.457881078124046 -5.820187516510487 3
      vertex 9.457881078124046 -5.820187516510487 4
      vertex 9.170541934669018 -5.884711682796478 4
    endloop
  endfacet
  facet normal 0.26671275257105725 -0.9637760671525154 0
    outer loop
      vertex 9.741708062589169 -5.741642013192177 3
      vertex 9.741708062589169 -5.741642013192177 4
      vertex 9.457881078124046 -5.820187516510487 4
    endloop
  endfacet
  facet normal 0.3136817478064191 -0.9495281781459199 0
    outer loop
      vertex 10.021339118480682 -5.649264387786388 3
      vertex 10.021339118480682 -5.649264387786388 4
      vertex 9.741708062589169 -5.741642013192177 4
    endloop
  endfacet
  facet normal 0.3598950202221731 -0.932992805127286 0
    outer loop
      vertex 10.296100594103336 -5.543277196586132 3
      vertex 10.296100594103336 -5.543277196586132 4
      vertex 10.021339118480682 -5.649264387786388 4
    endloop
  endfacet
  facet normal 0.4052413295799485 -0.9142097487996261 0
    outer loop
      vertex 10.296100594103336 -5.543277196586132 3
      vertex 10.565330557525158 -5.423935756087303 3
      vertex 10.296100594103336 -5.543277196586132 4
    endloop
  endfacet
  facet normal 0.44961132363905804 -0.893224304223488 0
    outer loop
      vertex 10.565330557525158 -5.423935756087303 3
      vertex 10.828380420804024 -5.291527584195137 3
      vertex 10.565330557525158 -5.423935756087303 4
    endloop
  endfacet
  facet normal 0.4052413295799485 -0.9142097487996261 0
    outer loop
      vertex 10.565330557525158 -5.423935756087303 3
      vertex 10.565330557525158 -5.423935756087303 4
      vertex 10.296100594103336 -5.543277196586132 4
    endloop
  endfacet
  facet normal 0.44961132363905804 -0.893224304223488 0
    outer loop
      vertex 10.828380420804024 -5.291527584195137 3
      vertex 10.828380420804024 -5.291527584195137 4
      vertex 10.565330557525158 -5.423935756087303 4
    endloop
  endfacet
  facet normal 0.4928981772145518 -0.8700869996147352 0
    outer loop
      vertex 10.828380420804024 -5.291527584195137 3
      vertex 11.084616467356682 -5.14637166261673 3
      vertex 10.828380420804024 -5.291527584195137 4
    endloop
  endfacet
  facet normal 0.5349976166500983 -0.844853567299514 0
    outer loop
      vertex 11.084616467356682 -5.14637166261673 3
      vertex 11.333421401679516 -4.988817676901817 3
      vertex 11.084616467356682 -5.14637166261673 4
    endloop
  endfacet
  facet normal 0.5758082067041963 -0.8175848023857204 0
    outer loop
      vertex 11.333421401679516 -4.988817676901817 3
      vertex 11.574195824563503 -4.8192451894283295 3
      vertex 11.333421401679516 -4.988817676901817 4
    endloop
  endfacet
  facet normal 0.4928981772145518 -0.8700869996147352 0
    outer loop
      vertex 11.084616467356682 -5.14637166261673 3
      vertex 11.084616467356682 -5.14637166261673 4
      vertex 10.828380420804024 -5.291527584195137 4
    endloop
  endfacet
  facet normal 0.5349976166500983 -0.844853567299514 0
    outer loop
      vertex 11.333421401679516 -4.988817676901817 3
      vertex 11.333421401679516 -4.988817676901817 4
      vertex 11.084616467356682 -5.14637166261673 4
    endloop
  endfacet
  facet normal 0.5758082067041963 -0.8175848023857204 0
    outer loop
      vertex 11.333421401679516 -4.988817676901817 4
      vertex 11.574195824563503 -4.8192451894283295 3
      vertex 11.574195824563503 -4.8192451894283295 4
    endloop
  endfacet
  facet normal 0.6152315763931467 -0.7883464386986242 0
    outer loop
      vertex 11.574195824563503 -4.8192451894283295 2
      vertex 11.806359708309174 -4.638062722980976 2
      vertex 11.574195824563503 -4.8192451894283295 3
    endloop
  endfacet
  facet normal 0.653172846383443 -0.7572088435480341 0
    outer loop
      vertex 11.806359708309174 -4.638062722980976 2
      vertex 12.029353730380535 -4.445706754922867 2
      vertex 11.806359708309174 -4.638062722980976 3
    endloop
  endfacet
  facet normal 0.6152315763931467 -0.7883464386986242 0
    outer loop
      vertex 11.806359708309174 -4.638062722980976 2
      vertex 11.806359708309174 -4.638062722980976 3
      vertex 11.574195824563503 -4.8192451894283295 3
    endloop
  endfacet
  facet normal 0.653172846383443 -0.7572088435480341 0
    outer loop
      vertex 12.029353730380535 -4.445706754922867 2
      vertex 12.029353730380535 -4.445706754922867 3
      vertex 11.806359708309174 -4.638062722980976 3
    endloop
  endfacet
  facet normal 0.6152315763931467 -0.7883464386986242 0
    outer loop
      vertex 11.574195824563503 -4.8192451894283295 3
      vertex 11.806359708309174 -4.638062722980976 3
      vertex 11.574195824563503 -4.8192451894283295 4
    endloop
  endfacet
  facet normal 0.653172846383443 -0.7572088435480341 0
    outer loop
      vertex 11.806359708309174 -4.638062722980976 3
      vertex 12.029353730380535 -4.445706754922867 3
      vertex 11.806359708309174 -4.638062722980976 4
    endloop
  endfacet
  facet normal 0.6152315763931467 -0.7883464386986242 0
    outer loop
      vertex 11.806359708309174 -4.638062722980976 3
      vertex 11.806359708309174 -4.638062722980976 4
      vertex 11.574195824563503 -4.8192451894283295 4
    endloop
  endfacet
  facet normal 0.653172846383443 -0.7572088435480341 0
    outer loop
      vertex 11.806359708309174 -4.638062722980976 4
      vertex 12.029353730380535 -4.445706754922867 3
      vertex 12.029353730380535 -4.445706754922867 4
    endloop
  endfacet
  facet normal 0.6895405453212274 -0.7242470823953 0
    outer loop
      vertex 12.029353730380535 -4.445706754922867 2
      vertex 12.242640689015388 -4.2426406890153885 2
      vertex 12.029353730380535 -4.445706754922867 3
    endloop
  endfacet
  facet normal 0.7242470823953 -0.6895405453212274 0
    outer loop
      vertex 12.242640689015388 -4.2426406890153885 2
      vertex 12.445706754922867 -4.029353730380535 2
      vertex 12.242640689015388 -4.2426406890153885 3
    endloop
  endfacet
  facet normal 0.7572088435480341 -0.653172846383443 0
    outer loop
      vertex 12.445706754922867 -4.029353730380535 2
      vertex 12.638062722980976 -3.8063597083091736 2
      vertex 12.445706754922867 -4.029353730380535 3
    endloop
  endfacet
  facet normal 0.6895405453212274 -0.7242470823953 0
    outer loop
      vertex 12.242640689015388 -4.2426406890153885 2
      vertex 12.242640689015388 -4.2426406890153885 3
      vertex 12.029353730380535 -4.445706754922867 3
    endloop
  endfacet
  facet normal 0.7242470823953 -0.6895405453212274 0
    outer loop
      vertex 12.445706754922867 -4.029353730380535 2
      vertex 12.445706754922867 -4.029353730380535 3
      vertex 12.242640689015388 -4.2426406890153885 3
    endloop
  endfacet
  facet normal 0.7572088435480341 -0.653172846383443 0
    outer loop
      vertex 12.638062722980976 -3.8063597083091736 2
      vertex 12.638062722980976 -3.8063597083091736 3
      vertex 12.445706754922867 -4.029353730380535 3
    endloop
  endfacet
  facet normal 0.7883464386986242 -0.6152315763931467 0
    outer loop
      vertex 12.638062722980976 -3.8063597083091736 2
      vertex 12.81924518942833 -3.5741958245635033 2
      vertex 12.638062722980976 -3.8063597083091736 3
    endloop
  endfacet
  facet normal 0.8175848023857204 -0.5758082067041963 0
    outer loop
      vertex 12.81924518942833 -3.5741958245635033 2
      vertex 12.988817676901817 -3.333421401679516 2
      vertex 12.81924518942833 -3.5741958245635033 3
    endloop
  endfacet
  facet normal 0.844853567299514 -0.5349976166500983 0
    outer loop
      vertex 12.988817676901817 -3.333421401679516 2
      vertex 13.14637166261673 -3.084616467356682 2
      vertex 12.988817676901817 -3.333421401679516 3
    endloop
  endfacet
  facet normal 0.7883464386986242 -0.6152315763931467 0
    outer loop
      vertex 12.81924518942833 -3.5741958245635033 2
      vertex 12.81924518942833 -3.5741958245635033 3
      vertex 12.638062722980976 -3.8063597083091736 3
    endloop
  endfacet
  facet normal 0.8175848023857204 -0.5758082067041963 0
    outer loop
      vertex 12.988817676901817 -3.333421401679516 2
      vertex 12.988817676901817 -3.333421401679516 3
      vertex 12.81924518942833 -3.5741958245635033 3
    endloop
  endfacet
  facet normal 0.844853567299514 -0.5349976166500983 0
    outer loop
      vertex 13.14637166261673 -3.084616467356682 2
      vertex 13.14637166261673 -3.084616467356682 3
      vertex 12.988817676901817 -3.333421401679516 3
    endloop
  endfacet
  facet normal 0.6895405453212274 -0.7242470823953 0
    outer loop
      vertex 12.029353730380535 -4.445706754922867 3
      vertex 12.242640689015388 -4.2426406890153885 3
      vertex 12.029353730380535 -4.445706754922867 4
    endloop
  endfacet
  facet normal 0.7242470823953 -0.6895405453212274 0
    outer loop
      vertex 12.242640689015388 -4.2426406890153885 3
      vertex 12.445706754922867 -4.029353730380535 3
      vertex 12.242640689015388 -4.2426406890153885 4
    endloop
  endfacet
  facet normal 0.7572088435480341 -0.653172846383443 0
    outer loop
      vertex 12.445706754922867 -4.029353730380535 3
      vertex 12.638062722980976 -3.8063597083091736 3
      vertex 12.445706754922867 -4.029353730380535 4
    endloop
  endfacet
  facet normal 0.6895405453212274 -0.7242470823953 0
    outer loop
      vertex 12.242640689015388 -4.2426406890153885 3
      vertex 12.242640689015388 -4.2426406890153885 4
      vertex 12.029353730380535 -4.445706754922867 4
    endloop
  endfacet
  facet normal 0.7242470823953 -0.6895405453212274 0
    outer loop
      vertex 12.445706754922867 -4.029353730380535 3
      vertex 12.445706754922867 -4.029353730380535 4
      vertex 12.242640689015388 -4.2426406890153885 4
    endloop
  endfacet
  facet normal 0.7572088435480341 -0.653172846383443 0
    outer loop
      vertex 12.638062722980976 -3.8063597083091736 3
      vertex 12.638062722980976 -3.8063597083091736 4
      vertex 12.445706754922867 -4.029353730380535 4
    endloop
  endfacet
  facet normal 0.7883464386986242 -0.6152315763931467 0
    outer loop
      vertex 12.638062722980976 -3.8063597083091736 3
      vertex 12.81924518942833 -3.5741958245635033 3
      vertex 12.638062722980976 -3.8063597083091736 4
    endloop
  endfacet
  facet normal 0.8175848023857204 -0.5758082067041963 0
    outer loop
      vertex 12.81924518942833 -3.5741958245635033 3
      vertex 12.988817676901817 -3.333421401679516 3
      vertex 12.81924518942833 -3.5741958245635033 4
    endloop
  endfacet
  facet normal 0.844853567299514 -0.5349976166500983 0
    outer loop
      vertex 12.988817676901817 -3.333421401679516 3
      vertex 13.14637166261673 -3.084616467356682 3
      vertex 12.988817676901817 -3.333421401679516 4
    endloop
  endfacet
  facet normal 0.7883464386986242 -0.6152315763931467 0
    outer loop
      vertex 12.81924518942833 -3.5741958245635033 3
      vertex 12.81924518942833 -3.5741958245635033 4
      vertex 12.638062722980976 -3.8063597083091736 4
    endloop
  endfacet
  facet normal 0.8175848023857204 -0.5758082067041963 0
    outer loop
      vertex 12.988817676901817 -3.333421401679516 3
      vertex 12.988817676901817 -3.333421401679516 4
      vertex 12.81924518942833 -3.5741958245635033 4
    endloop
  endfacet
  facet normal 0.844853567299514 -0.5349976166500983 0
    outer loop
      vertex 13.14637166261673 -3.084616467356682 3
      vertex 13.14637166261673 -3.084616467356682 4
      vertex 12.988817676901817 -3.333421401679516 4
    endloop
  endfacet
  facet normal 0 0 -1
    outer loop
      vertex 5.2915275860901305 -2.828380420955986 0
      vertex 13.291527584195137 -2.8283804208040237 0
      vertex 13.14637166261673 -3.084616467356682 0
    endloop
  endfacet
  facet normal 0 0 -1
    outer loop
      vertex 5.2915275860901305 -2.828380420955986 0
      vertex 13.423935756087303 -2.565330557525158 0
      vertex 13.291527584195137 -2.8283804208040237 0
    endloop
  endfacet
  facet normal 0 0 -1
    outer loop
      vertex 5.54327719506772 -2.296100594190539 0
      vertex 13.543277196586132 -2.2961005941033363 0
      vertex 13.423935756087303 -2.565330557525158 0
    endloop
  endfacet
  facet normal 0 0 -1
    outer loop
      vertex 5.54327719506772 -2.296100594190539 0
      vertex 13.649264387786388 -2.0213391184806824 0
      vertex 13.543277196586132 -2.2961005941033363 0
    endloop
  endfacet
  facet normal 0 0 -1
    outer loop
      vertex 5.741642014393253 -1.7417080635267745 0
      vertex 13.741642013192177 -1.7417080625891685 0
      vertex 13.649264387786388 -2.0213391184806824 0
    endloop
  endfacet
  facet normal 0 0 -1
    outer loop
      vertex 5.741642014393253 -1.7417080635267745 0
      vertex 13.820187516510487 -1.4578810781240463 0
      vertex 13.741642013192177 -1.7417080625891685 0
    endloop
  endfacet
  facet normal 0 0 -1
    outer loop
      vertex 5.884711682419383 -1.17054193209677 0
      vertex 13.884711682796478 -1.1705419346690178 0
      vertex 13.820187516510487 -1.4578810781240463 0
    endloop
  endfacet
  facet normal 0 0 -1
    outer loop
      vertex 5.971108360033181 -0.588102841977364 0
      vertex 13.935059063136578 -0.8803828433156013 0
      vertex 13.884711682796478 -1.1705419346690178 0
    endloop
  endfacet
  facet normal 0 0 -1
    outer loop
      vertex 5.971108360033181 -0.588102841977364 0
      vertex 13.971108362078667 -0.5881028398871422 0
      vertex 13.935059063136578 -0.8803828433156013 0
    endloop
  endfacet
  facet normal 0 0 -1
    outer loop
      vertex 13.971108362078667 -0.5881028398871422 0
      vertex 6 -9.881270310716841e-17 0
      vertex 13.992772735655308 -0.2944060489535332 0
    endloop
  endfacet
  facet normal 0 0 -1
    outer loop
      vertex 13.992772735655308 -0.2944060489535332 0
      vertex 6 -9.881270310716841e-17 0
      vertex 14 0 0
    endloop
  endfacet
  facet normal 0.8700869996147352 -0.4928981772145518 0
    outer loop
      vertex 13.14637166261673 -3.084616467356682 0
      vertex 13.291527584195137 -2.8283804208040237 0
      vertex 13.14637166261673 -3.084616467356682 1
    endloop
  endfacet
  facet normal 0.893224304223488 -0.44961132363905804 0
    outer loop
      vertex 13.291527584195137 -2.8283804208040237 0
      vertex 13.423935756087303 -2.565330557525158 0
      vertex 13.291527584195137 -2.8283804208040237 1
    endloop
  endfacet
  facet normal 0.9142097487996261 -0.4052413295799485 0
    outer loop
      vertex 13.423935756087303 -2.565330557525158 0
      vertex 13.543277196586132 -2.2961005941033363 0
      vertex 13.423935756087303 -2.565330557525158 1
    endloop
  endfacet
  facet normal 0.8700869996147352 -0.4928981772145518 0
    outer loop
      vertex 13.291527584195137 -2.8283804208040237 0
      vertex 13.291527584195137 -2.8283804208040237 1
      vertex 13.14637166261673 -3.084616467356682 1
    endloop
  endfacet
  facet normal 0.893224304223488 -0.44961132363905804 0
    outer loop
      vertex 13.423935756087303 -2.565330557525158 0
      vertex 13.423935756087303 -2.565330557525158 1
      vertex 13.291527584195137 -2.8283804208040237 1
    endloop
  endfacet
  facet normal 0.9142097487996261 -0.4052413295799485 0
    outer loop
      vertex 13.543277196586132 -2.2961005941033363 0
      vertex 13.543277196586132 -2.2961005941033363 1
      vertex 13.423935756087303 -2.565330557525158 1
    endloop
  endfacet
  facet normal 0.932992805127286 -0.3598950202221731 0
    outer loop
      vertex 13.543277196586132 -2.2961005941033363 0
      vertex 13.649264387786388 -2.0213391184806824 0
      vertex 13.543277196586132 -2.2961005941033363 1
    endloop
  endfacet
  facet normal 0.9495281781459199 -0.3136817478064191 0
    outer loop
      vertex 13.649264387786388 -2.0213391184806824 0
      vertex 13.741642013192177 -1.7417080625891685 0
      vertex 13.649264387786388 -2.0213391184806824 1
    endloop
  endfacet
  facet normal 0.9637760671525154 -0.26671275257105725 0
    outer loop
      vertex 13.741642013192177 -1.7417080625891685 0
      vertex 13.820187516510487 -1.4578810781240463 0
      vertex 13.741642013192177 -1.7417080625891685 1
    endloop
  endfacet
  facet normal 0.932992805127286 -0.3598950202221731 0
    outer loop
      vertex 13.649264387786388 -2.0213391184806824 0
      vertex 13.649264387786388 -2.0213391184806824 1
      vertex 13.543277196586132 -2.2961005941033363 1
    endloop
  endfacet
  facet normal 0.9495281781459199 -0.3136817478064191 0
    outer loop
      vertex 13.741642013192177 -1.7417080625891685 0
      vertex 13.741642013192177 -1.7417080625891685 1
      vertex 13.649264387786388 -2.0213391184806824 1
    endloop
  endfacet
  facet normal 0.9637760671525154 -0.26671275257105725 0
    outer loop
      vertex 13.820187516510487 -1.4578810781240463 0
      vertex 13.820187516510487 -1.4578810781240463 1
      vertex 13.741642013192177 -1.7417080625891685 1
    endloop
  endfacet
  facet normal 0.8700869996147352 -0.4928981772145518 0
    outer loop
      vertex 13.14637166261673 -3.084616467356682 1
      vertex 13.291527584195137 -2.8283804208040237 1
      vertex 13.14637166261673 -3.084616467356682 2
    endloop
  endfacet
  facet normal 0.893224304223488 -0.44961132363905804 0
    outer loop
      vertex 13.291527584195137 -2.8283804208040237 1
      vertex 13.423935756087303 -2.565330557525158 1
      vertex 13.291527584195137 -2.8283804208040237 2
    endloop
  endfacet
  facet normal 0.9142097487996261 -0.4052413295799485 0
    outer loop
      vertex 13.423935756087303 -2.565330557525158 1
      vertex 13.543277196586132 -2.2961005941033363 1
      vertex 13.423935756087303 -2.565330557525158 2
    endloop
  endfacet
  facet normal 0.8700869996147352 -0.4928981772145518 0
    outer loop
      vertex 13.14637166261673 -3.084616467356682 2
      vertex 13.291527584195137 -2.8283804208040237 1
      vertex 13.291527584195137 -2.8283804208040237 2
    endloop
  endfacet
  facet normal 0.893224304223488 -0.44961132363905804 0
    outer loop
      vertex 13.423935756087303 -2.565330557525158 1
      vertex 13.423935756087303 -2.565330557525158 2
      vertex 13.291527584195137 -2.8283804208040237 2
    endloop
  endfacet
  facet normal 0.9142097487996261 -0.4052413295799485 0
    outer loop
      vertex 13.543277196586132 -2.2961005941033363 1
      vertex 13.543277196586132 -2.2961005941033363 2
      vertex 13.423935756087303 -2.565330557525158 2
    endloop
  endfacet
  facet normal 0.932992805127286 -0.3598950202221731 0
    outer loop
      vertex 13.543277196586132 -2.2961005941033363 1
      vertex 13.649264387786388 -2.0213391184806824 1
      vertex 13.543277196586132 -2.2961005941033363 2
    endloop
  endfacet
  facet normal 0.9495281781459199 -0.3136817478064191 0
    outer loop
      vertex 13.649264387786388 -2.0213391184806824 1
      vertex 13.741642013192177 -1.7417080625891685 1
      vertex 13.649264387786388 -2.0213391184806824 2
    endloop
  endfacet
  facet normal 0.9637760671525154 -0.26671275257105725 0
    outer loop
      vertex 13.741642013192177 -1.7417080625891685 1
      vertex 13.820187516510487 -1.4578810781240463 1
      vertex 13.741642013192177 -1.7417080625891685 2
    endloop
  endfacet
  facet normal 0.932992805127286 -0.3598950202221731 0
    outer loop
      vertex 13.649264387786388 -2.0213391184806824 1
      vertex 13.649264387786388 -2.0213391184806824 2
      vertex 13.543277196586132 -2.2961005941033363 2
    endloop
  endfacet
  facet normal 0.9495281781459199 -0.3136817478064191 0
    outer loop
      vertex 13.741642013192177 -1.7417080625891685 1
      vertex 13.741642013192177 -1.7417080625891685 2
      vertex 13.649264387786388 -2.0213391184806824 2
    endloop
  endfacet
  facet normal 0.9637760671525154 -0.26671275257105725 0
    outer loop
      vertex 13.741642013192177 -1.7417080625891685 2
      vertex 13.820187516510487 -1.4578810781240463 1
      vertex 13.820187516510487 -1.4578810781240463 2
    endloop
  endfacet
  facet normal 0.9757021272057161 -0.21910125277195563 0
    outer loop
      vertex 13.820187516510487 -1.4578810781240463 0
      vertex 13.884711682796478 -1.1705419346690178 0
      vertex 13.820187516510487 -1.4578810781240463 1
    endloop
  endfacet
  facet normal 0.9852776412840841 -0.17096189512774906 0
    outer loop
      vertex 13.884711682796478 -1.1705419346690178 0
      vertex 13.935059063136578 -0.8803828433156013 0
      vertex 13.884711682796478 -1.1705419346690178 1
    endloop
  endfacet
  facet normal 0.9924795350685145 -0.12241067139014121 0
    outer loop
      vertex 13.935059063136578 -0.8803828433156013 0
      vertex 13.971108362078667 -0.5881028398871422 0
      vertex 13.935059063136578 -0.8803828433156013 1
    endloop
  endfacet
  facet normal 0.9757021272057161 -0.21910125277195563 0
    outer loop
      vertex 13.884711682796478 -1.1705419346690178 0
      vertex 13.884711682796478 -1.1705419346690178 1
      vertex 13.820187516510487 -1.4578810781240463 1
    endloop
  endfacet
  facet normal 0.9852776412840841 -0.17096189512774906 0
    outer loop
      vertex 13.935059063136578 -0.8803828433156013 0
      vertex 13.935059063136578 -0.8803828433156013 1
      vertex 13.884711682796478 -1.1705419346690178 1
    endloop
  endfacet
  facet normal 0.997290457487477 -0.07356455263521083 0
    outer loop
      vertex 13.971108362078667 -0.5881028398871422 0
      vertex 13.992772735655308 -0.2944060489535332 0
      vertex 13.971108362078667 -0.5881028398871422 1
    endloop
  endfacet
  facet normal 0.999698818571046 -0.024541233621289557 0
    outer loop
      vertex 13.992772735655308 -0.2944060489535332 0
      vertex 14 0 0
      vertex 13.992772735655308 -0.2944060489535332 1
    endloop
  endfacet
  facet normal 0.9924795350685145 -0.12241067139014121 0
    outer loop
      vertex 13.971108362078667 -0.5881028398871422 0
      vertex 13.971108362078667 -0.5881028398871422 1
      vertex 13.935059063136578 -0.8803828433156013 1
    endloop
  endfacet
  facet normal 0.997290457487477 -0.07356455263521083 0
    outer loop
      vertex 13.992772735655308 -0.2944060489535332 0
      vertex 13.992772735655308 -0.2944060489535332 1
      vertex 13.971108362078667 -0.5881028398871422 1
    endloop
  endfacet
  facet normal 0.999698818571046 -0.024541233621289557 0
    outer loop
      vertex 13.992772735655308 -0.2944060489535332 1
      vertex 14 0 0
      vertex 14 0 1
    endloop
  endfacet
  facet normal 0.9757021272057161 -0.21910125277195563 0
    outer loop
      vertex 13.820187516510487 -1.4578810781240463 1
      vertex 13.884711682796478 -1.1705419346690178 1
      vertex 13.820187516510487 -1.4578810781240463 2
    endloop
  endfacet
  facet normal 0.9852776412840841 -0.17096189512774906 0
    outer loop
      vertex 13.884711682796478 -1.1705419346690178 1
      vertex 13.935059063136578 -0.8803828433156013 1
      vertex 13.884711682796478 -1.1705419346690178 2
    endloop
  endfacet
  facet normal 0.9924795350685145 -0.12241067139014121 0
    outer loop
      vertex 13.935059063136578 -0.8803828433156013 1
      vertex 13.971108362078667 -0.5881028398871422 1
      vertex 13.935059063136578 -0.8803828433156013 2
    endloop
  endfacet
  facet normal 0.9757021272057161 -0.21910125277195563 0
    outer loop
      vertex 13.884711682796478 -1.1705419346690178 1
      vertex 13.884711682796478 -1.1705419346690178 2
      vertex 13.820187516510487 -1.4578810781240463 2
    endloop
  endfacet
  facet normal 0.9852776412840841 -0.17096189512774906 0
    outer loop
      vertex 13.935059063136578 -0.8803828433156013 1
      vertex 13.935059063136578 -0.8803828433156013 2
      vertex 13.884711682796478 -1.1705419346690178 2
    endloop
  endfacet
  facet normal 0.997290457487477 -0.07356455263521083 0
    outer loop
      vertex 13.971108362078667 -0.5881028398871422 1
      vertex 13.992772735655308 -0.2944060489535332 1
      vertex 13.971108362078667 -0.5881028398871422 2
    endloop
  endfacet
  facet normal 0.999698818571046 -0.024541233621289557 0
    outer loop
      vertex 13.992772735655308 -0.2944060489535332 1
      vertex 14 0 1
      vertex 13.992772735655308 -0.2944060489535332 2
    endloop
  endfacet
  facet normal 0.9924795350685145 -0.12241067139014121 0
    outer loop
      vertex 13.971108362078667 -0.5881028398871422 1
      vertex 13.971108362078667 -0.5881028398871422 2
      vertex 13.935059063136578 -0.8803828433156013 2
    endloop
  endfacet
  facet normal 0.997290457487477 -0.07356455263521083 0
    outer loop
      vertex 13.992772735655308 -0.2944060489535332 1
      vertex 13.992772735655308 -0.2944060489535332 2
      vertex 13.971108362078667 -0.5881028398871422 2
    endloop
  endfacet
  facet normal 0.999698818571046 -0.024541233621289557 0
    outer loop
      vertex 13.992772735655308 -0.2944060489535332 2
      vertex 14 0 1
      vertex 14 0 2
    endloop
  endfacet
  facet normal 0 0 1
    outer loop
      vertex 13.649264387786388 -2.0213391184806824 4
      vertex 13.741642013192177 -1.7417080625891685 4
      vertex 0.23083036547611505 -2.343660031313023 4
    endloop
  endfacet
  facet normal 0 0 1
    outer loop
      vertex 13.741642013192177 -1.7417080625891685 4
      vertex 13.820187516510487 -1.4578810781240463 4
      vertex 1.110139315225224 -2.0769245775403755 4
    endloop
  endfacet
  facet normal 0 0 1
    outer loop
      vertex 13.820187516510487 -1.4578810781240463 4
      vertex 13.884711682796478 -1.1705419346690178 4
      vertex 1.4939961842053846 -1.8204396176692452 4
    endloop
  endfacet
  facet normal 0 0 1
    outer loop
      vertex 13.884711682796478 -1.1705419346690178 4
      vertex 13.935059063136578 -0.8803828433156013 4
      vertex 1.8204396176692452 -1.493996184205385 4
    endloop
  endfacet
  facet normal 0 0 1
    outer loop
      vertex 13.935059063136578 -0.8803828433156013 4
      vertex 13.971108362078667 -0.5881028398871422 4
      vertex 1.9581109369724936 -1.308367898761163 4
    endloop
  endfacet
  facet normal 0 0 1
    outer loop
      vertex 13.971108362078667 -0.5881028398871422 4
      vertex 13.992772735655308 -0.2944060489535332 4
      vertex 2.17573629906408 -0.9012194832197864 4
    endloop
  endfacet
  facet normal 0 0 1
    outer loop
      vertex 13.992772735655308 -0.2944060489535332 4
      vertex 14 0 4
      vertex 2.2535944906493515 -0.6836204149342587 4
    endloop
  endfacet
  facet normal 0.8700869996147352 -0.4928981772145518 0
    outer loop
      vertex 13.14637166261673 -3.084616467356682 2
      vertex 13.291527584195137 -2.8283804208040237 2
      vertex 13.14637166261673 -3.084616467356682 3
    endloop
  endfacet
  facet normal 0.893224304223488 -0.44961132363905804 0
    outer loop
      vertex 13.291527584195137 -2.8283804208040237 2
      vertex 13.423935756087303 -2.565330557525158 2
      vertex 13.291527584195137 -2.8283804208040237 3
    endloop
  endfacet
  facet normal 0.9142097487996261 -0.4052413295799485 0
    outer loop
      vertex 13.423935756087303 -2.565330557525158 2
      vertex 13.543277196586132 -2.2961005941033363 2
      vertex 13.423935756087303 -2.565330557525158 3
    endloop
  endfacet
  facet normal 0.8700869996147352 -0.4928981772145518 0
    outer loop
      vertex 13.14637166261673 -3.084616467356682 3
      vertex 13.291527584195137 -2.8283804208040237 2
      vertex 13.291527584195137 -2.8283804208040237 3
    endloop
  endfacet
  facet normal 0.893224304223488 -0.44961132363905804 0
    outer loop
      vertex 13.423935756087303 -2.565330557525158 2
      vertex 13.423935756087303 -2.565330557525158 3
      vertex 13.291527584195137 -2.8283804208040237 3
    endloop
  endfacet
  facet normal 0.9142097487996261 -0.4052413295799485 0
    outer loop
      vertex 13.543277196586132 -2.2961005941033363 2
      vertex 13.543277196586132 -2.2961005941033363 3
      vertex 13.423935756087303 -2.565330557525158 3
    endloop
  endfacet
  facet normal 0.932992805127286 -0.3598950202221731 0
    outer loop
      vertex 13.543277196586132 -2.2961005941033363 2
      vertex 13.649264387786388 -2.0213391184806824 2
      vertex 13.543277196586132 -2.2961005941033363 3
    endloop
  endfacet
  facet normal 0.9495281781459199 -0.3136817478064191 0
    outer loop
      vertex 13.649264387786388 -2.0213391184806824 2
      vertex 13.741642013192177 -1.7417080625891685 2
      vertex 13.649264387786388 -2.0213391184806824 3
    endloop
  endfacet
  facet normal 0.9637760671525154 -0.26671275257105725 0
    outer loop
      vertex 13.741642013192177 -1.7417080625891685 2
      vertex 13.820187516510487 -1.4578810781240463 2
      vertex 13.741642013192177 -1.7417080625891685 3
    endloop
  endfacet
  facet normal 0.932992805127286 -0.3598950202221731 0
    outer loop
      vertex 13.649264387786388 -2.0213391184806824 2
      vertex 13.649264387786388 -2.0213391184806824 3
      vertex 13.543277196586132 -2.2961005941033363 3
    endloop
  endfacet
  facet normal 0.9495281781459199 -0.3136817478064191 0
    outer loop
      vertex 13.741642013192177 -1.7417080625891685 2
      vertex 13.741642013192177 -1.7417080625891685 3
      vertex 13.649264387786388 -2.0213391184806824 3
    endloop
  endfacet
  facet normal 0.9637760671525154 -0.26671275257105725 0
    outer loop
      vertex 13.820187516510487 -1.4578810781240463 2
      vertex 13.820187516510487 -1.4578810781240463 3
      vertex 13.741642013192177 -1.7417080625891685 3
    endloop
  endfacet
  facet normal 0.8700869996147352 -0.4928981772145518 0
    outer loop
      vertex 13.14637166261673 -3.084616467356682 3
      vertex 13.291527584195137 -2.8283804208040237 3
      vertex 13.14637166261673 -3.084616467356682 4
    endloop
  endfacet
  facet normal 0.893224304223488 -0.44961132363905804 0
    outer loop
      vertex 13.291527584195137 -2.8283804208040237 3
      vertex 13.423935756087303 -2.565330557525158 3
      vertex 13.291527584195137 -2.8283804208040237 4
    endloop
  endfacet
  facet normal 0.9142097487996261 -0.4052413295799485 0
    outer loop
      vertex 13.423935756087303 -2.565330557525158 3
      vertex 13.543277196586132 -2.2961005941033363 3
      vertex 13.423935756087303 -2.565330557525158 4
    endloop
  endfacet
  facet normal 0.8700869996147352 -0.4928981772145518 0
    outer loop
      vertex 13.14637166261673 -3.084616467356682 4
      vertex 13.291527584195137 -2.8283804208040237 3
      vertex 13.291527584195137 -2.8283804208040237 4
    endloop
  endfacet
  facet normal 0.893224304223488 -0.44961132363905804 0
    outer loop
      vertex 13.423935756087303 -2.565330557525158 3
      vertex 13.423935756087303 -2.565330557525158 4
      vertex 13.291527584195137 -2.8283804208040237 4
    endloop
  endfacet
  facet normal 0.9142097487996261 -0.4052413295799485 0
    outer loop
      vertex 13.543277196586132 -2.2961005941033363 3
      vertex 13.543277196586132 -2.2961005941033363 4
      vertex 13.423935756087303 -2.565330557525158 4
    endloop
  endfacet
  facet normal 0.932992805127286 -0.3598950202221731 0
    outer loop
      vertex 13.543277196586132 -2.2961005941033363 3
      vertex 13.649264387786388 -2.0213391184806824 3
      vertex 13.543277196586132 -2.2961005941033363 4
    endloop
  endfacet
  facet normal 0.9495281781459199 -0.3136817478064191 0
    outer loop
      vertex 13.649264387786388 -2.0213391184806824 3
      vertex 13.741642013192177 -1.7417080625891685 3
      vertex 13.649264387786388 -2.0213391184806824 4
    endloop
  endfacet
  facet normal 0.9637760671525154 -0.26671275257105725 0
    outer loop
      vertex 13.741642013192177 -1.7417080625891685 3
      vertex 13.820187516510487 -1.4578810781240463 3
      vertex 13.741642013192177 -1.7417080625891685 4
    endloop
  endfacet
  facet normal 0.932992805127286 -0.3598950202221731 0
    outer loop
      vertex 13.649264387786388 -2.0213391184806824 3
      vertex 13.649264387786388 -2.0213391184806824 4
      vertex 13.543277196586132 -2.2961005941033363 4
    endloop
  endfacet
  facet normal 0.9495281781459199 -0.3136817478064191 0
    outer loop
      vertex 13.741642013192177 -1.7417080625891685 3
      vertex 13.741642013192177 -1.7417080625891685 4
      vertex 13.649264387786388 -2.0213391184806824 4
    endloop
  endfacet
  facet normal 0.9637760671525154 -0.26671275257105725 0
    outer loop
      vertex 13.741642013192177 -1.7417080625891685 4
      vertex 13.820187516510487 -1.4578810781240463 3
      vertex 13.820187516510487 -1.4578810781240463 4
    endloop
  endfacet
  facet normal 0.9757021272057161 -0.21910125277195563 0
    outer loop
      vertex 13.820187516510487 -1.4578810781240463 2
      vertex 13.884711682796478 -1.1705419346690178 2
      vertex 13.820187516510487 -1.4578810781240463 3
    endloop
  endfacet
  facet normal 0.9852776412840841 -0.17096189512774906 0
    outer loop
      vertex 13.884711682796478 -1.1705419346690178 2
      vertex 13.935059063136578 -0.8803828433156013 2
      vertex 13.884711682796478 -1.1705419346690178 3
    endloop
  endfacet
  facet normal 0.9924795350685145 -0.12241067139014121 0
    outer loop
      vertex 13.935059063136578 -0.8803828433156013 2
      vertex 13.971108362078667 -0.5881028398871422 2
      vertex 13.935059063136578 -0.8803828433156013 3
    endloop
  endfacet
  facet normal 0.9757021272057161 -0.21910125277195563 0
    outer loop
      vertex 13.884711682796478 -1.1705419346690178 2
      vertex 13.884711682796478 -1.1705419346690178 3
      vertex 13.820187516510487 -1.4578810781240463 3
    endloop
  endfacet
  facet normal 0.9852776412840841 -0.17096189512774906 0
    outer loop
      vertex 13.935059063136578 -0.8803828433156013 2
      vertex 13.935059063136578 -0.8803828433156013 3
      vertex 13.884711682796478 -1.1705419346690178 3
    endloop
  endfacet
  facet normal 0.997290457487477 -0.07356455263521083 0
    outer loop
      vertex 13.971108362078667 -0.5881028398871422 2
      vertex 13.992772735655308 -0.2944060489535332 2
      vertex 13.971108362078667 -0.5881028398871422 3
    endloop
  endfacet
  facet normal 0.999698818571046 -0.024541233621289557 0
    outer loop
      vertex 13.992772735655308 -0.2944060489535332 2
      vertex 14 0 2
      vertex 13.992772735655308 -0.2944060489535332 3
    endloop
  endfacet
  facet normal 0.9924795350685145 -0.12241067139014121 0
    outer loop
      vertex 13.971108362078667 -0.5881028398871422 2
      vertex 13.971108362078667 -0.5881028398871422 3
      vertex 13.935059063136578 -0.8803828433156013 3
    endloop
  endfacet
  facet normal 0.997290457487477 -0.07356455263521083 0
    outer loop
      vertex 13.992772735655308 -0.2944060489535332 2
      vertex 13.992772735655308 -0.2944060489535332 3
      vertex 13.971108362078667 -0.5881028398871422 3
    endloop
  endfacet
  facet normal 0.999698818571046 -0.024541233621289557 0
    outer loop
      vertex 13.992772735655308 -0.2944060489535332 3
      vertex 14 0 2
      vertex 14 0 3
    endloop
  endfacet
  facet normal 0.9757021272057161 -0.21910125277195563 0
    outer loop
      vertex 13.820187516510487 -1.4578810781240463 3
      vertex 13.884711682796478 -1.1705419346690178 3
      vertex 13.820187516510487 -1.4578810781240463 4
    endloop
  endfacet
  facet normal 0.9852776412840841 -0.17096189512774906 0
    outer loop
      vertex 13.884711682796478 -1.1705419346690178 3
      vertex 13.935059063136578 -0.8803828433156013 3
      vertex 13.884711682796478 -1.1705419346690178 4
    endloop
  endfacet
  facet normal 0.9924795350685145 -0.12241067139014121 0
    outer loop
      vertex 13.935059063136578 -0.8803828433156013 3
      vertex 13.971108362078667 -0.5881028398871422 3
      vertex 13.935059063136578 -0.8803828433156013 4
    endloop
  endfacet
  facet normal 0.9757021272057161 -0.21910125277195563 0
    outer loop
      vertex 13.884711682796478 -1.1705419346690178 3
      vertex 13.884711682796478 -1.1705419346690178 4
      vertex 13.820187516510487 -1.4578810781240463 4
    endloop
  endfacet
  facet normal 0.9852776412840841 -0.17096189512774906 0
    outer loop
      vertex 13.935059063136578 -0.8803828433156013 3
      vertex 13.935059063136578 -0.8803828433156013 4
      vertex 13.884711682796478 -1.1705419346690178 4
    endloop
  endfacet
  facet normal 0.997290457487477 -0.07356455263521083 0
    outer loop
      vertex 13.971108362078667 -0.5881028398871422 3
      vertex 13.992772735655308 -0.2944060489535332 3
      vertex 13.971108362078667 -0.5881028398871422 4
    endloop
  endfacet
  facet normal 0.999698818571046 -0.024541233621289557 0
    outer loop
      vertex 13.992772735655308 -0.2944060489535332 3
      vertex 14 0 3
      vertex 13.992772735655308 -0.2944060489535332 4
    endloop
  endfacet
  facet normal 0.9924795350685145 -0.12241067139014121 0
    outer loop
      vertex 13.971108362078667 -0.5881028398871422 3
      vertex 13.971108362078667 -0.5881028398871422 4
      vertex 13.935059063136578 -0.8803828433156013 4
    endloop
  endfacet
  facet normal 0.997290457487477 -0.07356455263521083 0
    outer loop
      vertex 13.992772735655308 -0.2944060489535332 3
      vertex 13.992772735655308 -0.2944060489535332 4
      vertex 13.971108362078667 -0.5881028398871422 4
    endloop
  endfacet
  facet normal 0.999698818571046 -0.024541233621289557 0
    outer loop
      vertex 13.992772735655308 -0.2944060489535332 4
      vertex 14 0 3
      vertex 14 0 4
    endloop
  endfacet
  facet normal 0 0 -1
    outer loop
      vertex 6 -9.881270310716841e-17 0
      vertex 5.971108360033181 0.5881028419773633 0
      vertex 13.992772735655308 0.2944060489535332 0
    endloop
  endfacet
  facet normal 0 0 -1
    outer loop
      vertex 5.971108360033181 0.5881028419773633 0
      vertex 5.884711682419383 1.1705419320967692 0
      vertex 13.935059063136578 0.8803828433156013 0
    endloop
  endfacet
  facet normal 0 0 -1
    outer loop
      vertex 5.884711682419383 1.1705419320967692 0
      vertex 5.741642014393253 1.7417080635267737 0
      vertex 13.820187516510487 1.4578810781240463 0
    endloop
  endfacet
  facet normal 0 0 -1
    outer loop
      vertex 5.741642014393253 1.7417080635267737 0
      vertex 5.54327719506772 2.296100594190538 0
      vertex 13.649264387786388 2.0213391184806824 0
    endloop
  endfacet
  facet normal 0 0 -1
    outer loop
      vertex 5.54327719506772 2.296100594190538 0
      vertex 5.2915275860901305 2.8283804209559853 0
      vertex 13.423935756087303 2.565330557525158 0
    endloop
  endfacet
  facet normal 0 0 1
    outer loop
      vertex 13.971108362078667 0.5881028398871422 4
      vertex 2.3549999999999995 -1.442021605996008e-16 4
      vertex 2.343660031313023 -0.23083036547611532 4
    endloop
  endfacet
  facet normal 0 0 1
    outer loop
      vertex 13.935059063136578 0.8803828433156013 4
      vertex 2.343660031313023 0.23083036547611505 4
      vertex 2.3549999999999995 -1.442021605996008e-16 4
    endloop
  endfacet
  facet normal 0 0 1
    outer loop
      vertex 13.884711682796478 1.1705419346690178 4
      vertex 2.3097493353496072 0.45943770834798175 4
      vertex 2.343660031313023 0.23083036547611505 4
    endloop
  endfacet
  facet normal 0 0 1
    outer loop
      vertex 13.820187516510487 1.4578810781240463 4
      vertex 2.2535944906493515 0.6836204149342585 4
      vertex 2.3097493353496072 0.45943770834798175 4
    endloop
  endfacet
  facet normal 0 0 1
    outer loop
      vertex 13.820187516510487 1.4578810781240463 4
      vertex 2.17573629906408 0.9012194832197862 4
      vertex 2.2535944906493515 0.6836204149342585 4
    endloop
  endfacet
  facet normal 0 0 1
    outer loop
      vertex 13.741642013192177 1.7417080625891685 4
      vertex 2.0769245775403755 1.110139315225224 4
      vertex 2.17573629906408 0.9012194832197862 4
    endloop
  endfacet
  facet normal 0 0 1
    outer loop
      vertex 13.649264387786388 2.0213391184806824 4
      vertex 1.9581109369724936 1.3083678987611627 4
      vertex 2.0769245775403755 1.110139315225224 4
    endloop
  endfacet
  facet normal 0 0 1
    outer loop
      vertex 13.291527584195137 2.8283804208040237 4
      vertex 1.442021605996008e-16 2.3549999999999995 4
      vertex 0.23083036547611532 2.343660031313023 4
    endloop
  endfacet
  facet normal 0 0 1
    outer loop
      vertex 13.291527584195137 2.8283804208040237 4
      vertex 0.23083036547611532 2.343660031313023 4
      vertex 0.4594377083479821 2.3097493353496072 4
    endloop
  endfacet
  facet normal 0 0 1
    outer loop
      vertex 13.291527584195137 2.8283804208040237 4
      vertex 0.4594377083479821 2.3097493353496072 4
      vertex 0.6836204149342587 2.2535944906493515 4
    endloop
  endfacet
  facet normal 0 0 1
    outer loop
      vertex 13.291527584195137 2.8283804208040237 4
      vertex 0.6836204149342587 2.2535944906493515 4
      vertex 0.9012194832197864 2.17573629906408 4
    endloop
  endfacet
  facet normal 0 0 1
    outer loop
      vertex 13.291527584195137 2.8283804208040237 4
      vertex 0.9012194832197864 2.17573629906408 4
      vertex 1.1101393152252244 2.0769245775403755 4
    endloop
  endfacet
  facet normal 0 0 1
    outer loop
      vertex 13.649264387786388 2.0213391184806824 4
      vertex 1.8204396176692452 1.4939961842053846 4
      vertex 1.9581109369724936 1.3083678987611627 4
    endloop
  endfacet
  facet normal 0 0 1
    outer loop
      vertex 13.543277196586132 2.2961005941033363 4
      vertex 1.6652364696943192 1.6652364696943192 4
      vertex 1.8204396176692452 1.4939961842053846 4
    endloop
  endfacet
  facet normal 0 0 1
    outer loop
      vertex 13.423935756087303 2.565330557525158 4
      vertex 1.493996184205385 1.8204396176692452 4
      vertex 1.6652364696943192 1.6652364696943192 4
    endloop
  endfacet
  facet normal 0 0 1
    outer loop
      vertex 13.423935756087303 2.565330557525158 4
      vertex 1.1101393152252244 2.0769245775403755 4
      vertex 1.308367898761163 1.9581109369724936 4
    endloop
  endfacet
  facet normal 0 0 1
    outer loop
      vertex 13.423935756087303 2.565330557525158 4
      vertex 1.308367898761163 1.9581109369724936 4
      vertex 1.493996184205385 1.8204396176692452 4
    endloop
  endfacet
  facet normal 0 0 1
    outer loop
      vertex -5.543277196586132 2.2961005941033363 4
      vertex 13.291527584195137 2.8283804208040237 4
      vertex 13.14637166261673 3.084616467356682 4
    endloop
  endfacet
  facet normal 0 0 1
    outer loop
      vertex -5.423935756087303 2.565330557525158 4
      vertex 13.14637166261673 3.084616467356682 4
      vertex 12.988817676901817 3.333421401679516 4
    endloop
  endfacet
  facet normal 0 0 -1
    outer loop
      vertex 1.17054193209677 5.884711682419383 0
      vertex 9.170541934669018 5.884711682796478 0
      vertex 1.7417080635267745 5.741642014393253 0
    endloop
  endfacet
  facet normal 0 0 -1
    outer loop
      vertex 1.7417080635267745 5.741642014393253 0
      vertex 9.741708062589169 5.741642013192177 0
      vertex 2.296100594190539 5.54327719506772 0
    endloop
  endfacet
  facet normal 0 0 -1
    outer loop
      vertex 2.296100594190539 5.54327719506772 0
      vertex 10.296100594103336 5.543277196586132 0
      vertex 2.828380420955986 5.2915275860901305 0
    endloop
  endfacet
  facet normal 0 0 -1
    outer loop
      vertex 3.3334213981176135 4.988817673815271 0
      vertex 2.828380420955986 5.2915275860901305 0
      vertex 10.828380420804024 5.291527584195137 0
    endloop
  endfacet
  facet normal 0 0 -1
    outer loop
      vertex 3.3334213981176135 4.988817673815271 0
      vertex 11.333421401679516 4.988817676901817 0
      vertex 3.8063597049818734 4.638062720176422 0
    endloop
  endfacet
  facet normal 0 0 -1
    outer loop
      vertex 0.588102841977364 5.971108360033181 0
      vertex 8 6 0
      vertex 8.294406048953533 5.992772735655308 0
    endloop
  endfacet
  facet normal 0 0 -1
    outer loop
      vertex 0.588102841977364 5.971108360033181 0
      vertex 8.294406048953533 5.992772735655308 0
      vertex 8.588102839887142 5.971108362078667 0
    endloop
  endfacet
  facet normal 0 1 0
    outer loop
      vertex 3.6739403974420594e-16 6 0
      vertex 8 6 1
      vertex 8 6 0
    endloop
  endfacet
  facet normal 0 0 -1
    outer loop
      vertex 1.17054193209677 5.884711682419383 0
      vertex 8.588102839887142 5.971108362078667 0
      vertex 8.880382843315601 5.935059063136578 0
    endloop
  endfacet
  facet normal 0 0 -1
    outer loop
      vertex 1.17054193209677 5.884711682419383 0
      vertex 8.880382843315601 5.935059063136578 0
      vertex 9.170541934669018 5.884711682796478 0
    endloop
  endfacet
  facet normal 0 1 0
    outer loop
      vertex 0 6 1
      vertex 8 6 2
      vertex 8 6 1
    endloop
  endfacet
  facet normal 0 0 -1
    outer loop
      vertex 4.988817673815271 3.3334213981176126 0
      vertex 4.638062720176422 3.8063597049818725 0
      vertex 12.81924518942833 3.5741958245635033 0
    endloop
  endfacet
  facet normal 0 0 -1
    outer loop
      vertex 4.242640687119286 4.242640687119286 0
      vertex 12.445706754922867 4.029353730380535 0
      vertex 4.638062720176422 3.8063597049818725 0
    endloop
  endfacet
  facet normal 0 0 -1
    outer loop
      vertex 3.8063597049818734 4.638062720176422 0
      vertex 12.029353730380535 4.445706754922867 0
      vertex 4.242640687119286 4.242640687119286 0
    endloop
  endfacet
  facet normal 0 0 -1
    outer loop
      vertex 5.2915275860901305 2.8283804209559853 0
      vertex 4.988817673815271 3.3334213981176126 0
      vertex 13.14637166261673 3.084616467356682 0
    endloop
  endfacet
  facet normal 0 0 -1
    outer loop
      vertex 1.7417080635267745 5.741642014393253 0
      vertex 9.170541934669018 5.884711682796478 0
      vertex 9.457881078124046 5.820187516510487 0
    endloop
  endfacet
  facet normal 0 0 -1
    outer loop
      vertex 1.7417080635267745 5.741642014393253 0
      vertex 9.457881078124046 5.820187516510487 0
      vertex 9.741708062589169 5.741642013192177 0
    endloop
  endfacet
  facet normal 0 0 -1
    outer loop
      vertex 2.296100594190539 5.54327719506772 0
      vertex 10.021339118480682 5.649264387786388 0
      vertex 10.296100594103336 5.543277196586132 0
    endloop
  endfacet
  facet normal 0 0 -1
    outer loop
      vertex 2.296100594190539 5.54327719506772 0
      vertex 9.741708062589169 5.741642013192177 0
      vertex 10.021339118480682 5.649264387786388 0
    endloop
  endfacet
  facet normal 0 0 -1
    outer loop
      vertex 3.8063597049818734 4.638062720176422 0
      vertex 11.333421401679516 4.988817676901817 0
      vertex 11.574195824563503 4.8192451894283295 0
    endloop
  endfacet
  facet normal 0 0 -1
    outer loop
      vertex 3.3334213981176135 4.988817673815271 0
      vertex 11.084616467356682 5.14637166261673 0
      vertex 11.333421401679516 4.988817676901817 0
    endloop
  endfacet
  facet normal 0 0 -1
    outer loop
      vertex 3.3334213981176135 4.988817673815271 0
      vertex 10.828380420804024 5.291527584195137 0
      vertex 11.084616467356682 5.14637166261673 0
    endloop
  endfacet
  facet normal 0 0 -1
    outer loop
      vertex 2.828380420955986 5.2915275860901305 0
      vertex 10.296100594103336 5.543277196586132 0
      vertex 10.565330557525158 5.423935756087303 0
    endloop
  endfacet
  facet normal 0 0 -1
    outer loop
      vertex 2.828380420955986 5.2915275860901305 0
      vertex 10.565330557525158 5.423935756087303 0
      vertex 10.828380420804024 5.291527584195137 0
    endloop
  endfacet
  facet normal 0.024541233621289557 0.999698818571046 0
    outer loop
      vertex 8 6 0
      vertex 8.294406048953533 5.992772735655308 1
      vertex 8.294406048953533 5.992772735655308 0
    endloop
  endfacet
  facet normal 0.07356455263521083 0.997290457487477 0
    outer loop
      vertex 8.294406048953533 5.992772735655308 0
      vertex 8.588102839887142 5.971108362078667 1
      vertex 8.588102839887142 5.971108362078667 0
    endloop
  endfacet
  facet normal 0.12241067139014121 0.9924795350685145 0
    outer loop
      vertex 8.588102839887142 5.971108362078667 0
      vertex 8.880382843315601 5.935059063136578 1
      vertex 8.880382843315601 5.935059063136578 0
    endloop
  endfacet
  facet normal 0.024541233621289557 0.999698818571046 0
    outer loop
      vertex 8 6 0
      vertex 8 6 1
      vertex 8.294406048953533 5.992772735655308 1
    endloop
  endfacet
  facet normal 0.07356455263521083 0.997290457487477 0
    outer loop
      vertex 8.294406048953533 5.992772735655308 0
      vertex 8.294406048953533 5.992772735655308 1
      vertex 8.588102839887142 5.971108362078667 1
    endloop
  endfacet
  facet normal 0.12241067139014121 0.9924795350685145 0
    outer loop
      vertex 8.588102839887142 5.971108362078667 0
      vertex 8.588102839887142 5.971108362078667 1
      vertex 8.880382843315601 5.935059063136578 1
    endloop
  endfacet
  facet normal 0.17096189512774906 0.9852776412840841 0
    outer loop
      vertex 8.880382843315601 5.935059063136578 0
      vertex 8.880382843315601 5.935059063136578 1
      vertex 9.170541934669018 5.884711682796478 1
    endloop
  endfacet
  facet normal 0.024541233621289557 0.999698818571046 0
    outer loop
      vertex 8 6 1
      vertex 8.294406048953533 5.992772735655308 2
      vertex 8.294406048953533 5.992772735655308 1
    endloop
  endfacet
  facet normal 0.07356455263521083 0.997290457487477 0
    outer loop
      vertex 8.294406048953533 5.992772735655308 1
      vertex 8.588102839887142 5.971108362078667 2
      vertex 8.588102839887142 5.971108362078667 1
    endloop
  endfacet
  facet normal 0.12241067139014121 0.9924795350685145 0
    outer loop
      vertex 8.588102839887142 5.971108362078667 1
      vertex 8.880382843315601 5.935059063136578 2
      vertex 8.880382843315601 5.935059063136578 1
    endloop
  endfacet
  facet normal 0.024541233621289557 0.999698818571046 0
    outer loop
      vertex 8 6 1
      vertex 8 6 2
      vertex 8.294406048953533 5.992772735655308 2
    endloop
  endfacet
  facet normal 0.07356455263521083 0.997290457487477 0
    outer loop
      vertex 8.294406048953533 5.992772735655308 1
      vertex 8.294406048953533 5.992772735655308 2
      vertex 8.588102839887142 5.971108362078667 2
    endloop
  endfacet
  facet normal 0.12241067139014121 0.9924795350685145 0
    outer loop
      vertex 8.588102839887142 5.971108362078667 1
      vertex 8.588102839887142 5.971108362078667 2
      vertex 8.880382843315601 5.935059063136578 2
    endloop
  endfacet
  facet normal 0.17096189512774906 0.9852776412840841 0
    outer loop
      vertex 8.880382843315601 5.935059063136578 1
      vertex 8.880382843315601 5.935059063136578 2
      vertex 9.170541934669018 5.884711682796478 2
    endloop
  endfacet
  facet normal 0 0 1
    outer loop
      vertex -4.445706754922867 4.029353730380535 4
      vertex 12.029353730380535 4.445706754922867 4
      vertex 11.806359708309174 4.638062722980976 4
    endloop
  endfacet
  facet normal 0 1 0
    outer loop
      vertex 0 6 2
      vertex 8 6 3
      vertex 8 6 2
    endloop
  endfacet
  facet normal 0 0 1
    outer loop
      vertex -0.8803828433156013 5.935059063136578 4
      vertex 8.294406048953533 5.992772735655308 4
      vertex 8 6 4
    endloop
  endfacet
  facet normal 0 0 1
    outer loop
      vertex -1.1705419346690178 5.884711682796478 4
      vertex 8.588102839887142 5.971108362078667 4
      vertex 8.294406048953533 5.992772735655308 4
    endloop
  endfacet
  facet normal 0 0 1
    outer loop
      vertex -4.2426406890153885 4.2426406890153885 4
      vertex 11.806359708309174 4.638062722980976 4
      vertex 11.574195824563503 4.8192451894283295 4
    endloop
  endfacet
  facet normal 0 0 1
    outer loop
      vertex -4.029353730380535 4.445706754922867 4
      vertex 11.574195824563503 4.8192451894283295 4
      vertex 11.333421401679516 4.988817676901817 4
    endloop
  endfacet
  facet normal 0 0 1
    outer loop
      vertex -3.333421401679516 4.988817676901817 4
      vertex 10.828380420804024 5.291527584195137 4
      vertex 10.565330557525158 5.423935756087303 4
    endloop
  endfacet
  facet normal 0 0 1
    outer loop
      vertex -3.5741958245635033 4.8192451894283295 4
      vertex 11.084616467356682 5.14637166261673 4
      vertex 10.828380420804024 5.291527584195137 4
    endloop
  endfacet
  facet normal 0 0 1
    outer loop
      vertex -3.8063597083091736 4.638062722980976 4
      vertex 11.333421401679516 4.988817676901817 4
      vertex 11.084616467356682 5.14637166261673 4
    endloop
  endfacet
  facet normal 0 1 0
    outer loop
      vertex 0 6 3
      vertex 8 6 4
      vertex 8 6 3
    endloop
  endfacet
  facet normal 0 0 1
    outer loop
      vertex -2.8283804208040237 5.291527584195137 4
      vertex 10.296100594103336 5.543277196586132 4
      vertex 10.021339118480682 5.649264387786388 4
    endloop
  endfacet
  facet normal 0 0 1
    outer loop
      vertex -2.565330557525158 5.423935756087303 4
      vertex 10.021339118480682 5.649264387786388 4
      vertex 9.741708062589169 5.741642013192177 4
    endloop
  endfacet
  facet normal 0 0 1
    outer loop
      vertex -2.0213391184806824 5.649264387786388 4
      vertex 9.457881078124046 5.820187516510487 4
      vertex 9.170541934669018 5.884711682796478 4
    endloop
  endfacet
  facet normal 0 0 1
    outer loop
      vertex -1.4578810781240463 5.820187516510487 4
      vertex 8.880382843315601 5.935059063136578 4
      vertex 8.588102839887142 5.971108362078667 4
    endloop
  endfacet
  facet normal 0 0 1
    outer loop
      vertex -1.7417080625891685 5.741642013192177 4
      vertex 9.170541934669018 5.884711682796478 4
      vertex 8.880382843315601 5.935059063136578 4
    endloop
  endfacet
  facet normal 0 0 1
    outer loop
      vertex -2.2961005941033363 5.543277196586132 4
      vertex 9.741708062589169 5.741642013192177 4
      vertex 9.457881078124046 5.820187516510487 4
    endloop
  endfacet
  facet normal 0 0 1
    outer loop
      vertex -3.084616467356682 5.14637166261673 4
      vertex 10.565330557525158 5.423935756087303 4
      vertex 10.296100594103336 5.543277196586132 4
    endloop
  endfacet
  facet normal 0 0 1
    outer loop
      vertex -5.291527584195137 2.8283804208040237 4
      vertex 12.988817676901817 3.333421401679516 4
      vertex 12.81924518942833 3.5741958245635033 4
    endloop
  endfacet
  facet normal 0 0 1
    outer loop
      vertex -5.14637166261673 3.084616467356682 4
      vertex 12.81924518942833 3.5741958245635033 4
      vertex 12.638062722980976 3.8063597083091736 4
    endloop
  endfacet
  facet normal 0 0 1
    outer loop
      vertex -4.988817676901817 3.333421401679516 4
      vertex 12.638062722980976 3.8063597083091736 4
      vertex 12.445706754922867 4.029353730380535 4
    endloop
  endfacet
  facet normal 0 0 1
    outer loop
      vertex -4.8192451894283295 3.5741958245635033 4
      vertex 12.445706754922867 4.029353730380535 4
      vertex 12.242640689015388 4.2426406890153885 4
    endloop
  endfacet
  facet normal 0 0 1
    outer loop
      vertex -4.638062722980976 3.8063597083091736 4
      vertex 12.242640689015388 4.2426406890153885 4
      vertex 12.029353730380535 4.445706754922867 4
    endloop
  endfacet
  facet normal 0.024541233621289557 0.999698818571046 0
    outer loop
      vertex 8 6 2
      vertex 8.294406048953533 5.992772735655308 3
      vertex 8.294406048953533 5.992772735655308 2
    endloop
  endfacet
  facet normal 0.07356455263521083 0.997290457487477 0
    outer loop
      vertex 8.294406048953533 5.992772735655308 2
      vertex 8.588102839887142 5.971108362078667 3
      vertex 8.588102839887142 5.971108362078667 2
    endloop
  endfacet
  facet normal 0.12241067139014121 0.9924795350685145 0
    outer loop
      vertex 8.588102839887142 5.971108362078667 2
      vertex 8.880382843315601 5.935059063136578 3
      vertex 8.880382843315601 5.935059063136578 2
    endloop
  endfacet
  facet normal 0.024541233621289557 0.999698818571046 0
    outer loop
      vertex 8 6 2
      vertex 8 6 3
      vertex 8.294406048953533 5.992772735655308 3
    endloop
  endfacet
  facet normal 0.07356455263521083 0.997290457487477 0
    outer loop
      vertex 8.294406048953533 5.992772735655308 2
      vertex 8.294406048953533 5.992772735655308 3
      vertex 8.588102839887142 5.971108362078667 3
    endloop
  endfacet
  facet normal 0.12241067139014121 0.9924795350685145 0
    outer loop
      vertex 8.588102839887142 5.971108362078667 2
      vertex 8.588102839887142 5.971108362078667 3
      vertex 8.880382843315601 5.935059063136578 3
    endloop
  endfacet
  facet normal 0.17096189512774906 0.9852776412840841 0
    outer loop
      vertex 8.880382843315601 5.935059063136578 2
      vertex 8.880382843315601 5.935059063136578 3
      vertex 9.170541934669018 5.884711682796478 3
    endloop
  endfacet
  facet normal 0.024541233621289557 0.999698818571046 0
    outer loop
      vertex 8 6 3
      vertex 8.294406048953533 5.992772735655308 4
      vertex 8.294406048953533 5.992772735655308 3
    endloop
  endfacet
  facet normal 0.07356455263521083 0.997290457487477 0
    outer loop
      vertex 8.294406048953533 5.992772735655308 3
      vertex 8.588102839887142 5.971108362078667 4
      vertex 8.588102839887142 5.971108362078667 3
    endloop
  endfacet
  facet normal 0.12241067139014121 0.9924795350685145 0
    outer loop
      vertex 8.588102839887142 5.971108362078667 3
      vertex 8.880382843315601 5.935059063136578 4
      vertex 8.880382843315601 5.935059063136578 3
    endloop
  endfacet
  facet normal 0.024541233621289557 0.999698818571046 0
    outer loop
      vertex 8 6 3
      vertex 8 6 4
      vertex 8.294406048953533 5.992772735655308 4
    endloop
  endfacet
  facet normal 0.07356455263521083 0.997290457487477 0
    outer loop
      vertex 8.294406048953533 5.992772735655308 3
      vertex 8.294406048953533 5.992772735655308 4
      vertex 8.588102839887142 5.971108362078667 4
    endloop
  endfacet
  facet normal 0.12241067139014121 0.9924795350685145 0
    outer loop
      vertex 8.588102839887142 5.971108362078667 3
      vertex 8.588102839887142 5.971108362078667 4
      vertex 8.880382843315601 5.935059063136578 4
    endloop
  endfacet
  facet normal 0.17096189512774906 0.9852776412840841 0
    outer loop
      vertex 8.880382843315601 5.935059063136578 3
      vertex 8.880382843315601 5.935059063136578 4
      vertex 9.170541934669018 5.884711682796478 4
    endloop
  endfacet
  facet normal 0 0 -1
    outer loop
      vertex 6 -9.881270310716841e-17 0
      vertex 13.992772735655308 0.2944060489535332 0
      vertex 14 0 0
    endloop
  endfacet
  facet normal 0 0 -1
    outer loop
      vertex 5.971108360033181 0.5881028419773633 0
      vertex 13.971108362078667 0.5881028398871422 0
      vertex 13.992772735655308 0.2944060489535332 0
    endloop
  endfacet
  facet normal 0 0 -1
    outer loop
      vertex 5.971108360033181 0.5881028419773633 0
      vertex 13.935059063136578 0.8803828433156013 0
      vertex 13.971108362078667 0.5881028398871422 0
    endloop
  endfacet
  facet normal 0 0 -1
    outer loop
      vertex 5.884711682419383 1.1705419320967692 0
      vertex 13.884711682796478 1.1705419346690178 0
      vertex 13.935059063136578 0.8803828433156013 0
    endloop
  endfacet
  facet normal 0 0 -1
    outer loop
      vertex 5.884711682419383 1.1705419320967692 0
      vertex 13.820187516510487 1.4578810781240463 0
      vertex 13.884711682796478 1.1705419346690178 0
    endloop
  endfacet
  facet normal 0 0 -1
    outer loop
      vertex 5.741642014393253 1.7417080635267737 0
      vertex 13.741642013192177 1.7417080625891685 0
      vertex 13.820187516510487 1.4578810781240463 0
    endloop
  endfacet
  facet normal 0 0 -1
    outer loop
      vertex 5.741642014393253 1.7417080635267737 0
      vertex 13.649264387786388 2.0213391184806824 0
      vertex 13.741642013192177 1.7417080625891685 0
    endloop
  endfacet
  facet normal 0 0 -1
    outer loop
      vertex 5.54327719506772 2.296100594190538 0
      vertex 13.543277196586132 2.2961005941033363 0
      vertex 13.649264387786388 2.0213391184806824 0
    endloop
  endfacet
  facet normal 0 0 -1
    outer loop
      vertex 5.54327719506772 2.296100594190538 0
      vertex 13.423935756087303 2.565330557525158 0
      vertex 13.543277196586132 2.2961005941033363 0
    endloop
  endfacet
  facet normal 0 0 -1
    outer loop
      vertex 5.2915275860901305 2.8283804209559853 0
      vertex 13.291527584195137 2.8283804208040237 0
      vertex 13.423935756087303 2.565330557525158 0
    endloop
  endfacet
  facet normal 0 0 -1
    outer loop
      vertex 5.2915275860901305 2.8283804209559853 0
      vertex 13.14637166261673 3.084616467356682 0
      vertex 13.291527584195137 2.8283804208040237 0
    endloop
  endfacet
  facet normal 0.999698818571046 0.024541233621289557 0
    outer loop
      vertex 14 0 0
      vertex 13.992772735655308 0.2944060489535332 0
      vertex 14 0 1
    endloop
  endfacet
  facet normal 0.997290457487477 0.07356455263521083 0
    outer loop
      vertex 13.992772735655308 0.2944060489535332 0
      vertex 13.971108362078667 0.5881028398871422 0
      vertex 13.992772735655308 0.2944060489535332 1
    endloop
  endfacet
  facet normal 0.9924795350685145 0.12241067139014121 0
    outer loop
      vertex 13.971108362078667 0.5881028398871422 0
      vertex 13.935059063136578 0.8803828433156013 0
      vertex 13.971108362078667 0.5881028398871422 1
    endloop
  endfacet
  facet normal 0.999698818571046 0.024541233621289557 0
    outer loop
      vertex 13.992772735655308 0.2944060489535332 0
      vertex 13.992772735655308 0.2944060489535332 1
      vertex 14 0 1
    endloop
  endfacet
  facet normal 0.997290457487477 0.07356455263521083 0
    outer loop
      vertex 13.971108362078667 0.5881028398871422 0
      vertex 13.971108362078667 0.5881028398871422 1
      vertex 13.992772735655308 0.2944060489535332 1
    endloop
  endfacet
  facet normal 0.9852776412840841 0.17096189512774906 0
    outer loop
      vertex 13.935059063136578 0.8803828433156013 0
      vertex 13.884711682796478 1.1705419346690178 0
      vertex 13.935059063136578 0.8803828433156013 1
    endloop
  endfacet
  facet normal 0.9757021272057161 0.21910125277195563 0
    outer loop
      vertex 13.884711682796478 1.1705419346690178 0
      vertex 13.820187516510487 1.4578810781240463 0
      vertex 13.884711682796478 1.1705419346690178 1
    endloop
  endfacet
  facet normal 0.9924795350685145 0.12241067139014121 0
    outer loop
      vertex 13.935059063136578 0.8803828433156013 0
      vertex 13.935059063136578 0.8803828433156013 1
      vertex 13.971108362078667 0.5881028398871422 1
    endloop
  endfacet
  facet normal 0.9852776412840841 0.17096189512774906 0
    outer loop
      vertex 13.884711682796478 1.1705419346690178 0
      vertex 13.884711682796478 1.1705419346690178 1
      vertex 13.935059063136578 0.8803828433156013 1
    endloop
  endfacet
  facet normal 0.9757021272057161 0.21910125277195563 0
    outer loop
      vertex 13.820187516510487 1.4578810781240463 0
      vertex 13.820187516510487 1.4578810781240463 1
      vertex 13.884711682796478 1.1705419346690178 1
    endloop
  endfacet
  facet normal 0.999698818571046 0.024541233621289557 0
    outer loop
      vertex 14 0 1
      vertex 13.992772735655308 0.2944060489535332 1
      vertex 14 0 2
    endloop
  endfacet
  facet normal 0.997290457487477 0.07356455263521083 0
    outer loop
      vertex 13.992772735655308 0.2944060489535332 1
      vertex 13.971108362078667 0.5881028398871422 1
      vertex 13.992772735655308 0.2944060489535332 2
    endloop
  endfacet
  facet normal 0.9924795350685145 0.12241067139014121 0
    outer loop
      vertex 13.971108362078667 0.5881028398871422 1
      vertex 13.935059063136578 0.8803828433156013 1
      vertex 13.971108362078667 0.5881028398871422 2
    endloop
  endfacet
  facet normal 0.999698818571046 0.024541233621289557 0
    outer loop
      vertex 13.992772735655308 0.2944060489535332 1
      vertex 13.992772735655308 0.2944060489535332 2
      vertex 14 0 2
    endloop
  endfacet
  facet normal 0.997290457487477 0.07356455263521083 0
    outer loop
      vertex 13.971108362078667 0.5881028398871422 1
      vertex 13.971108362078667 0.5881028398871422 2
      vertex 13.992772735655308 0.2944060489535332 2
    endloop
  endfacet
  facet normal 0.9852776412840841 0.17096189512774906 0
    outer loop
      vertex 13.935059063136578 0.8803828433156013 1
      vertex 13.884711682796478 1.1705419346690178 1
      vertex 13.935059063136578 0.8803828433156013 2
    endloop
  endfacet
  facet normal 0.9757021272057161 0.21910125277195563 0
    outer loop
      vertex 13.884711682796478 1.1705419346690178 1
      vertex 13.820187516510487 1.4578810781240463 1
      vertex 13.884711682796478 1.1705419346690178 2
    endloop
  endfacet
  facet normal 0.9924795350685145 0.12241067139014121 0
    outer loop
      vertex 13.935059063136578 0.8803828433156013 1
      vertex 13.935059063136578 0.8803828433156013 2
      vertex 13.971108362078667 0.5881028398871422 2
    endloop
  endfacet
  facet normal 0.9852776412840841 0.17096189512774906 0
    outer loop
      vertex 13.884711682796478 1.1705419346690178 1
      vertex 13.884711682796478 1.1705419346690178 2
      vertex 13.935059063136578 0.8803828433156013 2
    endloop
  endfacet
  facet normal 0.9757021272057161 0.21910125277195563 0
    outer loop
      vertex 13.820187516510487 1.4578810781240463 1
      vertex 13.820187516510487 1.4578810781240463 2
      vertex 13.884711682796478 1.1705419346690178 2
    endloop
  endfacet
  facet normal 0.9637760671525154 0.26671275257105725 0
    outer loop
      vertex 13.820187516510487 1.4578810781240463 0
      vertex 13.741642013192177 1.7417080625891685 0
      vertex 13.820187516510487 1.4578810781240463 1
    endloop
  endfacet
  facet normal 0.9495281781459199 0.3136817478064191 0
    outer loop
      vertex 13.741642013192177 1.7417080625891685 0
      vertex 13.649264387786388 2.0213391184806824 0
      vertex 13.741642013192177 1.7417080625891685 1
    endloop
  endfacet
  facet normal 0.932992805127286 0.3598950202221731 0
    outer loop
      vertex 13.649264387786388 2.0213391184806824 0
      vertex 13.543277196586132 2.2961005941033363 0
      vertex 13.649264387786388 2.0213391184806824 1
    endloop
  endfacet
  facet normal 0.9637760671525154 0.26671275257105725 0
    outer loop
      vertex 13.741642013192177 1.7417080625891685 0
      vertex 13.741642013192177 1.7417080625891685 1
      vertex 13.820187516510487 1.4578810781240463 1
    endloop
  endfacet
  facet normal 0.9495281781459199 0.3136817478064191 0
    outer loop
      vertex 13.649264387786388 2.0213391184806824 0
      vertex 13.649264387786388 2.0213391184806824 1
      vertex 13.741642013192177 1.7417080625891685 1
    endloop
  endfacet
  facet normal 0.932992805127286 0.3598950202221731 0
    outer loop
      vertex 13.543277196586132 2.2961005941033363 0
      vertex 13.543277196586132 2.2961005941033363 1
      vertex 13.649264387786388 2.0213391184806824 1
    endloop
  endfacet
  facet normal 0.8700869996147352 0.4928981772145518 0
    outer loop
      vertex 13.291527584195137 2.8283804208040237 0
      vertex 13.14637166261673 3.084616467356682 0
      vertex 13.291527584195137 2.8283804208040237 1
    endloop
  endfacet
  facet normal 0.9142097487996261 0.4052413295799485 0
    outer loop
      vertex 13.543277196586132 2.2961005941033363 0
      vertex 13.423935756087303 2.565330557525158 0
      vertex 13.543277196586132 2.2961005941033363 1
    endloop
  endfacet
  facet normal 0.893224304223488 0.44961132363905804 0
    outer loop
      vertex 13.291527584195137 2.8283804208040237 0
      vertex 13.423935756087303 2.565330557525158 1
      vertex 13.423935756087303 2.565330557525158 0
    endloop
  endfacet
  facet normal 0.893224304223488 0.44961132363905804 0
    outer loop
      vertex 13.291527584195137 2.8283804208040237 0
      vertex 13.291527584195137 2.8283804208040237 1
      vertex 13.423935756087303 2.565330557525158 1
    endloop
  endfacet
  facet normal 0.8700869996147352 0.4928981772145518 0
    outer loop
      vertex 13.14637166261673 3.084616467356682 0
      vertex 13.14637166261673 3.084616467356682 1
      vertex 13.291527584195137 2.8283804208040237 1
    endloop
  endfacet
  facet normal 0.9142097487996261 0.4052413295799485 0
    outer loop
      vertex 13.423935756087303 2.565330557525158 0
      vertex 13.423935756087303 2.565330557525158 1
      vertex 13.543277196586132 2.2961005941033363 1
    endloop
  endfacet
  facet normal 0.9637760671525154 0.26671275257105725 0
    outer loop
      vertex 13.820187516510487 1.4578810781240463 1
      vertex 13.741642013192177 1.7417080625891685 1
      vertex 13.820187516510487 1.4578810781240463 2
    endloop
  endfacet
  facet normal 0.9495281781459199 0.3136817478064191 0
    outer loop
      vertex 13.741642013192177 1.7417080625891685 1
      vertex 13.649264387786388 2.0213391184806824 1
      vertex 13.741642013192177 1.7417080625891685 2
    endloop
  endfacet
  facet normal 0.932992805127286 0.3598950202221731 0
    outer loop
      vertex 13.649264387786388 2.0213391184806824 1
      vertex 13.543277196586132 2.2961005941033363 1
      vertex 13.649264387786388 2.0213391184806824 2
    endloop
  endfacet
  facet normal 0.9637760671525154 0.26671275257105725 0
    outer loop
      vertex 13.820187516510487 1.4578810781240463 2
      vertex 13.741642013192177 1.7417080625891685 1
      vertex 13.741642013192177 1.7417080625891685 2
    endloop
  endfacet
  facet normal 0.9495281781459199 0.3136817478064191 0
    outer loop
      vertex 13.649264387786388 2.0213391184806824 1
      vertex 13.649264387786388 2.0213391184806824 2
      vertex 13.741642013192177 1.7417080625891685 2
    endloop
  endfacet
  facet normal 0.932992805127286 0.3598950202221731 0
    outer loop
      vertex 13.543277196586132 2.2961005941033363 1
      vertex 13.543277196586132 2.2961005941033363 2
      vertex 13.649264387786388 2.0213391184806824 2
    endloop
  endfacet
  facet normal 0.8700869996147352 0.4928981772145518 0
    outer loop
      vertex 13.291527584195137 2.8283804208040237 1
      vertex 13.14637166261673 3.084616467356682 1
      vertex 13.291527584195137 2.8283804208040237 2
    endloop
  endfacet
  facet normal 0.9142097487996261 0.4052413295799485 0
    outer loop
      vertex 13.543277196586132 2.2961005941033363 1
      vertex 13.423935756087303 2.565330557525158 1
      vertex 13.543277196586132 2.2961005941033363 2
    endloop
  endfacet
  facet normal 0.893224304223488 0.44961132363905804 0
    outer loop
      vertex 13.291527584195137 2.8283804208040237 1
      vertex 13.423935756087303 2.565330557525158 2
      vertex 13.423935756087303 2.565330557525158 1
    endloop
  endfacet
  facet normal 0.893224304223488 0.44961132363905804 0
    outer loop
      vertex 13.291527584195137 2.8283804208040237 1
      vertex 13.291527584195137 2.8283804208040237 2
      vertex 13.423935756087303 2.565330557525158 2
    endloop
  endfacet
  facet normal 0.8700869996147352 0.4928981772145518 0
    outer loop
      vertex 13.291527584195137 2.8283804208040237 2
      vertex 13.14637166261673 3.084616467356682 1
      vertex 13.14637166261673 3.084616467356682 2
    endloop
  endfacet
  facet normal 0.9142097487996261 0.4052413295799485 0
    outer loop
      vertex 13.423935756087303 2.565330557525158 1
      vertex 13.423935756087303 2.565330557525158 2
      vertex 13.543277196586132 2.2961005941033363 2
    endloop
  endfacet
  facet normal 0 0 1
    outer loop
      vertex 14 0 4
      vertex 13.992772735655308 0.2944060489535332 4
      vertex 2.343660031313023 -0.23083036547611532 4
    endloop
  endfacet
  facet normal 0 0 1
    outer loop
      vertex 13.992772735655308 0.2944060489535332 4
      vertex 13.971108362078667 0.5881028398871422 4
      vertex 2.343660031313023 -0.23083036547611532 4
    endloop
  endfacet
  facet normal 0 0 1
    outer loop
      vertex 13.971108362078667 0.5881028398871422 4
      vertex 13.935059063136578 0.8803828433156013 4
      vertex 2.3549999999999995 -1.442021605996008e-16 4
    endloop
  endfacet
  facet normal 0 0 1
    outer loop
      vertex 13.935059063136578 0.8803828433156013 4
      vertex 13.884711682796478 1.1705419346690178 4
      vertex 2.343660031313023 0.23083036547611505 4
    endloop
  endfacet
  facet normal 0 0 1
    outer loop
      vertex 13.884711682796478 1.1705419346690178 4
      vertex 13.820187516510487 1.4578810781240463 4
      vertex 2.3097493353496072 0.45943770834798175 4
    endloop
  endfacet
  facet normal 0 0 1
    outer loop
      vertex 13.820187516510487 1.4578810781240463 4
      vertex 13.741642013192177 1.7417080625891685 4
      vertex 2.17573629906408 0.9012194832197862 4
    endloop
  endfacet
  facet normal 0 0 1
    outer loop
      vertex 13.543277196586132 2.2961005941033363 4
      vertex 13.423935756087303 2.565330557525158 4
      vertex 1.6652364696943192 1.6652364696943192 4
    endloop
  endfacet
  facet normal 0 0 1
    outer loop
      vertex 13.741642013192177 1.7417080625891685 4
      vertex 13.649264387786388 2.0213391184806824 4
      vertex 2.0769245775403755 1.110139315225224 4
    endloop
  endfacet
  facet normal 0 0 1
    outer loop
      vertex 13.649264387786388 2.0213391184806824 4
      vertex 13.543277196586132 2.2961005941033363 4
      vertex 1.8204396176692452 1.4939961842053846 4
    endloop
  endfacet
  facet normal 0 0 1
    outer loop
      vertex 13.291527584195137 2.8283804208040237 4
      vertex 1.1101393152252244 2.0769245775403755 4
      vertex 13.423935756087303 2.565330557525158 4
    endloop
  endfacet
  facet normal 0.999698818571046 0.024541233621289557 0
    outer loop
      vertex 14 0 2
      vertex 13.992772735655308 0.2944060489535332 2
      vertex 14 0 3
    endloop
  endfacet
  facet normal 0.997290457487477 0.07356455263521083 0
    outer loop
      vertex 13.992772735655308 0.2944060489535332 2
      vertex 13.971108362078667 0.5881028398871422 2
      vertex 13.992772735655308 0.2944060489535332 3
    endloop
  endfacet
  facet normal 0.9924795350685145 0.12241067139014121 0
    outer loop
      vertex 13.971108362078667 0.5881028398871422 2
      vertex 13.935059063136578 0.8803828433156013 2
      vertex 13.971108362078667 0.5881028398871422 3
    endloop
  endfacet
  facet normal 0.999698818571046 0.024541233621289557 0
    outer loop
      vertex 13.992772735655308 0.2944060489535332 2
      vertex 13.992772735655308 0.2944060489535332 3
      vertex 14 0 3
    endloop
  endfacet
  facet normal 0.997290457487477 0.07356455263521083 0
    outer loop
      vertex 13.971108362078667 0.5881028398871422 2
      vertex 13.971108362078667 0.5881028398871422 3
      vertex 13.992772735655308 0.2944060489535332 3
    endloop
  endfacet
  facet normal 0.9852776412840841 0.17096189512774906 0
    outer loop
      vertex 13.935059063136578 0.8803828433156013 2
      vertex 13.884711682796478 1.1705419346690178 2
      vertex 13.935059063136578 0.8803828433156013 3
    endloop
  endfacet
  facet normal 0.9757021272057161 0.21910125277195563 0
    outer loop
      vertex 13.884711682796478 1.1705419346690178 2
      vertex 13.820187516510487 1.4578810781240463 2
      vertex 13.884711682796478 1.1705419346690178 3
    endloop
  endfacet
  facet normal 0.9924795350685145 0.12241067139014121 0
    outer loop
      vertex 13.935059063136578 0.8803828433156013 2
      vertex 13.935059063136578 0.8803828433156013 3
      vertex 13.971108362078667 0.5881028398871422 3
    endloop
  endfacet
  facet normal 0.9852776412840841 0.17096189512774906 0
    outer loop
      vertex 13.884711682796478 1.1705419346690178 2
      vertex 13.884711682796478 1.1705419346690178 3
      vertex 13.935059063136578 0.8803828433156013 3
    endloop
  endfacet
  facet normal 0.9757021272057161 0.21910125277195563 0
    outer loop
      vertex 13.820187516510487 1.4578810781240463 2
      vertex 13.820187516510487 1.4578810781240463 3
      vertex 13.884711682796478 1.1705419346690178 3
    endloop
  endfacet
  facet normal 0.999698818571046 0.024541233621289557 0
    outer loop
      vertex 14 0 3
      vertex 13.992772735655308 0.2944060489535332 3
      vertex 14 0 4
    endloop
  endfacet
  facet normal 0.997290457487477 0.07356455263521083 0
    outer loop
      vertex 13.992772735655308 0.2944060489535332 3
      vertex 13.971108362078667 0.5881028398871422 3
      vertex 13.992772735655308 0.2944060489535332 4
    endloop
  endfacet
  facet normal 0.9924795350685145 0.12241067139014121 0
    outer loop
      vertex 13.971108362078667 0.5881028398871422 3
      vertex 13.935059063136578 0.8803828433156013 3
      vertex 13.971108362078667 0.5881028398871422 4
    endloop
  endfacet
  facet normal 0.999698818571046 0.024541233621289557 0
    outer loop
      vertex 13.992772735655308 0.2944060489535332 3
      vertex 13.992772735655308 0.2944060489535332 4
      vertex 14 0 4
    endloop
  endfacet
  facet normal 0.997290457487477 0.07356455263521083 0
    outer loop
      vertex 13.971108362078667 0.5881028398871422 3
      vertex 13.971108362078667 0.5881028398871422 4
      vertex 13.992772735655308 0.2944060489535332 4
    endloop
  endfacet
  facet normal 0.9852776412840841 0.17096189512774906 0
    outer loop
      vertex 13.935059063136578 0.8803828433156013 3
      vertex 13.884711682796478 1.1705419346690178 3
      vertex 13.935059063136578 0.8803828433156013 4
    endloop
  endfacet
  facet normal 0.9757021272057161 0.21910125277195563 0
    outer loop
      vertex 13.884711682796478 1.1705419346690178 3
      vertex 13.820187516510487 1.4578810781240463 3
      vertex 13.884711682796478 1.1705419346690178 4
    endloop
  endfacet
  facet normal 0.9924795350685145 0.12241067139014121 0
    outer loop
      vertex 13.935059063136578 0.8803828433156013 3
      vertex 13.935059063136578 0.8803828433156013 4
      vertex 13.971108362078667 0.5881028398871422 4
    endloop
  endfacet
  facet normal 0.9852776412840841 0.17096189512774906 0
    outer loop
      vertex 13.884711682796478 1.1705419346690178 3
      vertex 13.884711682796478 1.1705419346690178 4
      vertex 13.935059063136578 0.8803828433156013 4
    endloop
  endfacet
  facet normal 0.9757021272057161 0.21910125277195563 0
    outer loop
      vertex 13.820187516510487 1.4578810781240463 3
      vertex 13.820187516510487 1.4578810781240463 4
      vertex 13.884711682796478 1.1705419346690178 4
    endloop
  endfacet
  facet normal 0.9637760671525154 0.26671275257105725 0
    outer loop
      vertex 13.820187516510487 1.4578810781240463 2
      vertex 13.741642013192177 1.7417080625891685 2
      vertex 13.820187516510487 1.4578810781240463 3
    endloop
  endfacet
  facet normal 0.9495281781459199 0.3136817478064191 0
    outer loop
      vertex 13.741642013192177 1.7417080625891685 2
      vertex 13.649264387786388 2.0213391184806824 2
      vertex 13.741642013192177 1.7417080625891685 3
    endloop
  endfacet
  facet normal 0.932992805127286 0.3598950202221731 0
    outer loop
      vertex 13.649264387786388 2.0213391184806824 2
      vertex 13.543277196586132 2.2961005941033363 2
      vertex 13.649264387786388 2.0213391184806824 3
    endloop
  endfacet
  facet normal 0.9637760671525154 0.26671275257105725 0
    outer loop
      vertex 13.741642013192177 1.7417080625891685 2
      vertex 13.741642013192177 1.7417080625891685 3
      vertex 13.820187516510487 1.4578810781240463 3
    endloop
  endfacet
  facet normal 0.9495281781459199 0.3136817478064191 0
    outer loop
      vertex 13.649264387786388 2.0213391184806824 2
      vertex 13.649264387786388 2.0213391184806824 3
      vertex 13.741642013192177 1.7417080625891685 3
    endloop
  endfacet
  facet normal 0.932992805127286 0.3598950202221731 0
    outer loop
      vertex 13.543277196586132 2.2961005941033363 2
      vertex 13.543277196586132 2.2961005941033363 3
      vertex 13.649264387786388 2.0213391184806824 3
    endloop
  endfacet
  facet normal 0.8700869996147352 0.4928981772145518 0
    outer loop
      vertex 13.291527584195137 2.8283804208040237 2
      vertex 13.14637166261673 3.084616467356682 2
      vertex 13.291527584195137 2.8283804208040237 3
    endloop
  endfacet
  facet normal 0.9142097487996261 0.4052413295799485 0
    outer loop
      vertex 13.543277196586132 2.2961005941033363 2
      vertex 13.423935756087303 2.565330557525158 2
      vertex 13.543277196586132 2.2961005941033363 3
    endloop
  endfacet
  facet normal 0.893224304223488 0.44961132363905804 0
    outer loop
      vertex 13.291527584195137 2.8283804208040237 2
      vertex 13.423935756087303 2.565330557525158 3
      vertex 13.423935756087303 2.565330557525158 2
    endloop
  endfacet
  facet normal 0.893224304223488 0.44961132363905804 0
    outer loop
      vertex 13.291527584195137 2.8283804208040237 2
      vertex 13.291527584195137 2.8283804208040237 3
      vertex 13.423935756087303 2.565330557525158 3
    endloop
  endfacet
  facet normal 0.8700869996147352 0.4928981772145518 0
    outer loop
      vertex 13.291527584195137 2.8283804208040237 3
      vertex 13.14637166261673 3.084616467356682 2
      vertex 13.14637166261673 3.084616467356682 3
    endloop
  endfacet
  facet normal 0.9142097487996261 0.4052413295799485 0
    outer loop
      vertex 13.423935756087303 2.565330557525158 2
      vertex 13.423935756087303 2.565330557525158 3
      vertex 13.543277196586132 2.2961005941033363 3
    endloop
  endfacet
  facet normal 0.9637760671525154 0.26671275257105725 0
    outer loop
      vertex 13.820187516510487 1.4578810781240463 3
      vertex 13.741642013192177 1.7417080625891685 3
      vertex 13.820187516510487 1.4578810781240463 4
    endloop
  endfacet
  facet normal 0.9495281781459199 0.3136817478064191 0
    outer loop
      vertex 13.741642013192177 1.7417080625891685 3
      vertex 13.649264387786388 2.0213391184806824 3
      vertex 13.741642013192177 1.7417080625891685 4
    endloop
  endfacet
  facet normal 0.932992805127286 0.3598950202221731 0
    outer loop
      vertex 13.649264387786388 2.0213391184806824 3
      vertex 13.543277196586132 2.2961005941033363 3
      vertex 13.649264387786388 2.0213391184806824 4
    endloop
  endfacet
  facet normal 0.9637760671525154 0.26671275257105725 0
    outer loop
      vertex 13.820187516510487 1.4578810781240463 4
      vertex 13.741642013192177 1.7417080625891685 3
      vertex 13.741642013192177 1.7417080625891685 4
    endloop
  endfacet
  facet normal 0.9495281781459199 0.3136817478064191 0
    outer loop
      vertex 13.649264387786388 2.0213391184806824 3
      vertex 13.649264387786388 2.0213391184806824 4
      vertex 13.741642013192177 1.7417080625891685 4
    endloop
  endfacet
  facet normal 0.932992805127286 0.3598950202221731 0
    outer loop
      vertex 13.543277196586132 2.2961005941033363 3
      vertex 13.543277196586132 2.2961005941033363 4
      vertex 13.649264387786388 2.0213391184806824 4
    endloop
  endfacet
  facet normal 0.8700869996147352 0.4928981772145518 0
    outer loop
      vertex 13.291527584195137 2.8283804208040237 3
      vertex 13.14637166261673 3.084616467356682 3
      vertex 13.291527584195137 2.8283804208040237 4
    endloop
  endfacet
  facet normal 0.9142097487996261 0.4052413295799485 0
    outer loop
      vertex 13.543277196586132 2.2961005941033363 3
      vertex 13.423935756087303 2.565330557525158 3
      vertex 13.543277196586132 2.2961005941033363 4
    endloop
  endfacet
  facet normal 0.893224304223488 0.44961132363905804 0
    outer loop
      vertex 13.291527584195137 2.8283804208040237 3
      vertex 13.423935756087303 2.565330557525158 4
      vertex 13.423935756087303 2.565330557525158 3
    endloop
  endfacet
  facet normal 0.893224304223488 0.44961132363905804 0
    outer loop
      vertex 13.291527584195137 2.8283804208040237 3
      vertex 13.291527584195137 2.8283804208040237 4
      vertex 13.423935756087303 2.565330557525158 4
    endloop
  endfacet
  facet normal 0.8700869996147352 0.4928981772145518 0
    outer loop
      vertex 13.291527584195137 2.8283804208040237 4
      vertex 13.14637166261673 3.084616467356682 3
      vertex 13.14637166261673 3.084616467356682 4
    endloop
  endfacet
  facet normal 0.9142097487996261 0.4052413295799485 0
    outer loop
      vertex 13.423935756087303 2.565330557525158 3
      vertex 13.423935756087303 2.565330557525158 4
      vertex 13.543277196586132 2.2961005941033363 4
    endloop
  endfacet
  facet normal 0 0 -1
    outer loop
      vertex 4.638062720176422 3.8063597049818725 0
      vertex 12.638062722980976 3.8063597083091736 0
      vertex 12.81924518942833 3.5741958245635033 0
    endloop
  endfacet
  facet normal 0 0 -1
    outer loop
      vertex 4.242640687119286 4.242640687119286 0
      vertex 12.029353730380535 4.445706754922867 0
      vertex 12.242640689015388 4.2426406890153885 0
    endloop
  endfacet
  facet normal 0 0 -1
    outer loop
      vertex 4.638062720176422 3.8063597049818725 0
      vertex 12.445706754922867 4.029353730380535 0
      vertex 12.638062722980976 3.8063597083091736 0
    endloop
  endfacet
  facet normal 0 0 -1
    outer loop
      vertex 4.242640687119286 4.242640687119286 0
      vertex 12.242640689015388 4.2426406890153885 0
      vertex 12.445706754922867 4.029353730380535 0
    endloop
  endfacet
  facet normal 0 0 -1
    outer loop
      vertex 4.988817673815271 3.3334213981176126 0
      vertex 12.988817676901817 3.333421401679516 0
      vertex 13.14637166261673 3.084616467356682 0
    endloop
  endfacet
  facet normal 0 0 -1
    outer loop
      vertex 4.988817673815271 3.3334213981176126 0
      vertex 12.81924518942833 3.5741958245635033 0
      vertex 12.988817676901817 3.333421401679516 0
    endloop
  endfacet
  facet normal 0 0 -1
    outer loop
      vertex 3.8063597049818734 4.638062720176422 0
      vertex 11.806359708309174 4.638062722980976 0
      vertex 12.029353730380535 4.445706754922867 0
    endloop
  endfacet
  facet normal 0 0 -1
    outer loop
      vertex 3.8063597049818734 4.638062720176422 0
      vertex 11.574195824563503 4.8192451894283295 0
      vertex 11.806359708309174 4.638062722980976 0
    endloop
  endfacet
  facet normal 0.17096189512774906 0.9852776412840841 0
    outer loop
      vertex 8.880382843315601 5.935059063136578 0
      vertex 9.170541934669018 5.884711682796478 1
      vertex 9.170541934669018 5.884711682796478 0
    endloop
  endfacet
  facet normal 0.21910125277195563 0.9757021272057161 0
    outer loop
      vertex 9.170541934669018 5.884711682796478 0
      vertex 9.457881078124046 5.820187516510487 1
      vertex 9.457881078124046 5.820187516510487 0
    endloop
  endfacet
  facet normal 0.3598950202221731 0.932992805127286 0
    outer loop
      vertex 10.021339118480682 5.649264387786388 0
      vertex 10.296100594103336 5.543277196586132 1
      vertex 10.296100594103336 5.543277196586132 0
    endloop
  endfacet
  facet normal 0.26671275257105725 0.9637760671525154 0
    outer loop
      vertex 9.457881078124046 5.820187516510487 0
      vertex 9.741708062589169 5.741642013192177 1
      vertex 9.741708062589169 5.741642013192177 0
    endloop
  endfacet
  facet normal 0.3136817478064191 0.9495281781459199 0
    outer loop
      vertex 9.741708062589169 5.741642013192177 0
      vertex 10.021339118480682 5.649264387786388 1
      vertex 10.021339118480682 5.649264387786388 0
    endloop
  endfacet
  facet normal 0.21910125277195563 0.9757021272057161 0
    outer loop
      vertex 9.170541934669018 5.884711682796478 0
      vertex 9.170541934669018 5.884711682796478 1
      vertex 9.457881078124046 5.820187516510487 1
    endloop
  endfacet
  facet normal 0.26671275257105725 0.9637760671525154 0
    outer loop
      vertex 9.457881078124046 5.820187516510487 0
      vertex 9.457881078124046 5.820187516510487 1
      vertex 9.741708062589169 5.741642013192177 1
    endloop
  endfacet
  facet normal 0.3598950202221731 0.932992805127286 0
    outer loop
      vertex 10.021339118480682 5.649264387786388 0
      vertex 10.021339118480682 5.649264387786388 1
      vertex 10.296100594103336 5.543277196586132 1
    endloop
  endfacet
  facet normal 0.3136817478064191 0.9495281781459199 0
    outer loop
      vertex 9.741708062589169 5.741642013192177 0
      vertex 9.741708062589169 5.741642013192177 1
      vertex 10.021339118480682 5.649264387786388 1
    endloop
  endfacet
  facet normal 0.4928981772145518 0.8700869996147352 0
    outer loop
      vertex 11.084616467356682 5.14637166261673 0
      vertex 10.828380420804024 5.291527584195137 0
      vertex 11.084616467356682 5.14637166261673 1
    endloop
  endfacet
  facet normal 0.5349976166500983 0.844853567299514 0
    outer loop
      vertex 11.084616467356682 5.14637166261673 0
      vertex 11.333421401679516 4.988817676901817 1
      vertex 11.333421401679516 4.988817676901817 0
    endloop
  endfacet
  facet normal 0.5758082067041963 0.8175848023857204 0
    outer loop
      vertex 11.333421401679516 4.988817676901817 0
      vertex 11.574195824563503 4.8192451894283295 1
      vertex 11.574195824563503 4.8192451894283295 0
    endloop
  endfacet
  facet normal 0.4928981772145518 0.8700869996147352 0
    outer loop
      vertex 10.828380420804024 5.291527584195137 0
      vertex 10.828380420804024 5.291527584195137 1
      vertex 11.084616467356682 5.14637166261673 1
    endloop
  endfacet
  facet normal 0.5349976166500983 0.844853567299514 0
    outer loop
      vertex 11.084616467356682 5.14637166261673 0
      vertex 11.084616467356682 5.14637166261673 1
      vertex 11.333421401679516 4.988817676901817 1
    endloop
  endfacet
  facet normal 0.5758082067041963 0.8175848023857204 0
    outer loop
      vertex 11.333421401679516 4.988817676901817 0
      vertex 11.333421401679516 4.988817676901817 1
      vertex 11.574195824563503 4.8192451894283295 1
    endloop
  endfacet
  facet normal 0.4052413295799485 0.9142097487996261 0
    outer loop
      vertex 10.296100594103336 5.543277196586132 0
      vertex 10.565330557525158 5.423935756087303 1
      vertex 10.565330557525158 5.423935756087303 0
    endloop
  endfacet
  facet normal 0.44961132363905804 0.893224304223488 0
    outer loop
      vertex 10.565330557525158 5.423935756087303 0
      vertex 10.828380420804024 5.291527584195137 1
      vertex 10.828380420804024 5.291527584195137 0
    endloop
  endfacet
  facet normal 0.4052413295799485 0.9142097487996261 0
    outer loop
      vertex 10.296100594103336 5.543277196586132 0
      vertex 10.296100594103336 5.543277196586132 1
      vertex 10.565330557525158 5.423935756087303 1
    endloop
  endfacet
  facet normal 0.44961132363905804 0.893224304223488 0
    outer loop
      vertex 10.565330557525158 5.423935756087303 0
      vertex 10.565330557525158 5.423935756087303 1
      vertex 10.828380420804024 5.291527584195137 1
    endloop
  endfacet
  facet normal 0.17096189512774906 0.9852776412840841 0
    outer loop
      vertex 8.880382843315601 5.935059063136578 1
      vertex 9.170541934669018 5.884711682796478 2
      vertex 9.170541934669018 5.884711682796478 1
    endloop
  endfacet
  facet normal 0.21910125277195563 0.9757021272057161 0
    outer loop
      vertex 9.170541934669018 5.884711682796478 1
      vertex 9.457881078124046 5.820187516510487 2
      vertex 9.457881078124046 5.820187516510487 1
    endloop
  endfacet
  facet normal 0.3598950202221731 0.932992805127286 0
    outer loop
      vertex 10.021339118480682 5.649264387786388 1
      vertex 10.296100594103336 5.543277196586132 2
      vertex 10.296100594103336 5.543277196586132 1
    endloop
  endfacet
  facet normal 0.26671275257105725 0.9637760671525154 0
    outer loop
      vertex 9.457881078124046 5.820187516510487 1
      vertex 9.741708062589169 5.741642013192177 2
      vertex 9.741708062589169 5.741642013192177 1
    endloop
  endfacet
  facet normal 0.3136817478064191 0.9495281781459199 0
    outer loop
      vertex 9.741708062589169 5.741642013192177 1
      vertex 10.021339118480682 5.649264387786388 2
      vertex 10.021339118480682 5.649264387786388 1
    endloop
  endfacet
  facet normal 0.21910125277195563 0.9757021272057161 0
    outer loop
      vertex 9.170541934669018 5.884711682796478 1
      vertex 9.170541934669018 5.884711682796478 2
      vertex 9.457881078124046 5.820187516510487 2
    endloop
  endfacet
  facet normal 0.26671275257105725 0.9637760671525154 0
    outer loop
      vertex 9.457881078124046 5.820187516510487 1
      vertex 9.457881078124046 5.820187516510487 2
      vertex 9.741708062589169 5.741642013192177 2
    endloop
  endfacet
  facet normal 0.3598950202221731 0.932992805127286 0
    outer loop
      vertex 10.021339118480682 5.649264387786388 1
      vertex 10.021339118480682 5.649264387786388 2
      vertex 10.296100594103336 5.543277196586132 2
    endloop
  endfacet
  facet normal 0.3136817478064191 0.9495281781459199 0
    outer loop
      vertex 9.741708062589169 5.741642013192177 1
      vertex 9.741708062589169 5.741642013192177 2
      vertex 10.021339118480682 5.649264387786388 2
    endloop
  endfacet
  facet normal 0.4928981772145518 0.8700869996147352 0
    outer loop
      vertex 11.084616467356682 5.14637166261673 1
      vertex 10.828380420804024 5.291527584195137 1
      vertex 11.084616467356682 5.14637166261673 2
    endloop
  endfacet
  facet normal 0.5349976166500983 0.844853567299514 0
    outer loop
      vertex 11.084616467356682 5.14637166261673 1
      vertex 11.333421401679516 4.988817676901817 2
      vertex 11.333421401679516 4.988817676901817 1
    endloop
  endfacet
  facet normal 0.5758082067041963 0.8175848023857204 0
    outer loop
      vertex 11.333421401679516 4.988817676901817 1
      vertex 11.574195824563503 4.8192451894283295 2
      vertex 11.574195824563503 4.8192451894283295 1
    endloop
  endfacet
  facet normal 0.4928981772145518 0.8700869996147352 0
    outer loop
      vertex 10.828380420804024 5.291527584195137 1
      vertex 10.828380420804024 5.291527584195137 2
      vertex 11.084616467356682 5.14637166261673 2
    endloop
  endfacet
  facet normal 0.5349976166500983 0.844853567299514 0
    outer loop
      vertex 11.084616467356682 5.14637166261673 1
      vertex 11.084616467356682 5.14637166261673 2
      vertex 11.333421401679516 4.988817676901817 2
    endloop
  endfacet
  facet normal 0.5758082067041963 0.8175848023857204 0
    outer loop
      vertex 11.333421401679516 4.988817676901817 1
      vertex 11.333421401679516 4.988817676901817 2
      vertex 11.574195824563503 4.8192451894283295 2
    endloop
  endfacet
  facet normal 0.4052413295799485 0.9142097487996261 0
    outer loop
      vertex 10.296100594103336 5.543277196586132 1
      vertex 10.565330557525158 5.423935756087303 2
      vertex 10.565330557525158 5.423935756087303 1
    endloop
  endfacet
  facet normal 0.44961132363905804 0.893224304223488 0
    outer loop
      vertex 10.565330557525158 5.423935756087303 1
      vertex 10.828380420804024 5.291527584195137 2
      vertex 10.828380420804024 5.291527584195137 1
    endloop
  endfacet
  facet normal 0.4052413295799485 0.9142097487996261 0
    outer loop
      vertex 10.296100594103336 5.543277196586132 1
      vertex 10.296100594103336 5.543277196586132 2
      vertex 10.565330557525158 5.423935756087303 2
    endloop
  endfacet
  facet normal 0.44961132363905804 0.893224304223488 0
    outer loop
      vertex 10.565330557525158 5.423935756087303 1
      vertex 10.565330557525158 5.423935756087303 2
      vertex 10.828380420804024 5.291527584195137 2
    endloop
  endfacet
  facet normal 0.7883464386986242 0.6152315763931467 0
    outer loop
      vertex 12.638062722980976 3.8063597083091736 0
      vertex 12.638062722980976 3.8063597083091736 1
      vertex 12.81924518942833 3.5741958245635033 1
    endloop
  endfacet
  facet normal 0.7242470823953 0.6895405453212274 0
    outer loop
      vertex 12.445706754922867 4.029353730380535 0
      vertex 12.242640689015388 4.2426406890153885 0
      vertex 12.445706754922867 4.029353730380535 1
    endloop
  endfacet
  facet normal 0.7572088435480341 0.653172846383443 0
    outer loop
      vertex 12.638062722980976 3.8063597083091736 0
      vertex 12.445706754922867 4.029353730380535 0
      vertex 12.638062722980976 3.8063597083091736 1
    endloop
  endfacet
  facet normal 0.6895405453212274 0.7242470823953 0
    outer loop
      vertex 12.029353730380535 4.445706754922867 0
      vertex 12.242640689015388 4.2426406890153885 1
      vertex 12.242640689015388 4.2426406890153885 0
    endloop
  endfacet
  facet normal 0.6895405453212274 0.7242470823953 0
    outer loop
      vertex 12.029353730380535 4.445706754922867 0
      vertex 12.029353730380535 4.445706754922867 1
      vertex 12.242640689015388 4.2426406890153885 1
    endloop
  endfacet
  facet normal 0.7572088435480341 0.653172846383443 0
    outer loop
      vertex 12.445706754922867 4.029353730380535 0
      vertex 12.445706754922867 4.029353730380535 1
      vertex 12.638062722980976 3.8063597083091736 1
    endloop
  endfacet
  facet normal 0.7242470823953 0.6895405453212274 0
    outer loop
      vertex 12.242640689015388 4.2426406890153885 0
      vertex 12.242640689015388 4.2426406890153885 1
      vertex 12.445706754922867 4.029353730380535 1
    endloop
  endfacet
  facet normal 0.844853567299514 0.5349976166500983 0
    outer loop
      vertex 12.988817676901817 3.333421401679516 0
      vertex 13.14637166261673 3.084616467356682 1
      vertex 13.14637166261673 3.084616467356682 0
    endloop
  endfacet
  facet normal 0.8175848023857204 0.5758082067041963 0
    outer loop
      vertex 12.988817676901817 3.333421401679516 0
      vertex 12.81924518942833 3.5741958245635033 0
      vertex 12.988817676901817 3.333421401679516 1
    endloop
  endfacet
  facet normal 0.7883464386986242 0.6152315763931467 0
    outer loop
      vertex 12.638062722980976 3.8063597083091736 0
      vertex 12.81924518942833 3.5741958245635033 1
      vertex 12.81924518942833 3.5741958245635033 0
    endloop
  endfacet
  facet normal 0.844853567299514 0.5349976166500983 0
    outer loop
      vertex 12.988817676901817 3.333421401679516 0
      vertex 12.988817676901817 3.333421401679516 1
      vertex 13.14637166261673 3.084616467356682 1
    endloop
  endfacet
  facet normal 0.8175848023857204 0.5758082067041963 0
    outer loop
      vertex 12.81924518942833 3.5741958245635033 0
      vertex 12.81924518942833 3.5741958245635033 1
      vertex 12.988817676901817 3.333421401679516 1
    endloop
  endfacet
  facet normal 0.7883464386986242 0.6152315763931467 0
    outer loop
      vertex 12.638062722980976 3.8063597083091736 1
      vertex 12.638062722980976 3.8063597083091736 2
      vertex 12.81924518942833 3.5741958245635033 2
    endloop
  endfacet
  facet normal 0.7242470823953 0.6895405453212274 0
    outer loop
      vertex 12.445706754922867 4.029353730380535 1
      vertex 12.242640689015388 4.2426406890153885 1
      vertex 12.445706754922867 4.029353730380535 2
    endloop
  endfacet
  facet normal 0.7572088435480341 0.653172846383443 0
    outer loop
      vertex 12.638062722980976 3.8063597083091736 1
      vertex 12.445706754922867 4.029353730380535 1
      vertex 12.638062722980976 3.8063597083091736 2
    endloop
  endfacet
  facet normal 0.6895405453212274 0.7242470823953 0
    outer loop
      vertex 12.029353730380535 4.445706754922867 1
      vertex 12.242640689015388 4.2426406890153885 2
      vertex 12.242640689015388 4.2426406890153885 1
    endloop
  endfacet
  facet normal 0.6895405453212274 0.7242470823953 0
    outer loop
      vertex 12.029353730380535 4.445706754922867 1
      vertex 12.029353730380535 4.445706754922867 2
      vertex 12.242640689015388 4.2426406890153885 2
    endloop
  endfacet
  facet normal 0.7572088435480341 0.653172846383443 0
    outer loop
      vertex 12.445706754922867 4.029353730380535 1
      vertex 12.445706754922867 4.029353730380535 2
      vertex 12.638062722980976 3.8063597083091736 2
    endloop
  endfacet
  facet normal 0.7242470823953 0.6895405453212274 0
    outer loop
      vertex 12.242640689015388 4.2426406890153885 1
      vertex 12.242640689015388 4.2426406890153885 2
      vertex 12.445706754922867 4.029353730380535 2
    endloop
  endfacet
  facet normal 0.844853567299514 0.5349976166500983 0
    outer loop
      vertex 12.988817676901817 3.333421401679516 1
      vertex 13.14637166261673 3.084616467356682 2
      vertex 13.14637166261673 3.084616467356682 1
    endloop
  endfacet
  facet normal 0.8175848023857204 0.5758082067041963 0
    outer loop
      vertex 12.988817676901817 3.333421401679516 1
      vertex 12.81924518942833 3.5741958245635033 1
      vertex 12.988817676901817 3.333421401679516 2
    endloop
  endfacet
  facet normal 0.7883464386986242 0.6152315763931467 0
    outer loop
      vertex 12.638062722980976 3.8063597083091736 1
      vertex 12.81924518942833 3.5741958245635033 2
      vertex 12.81924518942833 3.5741958245635033 1
    endloop
  endfacet
  facet normal 0.844853567299514 0.5349976166500983 0
    outer loop
      vertex 12.988817676901817 3.333421401679516 1
      vertex 12.988817676901817 3.333421401679516 2
      vertex 13.14637166261673 3.084616467356682 2
    endloop
  endfacet
  facet normal 0.8175848023857204 0.5758082067041963 0
    outer loop
      vertex 12.81924518942833 3.5741958245635033 1
      vertex 12.81924518942833 3.5741958245635033 2
      vertex 12.988817676901817 3.333421401679516 2
    endloop
  endfacet
  facet normal 0.6152315763931467 0.7883464386986242 0
    outer loop
      vertex 11.806359708309174 4.638062722980976 0
      vertex 11.574195824563503 4.8192451894283295 0
      vertex 11.806359708309174 4.638062722980976 1
    endloop
  endfacet
  facet normal 0.653172846383443 0.7572088435480341 0
    outer loop
      vertex 12.029353730380535 4.445706754922867 0
      vertex 11.806359708309174 4.638062722980976 0
      vertex 12.029353730380535 4.445706754922867 1
    endloop
  endfacet
  facet normal 0.6152315763931467 0.7883464386986242 0
    outer loop
      vertex 11.574195824563503 4.8192451894283295 0
      vertex 11.574195824563503 4.8192451894283295 1
      vertex 11.806359708309174 4.638062722980976 1
    endloop
  endfacet
  facet normal 0.653172846383443 0.7572088435480341 0
    outer loop
      vertex 11.806359708309174 4.638062722980976 0
      vertex 11.806359708309174 4.638062722980976 1
      vertex 12.029353730380535 4.445706754922867 1
    endloop
  endfacet
  facet normal 0.6152315763931467 0.7883464386986242 0
    outer loop
      vertex 11.806359708309174 4.638062722980976 1
      vertex 11.574195824563503 4.8192451894283295 1
      vertex 11.806359708309174 4.638062722980976 2
    endloop
  endfacet
  facet normal 0.653172846383443 0.7572088435480341 0
    outer loop
      vertex 12.029353730380535 4.445706754922867 1
      vertex 11.806359708309174 4.638062722980976 1
      vertex 12.029353730380535 4.445706754922867 2
    endloop
  endfacet
  facet normal 0.6152315763931467 0.7883464386986242 0
    outer loop
      vertex 11.574195824563503 4.8192451894283295 1
      vertex 11.574195824563503 4.8192451894283295 2
      vertex 11.806359708309174 4.638062722980976 2
    endloop
  endfacet
  facet normal 0.653172846383443 0.7572088435480341 0
    outer loop
      vertex 12.029353730380535 4.445706754922867 2
      vertex 11.806359708309174 4.638062722980976 1
      vertex 11.806359708309174 4.638062722980976 2
    endloop
  endfacet
  facet normal 0.17096189512774906 0.9852776412840841 0
    outer loop
      vertex 8.880382843315601 5.935059063136578 2
      vertex 9.170541934669018 5.884711682796478 3
      vertex 9.170541934669018 5.884711682796478 2
    endloop
  endfacet
  facet normal 0.21910125277195563 0.9757021272057161 0
    outer loop
      vertex 9.170541934669018 5.884711682796478 2
      vertex 9.457881078124046 5.820187516510487 3
      vertex 9.457881078124046 5.820187516510487 2
    endloop
  endfacet
  facet normal 0.3598950202221731 0.932992805127286 0
    outer loop
      vertex 10.021339118480682 5.649264387786388 2
      vertex 10.296100594103336 5.543277196586132 3
      vertex 10.296100594103336 5.543277196586132 2
    endloop
  endfacet
  facet normal 0.26671275257105725 0.9637760671525154 0
    outer loop
      vertex 9.457881078124046 5.820187516510487 2
      vertex 9.741708062589169 5.741642013192177 3
      vertex 9.741708062589169 5.741642013192177 2
    endloop
  endfacet
  facet normal 0.3136817478064191 0.9495281781459199 0
    outer loop
      vertex 9.741708062589169 5.741642013192177 2
      vertex 10.021339118480682 5.649264387786388 3
      vertex 10.021339118480682 5.649264387786388 2
    endloop
  endfacet
  facet normal 0.21910125277195563 0.9757021272057161 0
    outer loop
      vertex 9.170541934669018 5.884711682796478 2
      vertex 9.170541934669018 5.884711682796478 3
      vertex 9.457881078124046 5.820187516510487 3
    endloop
  endfacet
  facet normal 0.26671275257105725 0.9637760671525154 0
    outer loop
      vertex 9.457881078124046 5.820187516510487 2
      vertex 9.457881078124046 5.820187516510487 3
      vertex 9.741708062589169 5.741642013192177 3
    endloop
  endfacet
  facet normal 0.3598950202221731 0.932992805127286 0
    outer loop
      vertex 10.021339118480682 5.649264387786388 2
      vertex 10.021339118480682 5.649264387786388 3
      vertex 10.296100594103336 5.543277196586132 3
    endloop
  endfacet
  facet normal 0.3136817478064191 0.9495281781459199 0
    outer loop
      vertex 9.741708062589169 5.741642013192177 2
      vertex 9.741708062589169 5.741642013192177 3
      vertex 10.021339118480682 5.649264387786388 3
    endloop
  endfacet
  facet normal 0.4928981772145518 0.8700869996147352 0
    outer loop
      vertex 11.084616467356682 5.14637166261673 2
      vertex 10.828380420804024 5.291527584195137 2
      vertex 11.084616467356682 5.14637166261673 3
    endloop
  endfacet
  facet normal 0.5349976166500983 0.844853567299514 0
    outer loop
      vertex 11.084616467356682 5.14637166261673 2
      vertex 11.333421401679516 4.988817676901817 3
      vertex 11.333421401679516 4.988817676901817 2
    endloop
  endfacet
  facet normal 0.5758082067041963 0.8175848023857204 0
    outer loop
      vertex 11.333421401679516 4.988817676901817 2
      vertex 11.574195824563503 4.8192451894283295 3
      vertex 11.574195824563503 4.8192451894283295 2
    endloop
  endfacet
  facet normal 0.4928981772145518 0.8700869996147352 0
    outer loop
      vertex 10.828380420804024 5.291527584195137 2
      vertex 10.828380420804024 5.291527584195137 3
      vertex 11.084616467356682 5.14637166261673 3
    endloop
  endfacet
  facet normal 0.5349976166500983 0.844853567299514 0
    outer loop
      vertex 11.084616467356682 5.14637166261673 2
      vertex 11.084616467356682 5.14637166261673 3
      vertex 11.333421401679516 4.988817676901817 3
    endloop
  endfacet
  facet normal 0.5758082067041963 0.8175848023857204 0
    outer loop
      vertex 11.333421401679516 4.988817676901817 2
      vertex 11.333421401679516 4.988817676901817 3
      vertex 11.574195824563503 4.8192451894283295 3
    endloop
  endfacet
  facet normal 0.4052413295799485 0.9142097487996261 0
    outer loop
      vertex 10.296100594103336 5.543277196586132 2
      vertex 10.565330557525158 5.423935756087303 3
      vertex 10.565330557525158 5.423935756087303 2
    endloop
  endfacet
  facet normal 0.44961132363905804 0.893224304223488 0
    outer loop
      vertex 10.565330557525158 5.423935756087303 2
      vertex 10.828380420804024 5.291527584195137 3
      vertex 10.828380420804024 5.291527584195137 2
    endloop
  endfacet
  facet normal 0.4052413295799485 0.9142097487996261 0
    outer loop
      vertex 10.296100594103336 5.543277196586132 2
      vertex 10.296100594103336 5.543277196586132 3
      vertex 10.565330557525158 5.423935756087303 3
    endloop
  endfacet
  facet normal 0.44961132363905804 0.893224304223488 0
    outer loop
      vertex 10.565330557525158 5.423935756087303 2
      vertex 10.565330557525158 5.423935756087303 3
      vertex 10.828380420804024 5.291527584195137 3
    endloop
  endfacet
  facet normal 0.17096189512774906 0.9852776412840841 0
    outer loop
      vertex 8.880382843315601 5.935059063136578 3
      vertex 9.170541934669018 5.884711682796478 4
      vertex 9.170541934669018 5.884711682796478 3
    endloop
  endfacet
  facet normal 0.21910125277195563 0.9757021272057161 0
    outer loop
      vertex 9.170541934669018 5.884711682796478 3
      vertex 9.457881078124046 5.820187516510487 4
      vertex 9.457881078124046 5.820187516510487 3
    endloop
  endfacet
  facet normal 0.3598950202221731 0.932992805127286 0
    outer loop
      vertex 10.021339118480682 5.649264387786388 3
      vertex 10.296100594103336 5.543277196586132 4
      vertex 10.296100594103336 5.543277196586132 3
    endloop
  endfacet
  facet normal 0.26671275257105725 0.9637760671525154 0
    outer loop
      vertex 9.457881078124046 5.820187516510487 3
      vertex 9.741708062589169 5.741642013192177 4
      vertex 9.741708062589169 5.741642013192177 3
    endloop
  endfacet
  facet normal 0.3136817478064191 0.9495281781459199 0
    outer loop
      vertex 9.741708062589169 5.741642013192177 3
      vertex 10.021339118480682 5.649264387786388 4
      vertex 10.021339118480682 5.649264387786388 3
    endloop
  endfacet
  facet normal 0.21910125277195563 0.9757021272057161 0
    outer loop
      vertex 9.170541934669018 5.884711682796478 3
      vertex 9.170541934669018 5.884711682796478 4
      vertex 9.457881078124046 5.820187516510487 4
    endloop
  endfacet
  facet normal 0.26671275257105725 0.9637760671525154 0
    outer loop
      vertex 9.457881078124046 5.820187516510487 3
      vertex 9.457881078124046 5.820187516510487 4
      vertex 9.741708062589169 5.741642013192177 4
    endloop
  endfacet
  facet normal 0.3598950202221731 0.932992805127286 0
    outer loop
      vertex 10.021339118480682 5.649264387786388 3
      vertex 10.021339118480682 5.649264387786388 4
      vertex 10.296100594103336 5.543277196586132 4
    endloop
  endfacet
  facet normal 0.3136817478064191 0.9495281781459199 0
    outer loop
      vertex 9.741708062589169 5.741642013192177 3
      vertex 9.741708062589169 5.741642013192177 4
      vertex 10.021339118480682 5.649264387786388 4
    endloop
  endfacet
  facet normal 0.4928981772145518 0.8700869996147352 0
    outer loop
      vertex 11.084616467356682 5.14637166261673 3
      vertex 10.828380420804024 5.291527584195137 3
      vertex 11.084616467356682 5.14637166261673 4
    endloop
  endfacet
  facet normal 0.5349976166500983 0.844853567299514 0
    outer loop
      vertex 11.084616467356682 5.14637166261673 3
      vertex 11.333421401679516 4.988817676901817 4
      vertex 11.333421401679516 4.988817676901817 3
    endloop
  endfacet
  facet normal 0.5758082067041963 0.8175848023857204 0
    outer loop
      vertex 11.333421401679516 4.988817676901817 3
      vertex 11.574195824563503 4.8192451894283295 4
      vertex 11.574195824563503 4.8192451894283295 3
    endloop
  endfacet
  facet normal 0.4928981772145518 0.8700869996147352 0
    outer loop
      vertex 10.828380420804024 5.291527584195137 3
      vertex 10.828380420804024 5.291527584195137 4
      vertex 11.084616467356682 5.14637166261673 4
    endloop
  endfacet
  facet normal 0.5349976166500983 0.844853567299514 0
    outer loop
      vertex 11.084616467356682 5.14637166261673 3
      vertex 11.084616467356682 5.14637166261673 4
      vertex 11.333421401679516 4.988817676901817 4
    endloop
  endfacet
  facet normal 0.5758082067041963 0.8175848023857204 0
    outer loop
      vertex 11.333421401679516 4.988817676901817 3
      vertex 11.333421401679516 4.988817676901817 4
      vertex 11.574195824563503 4.8192451894283295 4
    endloop
  endfacet
  facet normal 0.4052413295799485 0.9142097487996261 0
    outer loop
      vertex 10.296100594103336 5.543277196586132 3
      vertex 10.565330557525158 5.423935756087303 4
      vertex 10.565330557525158 5.423935756087303 3
    endloop
  endfacet
  facet normal 0.44961132363905804 0.893224304223488 0
    outer loop
      vertex 10.565330557525158 5.423935756087303 3
      vertex 10.828380420804024 5.291527584195137 4
      vertex 10.828380420804024 5.291527584195137 3
    endloop
  endfacet
  facet normal 0.4052413295799485 0.9142097487996261 0
    outer loop
      vertex 10.296100594103336 5.543277196586132 3
      vertex 10.296100594103336 5.543277196586132 4
      vertex 10.565330557525158 5.423935756087303 4
    endloop
  endfacet
  facet normal 0.44961132363905804 0.893224304223488 0
    outer loop
      vertex 10.565330557525158 5.423935756087303 3
      vertex 10.565330557525158 5.423935756087303 4
      vertex 10.828380420804024 5.291527584195137 4
    endloop
  endfacet
  facet normal 0.7883464386986242 0.6152315763931467 0
    outer loop
      vertex 12.638062722980976 3.8063597083091736 2
      vertex 12.638062722980976 3.8063597083091736 3
      vertex 12.81924518942833 3.5741958245635033 3
    endloop
  endfacet
  facet normal 0.7242470823953 0.6895405453212274 0
    outer loop
      vertex 12.445706754922867 4.029353730380535 2
      vertex 12.242640689015388 4.2426406890153885 2
      vertex 12.445706754922867 4.029353730380535 3
    endloop
  endfacet
  facet normal 0.7572088435480341 0.653172846383443 0
    outer loop
      vertex 12.638062722980976 3.8063597083091736 2
      vertex 12.445706754922867 4.029353730380535 2
      vertex 12.638062722980976 3.8063597083091736 3
    endloop
  endfacet
  facet normal 0.6895405453212274 0.7242470823953 0
    outer loop
      vertex 12.029353730380535 4.445706754922867 2
      vertex 12.242640689015388 4.2426406890153885 3
      vertex 12.242640689015388 4.2426406890153885 2
    endloop
  endfacet
  facet normal 0.6895405453212274 0.7242470823953 0
    outer loop
      vertex 12.029353730380535 4.445706754922867 2
      vertex 12.029353730380535 4.445706754922867 3
      vertex 12.242640689015388 4.2426406890153885 3
    endloop
  endfacet
  facet normal 0.7572088435480341 0.653172846383443 0
    outer loop
      vertex 12.445706754922867 4.029353730380535 2
      vertex 12.445706754922867 4.029353730380535 3
      vertex 12.638062722980976 3.8063597083091736 3
    endloop
  endfacet
  facet normal 0.7242470823953 0.6895405453212274 0
    outer loop
      vertex 12.242640689015388 4.2426406890153885 2
      vertex 12.242640689015388 4.2426406890153885 3
      vertex 12.445706754922867 4.029353730380535 3
    endloop
  endfacet
  facet normal 0.844853567299514 0.5349976166500983 0
    outer loop
      vertex 12.988817676901817 3.333421401679516 2
      vertex 13.14637166261673 3.084616467356682 3
      vertex 13.14637166261673 3.084616467356682 2
    endloop
  endfacet
  facet normal 0.8175848023857204 0.5758082067041963 0
    outer loop
      vertex 12.988817676901817 3.333421401679516 2
      vertex 12.81924518942833 3.5741958245635033 2
      vertex 12.988817676901817 3.333421401679516 3
    endloop
  endfacet
  facet normal 0.7883464386986242 0.6152315763931467 0
    outer loop
      vertex 12.638062722980976 3.8063597083091736 2
      vertex 12.81924518942833 3.5741958245635033 3
      vertex 12.81924518942833 3.5741958245635033 2
    endloop
  endfacet
  facet normal 0.844853567299514 0.5349976166500983 0
    outer loop
      vertex 12.988817676901817 3.333421401679516 2
      vertex 12.988817676901817 3.333421401679516 3
      vertex 13.14637166261673 3.084616467356682 3
    endloop
  endfacet
  facet normal 0.8175848023857204 0.5758082067041963 0
    outer loop
      vertex 12.81924518942833 3.5741958245635033 2
      vertex 12.81924518942833 3.5741958245635033 3
      vertex 12.988817676901817 3.333421401679516 3
    endloop
  endfacet
  facet normal 0.7883464386986242 0.6152315763931467 0
    outer loop
      vertex 12.638062722980976 3.8063597083091736 3
      vertex 12.638062722980976 3.8063597083091736 4
      vertex 12.81924518942833 3.5741958245635033 4
    endloop
  endfacet
  facet normal 0.7242470823953 0.6895405453212274 0
    outer loop
      vertex 12.445706754922867 4.029353730380535 3
      vertex 12.242640689015388 4.2426406890153885 3
      vertex 12.445706754922867 4.029353730380535 4
    endloop
  endfacet
  facet normal 0.7572088435480341 0.653172846383443 0
    outer loop
      vertex 12.638062722980976 3.8063597083091736 3
      vertex 12.445706754922867 4.029353730380535 3
      vertex 12.638062722980976 3.8063597083091736 4
    endloop
  endfacet
  facet normal 0.6895405453212274 0.7242470823953 0
    outer loop
      vertex 12.029353730380535 4.445706754922867 3
      vertex 12.242640689015388 4.2426406890153885 4
      vertex 12.242640689015388 4.2426406890153885 3
    endloop
  endfacet
  facet normal 0.6895405453212274 0.7242470823953 0
    outer loop
      vertex 12.029353730380535 4.445706754922867 3
      vertex 12.029353730380535 4.445706754922867 4
      vertex 12.242640689015388 4.2426406890153885 4
    endloop
  endfacet
  facet normal 0.7572088435480341 0.653172846383443 0
    outer loop
      vertex 12.445706754922867 4.029353730380535 3
      vertex 12.445706754922867 4.029353730380535 4
      vertex 12.638062722980976 3.8063597083091736 4
    endloop
  endfacet
  facet normal 0.7242470823953 0.6895405453212274 0
    outer loop
      vertex 12.242640689015388 4.2426406890153885 3
      vertex 12.242640689015388 4.2426406890153885 4
      vertex 12.445706754922867 4.029353730380535 4
    endloop
  endfacet
  facet normal 0.844853567299514 0.5349976166500983 0
    outer loop
      vertex 12.988817676901817 3.333421401679516 3
      vertex 13.14637166261673 3.084616467356682 4
      vertex 13.14637166261673 3.084616467356682 3
    endloop
  endfacet
  facet normal 0.8175848023857204 0.5758082067041963 0
    outer loop
      vertex 12.988817676901817 3.333421401679516 3
      vertex 12.81924518942833 3.5741958245635033 3
      vertex 12.988817676901817 3.333421401679516 4
    endloop
  endfacet
  facet normal 0.7883464386986242 0.6152315763931467 0
    outer loop
      vertex 12.638062722980976 3.8063597083091736 3
      vertex 12.81924518942833 3.5741958245635033 4
      vertex 12.81924518942833 3.5741958245635033 3
    endloop
  endfacet
  facet normal 0.844853567299514 0.5349976166500983 0
    outer loop
      vertex 12.988817676901817 3.333421401679516 3
      vertex 12.988817676901817 3.333421401679516 4
      vertex 13.14637166261673 3.084616467356682 4
    endloop
  endfacet
  facet normal 0.8175848023857204 0.5758082067041963 0
    outer loop
      vertex 12.81924518942833 3.5741958245635033 3
      vertex 12.81924518942833 3.5741958245635033 4
      vertex 12.988817676901817 3.333421401679516 4
    endloop
  endfacet
  facet normal 0.6152315763931467 0.7883464386986242 0
    outer loop
      vertex 11.806359708309174 4.638062722980976 2
      vertex 11.574195824563503 4.8192451894283295 2
      vertex 11.806359708309174 4.638062722980976 3
    endloop
  endfacet
  facet normal 0.653172846383443 0.7572088435480341 0
    outer loop
      vertex 12.029353730380535 4.445706754922867 2
      vertex 11.806359708309174 4.638062722980976 2
      vertex 12.029353730380535 4.445706754922867 3
    endloop
  endfacet
  facet normal 0.6152315763931467 0.7883464386986242 0
    outer loop
      vertex 11.574195824563503 4.8192451894283295 2
      vertex 11.574195824563503 4.8192451894283295 3
      vertex 11.806359708309174 4.638062722980976 3
    endloop
  endfacet
  facet normal 0.653172846383443 0.7572088435480341 0
    outer loop
      vertex 11.806359708309174 4.638062722980976 2
      vertex 11.806359708309174 4.638062722980976 3
      vertex 12.029353730380535 4.445706754922867 3
    endloop
  endfacet
  facet normal 0.6152315763931467 0.7883464386986242 0
    outer loop
      vertex 11.806359708309174 4.638062722980976 3
      vertex 11.574195824563503 4.8192451894283295 3
      vertex 11.806359708309174 4.638062722980976 4
    endloop
  endfacet
  facet normal 0.653172846383443 0.7572088435480341 0
    outer loop
      vertex 12.029353730380535 4.445706754922867 3
      vertex 11.806359708309174 4.638062722980976 3
      vertex 12.029353730380535 4.445706754922867 4
    endloop
  endfacet
  facet normal 0.6152315763931467 0.7883464386986242 0
    outer loop
      vertex 11.574195824563503 4.8192451894283295 3
      vertex 11.574195824563503 4.8192451894283295 4
      vertex 11.806359708309174 4.638062722980976 4
    endloop
  endfacet
  facet normal 0.653172846383443 0.7572088435480341 0
    outer loop
      vertex 12.029353730380535 4.445706754922867 4
      vertex 11.806359708309174 4.638062722980976 3
      vertex 11.806359708309174 4.638062722980976 4
    endloop
  endfacet
  facet normal -0.6715589548470182 -0.7409511253549593 0
    outer loop
      vertex -3.8063597049818734 -4.638062720176422 -4
      vertex -3.8063597049818734 -4.638062720176422 0
      vertex -4.242640687119286 -4.242640687119286 -4
    endloop
  endfacet
  facet normal -0.8032075314806456 -0.5956993044924325 0
    outer loop
      vertex -4.988817673815271 -3.3334213981176126 -4
      vertex -4.638062720176422 -3.8063597049818725 -4
      vertex -4.988817673815271 -3.3334213981176126 0
    endloop
  endfacet
  facet normal -0.74095112535496 -0.6715589548470174 0
    outer loop
      vertex -4.242640687119286 -4.242640687119286 -4
      vertex -4.638062720176422 -3.8063597049818725 0
      vertex -4.638062720176422 -3.8063597049818725 -4
    endloop
  endfacet
  facet normal 0 0 -1
    outer loop
      vertex -1.7417080635267745 -5.741642014393253 -4
      vertex -1.3055900475960653 -1.953953588910981 -4
      vertex -1.17054193209677 -5.884711682419383 -4
    endloop
  endfacet
  facet normal -0.4275550934302809 -0.9039892931234438 0
    outer loop
      vertex -2.828380420955986 -5.2915275860901305 -4
      vertex -2.296100594190539 -5.54327719506772 -4
      vertex -2.296100594190539 -5.54327719506772 0
    endloop
  endfacet
  facet normal -0.5141027441932225 -0.8577286100002717 0
    outer loop
      vertex -2.828380420955986 -5.2915275860901305 -4
      vertex -2.828380420955986 -5.2915275860901305 0
      vertex -3.3334213981176135 -4.988817673815271 -4
    endloop
  endfacet
  facet normal -0.5956993044924325 -0.8032075314806456 0
    outer loop
      vertex -3.8063597049818734 -4.638062720176422 -4
      vertex -3.3334213981176135 -4.988817673815271 -4
      vertex -3.3334213981176135 -4.988817673815271 0
    endloop
  endfacet
  facet normal -0.3368898533922211 -0.9415440651830204 0
    outer loop
      vertex -2.296100594190539 -5.54327719506772 -4
      vertex -1.7417080635267745 -5.741642014393253 -4
      vertex -1.7417080635267745 -5.741642014393253 0
    endloop
  endfacet
  facet normal -0.24298017990326345 -0.9700312531945442 0
    outer loop
      vertex -1.7417080635267745 -5.741642014393253 -4
      vertex -1.17054193209677 -5.884711682419383 -4
      vertex -1.17054193209677 -5.884711682419383 0
    endloop
  endfacet
  facet normal 0 0 -1
    outer loop
      vertex -2.828380420955986 -5.2915275860901305 -4
      vertex -2.304845408947591 -0.45846225673790114 -4
      vertex -2.296100594190539 -5.54327719506772 -4
    endloop
  endfacet
  facet normal 0 0 -1
    outer loop
      vertex -2.296100594190539 -5.54327719506772 -4
      vertex -1.8165745654024317 -1.4908242177845665 -4
      vertex -1.7417080635267745 -5.741642014393253 -4
    endloop
  endfacet
  facet normal 0 0 -1
    outer loop
      vertex -1.7417080635267745 -5.741642014393253 -4
      vertex -1.6617009357883865 -1.6617009357883865 -4
      vertex -1.490824217784567 -1.8165745654024315 -4
    endloop
  endfacet
  facet normal 0 0 -1
    outer loop
      vertex -1.17054193209677 -5.884711682419383 -4
      vertex -1.1077823315410948 -2.072514971218634 -4
      vertex -0.899306066057961 -2.1711169014015237 -4
    endloop
  endfacet
  facet normal 0 0 -1
    outer loop
      vertex -1.7417080635267745 -5.741642014393253 -4
      vertex -1.490824217784567 -1.8165745654024315 -4
      vertex -1.3055900475960653 -1.953953588910981 -4
    endloop
  endfacet
  facet normal 0 0 -1
    outer loop
      vertex -1.17054193209677 -5.884711682419383 -4
      vertex -1.3055900475960653 -1.953953588910981 -4
      vertex -1.1077823315410948 -2.072514971218634 -4
    endloop
  endfacet
  facet normal -0.5956993044924325 -0.8032075314806456 0
    outer loop
      vertex -3.8063597049818734 -4.638062720176422 -4
      vertex -3.3334213981176135 -4.988817673815271 0
      vertex -3.8063597049818734 -4.638062720176422 0
    endloop
  endfacet
  facet normal -0.8032075314806456 -0.5956993044924325 0
    outer loop
      vertex -4.638062720176422 -3.8063597049818725 -4
      vertex -4.638062720176422 -3.8063597049818725 0
      vertex -4.988817673815271 -3.3334213981176126 0
    endloop
  endfacet
  facet normal -0.8577286100002719 -0.5141027441932223 0
    outer loop
      vertex -4.988817673815271 -3.3334213981176126 -4
      vertex -4.988817673815271 -3.3334213981176126 0
      vertex -5.291527549980943 -2.828380481200525 0
    endloop
  endfacet
  facet normal -0.74095112535496 -0.6715589548470174 0
    outer loop
      vertex -4.242640687119286 -4.242640687119286 -4
      vertex -4.242640687119286 -4.242640687119286 0
      vertex -4.638062720176422 -3.8063597049818725 0
    endloop
  endfacet
  facet normal -0.6715589548470182 -0.7409511253549593 0
    outer loop
      vertex -4.242640687119286 -4.242640687119286 -4
      vertex -3.8063597049818734 -4.638062720176422 0
      vertex -4.242640687119286 -4.242640687119286 0
    endloop
  endfacet
  facet normal -0.42755509614185516 -0.9039892918409649 0
    outer loop
      vertex -2.828380420955986 -5.2915275860901305 -4
      vertex -2.8283803560893808 -5.29152761676975 0
      vertex -2.828380420955986 -5.2915275860901305 0
    endloop
  endfacet
  facet normal -0.4275550934302806 -0.9039892931234441 -5.3809152592110214e-17
    outer loop
      vertex -2.828380420955986 -5.2915275860901305 -4
      vertex -2.296100594190539 -5.54327719506772 0
      vertex -2.8283803560893808 -5.29152761676975 0
    endloop
  endfacet
  facet normal -0.5141027441932224 -0.8577286100002717 0
    outer loop
      vertex -3.3334213981176135 -4.988817673815271 -4
      vertex -2.8283804812005453 -5.291527549980931 0
      vertex -3.3334213981176135 -4.988817673815271 0
    endloop
  endfacet
  facet normal -0.5141027449310773 -0.8577286095580184 9.879212176323096e-11
    outer loop
      vertex -3.3334213981176135 -4.988817673815271 -4
      vertex -2.828380420955986 -5.2915275860901305 0
      vertex -2.8283804812005453 -5.291527549980931 0
    endloop
  endfacet
  facet normal -0.33688985759670137 -0.9415440636786333 6.52872745160227e-10
    outer loop
      vertex -2.296100594190539 -5.54327719506772 -4
      vertex -1.7417080635267745 -5.741642014393253 0
      vertex -1.7417081185650791 -5.741641994700233 0
    endloop
  endfacet
  facet normal -0.24298017812630568 -0.9700312536396488 0
    outer loop
      vertex -1.7417080635267745 -5.741642014393253 -4
      vertex -1.74170800788752 -5.741642028330161 0
      vertex -1.7417080635267745 -5.741642014393253 0
    endloop
  endfacet
  facet normal -0.3368898533922207 -0.9415440651830206 0
    outer loop
      vertex -2.296100594190539 -5.54327719506772 -4
      vertex -1.7417081185650791 -5.741641994700233 0
      vertex -2.296100594190539 -5.54327719506772 0
    endloop
  endfacet
  facet normal -0.2429801799032636 -0.9700312531945441 2.6268000255729242e-17
    outer loop
      vertex -1.7417080635267745 -5.741642014393253 -4
      vertex -1.17054193209677 -5.884711682419383 0
      vertex -1.74170800788752 -5.741642028330161 0
    endloop
  endfacet
  facet normal -0.9039892931234438 -0.4275550934302809 0
    outer loop
      vertex -5.54327719506772 -2.296100594190538 -4
      vertex -5.2915275860901305 -2.8283804209559853 -4
      vertex -5.54327719506772 -2.296100594190538 0
    endloop
  endfacet
  facet normal -0.8577286100002717 -0.5141027441932225 0
    outer loop
      vertex -4.988817673815271 -3.3334213981176126 -4
      vertex -5.2915275860901305 -2.8283804209559853 0
      vertex -5.2915275860901305 -2.8283804209559853 -4
    endloop
  endfacet
  facet normal -0.9415440651830204 -0.3368898533922211 0
    outer loop
      vertex -5.54327719506772 -2.296100594190538 -4
      vertex -5.741642014393253 -1.7417080635267737 0
      vertex -5.741642014393253 -1.7417080635267737 -4
    endloop
  endfacet
  facet normal 0 0 -1
    outer loop
      vertex -5.54327719506772 -2.296100594190538 -4
      vertex -5.2915275860901305 2.828380420955986 -4
      vertex -5.2915275860901305 -2.8283804209559853 -4
    endloop
  endfacet
  facet normal 0 0 -1
    outer loop
      vertex -4.988817673815271 -3.3334213981176126 -4
      vertex -5.2915275860901305 -2.8283804209559853 -4
      vertex -4.988817673815271 3.3334213981176135 -4
    endloop
  endfacet
  facet normal 0 0 -1
    outer loop
      vertex -4.988817673815271 -3.3334213981176126 -4
      vertex -4.638062720176422 3.8063597049818734 -4
      vertex -4.638062720176422 -3.8063597049818725 -4
    endloop
  endfacet
  facet normal 0 0 -1
    outer loop
      vertex -5.741642014393253 -1.7417080635267737 -4
      vertex -5.884711682419383 -1.1705419320967692 -4
      vertex -5.741642014393253 1.7417080635267745 -4
    endloop
  endfacet
  facet normal 0 0 -1
    outer loop
      vertex -5.54327719506772 -2.296100594190538 -4
      vertex -5.741642014393253 -1.7417080635267737 -4
      vertex -5.54327719506772 2.296100594190539 -4
    endloop
  endfacet
  facet normal 0 0 -1
    outer loop
      vertex -5.884711682419383 -1.1705419320967692 -4
      vertex -5.971108360033181 -0.5881028419773633 -4
      vertex -5.884711682419383 1.17054193209677 -4
    endloop
  endfacet
  facet normal 0 0 -1
    outer loop
      vertex -4.242640687119286 -4.242640687119286 -4
      vertex -4.638062720176422 -3.8063597049818725 -4
      vertex -4.242640687119286 4.242640687119286 -4
    endloop
  endfacet
  facet normal 0 0 -1
    outer loop
      vertex -3.8063597049818734 -4.638062720176422 -4
      vertex -4.242640687119286 -4.242640687119286 -4
      vertex -3.8063597049818725 4.638062720176422 -4
    endloop
  endfacet
  facet normal -0.9700312531945442 -0.24298017990326345 0
    outer loop
      vertex -5.741642014393253 -1.7417080635267737 -4
      vertex -5.884711682419383 -1.1705419320967692 0
      vertex -5.884711682419383 -1.1705419320967692 -4
    endloop
  endfacet
  facet normal -0.9891765099647809 -0.14673047445536164 0
    outer loop
      vertex -5.884711682419383 -1.1705419320967692 -4
      vertex -5.971108360033181 -0.5881028419773633 0
      vertex -5.971108360033181 -0.5881028419773633 -4
    endloop
  endfacet
  facet normal -0.9987954562051724 -0.049067674327418334 0
    outer loop
      vertex -5.971108360033181 -0.5881028419773633 -4
      vertex -6 3.6739403974420594e-16 0
      vertex -6 3.6739403974420594e-16 -4
    endloop
  endfacet
  facet normal 0 0 -1
    outer loop
      vertex -3.8063597049818734 -4.638062720176422 -4
      vertex -3.3334213981176126 4.988817673815271 -4
      vertex -3.3334213981176135 -4.988817673815271 -4
    endloop
  endfacet
  facet normal 0 0 -1
    outer loop
      vertex -2.828380420955986 -5.2915275860901305 -4
      vertex -3.3334213981176135 -4.988817673815271 -4
      vertex -2.8283804209559853 5.2915275860901305 -4
    endloop
  endfacet
  facet normal 0 0 -1
    outer loop
      vertex -2.296100594190539 -5.54327719506772 -4
      vertex -2.304845408947591 -0.45846225673790114 -4
      vertex -2.2488097889706906 -0.6821689915479863 -4
    endloop
  endfacet
  facet normal 0 0 -1
    outer loop
      vertex -2.828380420955986 -5.2915275860901305 -4
      vertex -2.3386841076796623 -0.23034027977446725 -4
      vertex -2.304845408947591 -0.45846225673790114 -4
    endloop
  endfacet
  facet normal 0 0 -1
    outer loop
      vertex -2.828380420955986 -5.2915275860901305 -4
      vertex -2.3499999999999996 1.43895998899814e-16 -4
      vertex -2.3386841076796623 -0.23034027977446725 -4
    endloop
  endfacet
  facet normal 0 0 -1
    outer loop
      vertex -2.296100594190539 -5.54327719506772 -4
      vertex -2.072514971218634 -1.1077823315410942 -4
      vertex -1.953953588910981 -1.3055900475960647 -4
    endloop
  endfacet
  facet normal 0 0 -1
    outer loop
      vertex -2.296100594190539 -5.54327719506772 -4
      vertex -1.953953588910981 -1.3055900475960647 -4
      vertex -1.8165745654024317 -1.4908242177845665 -4
    endloop
  endfacet
  facet normal 0 0 -1
    outer loop
      vertex -1.7417080635267745 -5.741642014393253 -4
      vertex -1.8165745654024317 -1.4908242177845665 -4
      vertex -1.6617009357883865 -1.6617009357883865 -4
    endloop
  endfacet
  facet normal 0 0 -1
    outer loop
      vertex -2.296100594190539 -5.54327719506772 -4
      vertex -2.1711169014015237 -0.8993060660579607 -4
      vertex -2.072514971218634 -1.1077823315410942 -4
    endloop
  endfacet
  facet normal 0 0 -1
    outer loop
      vertex -2.296100594190539 -5.54327719506772 -4
      vertex -2.2488097889706906 -0.6821689915479863 -4
      vertex -2.1711169014015237 -0.8993060660579607 -4
    endloop
  endfacet
  facet normal -0.9039892931234441 -0.4275550934302807 -4.426681877098939e-17
    outer loop
      vertex -5.2915275860901305 -2.8283804209559853 -4
      vertex -5.291527616769738 -2.828380356089406 0
      vertex -5.54327719506772 -2.296100594190538 0
    endloop
  endfacet
  facet normal -0.9039892920683948 -0.4275550956609946 0
    outer loop
      vertex -5.2915275860901305 -2.8283804209559853 -4
      vertex -5.2915275860901305 -2.8283804209559853 0
      vertex -5.291527616769738 -2.828380356089406 0
    endloop
  endfacet
  facet normal -0.8577286085192284 -0.5141027466641938 3.9516861474467036e-10
    outer loop
      vertex -4.988817673815271 -3.3334213981176126 -4
      vertex -5.291527549980943 -2.828380481200525 0
      vertex -5.2915275860901305 -2.8283804209559853 0
    endloop
  endfacet
  facet normal -0.9415440651830201 -0.33688985339222155 0
    outer loop
      vertex -5.54327719506772 -2.296100594190538 -4
      vertex -5.54327719506772 -2.296100594190538 0
      vertex -5.741641994700239 -1.7417081185650625 0
    endloop
  endfacet
  facet normal -0.9415440668062582 -0.3368898488555753 -7.122250192776067e-10
    outer loop
      vertex -5.54327719506772 -2.296100594190538 -4
      vertex -5.741641994700239 -1.7417081185650625 0
      vertex -5.741642014393253 -1.7417080635267737 0
    endloop
  endfacet
  facet normal -0.970031254968311 -0.2429801728219888 0
    outer loop
      vertex -5.741642014393253 -1.7417080635267737 -4
      vertex -5.741642014393253 -1.7417080635267737 0
      vertex -5.741642028330156 -1.741708007887539 0
    endloop
  endfacet
  facet normal -0.970031253194544 -0.24298017990326412 1.0467938976470381e-16
    outer loop
      vertex -5.741642014393253 -1.7417080635267737 -4
      vertex -5.741642028330156 -1.741708007887539 0
      vertex -5.884711682419383 -1.1705419320967692 0
    endloop
  endfacet
  facet normal -0.9891765099647809 -0.14673047445536164 0
    outer loop
      vertex -5.884711682419383 -1.1705419320967692 -4
      vertex -5.884711682419383 -1.1705419320967692 0
      vertex -5.971108360033181 -0.5881028419773633 0
    endloop
  endfacet
  facet normal -0.9987954562051724 -0.049067674327418334 0
    outer loop
      vertex -5.971108360033181 -0.5881028419773633 -4
      vertex -5.971108360033181 -0.5881028419773633 0
      vertex -6 3.6739403974420594e-16 0
    endloop
  endfacet
  facet normal 0 0 -1
    outer loop
      vertex -1.17054193209677 -5.884711682419383 -4
      vertex -0.6821689915479865 -2.2488097889706906 -4
      vertex -0.588102841977364 -5.971108360033181 -4
    endloop
  endfacet
  facet normal 0 0 -1
    outer loop
      vertex -0.588102841977364 -5.971108360033181 -4
      vertex -1.4389599889981394e-16 -2.3499999999999996 -4
      vertex -3.6739403974420594e-16 -6 -4
    endloop
  endfacet
  facet normal 0 0 -1
    outer loop
      vertex -3.6739403974420594e-16 -6 -4
      vertex -1.4389599889981394e-16 -2.3499999999999996 -4
      vertex 0.5881028419773633 -5.971108360033181 -4
    endloop
  endfacet
  facet normal 0 0 -1
    outer loop
      vertex 0.5881028419773633 -5.971108360033181 -4
      vertex 0.6821689915479858 -2.2488097889706906 -4
      vertex 1.1705419320967692 -5.884711682419383 -4
    endloop
  endfacet
  facet normal 0 0 -1
    outer loop
      vertex 1.1705419320967692 -5.884711682419383 -4
      vertex 1.3055900475960642 -1.9539535889109814 -4
      vertex 1.7417080635267737 -5.741642014393253 -4
    endloop
  endfacet
  facet normal -0.14673047445536158 -0.9891765099647809 0
    outer loop
      vertex -1.17054193209677 -5.884711682419383 -4
      vertex -0.588102841977364 -5.971108360033181 -4
      vertex -0.588102841977364 -5.971108360033181 0
    endloop
  endfacet
  facet normal -0.049067674327418334 -0.9987954562051724 0
    outer loop
      vertex -0.588102841977364 -5.971108360033181 -4
      vertex -3.6739403974420594e-16 -6 -4
      vertex -3.6739403974420594e-16 -6 0
    endloop
  endfacet
  facet normal 0.049067674327418334 -0.9987954562051724 0
    outer loop
      vertex -3.6739403974420594e-16 -6 -4
      vertex 0.5881028419773633 -5.971108360033181 -4
      vertex 0.5881028419773633 -5.971108360033181 0
    endloop
  endfacet
  facet normal 0.14673047445536164 -0.9891765099647809 0
    outer loop
      vertex 0.5881028419773633 -5.971108360033181 -4
      vertex 1.1705419320967692 -5.884711682419383 -4
      vertex 1.1705419320967692 -5.884711682419383 0
    endloop
  endfacet
  facet normal 0 0 -1
    outer loop
      vertex -1.17054193209677 -5.884711682419383 -4
      vertex -0.899306066057961 -2.1711169014015237 -4
      vertex -0.6821689915479865 -2.2488097889706906 -4
    endloop
  endfacet
  facet normal 0 0 -1
    outer loop
      vertex -0.588102841977364 -5.971108360033181 -4
      vertex -0.6821689915479865 -2.2488097889706906 -4
      vertex -0.4584622567379017 -2.304845408947591 -4
    endloop
  endfacet
  facet normal 0 0 -1
    outer loop
      vertex -0.588102841977364 -5.971108360033181 -4
      vertex -0.4584622567379017 -2.304845408947591 -4
      vertex -0.23034027977446792 -2.3386841076796623 -4
    endloop
  endfacet
  facet normal 0 0 -1
    outer loop
      vertex -0.588102841977364 -5.971108360033181 -4
      vertex -0.23034027977446792 -2.3386841076796623 -4
      vertex -1.4389599889981394e-16 -2.3499999999999996 -4
    endloop
  endfacet
  facet normal 0 0 -1
    outer loop
      vertex 0.5881028419773633 -5.971108360033181 -4
      vertex -1.4389599889981394e-16 -2.3499999999999996 -4
      vertex 0.23034027977446733 -2.3386841076796623 -4
    endloop
  endfacet
  facet normal 0 0 -1
    outer loop
      vertex 0.5881028419773633 -5.971108360033181 -4
      vertex 0.23034027977446733 -2.3386841076796623 -4
      vertex 0.45846225673790103 -2.304845408947591 -4
    endloop
  endfacet
  facet normal 0 0 -1
    outer loop
      vertex 0.5881028419773633 -5.971108360033181 -4
      vertex 0.45846225673790103 -2.304845408947591 -4
      vertex 0.6821689915479858 -2.2488097889706906 -4
    endloop
  endfacet
  facet normal 0 0 -1
    outer loop
      vertex 1.1705419320967692 -5.884711682419383 -4
      vertex 0.6821689915479858 -2.2488097889706906 -4
      vertex 0.8993060660579606 -2.1711169014015237 -4
    endloop
  endfacet
  facet normal 0 0 -1
    outer loop
      vertex 1.1705419320967692 -5.884711682419383 -4
      vertex 0.8993060660579606 -2.1711169014015237 -4
      vertex 1.1077823315410942 -2.072514971218634 -4
    endloop
  endfacet
  facet normal 0 0 -1
    outer loop
      vertex 1.1705419320967692 -5.884711682419383 -4
      vertex 1.1077823315410942 -2.072514971218634 -4
      vertex 1.3055900475960642 -1.9539535889109814 -4
    endloop
  endfacet
  facet normal 0.24298017990326345 -0.9700312531945442 0
    outer loop
      vertex 1.1705419320967692 -5.884711682419383 -4
      vertex 1.7417080635267737 -5.741642014393253 -4
      vertex 1.7417080635267737 -5.741642014393253 0
    endloop
  endfacet
  facet normal 0.3368898533922211 -0.9415440651830204 0
    outer loop
      vertex 1.7417080635267737 -5.741642014393253 -4
      vertex 2.296100594190538 -5.54327719506772 -4
      vertex 2.296100594190538 -5.54327719506772 0
    endloop
  endfacet
  facet normal 0.4275550934302809 -0.9039892931234438 0
    outer loop
      vertex 2.296100594190538 -5.54327719506772 -4
      vertex 2.8283804209559853 -5.2915275860901305 -4
      vertex 2.8283804209559853 -5.2915275860901305 0
    endloop
  endfacet
  facet normal 0.5141027441932225 -0.8577286100002717 0
    outer loop
      vertex 2.8283804209559853 -5.2915275860901305 -4
      vertex 3.3334213981176126 -4.988817673815271 -4
      vertex 3.3334213981176126 -4.988817673815271 0
    endloop
  endfacet
  facet normal 0.5956993044924325 -0.8032075314806456 0
    outer loop
      vertex 3.3334213981176126 -4.988817673815271 -4
      vertex 3.8063597049818725 -4.638062720176422 -4
      vertex 3.8063597049818725 -4.638062720176422 0
    endloop
  endfacet
  facet normal 0 0 -1
    outer loop
      vertex 1.7417080635267737 -5.741642014393253 -4
      vertex 1.9539535889109814 -1.3055900475960651 -4
      vertex 2.296100594190538 -5.54327719506772 -4
    endloop
  endfacet
  facet normal 0 0 -1
    outer loop
      vertex 1.7417080635267737 -5.741642014393253 -4
      vertex 1.3055900475960642 -1.9539535889109814 -4
      vertex 1.490824217784566 -1.816574565402432 -4
    endloop
  endfacet
  facet normal 0 0 -1
    outer loop
      vertex 1.7417080635267737 -5.741642014393253 -4
      vertex 1.490824217784566 -1.816574565402432 -4
      vertex 1.6617009357883863 -1.6617009357883865 -4
    endloop
  endfacet
  facet normal -0.14673047445536158 -0.9891765099647809 0
    outer loop
      vertex -1.17054193209677 -5.884711682419383 -4
      vertex -0.588102841977364 -5.971108360033181 0
      vertex -1.17054193209677 -5.884711682419383 0
    endloop
  endfacet
  facet normal -0.049067674327418334 -0.9987954562051724 0
    outer loop
      vertex -0.588102841977364 -5.971108360033181 -4
      vertex -3.6739403974420594e-16 -6 0
      vertex -0.588102841977364 -5.971108360033181 0
    endloop
  endfacet
  facet normal 0.049067674327418334 -0.9987954562051724 0
    outer loop
      vertex -3.6739403974420594e-16 -6 -4
      vertex 0.5881028419773633 -5.971108360033181 0
      vertex -3.6739403974420594e-16 -6 0
    endloop
  endfacet
  facet normal 0.14673047445536164 -0.9891765099647809 0
    outer loop
      vertex 0.5881028419773633 -5.971108360033181 -4
      vertex 1.1705419320967692 -5.884711682419383 0
      vertex 0.5881028419773633 -5.971108360033181 0
    endloop
  endfacet
  facet normal 0.24298017990326345 -0.9700312531945442 0
    outer loop
      vertex 1.1705419320967692 -5.884711682419383 -4
      vertex 1.7417080635267737 -5.741642014393253 0
      vertex 1.1705419320967692 -5.884711682419383 0
    endloop
  endfacet
  facet normal 0.3368898533922211 -0.9415440651830204 0
    outer loop
      vertex 1.7417080635267737 -5.741642014393253 -4
      vertex 2.296100594190538 -5.54327719506772 0
      vertex 1.7417080635267737 -5.741642014393253 0
    endloop
  endfacet
  facet normal 0.4275550934302809 -0.9039892931234438 0
    outer loop
      vertex 2.296100594190538 -5.54327719506772 -4
      vertex 2.8283804209559853 -5.2915275860901305 0
      vertex 2.296100594190538 -5.54327719506772 0
    endloop
  endfacet
  facet normal 0.5141027441932225 -0.8577286100002717 0
    outer loop
      vertex 2.8283804209559853 -5.2915275860901305 -4
      vertex 3.3334213981176126 -4.988817673815271 0
      vertex 2.8283804209559853 -5.2915275860901305 0
    endloop
  endfacet
  facet normal 0.5956993044924325 -0.8032075314806456 0
    outer loop
      vertex 3.3334213981176126 -4.988817673815271 -4
      vertex 3.8063597049818725 -4.638062720176422 0
      vertex 3.3334213981176126 -4.988817673815271 0
    endloop
  endfacet
  facet normal 0.6715589548470174 -0.74095112535496 0
    outer loop
      vertex 3.8063597049818725 -4.638062720176422 -4
      vertex 4.242640687119286 -4.242640687119286 0
      vertex 3.8063597049818725 -4.638062720176422 0
    endloop
  endfacet
  facet normal 0 0 -1
    outer loop
      vertex 1.7417080635267737 -5.741642014393253 -4
      vertex 1.6617009357883863 -1.6617009357883865 -4
      vertex 1.8165745654024317 -1.490824217784567 -4
    endloop
  endfacet
  facet normal 0 0 -1
    outer loop
      vertex 1.7417080635267737 -5.741642014393253 -4
      vertex 1.8165745654024317 -1.490824217784567 -4
      vertex 1.9539535889109814 -1.3055900475960651 -4
    endloop
  endfacet
  facet normal 0 0 -1
    outer loop
      vertex 2.296100594190538 -5.54327719506772 -4
      vertex 1.9539535889109814 -1.3055900475960651 -4
      vertex 2.072514971218634 -1.1077823315410948 -4
    endloop
  endfacet
  facet normal 0 0 -1
    outer loop
      vertex 2.296100594190538 -5.54327719506772 -4
      vertex 2.072514971218634 -1.1077823315410948 -4
      vertex 2.1711169014015237 -0.8993060660579613 -4
    endloop
  endfacet
  facet normal 0 0 -1
    outer loop
      vertex 2.296100594190538 -5.54327719506772 -4
      vertex 2.1711169014015237 -0.8993060660579613 -4
      vertex 2.2488097889706906 -0.6821689915479866 -4
    endloop
  endfacet
  facet normal 0 0 -1
    outer loop
      vertex 2.296100594190538 -5.54327719506772 -4
      vertex 2.2488097889706906 -0.6821689915479866 -4
      vertex 2.304845408947591 -0.4584622567379023 -4
    endloop
  endfacet
  facet normal 0 0 -1
    outer loop
      vertex 2.296100594190538 -5.54327719506772 -4
      vertex 2.304845408947591 -0.4584622567379023 -4
      vertex 2.3386841076796623 -0.23034027977446805 -4
    endloop
  endfacet
  facet normal 0 0 -1
    outer loop
      vertex 2.296100594190538 -5.54327719506772 -4
      vertex 2.3386841076796623 -0.23034027977446805 -4
      vertex 2.3499999999999996 -1.43895998899814e-16 -4
    endloop
  endfacet
  facet normal 0 0 -1
    outer loop
      vertex 2.296100594190538 -5.54327719506772 -4
      vertex 2.828380420955986 5.2915275860901305 -4
      vertex 2.8283804209559853 -5.2915275860901305 -4
    endloop
  endfacet
  facet normal 0 0 -1
    outer loop
      vertex 2.8283804209559853 -5.2915275860901305 -4
      vertex 3.3334213981176135 4.988817673815271 -4
      vertex 3.3334213981176126 -4.988817673815271 -4
    endloop
  endfacet
  facet normal 0 0 -1
    outer loop
      vertex 3.3334213981176126 -4.988817673815271 -4
      vertex 3.8063597049818734 4.638062720176422 -4
      vertex 3.8063597049818725 -4.638062720176422 -4
    endloop
  endfacet
  facet normal 0 0 -1
    outer loop
      vertex 2.296100594190538 -5.54327719506772 -4
      vertex 2.3499999999999996 -1.43895998899814e-16 -4
      vertex 2.828380420955986 5.2915275860901305 -4
    endloop
  endfacet
  facet normal 0 0 1
    outer loop
      vertex -2.828380420955986 -5.2915275860901305 0
      vertex -2.8283804208040237 -5.291527584195137 0
      vertex -2.8283804812005453 -5.291527549980931 0
    endloop
  endfacet
  facet normal 0 0 1
    outer loop
      vertex -2.828380420955986 -5.2915275860901305 0
      vertex -2.8283803560893808 -5.29152761676975 0
      vertex -2.8283804208040237 -5.291527584195137 0
    endloop
  endfacet
  facet normal 0 0 1
    outer loop
      vertex -1.7417080635267745 -5.741642014393253 0
      vertex -1.7417080625891685 -5.741642013192177 0
      vertex -1.7417081185650791 -5.741641994700233 0
    endloop
  endfacet
  facet normal 0 0 1
    outer loop
      vertex -1.7417080635267745 -5.741642014393253 0
      vertex -1.74170800788752 -5.741642028330161 0
      vertex -1.7417080625891685 -5.741642013192177 0
    endloop
  endfacet
  facet normal 0 0 1
    outer loop
      vertex -5.2915275860901305 -2.8283804209559853 0
      vertex -5.291527584195137 -2.8283804208040237 0
      vertex -5.291527616769738 -2.828380356089406 0
    endloop
  endfacet
  facet normal 0 0 1
    outer loop
      vertex -5.2915275860901305 -2.8283804209559853 0
      vertex -5.291527549980943 -2.828380481200525 0
      vertex -5.291527584195137 -2.8283804208040237 0
    endloop
  endfacet
  facet normal 0 0 1
    outer loop
      vertex -5.741642014393253 -1.7417080635267737 0
      vertex -5.741641994700239 -1.7417081185650625 0
      vertex -5.741642013192177 -1.7417080625891685 0
    endloop
  endfacet
  facet normal 0 0 1
    outer loop
      vertex -5.741642014393253 -1.7417080635267737 0
      vertex -5.741642013192177 -1.7417080625891685 0
      vertex -5.741642028330156 -1.741708007887539 0
    endloop
  endfacet
  facet normal 0 0 -1
    outer loop
      vertex -5.971108360033181 -0.5881028419773633 -4
      vertex -6 3.6739403974420594e-16 -4
      vertex -5.971108360033181 0.588102841977364 -4
    endloop
  endfacet
  facet normal 0 0 -1
    outer loop
      vertex -5.971108360033181 -0.5881028419773633 -4
      vertex -5.971108360033181 0.588102841977364 -4
      vertex -5.884711682419383 1.17054193209677 -4
    endloop
  endfacet
  facet normal 0 0 -1
    outer loop
      vertex -5.884711682419383 -1.1705419320967692 -4
      vertex -5.884711682419383 1.17054193209677 -4
      vertex -5.741642014393253 1.7417080635267745 -4
    endloop
  endfacet
  facet normal 0 0 -1
    outer loop
      vertex -5.741642014393253 -1.7417080635267737 -4
      vertex -5.741642014393253 1.7417080635267745 -4
      vertex -5.54327719506772 2.296100594190539 -4
    endloop
  endfacet
  facet normal 0 0 -1
    outer loop
      vertex -5.54327719506772 -2.296100594190538 -4
      vertex -5.54327719506772 2.296100594190539 -4
      vertex -5.2915275860901305 2.828380420955986 -4
    endloop
  endfacet
  facet normal 0 0 -1
    outer loop
      vertex -5.2915275860901305 -2.8283804209559853 -4
      vertex -5.2915275860901305 2.828380420955986 -4
      vertex -4.988817673815271 3.3334213981176135 -4
    endloop
  endfacet
  facet normal 0 0 -1
    outer loop
      vertex -4.988817673815271 -3.3334213981176126 -4
      vertex -4.988817673815271 3.3334213981176135 -4
      vertex -4.638062720176422 3.8063597049818734 -4
    endloop
  endfacet
  facet normal 0 0 -1
    outer loop
      vertex -4.638062720176422 -3.8063597049818725 -4
      vertex -4.638062720176422 3.8063597049818734 -4
      vertex -4.242640687119286 4.242640687119286 -4
    endloop
  endfacet
  facet normal -0.9987954562051724 0.049067674327418334 0
    outer loop
      vertex -6 3.6739403974420594e-16 -4
      vertex -5.971108360033181 0.588102841977364 0
      vertex -5.971108360033181 0.588102841977364 -4
    endloop
  endfacet
  facet normal -0.9891765099647809 0.14673047445536158 0
    outer loop
      vertex -5.971108360033181 0.588102841977364 -4
      vertex -5.884711682419383 1.17054193209677 0
      vertex -5.884711682419383 1.17054193209677 -4
    endloop
  endfacet
  facet normal 0 0 -1
    outer loop
      vertex -4.242640687119286 -4.242640687119286 -4
      vertex -4.242640687119286 4.242640687119286 -4
      vertex -3.8063597049818725 4.638062720176422 -4
    endloop
  endfacet
  facet normal 0 0 -1
    outer loop
      vertex -3.8063597049818734 -4.638062720176422 -4
      vertex -3.8063597049818725 4.638062720176422 -4
      vertex -3.3334213981176126 4.988817673815271 -4
    endloop
  endfacet
  facet normal -0.9700312531945442 0.24298017990326345 0
    outer loop
      vertex -5.884711682419383 1.17054193209677 -4
      vertex -5.741642014393253 1.7417080635267745 0
      vertex -5.741642014393253 1.7417080635267745 -4
    endloop
  endfacet
  facet normal -0.9415440651830204 0.3368898533922211 0
    outer loop
      vertex -5.741642014393253 1.7417080635267745 -4
      vertex -5.54327719506772 2.296100594190539 0
      vertex -5.54327719506772 2.296100594190539 -4
    endloop
  endfacet
  facet normal -0.9039892931234438 0.4275550934302809 0
    outer loop
      vertex -5.54327719506772 2.296100594190539 -4
      vertex -5.2915275860901305 2.828380420955986 0
      vertex -5.2915275860901305 2.828380420955986 -4
    endloop
  endfacet
  facet normal 0 0 -1
    outer loop
      vertex -2.828380420955986 -5.2915275860901305 -4
      vertex -2.296100594190538 5.54327719506772 -4
      vertex -2.3499999999999996 1.43895998899814e-16 -4
    endloop
  endfacet
  facet normal 0 0 -1
    outer loop
      vertex -3.3334213981176135 -4.988817673815271 -4
      vertex -3.3334213981176126 4.988817673815271 -4
      vertex -2.8283804209559853 5.2915275860901305 -4
    endloop
  endfacet
  facet normal 0 0 -1
    outer loop
      vertex -2.828380420955986 -5.2915275860901305 -4
      vertex -2.8283804209559853 5.2915275860901305 -4
      vertex -2.296100594190538 5.54327719506772 -4
    endloop
  endfacet
  facet normal 0 0 -1
    outer loop
      vertex -2.3499999999999996 1.43895998899814e-16 -4
      vertex -2.296100594190538 5.54327719506772 -4
      vertex -2.3386841076796623 0.2303402797744673 -4
    endloop
  endfacet
  facet normal 0 0 -1
    outer loop
      vertex -2.3386841076796623 0.2303402797744673 -4
      vertex -2.296100594190538 5.54327719506772 -4
      vertex -2.3048454089475907 0.4584622567379026 -4
    endloop
  endfacet
  facet normal 0 0 -1
    outer loop
      vertex -2.3048454089475907 0.4584622567379026 -4
      vertex -2.296100594190538 5.54327719506772 -4
      vertex -2.2488097889706906 0.6821689915479868 -4
    endloop
  endfacet
  facet normal 0 0 -1
    outer loop
      vertex -2.2488097889706906 0.6821689915479868 -4
      vertex -2.296100594190538 5.54327719506772 -4
      vertex -2.171116901401523 0.8993060660579624 -4
    endloop
  endfacet
  facet normal 0 0 -1
    outer loop
      vertex -2.171116901401523 0.8993060660579624 -4
      vertex -2.296100594190538 5.54327719506772 -4
      vertex -2.0725149712186335 1.107782331541095 -4
    endloop
  endfacet
  facet normal 0 0 -1
    outer loop
      vertex -2.0725149712186335 1.107782331541095 -4
      vertex -2.296100594190538 5.54327719506772 -4
      vertex -1.953953588910981 1.3055900475960651 -4
    endloop
  endfacet
  facet normal 0 0 -1
    outer loop
      vertex -1.953953588910981 1.3055900475960651 -4
      vertex -1.7417080635267737 5.741642014393253 -4
      vertex -1.8165745654024306 1.4908242177845679 -4
    endloop
  endfacet
  facet normal 0 0 -1
    outer loop
      vertex -1.8165745654024306 1.4908242177845679 -4
      vertex -1.7417080635267737 5.741642014393253 -4
      vertex -1.661700935788386 1.6617009357883867 -4
    endloop
  endfacet
  facet normal -0.9987954562051724 0.049067674327418334 0
    outer loop
      vertex -6 3.6739403974420594e-16 -4
      vertex -6 3.6739403974420594e-16 0
      vertex -5.971108360033181 0.588102841977364 0
    endloop
  endfacet
  facet normal -0.9891765099647809 0.14673047445536158 0
    outer loop
      vertex -5.971108360033181 0.588102841977364 -4
      vertex -5.971108360033181 0.588102841977364 0
      vertex -5.884711682419383 1.17054193209677 0
    endloop
  endfacet
  facet normal -0.9700312531945441 0.2429801799032636 0
    outer loop
      vertex -5.884711682419383 1.17054193209677 -4
      vertex -5.884711682419383 1.17054193209677 0
      vertex -5.741642028330158 1.7417080078875307 0
    endloop
  endfacet
  facet normal -0.9700312536183217 0.24298017821144874 2.419495120022411e-10
    outer loop
      vertex -5.884711682419383 1.17054193209677 -4
      vertex -5.741642028330158 1.7417080078875307 0
      vertex -5.741642014393253 1.7417080635267745 0
    endloop
  endfacet
  facet normal -0.9415440634020746 0.3368898583696308 0
    outer loop
      vertex -5.741642014393253 1.7417080635267745 -4
      vertex -5.741642014393253 1.7417080635267745 0
      vertex -5.741641994700235 1.741708118565074 0
    endloop
  endfacet
  facet normal -0.9415440651830205 0.33688985339222066 7.725509753636625e-17
    outer loop
      vertex -5.741642014393253 1.7417080635267745 -4
      vertex -5.741641994700235 1.741708118565074 0
      vertex -5.54327719506772 2.296100594190539 0
    endloop
  endfacet
  facet normal -0.9039892931234441 0.42755509343028036 0
    outer loop
      vertex -5.54327719506772 2.296100594190539 -4
      vertex -5.54327719506772 2.296100594190539 0
      vertex -5.291527616769745 2.8283803560893923 0
    endloop
  endfacet
  facet normal -0.9039892911303283 0.4275550976443695 -6.769092971831235e-10
    outer loop
      vertex -5.54327719506772 2.296100594190539 -4
      vertex -5.291527616769745 2.8283803560893923 0
      vertex -5.2915275860901305 2.828380420955986 0
    endloop
  endfacet
  facet normal -0.8577286095753899 0.5141027449020948 0
    outer loop
      vertex -5.2915275860901305 2.828380420955986 -4
      vertex -5.2915275860901305 2.828380420955986 0
      vertex -5.291527549980934 2.828380481200541 0
    endloop
  endfacet
  facet normal -0.8577286100002716 0.5141027441932224 1.4511960985703896e-17
    outer loop
      vertex -5.2915275860901305 2.828380420955986 -4
      vertex -5.291527549980934 2.828380481200541 0
      vertex -4.988817673815271 3.3334213981176135 0
    endloop
  endfacet
  facet normal -0.8577286100002717 0.5141027441932225 0
    outer loop
      vertex -5.2915275860901305 2.828380420955986 -4
      vertex -4.988817673815271 3.3334213981176135 0
      vertex -4.988817673815271 3.3334213981176135 -4
    endloop
  endfacet
  facet normal -0.8032075314806456 0.5956993044924325 0
    outer loop
      vertex -4.988817673815271 3.3334213981176135 -4
      vertex -4.638062720176422 3.8063597049818734 0
      vertex -4.638062720176422 3.8063597049818734 -4
    endloop
  endfacet
  facet normal -0.7409511253549593 0.6715589548470182 0
    outer loop
      vertex -4.638062720176422 3.8063597049818734 -4
      vertex -4.242640687119286 4.242640687119286 0
      vertex -4.242640687119286 4.242640687119286 -4
    endloop
  endfacet
  facet normal -0.6715589548470174 0.74095112535496 0
    outer loop
      vertex -4.242640687119286 4.242640687119286 -4
      vertex -4.242640687119286 4.242640687119286 0
      vertex -3.8063597049818725 4.638062720176422 -4
    endloop
  endfacet
  facet normal -0.5956993044924325 0.8032075314806456 0
    outer loop
      vertex -3.8063597049818725 4.638062720176422 -4
      vertex -3.8063597049818725 4.638062720176422 0
      vertex -3.3334213981176126 4.988817673815271 -4
    endloop
  endfacet
  facet normal 0 0 -1
    outer loop
      vertex -1.661700935788386 1.6617009357883867 -4
      vertex -1.7417080635267737 5.741642014393253 -4
      vertex -1.4908242177845668 1.8165745654024315 -4
    endloop
  endfacet
  facet normal 0 0 -1
    outer loop
      vertex -1.4908242177845668 1.8165745654024315 -4
      vertex -1.7417080635267737 5.741642014393253 -4
      vertex -1.305590047596064 1.9539535889109816 -4
    endloop
  endfacet
  facet normal 0 0 -1
    outer loop
      vertex -1.305590047596064 1.9539535889109816 -4
      vertex -1.1705419320967692 5.884711682419383 -4
      vertex -1.107782331541094 2.072514971218634 -4
    endloop
  endfacet
  facet normal 0 0 -1
    outer loop
      vertex -1.107782331541094 2.072514971218634 -4
      vertex -1.1705419320967692 5.884711682419383 -4
      vertex -0.8993060660579613 2.1711169014015232 -4
    endloop
  endfacet
  facet normal 0 0 -1
    outer loop
      vertex -1.953953588910981 1.3055900475960651 -4
      vertex -2.296100594190538 5.54327719506772 -4
      vertex -1.7417080635267737 5.741642014393253 -4
    endloop
  endfacet
  facet normal 0 0 -1
    outer loop
      vertex -1.305590047596064 1.9539535889109816 -4
      vertex -1.7417080635267737 5.741642014393253 -4
      vertex -1.1705419320967692 5.884711682419383 -4
    endloop
  endfacet
  facet normal -0.5141027441932225 0.8577286100002717 0
    outer loop
      vertex -3.3334213981176126 4.988817673815271 -4
      vertex -3.3334213981176126 4.988817673815271 0
      vertex -2.8283804209559853 5.2915275860901305 -4
    endloop
  endfacet
  facet normal -0.4275550934302809 0.9039892931234438 0
    outer loop
      vertex -2.8283804209559853 5.2915275860901305 -4
      vertex -2.8283804209559853 5.2915275860901305 0
      vertex -2.296100594190538 5.54327719506772 -4
    endloop
  endfacet
  facet normal -0.3368898533922211 0.9415440651830204 0
    outer loop
      vertex -2.296100594190538 5.54327719506772 -4
      vertex -2.296100594190538 5.54327719506772 0
      vertex -1.7417080635267737 5.741642014393253 -4
    endloop
  endfacet
  facet normal -0.24298017990326345 0.9700312531945442 0
    outer loop
      vertex -1.7417080635267737 5.741642014393253 -4
      vertex -1.7417080635267737 5.741642014393253 0
      vertex -1.1705419320967692 5.884711682419383 -4
    endloop
  endfacet
  facet normal -0.8032075314806456 0.5956993044924325 0
    outer loop
      vertex -4.988817673815271 3.3334213981176135 -4
      vertex -4.988817673815271 3.3334213981176135 0
      vertex -4.638062720176422 3.8063597049818734 0
    endloop
  endfacet
  facet normal -0.7409511253549593 0.6715589548470182 0
    outer loop
      vertex -4.638062720176422 3.8063597049818734 -4
      vertex -4.638062720176422 3.8063597049818734 0
      vertex -4.242640687119286 4.242640687119286 0
    endloop
  endfacet
  facet normal -0.6715589548470174 0.74095112535496 0
    outer loop
      vertex -3.8063597049818725 4.638062720176422 -4
      vertex -4.242640687119286 4.242640687119286 0
      vertex -3.8063597049818725 4.638062720176422 0
    endloop
  endfacet
  facet normal -0.5956993044924325 0.8032075314806456 0
    outer loop
      vertex -3.3334213981176126 4.988817673815271 -4
      vertex -3.8063597049818725 4.638062720176422 0
      vertex -3.3334213981176126 4.988817673815271 0
    endloop
  endfacet
  facet normal -0.5141027441932224 0.8577286100002716 1.1545323116973584e-17
    outer loop
      vertex -2.8283804209559853 5.2915275860901305 -4
      vertex -3.3334213981176126 4.988817673815271 0
      vertex -2.8283804812005178 5.291527549980947 0
    endloop
  endfacet
  facet normal -0.5141027447571824 0.8577286096622471 0
    outer loop
      vertex -2.8283804209559853 5.2915275860901305 -4
      vertex -2.8283804812005178 5.291527549980947 0
      vertex -2.8283804209559853 5.2915275860901305 0
    endloop
  endfacet
  facet normal -0.4275550868441035 0.9039892962384738 1.0637149217305882e-9
    outer loop
      vertex -2.296100594190538 5.54327719506772 -4
      vertex -2.8283804209559853 5.2915275860901305 0
      vertex -2.82838035608941 5.291527616769735 0
    endloop
  endfacet
  facet normal -0.42755509343028175 0.9039892931234436 0
    outer loop
      vertex -2.296100594190538 5.54327719506772 -4
      vertex -2.82838035608941 5.291527616769735 0
      vertex -2.296100594190538 5.54327719506772 0
    endloop
  endfacet
  facet normal -0.33688985339222066 0.9415440651830206 7.778318073452275e-17
    outer loop
      vertex -1.7417080635267737 5.741642014393253 -4
      vertex -2.296100594190538 5.54327719506772 0
      vertex -1.7417081185650458 5.741641994700244 0
    endloop
  endfacet
  facet normal -0.33688985840365676 0.9415440633899 0
    outer loop
      vertex -1.7417080635267737 5.741642014393253 -4
      vertex -1.7417081185650458 5.741641994700244 0
      vertex -1.7417080635267737 5.741642014393253 0
    endloop
  endfacet
  facet normal -0.2429801756728137 0.9700312542542165 6.65361447872063e-10
    outer loop
      vertex -1.1705419320967692 5.884711682419383 -4
      vertex -1.7417080635267737 5.741642014393253 0
      vertex -1.741708007887554 5.741642028330152 0
    endloop
  endfacet
  facet normal -0.24298017990326384 0.970031253194544 0
    outer loop
      vertex -1.1705419320967692 5.884711682419383 -4
      vertex -1.741708007887554 5.741642028330152 0
      vertex -1.1705419320967692 5.884711682419383 0
    endloop
  endfacet
  facet normal 0 0 -1
    outer loop
      vertex 3.8063597049818725 -4.638062720176422 -4
      vertex 3.8063597049818734 4.638062720176422 -4
      vertex 4.242640687119286 4.242640687119286 -4
    endloop
  endfacet
  facet normal 0 0 -1
    outer loop
      vertex 2.3499999999999996 -1.43895998899814e-16 -4
      vertex 2.3386841076796623 0.23034027977446722 -4
      vertex 2.828380420955986 5.2915275860901305 -4
    endloop
  endfacet
  facet normal 0 0 -1
    outer loop
      vertex 2.304845408947591 0.4584622567379014 -4
      vertex 2.2488097889706906 0.6821689915479857 -4
      vertex 2.296100594190539 5.54327719506772 -4
    endloop
  endfacet
  facet normal 0 0 -1
    outer loop
      vertex 2.3386841076796623 0.23034027977446722 -4
      vertex 2.304845408947591 0.4584622567379014 -4
      vertex 2.828380420955986 5.2915275860901305 -4
    endloop
  endfacet
  facet normal 0 0 -1
    outer loop
      vertex 1.816574565402432 1.4908242177845659 -4
      vertex 1.6617009357883867 1.6617009357883863 -4
      vertex 1.7417080635267745 5.741642014393253 -4
    endloop
  endfacet
  facet normal 0 0 -1
    outer loop
      vertex 2.072514971218634 1.1077823315410942 -4
      vertex 1.9539535889109816 1.3055900475960642 -4
      vertex 2.296100594190539 5.54327719506772 -4
    endloop
  endfacet
  facet normal 0 0 -1
    outer loop
      vertex 1.9539535889109816 1.3055900475960642 -4
      vertex 1.816574565402432 1.4908242177845659 -4
      vertex 2.296100594190539 5.54327719506772 -4
    endloop
  endfacet
  facet normal 0 0 -1
    outer loop
      vertex 2.2488097889706906 0.6821689915479857 -4
      vertex 2.1711169014015237 0.8993060660579605 -4
      vertex 2.296100594190539 5.54327719506772 -4
    endloop
  endfacet
  facet normal 0 0 -1
    outer loop
      vertex 2.072514971218634 1.1077823315410942 -4
      vertex 2.296100594190539 5.54327719506772 -4
      vertex 2.1711169014015237 0.8993060660579605 -4
    endloop
  endfacet
  facet normal 0 0 -1
    outer loop
      vertex 2.8283804209559853 -5.2915275860901305 -4
      vertex 2.828380420955986 5.2915275860901305 -4
      vertex 3.3334213981176135 4.988817673815271 -4
    endloop
  endfacet
  facet normal 0 0 -1
    outer loop
      vertex 3.3334213981176126 -4.988817673815271 -4
      vertex 3.3334213981176135 4.988817673815271 -4
      vertex 3.8063597049818734 4.638062720176422 -4
    endloop
  endfacet
  facet normal 0 0 -1
    outer loop
      vertex -1.1705419320967692 5.884711682419383 -4
      vertex -0.6821689915479856 2.2488097889706906 -4
      vertex -0.8993060660579613 2.1711169014015232 -4
    endloop
  endfacet
  facet normal 0 0 -1
    outer loop
      vertex -0.6821689915479856 2.2488097889706906 -4
      vertex -0.5881028419773633 5.971108360033181 -4
      vertex -0.45846225673790125 2.304845408947591 -4
    endloop
  endfacet
  facet normal 0 0 -1
    outer loop
      vertex -0.45846225673790125 2.304845408947591 -4
      vertex -0.5881028419773633 5.971108360033181 -4
      vertex -0.23034027977446603 2.3386841076796623 -4
    endloop
  endfacet
  facet normal 0 0 -1
    outer loop
      vertex -0.23034027977446603 2.3386841076796623 -4
      vertex -0.5881028419773633 5.971108360033181 -4
      vertex 1.43895998899814e-16 2.3499999999999996 -4
    endloop
  endfacet
  facet normal 0 0 -1
    outer loop
      vertex 1.43895998899814e-16 2.3499999999999996 -4
      vertex 3.6739403974420594e-16 6 -4
      vertex 0.23034027977446717 2.3386841076796623 -4
    endloop
  endfacet
  facet normal 0 0 -1
    outer loop
      vertex 0.23034027977446717 2.3386841076796623 -4
      vertex 0.588102841977364 5.971108360033181 -4
      vertex 0.4584622567379025 2.3048454089475907 -4
    endloop
  endfacet
  facet normal 0 0 -1
    outer loop
      vertex 0.6821689915479867 2.2488097889706906 -4
      vertex 0.4584622567379025 2.3048454089475907 -4
      vertex 0.588102841977364 5.971108360033181 -4
    endloop
  endfacet
  facet normal 0 0 -1
    outer loop
      vertex 1.107782331541095 2.072514971218634 -4
      vertex 1.17054193209677 5.884711682419383 -4
      vertex 1.3055900475960651 1.953953588910981 -4
    endloop
  endfacet
  facet normal 0 0 -1
    outer loop
      vertex 0.6821689915479867 2.2488097889706906 -4
      vertex 1.17054193209677 5.884711682419383 -4
      vertex 0.8993060660579623 2.171116901401523 -4
    endloop
  endfacet
  facet normal 0 0 -1
    outer loop
      vertex 0.8993060660579623 2.171116901401523 -4
      vertex 1.17054193209677 5.884711682419383 -4
      vertex 1.107782331541095 2.072514971218634 -4
    endloop
  endfacet
  facet normal 0 0 -1
    outer loop
      vertex -1.1705419320967692 5.884711682419383 -4
      vertex -0.5881028419773633 5.971108360033181 -4
      vertex -0.6821689915479856 2.2488097889706906 -4
    endloop
  endfacet
  facet normal 0 0 -1
    outer loop
      vertex 1.43895998899814e-16 2.3499999999999996 -4
      vertex -0.5881028419773633 5.971108360033181 -4
      vertex 3.6739403974420594e-16 6 -4
    endloop
  endfacet
  facet normal 0 0 -1
    outer loop
      vertex 0.23034027977446717 2.3386841076796623 -4
      vertex 3.6739403974420594e-16 6 -4
      vertex 0.588102841977364 5.971108360033181 -4
    endloop
  endfacet
  facet normal 0 0 -1
    outer loop
      vertex 0.6821689915479867 2.2488097889706906 -4
      vertex 0.588102841977364 5.971108360033181 -4
      vertex 1.17054193209677 5.884711682419383 -4
    endloop
  endfacet
  facet normal 0 0 -1
    outer loop
      vertex 1.3055900475960651 1.953953588910981 -4
      vertex 1.17054193209677 5.884711682419383 -4
      vertex 1.7417080635267745 5.741642014393253 -4
    endloop
  endfacet
  facet normal -0.14673047445536164 0.9891765099647809 0
    outer loop
      vertex -1.1705419320967692 5.884711682419383 -4
      vertex -1.1705419320967692 5.884711682419383 0
      vertex -0.5881028419773633 5.971108360033181 -4
    endloop
  endfacet
  facet normal -0.049067674327418334 0.9987954562051724 0
    outer loop
      vertex -0.5881028419773633 5.971108360033181 -4
      vertex -0.5881028419773633 5.971108360033181 0
      vertex 3.6739403974420594e-16 6 -4
    endloop
  endfacet
  facet normal 0.049067674327418334 0.9987954562051724 0
    outer loop
      vertex 3.6739403974420594e-16 6 -4
      vertex 3.6739403974420594e-16 6 0
      vertex 0.588102841977364 5.971108360033181 -4
    endloop
  endfacet
  facet normal 0.14673047445536158 0.9891765099647809 0
    outer loop
      vertex 0.588102841977364 5.971108360033181 -4
      vertex 0.588102841977364 5.971108360033181 0
      vertex 1.17054193209677 5.884711682419383 -4
    endloop
  endfacet
  facet normal 0.24298017990326345 0.9700312531945442 0
    outer loop
      vertex 1.17054193209677 5.884711682419383 -4
      vertex 1.17054193209677 5.884711682419383 0
      vertex 1.7417080635267745 5.741642014393253 -4
    endloop
  endfacet
  facet normal 0 0 -1
    outer loop
      vertex 1.4908242177845679 1.8165745654024308 -4
      vertex 1.7417080635267745 5.741642014393253 -4
      vertex 1.6617009357883867 1.6617009357883863 -4
    endloop
  endfacet
  facet normal 0 0 -1
    outer loop
      vertex 1.4908242177845679 1.8165745654024308 -4
      vertex 1.3055900475960651 1.953953588910981 -4
      vertex 1.7417080635267745 5.741642014393253 -4
    endloop
  endfacet
  facet normal 0 0 -1
    outer loop
      vertex 1.816574565402432 1.4908242177845659 -4
      vertex 1.7417080635267745 5.741642014393253 -4
      vertex 2.296100594190539 5.54327719506772 -4
    endloop
  endfacet
  facet normal 0 0 -1
    outer loop
      vertex 2.304845408947591 0.4584622567379014 -4
      vertex 2.296100594190539 5.54327719506772 -4
      vertex 2.828380420955986 5.2915275860901305 -4
    endloop
  endfacet
  facet normal 0.3368898533922211 0.9415440651830204 0
    outer loop
      vertex 1.7417080635267745 5.741642014393253 -4
      vertex 1.7417080635267745 5.741642014393253 0
      vertex 2.296100594190539 5.54327719506772 -4
    endloop
  endfacet
  facet normal 0.4275550934302809 0.9039892931234438 0
    outer loop
      vertex 2.296100594190539 5.54327719506772 -4
      vertex 2.296100594190539 5.54327719506772 0
      vertex 2.828380420955986 5.2915275860901305 -4
    endloop
  endfacet
  facet normal 0.5141027441932225 0.8577286100002717 0
    outer loop
      vertex 3.3334213981176135 4.988817673815271 -4
      vertex 2.828380420955986 5.2915275860901305 -4
      vertex 2.828380420955986 5.2915275860901305 0
    endloop
  endfacet
  facet normal 0.5956993044924325 0.8032075314806456 0
    outer loop
      vertex 3.3334213981176135 4.988817673815271 -4
      vertex 3.3334213981176135 4.988817673815271 0
      vertex 3.8063597049818734 4.638062720176422 -4
    endloop
  endfacet
  facet normal 0.6715589548470182 0.7409511253549593 0
    outer loop
      vertex 3.8063597049818734 4.638062720176422 -4
      vertex 3.8063597049818734 4.638062720176422 0
      vertex 4.242640687119286 4.242640687119286 -4
    endloop
  endfacet
  facet normal -0.14673047445536164 0.9891765099647809 0
    outer loop
      vertex -1.1705419320967692 5.884711682419383 0
      vertex -0.5881028419773633 5.971108360033181 0
      vertex -0.5881028419773633 5.971108360033181 -4
    endloop
  endfacet
  facet normal -0.049067674327418334 0.9987954562051724 0
    outer loop
      vertex 3.6739403974420594e-16 6 -4
      vertex -0.5881028419773633 5.971108360033181 0
      vertex 3.6739403974420594e-16 6 0
    endloop
  endfacet
  facet normal 0.049067674327418334 0.9987954562051724 0
    outer loop
      vertex 0.588102841977364 5.971108360033181 -4
      vertex 3.6739403974420594e-16 6 0
      vertex 0.588102841977364 5.971108360033181 0
    endloop
  endfacet
  facet normal 0.14673047445536158 0.9891765099647809 0
    outer loop
      vertex 1.17054193209677 5.884711682419383 -4
      vertex 0.588102841977364 5.971108360033181 0
      vertex 1.17054193209677 5.884711682419383 0
    endloop
  endfacet
  facet normal 0.3368898533922211 0.9415440651830204 0
    outer loop
      vertex 2.296100594190539 5.54327719506772 -4
      vertex 1.7417080635267745 5.741642014393253 0
      vertex 2.296100594190539 5.54327719506772 0
    endloop
  endfacet
  facet normal 0.24298017990326345 0.9700312531945442 0
    outer loop
      vertex 1.7417080635267745 5.741642014393253 -4
      vertex 1.17054193209677 5.884711682419383 0
      vertex 1.7417080635267745 5.741642014393253 0
    endloop
  endfacet
  facet normal 0.4275550934302809 0.9039892931234438 0
    outer loop
      vertex 2.828380420955986 5.2915275860901305 -4
      vertex 2.296100594190539 5.54327719506772 0
      vertex 2.828380420955986 5.2915275860901305 0
    endloop
  endfacet
  facet normal 0.5141027441932225 0.8577286100002717 0
    outer loop
      vertex 3.3334213981176135 4.988817673815271 -4
      vertex 2.828380420955986 5.2915275860901305 0
      vertex 3.3334213981176135 4.988817673815271 0
    endloop
  endfacet
  facet normal 0.5956993044924325 0.8032075314806456 0
    outer loop
      vertex 3.8063597049818734 4.638062720176422 -4
      vertex 3.3334213981176135 4.988817673815271 0
      vertex 3.8063597049818734 4.638062720176422 0
    endloop
  endfacet
  facet normal 0 0 1
    outer loop
      vertex -5.741642014393253 1.7417080635267745 0
      vertex -5.741642013192177 1.7417080625891685 0
      vertex -5.741641994700235 1.741708118565074 0
    endloop
  endfacet
  facet normal 0 0 1
    outer loop
      vertex -5.741642014393253 1.7417080635267745 0
      vertex -5.741642028330158 1.7417080078875307 0
      vertex -5.741642013192177 1.7417080625891685 0
    endloop
  endfacet
  facet normal 0 0 1
    outer loop
      vertex -5.2915275860901305 2.828380420955986 0
      vertex -5.291527584195137 2.8283804208040237 0
      vertex -5.291527549980934 2.828380481200541 0
    endloop
  endfacet
  facet normal 0 0 1
    outer loop
      vertex -5.2915275860901305 2.828380420955986 0
      vertex -5.291527616769745 2.8283803560893923 0
      vertex -5.291527584195137 2.8283804208040237 0
    endloop
  endfacet
  facet normal 0 0 1
    outer loop
      vertex -2.8283804209559853 5.2915275860901305 0
      vertex -2.8283804208040237 5.291527584195137 0
      vertex -2.82838035608941 5.291527616769735 0
    endloop
  endfacet
  facet normal 0 0 1
    outer loop
      vertex -2.8283804209559853 5.2915275860901305 0
      vertex -2.8283804812005178 5.291527549980947 0
      vertex -2.8283804208040237 5.291527584195137 0
    endloop
  endfacet
  facet normal 0 0 1
    outer loop
      vertex -1.7417080635267737 5.741642014393253 0
      vertex -1.7417080625891685 5.741642013192177 0
      vertex -1.741708007887554 5.741642028330152 0
    endloop
  endfacet
  facet normal 0 0 1
    outer loop
      vertex -1.7417080635267737 5.741642014393253 0
      vertex -1.7417081185650458 5.741641994700244 0
      vertex -1.7417080625891685 5.741642013192177 0
    endloop
  endfacet
  facet normal 0.6715589548470174 -0.74095112535496 0
    outer loop
      vertex 3.8063597049818725 -4.638062720176422 -4
      vertex 4.242640687119286 -4.242640687119286 -4
      vertex 4.242640687119286 -4.242640687119286 0
    endloop
  endfacet
  facet normal 0.7409511253549593 -0.6715589548470182 0
    outer loop
      vertex 4.242640687119286 -4.242640687119286 -4
      vertex 4.638062720176422 -3.8063597049818734 -4
      vertex 4.242640687119286 -4.242640687119286 0
    endloop
  endfacet
  facet normal 0.8032075314806456 -0.5956993044924325 0
    outer loop
      vertex 4.638062720176422 -3.8063597049818734 -4
      vertex 4.988817673815271 -3.3334213981176135 -4
      vertex 4.638062720176422 -3.8063597049818734 0
    endloop
  endfacet
  facet normal 0.8577286100002717 -0.5141027441932225 0
    outer loop
      vertex 4.988817673815271 -3.3334213981176135 -4
      vertex 5.2915275860901305 -2.828380420955986 -4
      vertex 4.988817673815271 -3.3334213981176135 0
    endloop
  endfacet
  facet normal 0.7409511253549593 -0.6715589548470182 0
    outer loop
      vertex 4.638062720176422 -3.8063597049818734 -4
      vertex 4.638062720176422 -3.8063597049818734 0
      vertex 4.242640687119286 -4.242640687119286 0
    endloop
  endfacet
  facet normal 0.8032075314806456 -0.5956993044924325 0
    outer loop
      vertex 4.988817673815271 -3.3334213981176135 -4
      vertex 4.988817673815271 -3.3334213981176135 0
      vertex 4.638062720176422 -3.8063597049818734 0
    endloop
  endfacet
  facet normal 0 0 -1
    outer loop
      vertex 3.8063597049818725 -4.638062720176422 -4
      vertex 4.242640687119286 4.242640687119286 -4
      vertex 4.242640687119286 -4.242640687119286 -4
    endloop
  endfacet
  facet normal 0.9039892931234438 -0.4275550934302809 0
    outer loop
      vertex 5.2915275860901305 -2.828380420955986 -4
      vertex 5.54327719506772 -2.296100594190539 -4
      vertex 5.2915275860901305 -2.828380420955986 0
    endloop
  endfacet
  facet normal 0.9415440651830204 -0.3368898533922211 0
    outer loop
      vertex 5.54327719506772 -2.296100594190539 -4
      vertex 5.741642014393253 -1.7417080635267745 -4
      vertex 5.54327719506772 -2.296100594190539 0
    endloop
  endfacet
  facet normal 0.9700312531945442 -0.24298017990326345 0
    outer loop
      vertex 5.741642014393253 -1.7417080635267745 -4
      vertex 5.884711682419383 -1.17054193209677 -4
      vertex 5.741642014393253 -1.7417080635267745 0
    endloop
  endfacet
  facet normal 0 0 -1
    outer loop
      vertex 4.242640687119286 -4.242640687119286 -4
      vertex 4.638062720176422 3.8063597049818725 -4
      vertex 4.638062720176422 -3.8063597049818734 -4
    endloop
  endfacet
  facet normal 0 0 -1
    outer loop
      vertex 4.638062720176422 -3.8063597049818734 -4
      vertex 4.988817673815271 3.3334213981176126 -4
      vertex 4.988817673815271 -3.3334213981176135 -4
    endloop
  endfacet
  facet normal 0 0 -1
    outer loop
      vertex 4.988817673815271 -3.3334213981176135 -4
      vertex 5.2915275860901305 2.8283804209559853 -4
      vertex 5.2915275860901305 -2.828380420955986 -4
    endloop
  endfacet
  facet normal 0 0 -1
    outer loop
      vertex 5.2915275860901305 -2.828380420955986 -4
      vertex 5.54327719506772 2.296100594190538 -4
      vertex 5.54327719506772 -2.296100594190539 -4
    endloop
  endfacet
  facet normal 0 0 -1
    outer loop
      vertex 5.54327719506772 -2.296100594190539 -4
      vertex 5.741642014393253 1.7417080635267737 -4
      vertex 5.741642014393253 -1.7417080635267745 -4
    endloop
  endfacet
  facet normal 0 0 -1
    outer loop
      vertex 5.741642014393253 -1.7417080635267745 -4
      vertex 5.884711682419383 1.1705419320967692 -4
      vertex 5.884711682419383 -1.17054193209677 -4
    endloop
  endfacet
  facet normal 0 0 -1
    outer loop
      vertex 5.884711682419383 -1.17054193209677 -4
      vertex 5.971108360033181 0.5881028419773633 -4
      vertex 5.971108360033181 -0.588102841977364 -4
    endloop
  endfacet
  facet normal 0.9891765099647809 -0.14673047445536158 0
    outer loop
      vertex 5.884711682419383 -1.17054193209677 -4
      vertex 5.971108360033181 -0.588102841977364 -4
      vertex 5.884711682419383 -1.17054193209677 0
    endloop
  endfacet
  facet normal 0.9987954562051724 -0.049067674327418334 0
    outer loop
      vertex 5.971108360033181 -0.588102841977364 -4
      vertex 6 -3.6739403974420594e-16 -4
      vertex 5.971108360033181 -0.588102841977364 0
    endloop
  endfacet
  facet normal 0.8577286100002717 -0.5141027441932225 0
    outer loop
      vertex 4.988817673815271 -3.3334213981176135 0
      vertex 5.2915275860901305 -2.828380420955986 -4
      vertex 5.2915275860901305 -2.828380420955986 0
    endloop
  endfacet
  facet normal 0.9039892931234438 -0.4275550934302809 0
    outer loop
      vertex 5.54327719506772 -2.296100594190539 -4
      vertex 5.54327719506772 -2.296100594190539 0
      vertex 5.2915275860901305 -2.828380420955986 0
    endloop
  endfacet
  facet normal 0.9415440651830204 -0.3368898533922211 0
    outer loop
      vertex 5.741642014393253 -1.7417080635267745 -4
      vertex 5.741642014393253 -1.7417080635267745 0
      vertex 5.54327719506772 -2.296100594190539 0
    endloop
  endfacet
  facet normal 0.9700312531945442 -0.24298017990326345 0
    outer loop
      vertex 5.884711682419383 -1.17054193209677 -4
      vertex 5.884711682419383 -1.17054193209677 0
      vertex 5.741642014393253 -1.7417080635267745 0
    endloop
  endfacet
  facet normal 0.9891765099647809 -0.14673047445536158 0
    outer loop
      vertex 5.971108360033181 -0.588102841977364 -4
      vertex 5.971108360033181 -0.588102841977364 0
      vertex 5.884711682419383 -1.17054193209677 0
    endloop
  endfacet
  facet normal 0.9987954562051724 -0.04906767432741831 1.4730705260260983e-18
    outer loop
      vertex 5.971108360033181 -0.588102841977364 0
      vertex 6 -3.6739403974420594e-16 -4
      vertex 6 -9.881270310716841e-17 0
    endloop
  endfacet
  facet normal 0 0 -1
    outer loop
      vertex 4.242640687119286 -4.242640687119286 -4
      vertex 4.242640687119286 4.242640687119286 -4
      vertex 4.638062720176422 3.8063597049818725 -4
    endloop
  endfacet
  facet normal 0 0 -1
    outer loop
      vertex 4.638062720176422 -3.8063597049818734 -4
      vertex 4.638062720176422 3.8063597049818725 -4
      vertex 4.988817673815271 3.3334213981176126 -4
    endloop
  endfacet
  facet normal 0 0 -1
    outer loop
      vertex 4.988817673815271 -3.3334213981176135 -4
      vertex 4.988817673815271 3.3334213981176126 -4
      vertex 5.2915275860901305 2.8283804209559853 -4
    endloop
  endfacet
  facet normal 0 0 -1
    outer loop
      vertex 5.741642014393253 -1.7417080635267745 -4
      vertex 5.741642014393253 1.7417080635267737 -4
      vertex 5.884711682419383 1.1705419320967692 -4
    endloop
  endfacet
  facet normal 0 0 -1
    outer loop
      vertex 5.54327719506772 -2.296100594190539 -4
      vertex 5.54327719506772 2.296100594190538 -4
      vertex 5.741642014393253 1.7417080635267737 -4
    endloop
  endfacet
  facet normal 0 0 -1
    outer loop
      vertex 5.971108360033181 -0.588102841977364 -4
      vertex 5.971108360033181 0.5881028419773633 -4
      vertex 6 -3.6739403974420594e-16 -4
    endloop
  endfacet
  facet normal 0 0 -1
    outer loop
      vertex 5.884711682419383 -1.17054193209677 -4
      vertex 5.884711682419383 1.1705419320967692 -4
      vertex 5.971108360033181 0.5881028419773633 -4
    endloop
  endfacet
  facet normal 0 0 -1
    outer loop
      vertex 5.2915275860901305 -2.828380420955986 -4
      vertex 5.2915275860901305 2.8283804209559853 -4
      vertex 5.54327719506772 2.296100594190538 -4
    endloop
  endfacet
  facet normal 0.9987954562051724 0.049067674327418334 -3.294665389132217e-18
    outer loop
      vertex 6 -3.6739403974420594e-16 -4
      vertex 5.971108360033181 0.5881028419773633 -4
      vertex 6 -9.881270310716841e-17 0
    endloop
  endfacet
  facet normal 0.9700312531945442 0.24298017990326345 0
    outer loop
      vertex 5.884711682419383 1.1705419320967692 -4
      vertex 5.741642014393253 1.7417080635267737 -4
      vertex 5.884711682419383 1.1705419320967692 0
    endloop
  endfacet
  facet normal 0.9891765099647809 0.14673047445536164 0
    outer loop
      vertex 5.971108360033181 0.5881028419773633 -4
      vertex 5.884711682419383 1.1705419320967692 -4
      vertex 5.971108360033181 0.5881028419773633 0
    endloop
  endfacet
  facet normal 0.8577286100002717 0.5141027441932225 0
    outer loop
      vertex 5.2915275860901305 2.8283804209559853 -4
      vertex 4.988817673815271 3.3334213981176126 -4
      vertex 5.2915275860901305 2.8283804209559853 0
    endloop
  endfacet
  facet normal 0.9415440651830204 0.3368898533922211 0
    outer loop
      vertex 5.741642014393253 1.7417080635267737 -4
      vertex 5.54327719506772 2.296100594190538 -4
      vertex 5.741642014393253 1.7417080635267737 0
    endloop
  endfacet
  facet normal 0.9039892931234438 0.4275550934302809 0
    outer loop
      vertex 5.54327719506772 2.296100594190538 -4
      vertex 5.2915275860901305 2.8283804209559853 -4
      vertex 5.54327719506772 2.296100594190538 0
    endloop
  endfacet
  facet normal 0.9987954562051724 0.049067674327418355 0
    outer loop
      vertex 5.971108360033181 0.5881028419773633 -4
      vertex 5.971108360033181 0.5881028419773633 0
      vertex 6 -9.881270310716841e-17 0
    endloop
  endfacet
  facet normal 0.9891765099647809 0.14673047445536164 0
    outer loop
      vertex 5.884711682419383 1.1705419320967692 -4
      vertex 5.884711682419383 1.1705419320967692 0
      vertex 5.971108360033181 0.5881028419773633 0
    endloop
  endfacet
  facet normal 0.9700312531945442 0.24298017990326345 0
    outer loop
      vertex 5.741642014393253 1.7417080635267737 -4
      vertex 5.741642014393253 1.7417080635267737 0
      vertex 5.884711682419383 1.1705419320967692 0
    endloop
  endfacet
  facet normal 0.9415440651830204 0.3368898533922211 0
    outer loop
      vertex 5.54327719506772 2.296100594190538 -4
      vertex 5.54327719506772 2.296100594190538 0
      vertex 5.741642014393253 1.7417080635267737 0
    endloop
  endfacet
  facet normal 0.9039892931234438 0.4275550934302809 0
    outer loop
      vertex 5.2915275860901305 2.8283804209559853 -4
      vertex 5.2915275860901305 2.8283804209559853 0
      vertex 5.54327719506772 2.296100594190538 0
    endloop
  endfacet
  facet normal 0.8032075314806456 0.5956993044924325 0
    outer loop
      vertex 4.988817673815271 3.3334213981176126 -4
      vertex 4.638062720176422 3.8063597049818725 -4
      vertex 4.988817673815271 3.3334213981176126 0
    endloop
  endfacet
  facet normal 0.74095112535496 0.6715589548470174 0
    outer loop
      vertex 4.242640687119286 4.242640687119286 -4
      vertex 4.638062720176422 3.8063597049818725 0
      vertex 4.638062720176422 3.8063597049818725 -4
    endloop
  endfacet
  facet normal 0.8577286100002717 0.5141027441932225 0
    outer loop
      vertex 5.2915275860901305 2.8283804209559853 0
      vertex 4.988817673815271 3.3334213981176126 -4
      vertex 4.988817673815271 3.3334213981176126 0
    endloop
  endfacet
  facet normal 0.8032075314806456 0.5956993044924325 0
    outer loop
      vertex 4.638062720176422 3.8063597049818725 -4
      vertex 4.638062720176422 3.8063597049818725 0
      vertex 4.988817673815271 3.3334213981176126 0
    endloop
  endfacet
  facet normal 0.74095112535496 0.6715589548470174 0
    outer loop
      vertex 4.242640687119286 4.242640687119286 -4
      vertex 4.242640687119286 4.242640687119286 0
      vertex 4.638062720176422 3.8063597049818725 0
    endloop
  endfacet
  facet normal 0.6715589548470182 0.7409511253549593 0
    outer loop
      vertex 3.8063597049818734 4.638062720176422 0
      vertex 4.242640687119286 4.242640687119286 0
      vertex 4.242640687119286 4.242640687119286 -4
    endloop
  endfacet
  facet normal 0 0 1
    outer loop
      vertex -1.6581654018824539 -1.6581654018824539 3.75
      vertex -1.8204396176692452 -1.4939961842053846 3.75
      vertex -1.6652364696943192 -1.6652364696943192 3.75
    endloop
  endfacet
  facet normal 0 0 1
    outer loop
      vertex -1.6581654018824539 -1.6581654018824539 3.75
      vertex -1.8127095131356181 -1.4876522513637485 3.75
      vertex -1.8204396176692452 -1.4939961842053846 3.75
    endloop
  endfacet
  facet normal 0.7409511253549598 0.6715589548470177 0
    outer loop
      vertex -1.6652364696943192 -1.6652364696943192 3.75
      vertex -1.8204396176692452 -1.4939961842053846 3.75
      vertex -1.8204396176692452 -1.4939961842053846 4
    endloop
  endfacet
  facet normal 0.7409511253549598 0.6715589548470177 0
    outer loop
      vertex -1.6652364696943192 -1.6652364696943192 3.75
      vertex -1.8204396176692452 -1.4939961842053846 4
      vertex -1.6652364696943192 -1.6652364696943192 4
    endloop
  endfacet
  facet normal 0 0 1
    outer loop
      vertex -1.3028121964309671 -1.9497962408494682 3.75
      vertex -1.493996184205385 -1.8204396176692452 3.75
      vertex -1.308367898761163 -1.9581109369724936 3.75
    endloop
  endfacet
  facet normal 0.595699304492433 0.8032075314806452 0
    outer loop
      vertex -1.308367898761163 -1.9581109369724936 3.75
      vertex -1.493996184205385 -1.8204396176692452 4
      vertex -1.308367898761163 -1.9581109369724936 4
    endloop
  endfacet
  facet normal 0 0 1
    outer loop
      vertex -0.8973926488961356 -2.166497503738967 3.75
      vertex -1.1054253478569644 -2.0681053648968923 3.75
      vertex -1.1101393152252244 -2.0769245775403755 3.75
    endloop
  endfacet
  facet normal 0.42755509343028264 0.9039892931234431 0
    outer loop
      vertex -0.9012194832197864 -2.17573629906408 3.75
      vertex -1.1101393152252244 -2.0769245775403755 3.75
      vertex -1.1101393152252244 -2.0769245775403755 4
    endloop
  endfacet
  facet normal 0 0 1
    outer loop
      vertex -1.1054253478569644 -2.0681053648968923 3.75
      vertex -1.3028121964309671 -1.9497962408494682 3.75
      vertex -1.308367898761163 -1.9581109369724936 3.75
    endloop
  endfacet
  facet normal 0 0 1
    outer loop
      vertex -1.1054253478569644 -2.0681053648968923 3.75
      vertex -1.308367898761163 -1.9581109369724936 3.75
      vertex -1.1101393152252244 -2.0769245775403755 3.75
    endloop
  endfacet
  facet normal 0.5141027441932213 0.8577286100002723 0
    outer loop
      vertex -1.1101393152252244 -2.0769245775403755 3.75
      vertex -1.308367898761163 -1.9581109369724936 3.75
      vertex -1.308367898761163 -1.9581109369724936 4
    endloop
  endfacet
  facet normal 0.5141027441932213 0.8577286100002723 0
    outer loop
      vertex -1.1101393152252244 -2.0769245775403755 3.75
      vertex -1.308367898761163 -1.9581109369724936 4
      vertex -1.1101393152252244 -2.0769245775403755 4
    endloop
  endfacet
  facet normal 0 0 1
    outer loop
      vertex -1.6652364696943192 -1.6652364696943192 3.75
      vertex -1.493996184205385 -1.8204396176692452 3.75
      vertex -1.4876522513637485 -1.8127095131356181 3.75
    endloop
  endfacet
  facet normal 0 0 1
    outer loop
      vertex -1.6581654018824539 -1.6581654018824539 3.75
      vertex -1.6652364696943192 -1.6652364696943192 3.75
      vertex -1.4876522513637485 -1.8127095131356181 3.75
    endloop
  endfacet
  facet normal 0.6715589548470187 0.7409511253549589 0
    outer loop
      vertex -1.6652364696943192 -1.6652364696943192 3.75
      vertex -1.6652364696943192 -1.6652364696943192 4
      vertex -1.493996184205385 -1.8204396176692452 3.75
    endloop
  endfacet
  facet normal 0 0 1
    outer loop
      vertex -1.3028121964309671 -1.9497962408494682 3.75
      vertex -1.4876522513637485 -1.8127095131356181 3.75
      vertex -1.493996184205385 -1.8204396176692452 3.75
    endloop
  endfacet
  facet normal 0.595699304492433 0.8032075314806452 0
    outer loop
      vertex -1.308367898761163 -1.9581109369724936 3.75
      vertex -1.493996184205385 -1.8204396176692452 3.75
      vertex -1.493996184205385 -1.8204396176692452 4
    endloop
  endfacet
  facet normal 0.6715589548470187 0.7409511253549589 0
    outer loop
      vertex -1.493996184205385 -1.8204396176692452 3.75
      vertex -1.6652364696943192 -1.6652364696943192 4
      vertex -1.493996184205385 -1.8204396176692452 4
    endloop
  endfacet
  facet normal 0 0 1
    outer loop
      vertex -2.3097493353496072 -0.45943770834798175 3.75
      vertex -2.2535944906493515 -0.6836204149342585 3.75
      vertex -2.2440250872920298 -0.6807175681617139 3.75
    endloop
  endfacet
  facet normal 0.970031253194544 0.2429801799032637 0
    outer loop
      vertex -2.2535944906493515 -0.6836204149342585 3.75
      vertex -2.3097493353496072 -0.45943770834798175 4
      vertex -2.2535944906493515 -0.6836204149342585 4
    endloop
  endfacet
  facet normal 0 0 1
    outer loop
      vertex -2.299941482545575 -0.45748680512782053 3.75
      vertex -2.3097493353496072 -0.45943770834798175 3.75
      vertex -2.2440250872920298 -0.6807175681617139 3.75
    endloop
  endfacet
  facet normal 0.970031253194544 0.2429801799032637 0
    outer loop
      vertex -2.3097493353496072 -0.45943770834798175 3.75
      vertex -2.3097493353496072 -0.45943770834798175 4
      vertex -2.2535944906493515 -0.6836204149342585 3.75
    endloop
  endfacet
  facet normal 0 0 1
    outer loop
      vertex -2.343660031313023 -0.23083036547611505 3.75
      vertex -2.3097493353496072 -0.45943770834798175 3.75
      vertex -2.299941482545575 -0.45748680512782053 3.75
    endloop
  endfacet
  facet normal 0.9891765099649755 0.14673047445405005 0
    outer loop
      vertex -2.3097493353496072 -0.45943770834798175 3.75
      vertex -2.343660031313177 -0.23083036547299088 4
      vertex -2.3097493353496072 -0.45943770834798175 4
    endloop
  endfacet
  facet normal 0 0 1
    outer loop
      vertex -2.3337081840463014 -0.22985019407281945 3.75
      vertex -2.343660031313023 -0.23083036547611505 3.75
      vertex -2.299941482545575 -0.45748680512782053 3.75
    endloop
  endfacet
  facet normal 0.989176509964781 0.14673047445536155 -1.2256752330331267e-12
    outer loop
      vertex -2.343660031313023 -0.23083036547611505 3.75
      vertex -2.343660031313177 -0.23083036547299088 4
      vertex -2.3097493353496072 -0.45943770834798175 3.75
    endloop
  endfacet
  facet normal 0 0 1
    outer loop
      vertex -2.3549999999999995 1.442021605996008e-16 3.75
      vertex -2.343660031313023 -0.23083036547611505 3.75
      vertex -2.3337081840463014 -0.22985019407281945 3.75
    endloop
  endfacet
  facet normal 0 0 1
    outer loop
      vertex -2.3449999999999998 1.4358983720002715e-16 3.75
      vertex -2.3549999999999995 1.442021605996008e-16 3.75
      vertex -2.3337081840463014 -0.22985019407281945 3.75
    endloop
  endfacet
  facet normal 0.9987954562051723 0.0490676743274183 0
    outer loop
      vertex -2.3549999999999995 1.442021605996008e-16 3.75
      vertex -2.3549999999999995 1.442021605996008e-16 4
      vertex -2.343660031313023 -0.23083036547611505 3.75
    endloop
  endfacet
  facet normal 0.9987954562051725 0.04906767432741756 6.965787122354e-16
    outer loop
      vertex -2.343660031313023 -0.23083036547611505 3.75
      vertex -2.3549999999999995 1.442021605996008e-16 4
      vertex -2.343660031313177 -0.23083036547299088 4
    endloop
  endfacet
  facet normal 0 0 1
    outer loop
      vertex -2.0769245775403755 -1.110139315225224 3.75
      vertex -1.9581109369724936 -1.3083678987611627 3.75
      vertex -1.9497962408494682 -1.3028121964309667 3.75
    endloop
  endfacet
  facet normal 0 0 1
    outer loop
      vertex -2.0681053648968923 -1.105425347856964 3.75
      vertex -2.0769245775403755 -1.110139315225224 3.75
      vertex -1.9497962408494682 -1.3028121964309667 3.75
    endloop
  endfacet
  facet normal 0.8577286100002723 0.5141027441932213 0
    outer loop
      vertex -2.0769245775403755 -1.110139315225224 3.75
      vertex -2.0769245775403755 -1.110139315225224 4
      vertex -1.9581109369724936 -1.3083678987611627 3.75
    endloop
  endfacet
  facet normal 0.8577286100002723 0.5141027441932213 0
    outer loop
      vertex -1.9581109369724936 -1.3083678987611627 3.75
      vertex -2.0769245775403755 -1.110139315225224 4
      vertex -1.9581109369724936 -1.3083678987611627 4
    endloop
  endfacet
  facet normal 0 0 1
    outer loop
      vertex -1.9581109369724936 -1.3083678987611627 3.75
      vertex -1.8204396176692452 -1.4939961842053846 3.75
      vertex -1.8127095131356181 -1.4876522513637485 3.75
    endloop
  endfacet
  facet normal 0 0 1
    outer loop
      vertex -1.9497962408494682 -1.3028121964309667 3.75
      vertex -1.9581109369724936 -1.3083678987611627 3.75
      vertex -1.8127095131356181 -1.4876522513637485 3.75
    endloop
  endfacet
  facet normal 0.8032075314806452 0.595699304492433 0
    outer loop
      vertex -1.9581109369724936 -1.3083678987611627 3.75
      vertex -1.9581109369724936 -1.3083678987611627 4
      vertex -1.8204396176692452 -1.4939961842053846 3.75
    endloop
  endfacet
  facet normal 0.8032075314806452 0.595699304492433 0
    outer loop
      vertex -1.8204396176692452 -1.4939961842053846 3.75
      vertex -1.9581109369724936 -1.3083678987611627 4
      vertex -1.8204396176692452 -1.4939961842053846 4
    endloop
  endfacet
  facet normal 0 0 1
    outer loop
      vertex -2.17573629906408 -0.9012194832197862 3.75
      vertex -2.0769245775403755 -1.110139315225224 3.75
      vertex -2.0681053648968923 -1.105425347856964 3.75
    endloop
  endfacet
  facet normal 0 0 1
    outer loop
      vertex -2.166497503738967 -0.8973926488961353 3.75
      vertex -2.17573629906408 -0.9012194832197862 3.75
      vertex -2.0681053648968923 -1.105425347856964 3.75
    endloop
  endfacet
  facet normal 0.9039892931234429 0.427555093430283 0
    outer loop
      vertex -2.17573629906408 -0.9012194832197862 3.75
      vertex -2.17573629906408 -0.9012194832197862 4
      vertex -2.0769245775403755 -1.110139315225224 3.75
    endloop
  endfacet
  facet normal 0.9039892931234429 0.427555093430283 0
    outer loop
      vertex -2.0769245775403755 -1.110139315225224 3.75
      vertex -2.17573629906408 -0.9012194832197862 4
      vertex -2.0769245775403755 -1.110139315225224 4
    endloop
  endfacet
  facet normal 0 0 1
    outer loop
      vertex -2.2535944906493515 -0.6836204149342585 3.75
      vertex -2.17573629906408 -0.9012194832197862 3.75
      vertex -2.166497503738967 -0.8973926488961353 3.75
    endloop
  endfacet
  facet normal 0 0 1
    outer loop
      vertex -2.2440250872920298 -0.6807175681617139 3.75
      vertex -2.2535944906493515 -0.6836204149342585 3.75
      vertex -2.166497503738967 -0.8973926488961353 3.75
    endloop
  endfacet
  facet normal 0.9415440651830207 0.3368898533922201 0
    outer loop
      vertex -2.2535944906493515 -0.6836204149342585 3.75
      vertex -2.2535944906493515 -0.6836204149342585 4
      vertex -2.17573629906408 -0.9012194832197862 3.75
    endloop
  endfacet
  facet normal 0.9415440651830207 0.3368898533922201 0
    outer loop
      vertex -2.17573629906408 -0.9012194832197862 3.75
      vertex -2.2535944906493515 -0.6836204149342585 4
      vertex -2.17573629906408 -0.9012194832197862 4
    endloop
  endfacet
  facet normal 0 0 1
    outer loop
      vertex -0.45748680512782086 -2.299941482545575 3.75
      vertex -0.6807175681617141 -2.2440250872920298 3.75
      vertex -0.6836204149342587 -2.2535944906493515 3.75
    endloop
  endfacet
  facet normal 0 0 1
    outer loop
      vertex -0.45748680512782086 -2.299941482545575 3.75
      vertex -0.6836204149342587 -2.2535944906493515 3.75
      vertex -0.4594377083479821 -2.3097493353496072 3.75
    endloop
  endfacet
  facet normal 0.24298017990326384 0.970031253194544 0
    outer loop
      vertex -0.4594377083479821 -2.3097493353496072 3.75
      vertex -0.6836204149342587 -2.2535944906493515 3.75
      vertex -0.6836204149342587 -2.2535944906493515 4
    endloop
  endfacet
  facet normal 0 0 1
    outer loop
      vertex -0.22985019407281973 -2.3337081840463014 3.75
      vertex -0.45748680512782086 -2.299941482545575 3.75
      vertex -0.4594377083479821 -2.3097493353496072 3.75
    endloop
  endfacet
  facet normal 0.14673047445536153 0.989176509964781 0
    outer loop
      vertex -0.23083036547611532 -2.343660031313023 3.75
      vertex -0.4594377083479821 -2.3097493353496072 3.75
      vertex -0.4594377083479821 -2.3097493353496072 4
    endloop
  endfacet
  facet normal 0.24298017990326384 0.970031253194544 0
    outer loop
      vertex -0.4594377083479821 -2.3097493353496072 3.75
      vertex -0.6836204149342587 -2.2535944906493515 4
      vertex -0.4594377083479821 -2.3097493353496072 4
    endloop
  endfacet
  facet normal 0 0 1
    outer loop
      vertex -0.22985019407281973 -2.3337081840463014 3.75
      vertex -0.4594377083479821 -2.3097493353496072 3.75
      vertex -0.23083036547611532 -2.343660031313023 3.75
    endloop
  endfacet
  facet normal 0 0 1
    outer loop
      vertex -1.442021605996008e-16 -2.3549999999999995 3.75
      vertex -0.22985019407281973 -2.3337081840463014 3.75
      vertex -0.23083036547611532 -2.343660031313023 3.75
    endloop
  endfacet
  facet normal 0 0 1
    outer loop
      vertex -1.4358983720002715e-16 -2.3449999999999998 3.75
      vertex -0.22985019407281973 -2.3337081840463014 3.75
      vertex -1.442021605996008e-16 -2.3549999999999995 3.75
    endloop
  endfacet
  facet normal 0.0490676743274183 0.9987954562051723 0
    outer loop
      vertex -1.442021605996008e-16 -2.3549999999999995 3.75
      vertex -0.23083036547611532 -2.343660031313023 3.75
      vertex -0.23083036547611532 -2.343660031313023 4
    endloop
  endfacet
  facet normal 0.14673047445536153 0.989176509964781 0
    outer loop
      vertex -0.23083036547611532 -2.343660031313023 3.75
      vertex -0.4594377083479821 -2.3097493353496072 4
      vertex -0.23083036547611532 -2.343660031313023 4
    endloop
  endfacet
  facet normal 0.0490676743274183 0.9987954562051723 0
    outer loop
      vertex -1.442021605996008e-16 -2.3549999999999995 3.75
      vertex -0.23083036547611532 -2.343660031313023 4
      vertex -1.442021605996008e-16 -2.3549999999999995 4
    endloop
  endfacet
  facet normal 0 0 1
    outer loop
      vertex 0.22985019407281945 -2.3337081840463014 3.75
      vertex -1.4358983720002715e-16 -2.3449999999999998 3.75
      vertex -1.442021605996008e-16 -2.3549999999999995 3.75
    endloop
  endfacet
  facet normal -0.0490676743274183 0.9987954562051723 0
    outer loop
      vertex 0.23083036547611505 -2.343660031313023 3.75
      vertex -1.442021605996008e-16 -2.3549999999999995 3.75
      vertex -1.442021605996008e-16 -2.3549999999999995 4
    endloop
  endfacet
  facet normal 0 0 1
    outer loop
      vertex 0.22985019407281945 -2.3337081840463014 3.75
      vertex -1.442021605996008e-16 -2.3549999999999995 3.75
      vertex 0.23083036547611505 -2.343660031313023 3.75
    endloop
  endfacet
  facet normal -0.0490676743274183 0.9987954562051723 0
    outer loop
      vertex 0.23083036547611505 -2.343660031313023 3.75
      vertex -1.442021605996008e-16 -2.3549999999999995 4
      vertex 0.23083036547611505 -2.343660031313023 4
    endloop
  endfacet
  facet normal 0 0 1
    outer loop
      vertex -0.8973926488961356 -2.166497503738967 3.75
      vertex -1.1101393152252244 -2.0769245775403755 3.75
      vertex -0.9012194832197864 -2.17573629906408 3.75
    endloop
  endfacet
  facet normal 0 0 1
    outer loop
      vertex -0.6807175681617141 -2.2440250872920298 3.75
      vertex -0.8973926488961356 -2.166497503738967 3.75
      vertex -0.9012194832197864 -2.17573629906408 3.75
    endloop
  endfacet
  facet normal 0 0 1
    outer loop
      vertex -0.6807175681617141 -2.2440250872920298 3.75
      vertex -0.9012194832197864 -2.17573629906408 3.75
      vertex -0.6836204149342587 -2.2535944906493515 3.75
    endloop
  endfacet
  facet normal 0.3368898533922201 0.9415440651830207 0
    outer loop
      vertex -0.6836204149342587 -2.2535944906493515 3.75
      vertex -0.9012194832197864 -2.17573629906408 3.75
      vertex -0.9012194832197864 -2.17573629906408 4
    endloop
  endfacet
  facet normal 0.42755509343028264 0.9039892931234431 0
    outer loop
      vertex -0.9012194832197864 -2.17573629906408 3.75
      vertex -1.1101393152252244 -2.0769245775403755 4
      vertex -0.9012194832197864 -2.17573629906408 4
    endloop
  endfacet
  facet normal 0.3368898533922201 0.9415440651830207 0
    outer loop
      vertex -0.6836204149342587 -2.2535944906493515 3.75
      vertex -0.9012194832197864 -2.17573629906408 4
      vertex -0.6836204149342587 -2.2535944906493515 4
    endloop
  endfacet
  facet normal 0 0 1
    outer loop
      vertex 0.45748680512782053 -2.299941482545575 3.75
      vertex 0.22985019407281945 -2.3337081840463014 3.75
      vertex 0.23083036547611505 -2.343660031313023 3.75
    endloop
  endfacet
  facet normal 0 0 1
    outer loop
      vertex 0.45748680512782053 -2.299941482545575 3.75
      vertex 0.23083036547611505 -2.343660031313023 3.75
      vertex 0.45943770834798175 -2.3097493353496072 3.75
    endloop
  endfacet
  facet normal -0.14673047445536155 0.989176509964781 0
    outer loop
      vertex 0.45943770834798175 -2.3097493353496072 3.75
      vertex 0.23083036547611505 -2.343660031313023 3.75
      vertex 0.23083036547611505 -2.343660031313023 4
    endloop
  endfacet
  facet normal 0 0 1
    outer loop
      vertex 0.6807175681617139 -2.2440250872920298 3.75
      vertex 0.45748680512782053 -2.299941482545575 3.75
      vertex 0.45943770834798175 -2.3097493353496072 3.75
    endloop
  endfacet
  facet normal -0.2429801799032637 0.970031253194544 0
    outer loop
      vertex 0.6836204149342585 -2.2535944906493515 3.75
      vertex 0.45943770834798175 -2.3097493353496072 3.75
      vertex 0.45943770834798175 -2.3097493353496072 4
    endloop
  endfacet
  facet normal -0.14673047445536155 0.989176509964781 0
    outer loop
      vertex 0.45943770834798175 -2.3097493353496072 3.75
      vertex 0.23083036547611505 -2.343660031313023 4
      vertex 0.45943770834798175 -2.3097493353496072 4
    endloop
  endfacet
  facet normal 0 0 1
    outer loop
      vertex 0.6807175681617139 -2.2440250872920298 3.75
      vertex 0.45943770834798175 -2.3097493353496072 3.75
      vertex 0.6836204149342585 -2.2535944906493515 3.75
    endloop
  endfacet
  facet normal -0.2429801799032637 0.970031253194544 0
    outer loop
      vertex 0.6836204149342585 -2.2535944906493515 3.75
      vertex 0.45943770834798175 -2.3097493353496072 4
      vertex 0.6836204149342585 -2.2535944906493515 4
    endloop
  endfacet
  facet normal 0 0 1
    outer loop
      vertex 0.8973926488961353 -2.166497503738967 3.75
      vertex 0.6807175681617139 -2.2440250872920298 3.75
      vertex 0.6836204149342585 -2.2535944906493515 3.75
    endloop
  endfacet
  facet normal 0 0 1
    outer loop
      vertex 0.8973926488961353 -2.166497503738967 3.75
      vertex 0.6836204149342585 -2.2535944906493515 3.75
      vertex 0.9012194832197862 -2.17573629906408 3.75
    endloop
  endfacet
  facet normal -0.3368898533922201 0.9415440651830207 0
    outer loop
      vertex 0.9012194832197862 -2.17573629906408 3.75
      vertex 0.6836204149342585 -2.2535944906493515 3.75
      vertex 0.6836204149342585 -2.2535944906493515 4
    endloop
  endfacet
  facet normal -0.3368898533922201 0.9415440651830207 0
    outer loop
      vertex 0.9012194832197862 -2.17573629906408 3.75
      vertex 0.6836204149342585 -2.2535944906493515 4
      vertex 0.9012194832197862 -2.17573629906408 4
    endloop
  endfacet
  facet normal 0 0 1
    outer loop
      vertex 1.105425347856964 -2.0681053648968923 3.75
      vertex 0.8973926488961353 -2.166497503738967 3.75
      vertex 0.9012194832197862 -2.17573629906408 3.75
    endloop
  endfacet
  facet normal -0.427555093430283 0.9039892931234429 0
    outer loop
      vertex 1.110139315225224 -2.0769245775403755 3.75
      vertex 0.9012194832197862 -2.17573629906408 3.75
      vertex 0.9012194832197862 -2.17573629906408 4
    endloop
  endfacet
  facet normal 0 0 1
    outer loop
      vertex 1.105425347856964 -2.0681053648968923 3.75
      vertex 0.9012194832197862 -2.17573629906408 3.75
      vertex 1.110139315225224 -2.0769245775403755 3.75
    endloop
  endfacet
  facet normal -0.427555093430283 0.9039892931234429 0
    outer loop
      vertex 1.110139315225224 -2.0769245775403755 3.75
      vertex 0.9012194832197862 -2.17573629906408 4
      vertex 1.110139315225224 -2.0769245775403755 4
    endloop
  endfacet
  facet normal 0 0 1
    outer loop
      vertex 1.3028121964309667 -1.9497962408494682 3.75
      vertex 1.105425347856964 -2.0681053648968923 3.75
      vertex 1.110139315225224 -2.0769245775403755 3.75
    endloop
  endfacet
  facet normal -0.5141027441932213 0.8577286100002723 0
    outer loop
      vertex 1.3083678987611627 -1.9581109369724936 3.75
      vertex 1.110139315225224 -2.0769245775403755 3.75
      vertex 1.110139315225224 -2.0769245775403755 4
    endloop
  endfacet
  facet normal 0 0 1
    outer loop
      vertex 1.3028121964309667 -1.9497962408494682 3.75
      vertex 1.110139315225224 -2.0769245775403755 3.75
      vertex 1.3083678987611627 -1.9581109369724936 3.75
    endloop
  endfacet
  facet normal 0 0 1
    outer loop
      vertex 1.4876522513637485 -1.8127095131356181 3.75
      vertex 1.3028121964309667 -1.9497962408494682 3.75
      vertex 1.3083678987611627 -1.9581109369724936 3.75
    endloop
  endfacet
  facet normal -0.595699304492433 0.8032075314806452 0
    outer loop
      vertex 1.4939961842053846 -1.8204396176692452 3.75
      vertex 1.3083678987611627 -1.9581109369724936 3.75
      vertex 1.3083678987611627 -1.9581109369724936 4
    endloop
  endfacet
  facet normal -0.5141027441932213 0.8577286100002723 0
    outer loop
      vertex 1.3083678987611627 -1.9581109369724936 3.75
      vertex 1.110139315225224 -2.0769245775403755 4
      vertex 1.3083678987611627 -1.9581109369724936 4
    endloop
  endfacet
  facet normal 0 0 1
    outer loop
      vertex 1.4939961842053846 -1.8204396176692452 3.75
      vertex 1.4876522513637485 -1.8127095131356181 3.75
      vertex 1.3083678987611627 -1.9581109369724936 3.75
    endloop
  endfacet
  facet normal -0.595699304492433 0.8032075314806452 0
    outer loop
      vertex 1.4939961842053846 -1.8204396176692452 3.75
      vertex 1.3083678987611627 -1.9581109369724936 4
      vertex 1.4939961842053846 -1.8204396176692452 4
    endloop
  endfacet
  facet normal 0 0 1
    outer loop
      vertex 1.6581654018824539 -1.6581654018824539 3.75
      vertex 1.4876522513637485 -1.8127095131356181 3.75
      vertex 1.4939961842053846 -1.8204396176692452 3.75
    endloop
  endfacet
  facet normal 0 0 1
    outer loop
      vertex 1.6652364696943192 -1.6652364696943192 3.75
      vertex 1.6581654018824539 -1.6581654018824539 3.75
      vertex 1.4939961842053846 -1.8204396176692452 3.75
    endloop
  endfacet
  facet normal -0.6715589548470177 0.7409511253549598 0
    outer loop
      vertex 1.6652364696943192 -1.6652364696943192 3.75
      vertex 1.4939961842053846 -1.8204396176692452 3.75
      vertex 1.4939961842053846 -1.8204396176692452 4
    endloop
  endfacet
  facet normal -0.6715589548470177 0.7409511253549598 0
    outer loop
      vertex 1.6652364696943192 -1.6652364696943192 3.75
      vertex 1.4939961842053846 -1.8204396176692452 4
      vertex 1.6652364696943192 -1.6652364696943192 4
    endloop
  endfacet
  facet normal 0 0 1
    outer loop
      vertex 1.8127095131356181 -1.4876522513637485 3.75
      vertex 1.6581654018824539 -1.6581654018824539 3.75
      vertex 1.6652364696943192 -1.6652364696943192 3.75
    endloop
  endfacet
  facet normal -0.7409511253549589 0.6715589548470187 0
    outer loop
      vertex 1.8204396176692452 -1.493996184205385 3.75
      vertex 1.6652364696943192 -1.6652364696943192 3.75
      vertex 1.6652364696943192 -1.6652364696943192 4
    endloop
  endfacet
  facet normal 0 0 1
    outer loop
      vertex 1.8127095131356181 -1.4876522513637485 3.75
      vertex 1.6652364696943192 -1.6652364696943192 3.75
      vertex 1.8204396176692452 -1.493996184205385 3.75
    endloop
  endfacet
  facet normal -0.7409511253549589 0.6715589548470187 0
    outer loop
      vertex 1.8204396176692452 -1.493996184205385 3.75
      vertex 1.6652364696943192 -1.6652364696943192 4
      vertex 1.8204396176692452 -1.493996184205385 4
    endloop
  endfacet
  facet normal 0 0 1
    outer loop
      vertex 1.9497962408494682 -1.3028121964309671 3.75
      vertex 1.8127095131356181 -1.4876522513637485 3.75
      vertex 1.8204396176692452 -1.493996184205385 3.75
    endloop
  endfacet
  facet normal -0.8032075314806452 0.595699304492433 0
    outer loop
      vertex 1.9581109369724936 -1.308367898761163 3.75
      vertex 1.8204396176692452 -1.493996184205385 3.75
      vertex 1.8204396176692452 -1.493996184205385 4
    endloop
  endfacet
  facet normal 0 0 1
    outer loop
      vertex 1.9581109369724936 -1.308367898761163 3.75
      vertex 1.9497962408494682 -1.3028121964309671 3.75
      vertex 1.8204396176692452 -1.493996184205385 3.75
    endloop
  endfacet
  facet normal -0.8032075314806452 0.595699304492433 0
    outer loop
      vertex 1.9581109369724936 -1.308367898761163 3.75
      vertex 1.8204396176692452 -1.493996184205385 4
      vertex 1.9581109369724936 -1.308367898761163 4
    endloop
  endfacet
  facet normal 0 0 1
    outer loop
      vertex 2.0681053648968923 -1.1054253478569644 3.75
      vertex 1.9497962408494682 -1.3028121964309671 3.75
      vertex 1.9581109369724936 -1.308367898761163 3.75
    endloop
  endfacet
  facet normal -0.8577286100002723 0.5141027441932213 0
    outer loop
      vertex 2.0769245775403755 -1.1101393152252244 3.75
      vertex 1.9581109369724936 -1.308367898761163 3.75
      vertex 1.9581109369724936 -1.308367898761163 4
    endloop
  endfacet
  facet normal 0 0 1
    outer loop
      vertex 2.0769245775403755 -1.1101393152252244 3.75
      vertex 2.0681053648968923 -1.1054253478569644 3.75
      vertex 1.9581109369724936 -1.308367898761163 3.75
    endloop
  endfacet
  facet normal -0.8577286100002723 0.5141027441932213 0
    outer loop
      vertex 2.0769245775403755 -1.1101393152252244 3.75
      vertex 1.9581109369724936 -1.308367898761163 4
      vertex 2.0769245775403755 -1.1101393152252244 4
    endloop
  endfacet
  facet normal 0 0 1
    outer loop
      vertex 2.166497503738967 -0.8973926488961356 3.75
      vertex 2.0681053648968923 -1.1054253478569644 3.75
      vertex 2.0769245775403755 -1.1101393152252244 3.75
    endloop
  endfacet
  facet normal -0.9039892931234431 0.42755509343028264 0
    outer loop
      vertex 2.17573629906408 -0.9012194832197864 3.75
      vertex 2.0769245775403755 -1.1101393152252244 3.75
      vertex 2.0769245775403755 -1.1101393152252244 4
    endloop
  endfacet
  facet normal 0 0 1
    outer loop
      vertex 2.17573629906408 -0.9012194832197864 3.75
      vertex 2.166497503738967 -0.8973926488961356 3.75
      vertex 2.0769245775403755 -1.1101393152252244 3.75
    endloop
  endfacet
  facet normal -0.9039892931234431 0.42755509343028264 0
    outer loop
      vertex 2.17573629906408 -0.9012194832197864 3.75
      vertex 2.0769245775403755 -1.1101393152252244 4
      vertex 2.17573629906408 -0.9012194832197864 4
    endloop
  endfacet
  facet normal 0 0 1
    outer loop
      vertex 2.2440250872920298 -0.6807175681617141 3.75
      vertex 2.166497503738967 -0.8973926488961356 3.75
      vertex 2.17573629906408 -0.9012194832197864 3.75
    endloop
  endfacet
  facet normal 0 0 1
    outer loop
      vertex 2.2535944906493515 -0.6836204149342587 3.75
      vertex 2.2440250872920298 -0.6807175681617141 3.75
      vertex 2.17573629906408 -0.9012194832197864 3.75
    endloop
  endfacet
  facet normal -0.9415440651830207 0.3368898533922201 0
    outer loop
      vertex 2.2535944906493515 -0.6836204149342587 3.75
      vertex 2.17573629906408 -0.9012194832197864 3.75
      vertex 2.17573629906408 -0.9012194832197864 4
    endloop
  endfacet
  facet normal -0.9415440651830207 0.3368898533922201 0
    outer loop
      vertex 2.2535944906493515 -0.6836204149342587 3.75
      vertex 2.17573629906408 -0.9012194832197864 4
      vertex 2.2535944906493515 -0.6836204149342587 4
    endloop
  endfacet
  facet normal 0 0 1
    outer loop
      vertex 2.299941482545575 -0.45748680512782086 3.75
      vertex 2.2440250872920298 -0.6807175681617141 3.75
      vertex 2.2535944906493515 -0.6836204149342587 3.75
    endloop
  endfacet
  facet normal -0.970031253194544 0.24298017990326384 0
    outer loop
      vertex 2.3097493353496072 -0.4594377083479821 3.75
      vertex 2.2535944906493515 -0.6836204149342587 3.75
      vertex 2.2535944906493515 -0.6836204149342587 4
    endloop
  endfacet
  facet normal 0 0 1
    outer loop
      vertex 2.3097493353496072 -0.4594377083479821 3.75
      vertex 2.299941482545575 -0.45748680512782086 3.75
      vertex 2.2535944906493515 -0.6836204149342587 3.75
    endloop
  endfacet
  facet normal 0 0 1
    outer loop
      vertex 2.3337081840463014 -0.22985019407281973 3.75
      vertex 2.299941482545575 -0.45748680512782086 3.75
      vertex 2.3097493353496072 -0.4594377083479821 3.75
    endloop
  endfacet
  facet normal -0.989176509964781 0.14673047445536153 0
    outer loop
      vertex 2.343660031313023 -0.23083036547611532 3.75
      vertex 2.3097493353496072 -0.4594377083479821 3.75
      vertex 2.3097493353496072 -0.4594377083479821 4
    endloop
  endfacet
  facet normal -0.970031253194544 0.24298017990326384 0
    outer loop
      vertex 2.3097493353496072 -0.4594377083479821 3.75
      vertex 2.2535944906493515 -0.6836204149342587 4
      vertex 2.3097493353496072 -0.4594377083479821 4
    endloop
  endfacet
  facet normal 0 0 1
    outer loop
      vertex 2.343660031313023 -0.23083036547611532 3.75
      vertex 2.3337081840463014 -0.22985019407281973 3.75
      vertex 2.3097493353496072 -0.4594377083479821 3.75
    endloop
  endfacet
  facet normal -0.989176509964781 0.14673047445536153 0
    outer loop
      vertex 2.343660031313023 -0.23083036547611532 3.75
      vertex 2.3097493353496072 -0.4594377083479821 4
      vertex 2.343660031313023 -0.23083036547611532 4
    endloop
  endfacet
  facet normal 0 0 1
    outer loop
      vertex 2.3449999999999998 -1.4358983720002715e-16 3.75
      vertex 2.3337081840463014 -0.22985019407281973 3.75
      vertex 2.343660031313023 -0.23083036547611532 3.75
    endloop
  endfacet
  facet normal -0.9987954562051723 0.0490676743274183 0
    outer loop
      vertex 2.3549999999999995 -1.442021605996008e-16 3.75
      vertex 2.343660031313023 -0.23083036547611532 3.75
      vertex 2.343660031313023 -0.23083036547611532 4
    endloop
  endfacet
  facet normal 0 0 1
    outer loop
      vertex 2.3549999999999995 -1.442021605996008e-16 3.75
      vertex 2.3449999999999998 -1.4358983720002715e-16 3.75
      vertex 2.343660031313023 -0.23083036547611532 3.75
    endloop
  endfacet
  facet normal -0.9987954562051723 0.0490676743274183 0
    outer loop
      vertex 2.3549999999999995 -1.442021605996008e-16 3.75
      vertex 2.343660031313023 -0.23083036547611532 4
      vertex 2.3549999999999995 -1.442021605996008e-16 4
    endloop
  endfacet
  facet normal 0 0 1
    outer loop
      vertex -2.343660031313023 0.23083036547611532 3.75
      vertex -2.3549999999999995 1.442021605996008e-16 3.75
      vertex -2.3449999999999998 1.4358983720002715e-16 3.75
    endloop
  endfacet
  facet normal 0 0 1
    outer loop
      vertex -2.3337081840463014 0.22985019407281973 3.75
      vertex -2.343660031313023 0.23083036547611532 3.75
      vertex -2.3449999999999998 1.4358983720002715e-16 3.75
    endloop
  endfacet
  facet normal 0.9987954562051723 -0.0490676743274183 0
    outer loop
      vertex -2.343660031313023 0.23083036547611532 3.75
      vertex -2.343660031313023 0.23083036547611532 4
      vertex -2.3549999999999995 1.442021605996008e-16 3.75
    endloop
  endfacet
  facet normal 0.9987954562051723 -0.0490676743274183 0
    outer loop
      vertex -2.3549999999999995 1.442021605996008e-16 3.75
      vertex -2.343660031313023 0.23083036547611532 4
      vertex -2.3549999999999995 1.442021605996008e-16 4
    endloop
  endfacet
  facet normal 0 0 1
    outer loop
      vertex -2.3097493353496072 0.4594377083479821 3.75
      vertex -2.343660031313023 0.23083036547611532 3.75
      vertex -2.3337081840463014 0.22985019407281973 3.75
    endloop
  endfacet
  facet normal 0.989176509964781 -0.14673047445536153 0
    outer loop
      vertex -2.343660031313023 0.23083036547611532 3.75
      vertex -2.3097493353496072 0.4594377083479821 4
      vertex -2.343660031313023 0.23083036547611532 4
    endloop
  endfacet
  facet normal 0 0 1
    outer loop
      vertex -2.299941482545575 0.45748680512782086 3.75
      vertex -2.3097493353496072 0.4594377083479821 3.75
      vertex -2.3337081840463014 0.22985019407281973 3.75
    endloop
  endfacet
  facet normal 0.989176509964781 -0.14673047445536153 0
    outer loop
      vertex -2.3097493353496072 0.4594377083479821 3.75
      vertex -2.3097493353496072 0.4594377083479821 4
      vertex -2.343660031313023 0.23083036547611532 3.75
    endloop
  endfacet
  facet normal 0 0 1
    outer loop
      vertex -2.2535944906493515 0.6836204149342587 3.75
      vertex -2.3097493353496072 0.4594377083479821 3.75
      vertex -2.299941482545575 0.45748680512782086 3.75
    endloop
  endfacet
  facet normal 0.970031253194544 -0.24298017990326384 0
    outer loop
      vertex -2.3097493353496072 0.4594377083479821 3.75
      vertex -2.2535944906493515 0.6836204149342587 4
      vertex -2.3097493353496072 0.4594377083479821 4
    endloop
  endfacet
  facet normal 0 0 1
    outer loop
      vertex -2.2440250872920298 0.6807175681617141 3.75
      vertex -2.2535944906493515 0.6836204149342587 3.75
      vertex -2.299941482545575 0.45748680512782086 3.75
    endloop
  endfacet
  facet normal 0.970031253194544 -0.24298017990326384 0
    outer loop
      vertex -2.2535944906493515 0.6836204149342587 3.75
      vertex -2.2535944906493515 0.6836204149342587 4
      vertex -2.3097493353496072 0.4594377083479821 3.75
    endloop
  endfacet
  facet normal 0 0 1
    outer loop
      vertex -2.17573629906408 0.9012194832197864 3.75
      vertex -2.2535944906493515 0.6836204149342587 3.75
      vertex -2.2440250872920298 0.6807175681617141 3.75
    endloop
  endfacet
  facet normal 0 0 1
    outer loop
      vertex -2.166497503738967 0.8973926488961356 3.75
      vertex -2.17573629906408 0.9012194832197864 3.75
      vertex -2.2440250872920298 0.6807175681617141 3.75
    endloop
  endfacet
  facet normal 0.9415440651830207 -0.3368898533922201 0
    outer loop
      vertex -2.17573629906408 0.9012194832197864 3.75
      vertex -2.17573629906408 0.9012194832197864 4
      vertex -2.2535944906493515 0.6836204149342587 3.75
    endloop
  endfacet
  facet normal 0.9415440651830207 -0.3368898533922201 0
    outer loop
      vertex -2.2535944906493515 0.6836204149342587 3.75
      vertex -2.17573629906408 0.9012194832197864 4
      vertex -2.2535944906493515 0.6836204149342587 4
    endloop
  endfacet
  facet normal 0 0 1
    outer loop
      vertex -2.0769245775403755 1.1101393152252244 3.75
      vertex -2.17573629906408 0.9012194832197864 3.75
      vertex -2.166497503738967 0.8973926488961356 3.75
    endloop
  endfacet
  facet normal 0 0 1
    outer loop
      vertex -2.0681053648968923 1.1054253478569644 3.75
      vertex -2.0769245775403755 1.1101393152252244 3.75
      vertex -2.166497503738967 0.8973926488961356 3.75
    endloop
  endfacet
  facet normal 0.9039892931234431 -0.42755509343028264 0
    outer loop
      vertex -2.0769245775403755 1.1101393152252244 3.75
      vertex -2.0769245775403755 1.1101393152252244 4
      vertex -2.17573629906408 0.9012194832197864 3.75
    endloop
  endfacet
  facet normal 0.9039892931234431 -0.42755509343028264 0
    outer loop
      vertex -2.17573629906408 0.9012194832197864 3.75
      vertex -2.0769245775403755 1.1101393152252244 4
      vertex -2.17573629906408 0.9012194832197864 4
    endloop
  endfacet
  facet normal 0 0 1
    outer loop
      vertex -1.9581109369724936 1.308367898761163 3.75
      vertex -2.0769245775403755 1.1101393152252244 3.75
      vertex -2.0681053648968923 1.1054253478569644 3.75
    endloop
  endfacet
  facet normal 0 0 1
    outer loop
      vertex -1.9497962408494682 1.3028121964309671 3.75
      vertex -1.9581109369724936 1.308367898761163 3.75
      vertex -2.0681053648968923 1.1054253478569644 3.75
    endloop
  endfacet
  facet normal 0.8577286100002723 -0.5141027441932213 0
    outer loop
      vertex -1.9581109369724936 1.308367898761163 3.75
      vertex -1.9581109369724936 1.308367898761163 4
      vertex -2.0769245775403755 1.1101393152252244 3.75
    endloop
  endfacet
  facet normal 0.8577286100002723 -0.5141027441932213 0
    outer loop
      vertex -2.0769245775403755 1.1101393152252244 3.75
      vertex -1.9581109369724936 1.308367898761163 4
      vertex -2.0769245775403755 1.1101393152252244 4
    endloop
  endfacet
  facet normal 0 0 1
    outer loop
      vertex -1.8204396176692452 1.493996184205385 3.75
      vertex -1.9581109369724936 1.308367898761163 3.75
      vertex -1.9497962408494682 1.3028121964309671 3.75
    endloop
  endfacet
  facet normal 0 0 1
    outer loop
      vertex -1.8204396176692452 1.493996184205385 3.75
      vertex -1.9497962408494682 1.3028121964309671 3.75
      vertex -1.8127095131356181 1.4876522513637485 3.75
    endloop
  endfacet
  facet normal 0.8032075314806452 -0.595699304492433 0
    outer loop
      vertex -1.8204396176692452 1.493996184205385 3.75
      vertex -1.8204396176692452 1.493996184205385 4
      vertex -1.9581109369724936 1.308367898761163 3.75
    endloop
  endfacet
  facet normal 0.8032075314806452 -0.595699304492433 0
    outer loop
      vertex -1.9581109369724936 1.308367898761163 3.75
      vertex -1.8204396176692452 1.493996184205385 4
      vertex -1.9581109369724936 1.308367898761163 4
    endloop
  endfacet
  facet normal 0 0 1
    outer loop
      vertex -1.6652364696943192 1.6652364696943192 3.75
      vertex -1.8204396176692452 1.493996184205385 3.75
      vertex -1.8127095131356181 1.4876522513637485 3.75
    endloop
  endfacet
  facet normal 0 0 1
    outer loop
      vertex -1.6581654018824539 1.6581654018824539 3.75
      vertex -1.6652364696943192 1.6652364696943192 3.75
      vertex -1.8127095131356181 1.4876522513637485 3.75
    endloop
  endfacet
  facet normal 0.7409511253549589 -0.6715589548470187 0
    outer loop
      vertex -1.6652364696943192 1.6652364696943192 3.75
      vertex -1.6652364696943192 1.6652364696943192 4
      vertex -1.8204396176692452 1.493996184205385 3.75
    endloop
  endfacet
  facet normal 0.7409511253549589 -0.6715589548470187 0
    outer loop
      vertex -1.8204396176692452 1.493996184205385 3.75
      vertex -1.6652364696943192 1.6652364696943192 4
      vertex -1.8204396176692452 1.493996184205385 4
    endloop
  endfacet
  facet normal 0 0 1
    outer loop
      vertex -1.4939961842053846 1.8204396176692452 3.75
      vertex -1.6652364696943192 1.6652364696943192 3.75
      vertex -1.6581654018824539 1.6581654018824539 3.75
    endloop
  endfacet
  facet normal 0 0 1
    outer loop
      vertex -1.4876522513637485 1.8127095131356181 3.75
      vertex -1.4939961842053846 1.8204396176692452 3.75
      vertex -1.6581654018824539 1.6581654018824539 3.75
    endloop
  endfacet
  facet normal 0.6715589548470177 -0.7409511253549598 0
    outer loop
      vertex -1.4939961842053846 1.8204396176692452 3.75
      vertex -1.4939961842053846 1.8204396176692452 4
      vertex -1.6652364696943192 1.6652364696943192 3.75
    endloop
  endfacet
  facet normal 0 0 1
    outer loop
      vertex -1.3083678987611627 1.9581109369724936 3.75
      vertex -1.4939961842053846 1.8204396176692452 3.75
      vertex -1.4876522513637485 1.8127095131356181 3.75
    endloop
  endfacet
  facet normal 0.6715589548470177 -0.7409511253549598 0
    outer loop
      vertex -1.6652364696943192 1.6652364696943192 3.75
      vertex -1.4939961842053846 1.8204396176692452 4
      vertex -1.6652364696943192 1.6652364696943192 4
    endloop
  endfacet
  facet normal 0.595699304492433 -0.8032075314806452 0
    outer loop
      vertex -1.4939961842053846 1.8204396176692452 3.75
      vertex -1.3083678987611627 1.9581109369724936 4
      vertex -1.4939961842053846 1.8204396176692452 4
    endloop
  endfacet
  facet normal 0 0 1
    outer loop
      vertex -1.3083678987611627 1.9581109369724936 3.75
      vertex -1.4876522513637485 1.8127095131356181 3.75
      vertex -1.3028121964309667 1.9497962408494682 3.75
    endloop
  endfacet
  facet normal 0.595699304492433 -0.8032075314806452 0
    outer loop
      vertex -1.3083678987611627 1.9581109369724936 3.75
      vertex -1.3083678987611627 1.9581109369724936 4
      vertex -1.4939961842053846 1.8204396176692452 3.75
    endloop
  endfacet
  facet normal 0 0 1
    outer loop
      vertex -1.110139315225224 2.0769245775403755 3.75
      vertex -1.3083678987611627 1.9581109369724936 3.75
      vertex -1.3028121964309667 1.9497962408494682 3.75
    endloop
  endfacet
  facet normal 0 0 1
    outer loop
      vertex -1.110139315225224 2.0769245775403755 3.75
      vertex -1.3028121964309667 1.9497962408494682 3.75
      vertex -1.105425347856964 2.0681053648968923 3.75
    endloop
  endfacet
  facet normal 0.5141027441932213 -0.8577286100002723 0
    outer loop
      vertex -1.110139315225224 2.0769245775403755 3.75
      vertex -1.110139315225224 2.0769245775403755 4
      vertex -1.3083678987611627 1.9581109369724936 3.75
    endloop
  endfacet
  facet normal 0.5141027441932213 -0.8577286100002723 0
    outer loop
      vertex -1.3083678987611627 1.9581109369724936 3.75
      vertex -1.110139315225224 2.0769245775403755 4
      vertex -1.3083678987611627 1.9581109369724936 4
    endloop
  endfacet
  facet normal 0 0 1
    outer loop
      vertex -0.9012194832197862 2.17573629906408 3.75
      vertex -1.110139315225224 2.0769245775403755 3.75
      vertex -1.105425347856964 2.0681053648968923 3.75
    endloop
  endfacet
  facet normal 0.427555093430283 -0.9039892931234429 0
    outer loop
      vertex -1.110139315225224 2.0769245775403755 3.75
      vertex -0.9012194832197862 2.17573629906408 4
      vertex -1.110139315225224 2.0769245775403755 4
    endloop
  endfacet
  facet normal 0 0 1
    outer loop
      vertex -0.9012194832197862 2.17573629906408 3.75
      vertex -1.105425347856964 2.0681053648968923 3.75
      vertex -0.8973926488961353 2.166497503738967 3.75
    endloop
  endfacet
  facet normal 0.427555093430283 -0.9039892931234429 0
    outer loop
      vertex -0.9012194832197862 2.17573629906408 3.75
      vertex -0.9012194832197862 2.17573629906408 4
      vertex -1.110139315225224 2.0769245775403755 3.75
    endloop
  endfacet
  facet normal 0 0 1
    outer loop
      vertex -0.6836204149342585 2.2535944906493515 3.75
      vertex -0.9012194832197862 2.17573629906408 3.75
      vertex -0.8973926488961353 2.166497503738967 3.75
    endloop
  endfacet
  facet normal 0 0 1
    outer loop
      vertex -0.6836204149342585 2.2535944906493515 3.75
      vertex -0.8973926488961353 2.166497503738967 3.75
      vertex -0.6807175681617139 2.2440250872920298 3.75
    endloop
  endfacet
  facet normal 0.3368898533922201 -0.9415440651830207 0
    outer loop
      vertex -0.6836204149342585 2.2535944906493515 3.75
      vertex -0.6836204149342585 2.2535944906493515 4
      vertex -0.9012194832197862 2.17573629906408 3.75
    endloop
  endfacet
  facet normal 0.3368898533922201 -0.9415440651830207 0
    outer loop
      vertex -0.9012194832197862 2.17573629906408 3.75
      vertex -0.6836204149342585 2.2535944906493515 4
      vertex -0.9012194832197862 2.17573629906408 4
    endloop
  endfacet
  facet normal 0 0 1
    outer loop
      vertex -0.45943770834798175 2.3097493353496072 3.75
      vertex -0.6836204149342585 2.2535944906493515 3.75
      vertex -0.6807175681617139 2.2440250872920298 3.75
    endloop
  endfacet
  facet normal 0 0 1
    outer loop
      vertex -0.45943770834798175 2.3097493353496072 3.75
      vertex -0.6807175681617139 2.2440250872920298 3.75
      vertex -0.45748680512782053 2.299941482545575 3.75
    endloop
  endfacet
  facet normal 0.2429801799032637 -0.970031253194544 0
    outer loop
      vertex -0.45943770834798175 2.3097493353496072 3.75
      vertex -0.45943770834798175 2.3097493353496072 4
      vertex -0.6836204149342585 2.2535944906493515 3.75
    endloop
  endfacet
  facet normal 0 0 1
    outer loop
      vertex -0.23083036547611505 2.343660031313023 3.75
      vertex -0.45943770834798175 2.3097493353496072 3.75
      vertex -0.45748680512782053 2.299941482545575 3.75
    endloop
  endfacet
  facet normal 0.2429801799032637 -0.970031253194544 0
    outer loop
      vertex -0.6836204149342585 2.2535944906493515 3.75
      vertex -0.45943770834798175 2.3097493353496072 4
      vertex -0.6836204149342585 2.2535944906493515 4
    endloop
  endfacet
  facet normal 0.14673047445536155 -0.989176509964781 0
    outer loop
      vertex -0.45943770834798175 2.3097493353496072 3.75
      vertex -0.23083036547611505 2.343660031313023 4
      vertex -0.45943770834798175 2.3097493353496072 4
    endloop
  endfacet
  facet normal 0 0 1
    outer loop
      vertex -0.23083036547611505 2.343660031313023 3.75
      vertex -0.45748680512782053 2.299941482545575 3.75
      vertex -0.22985019407281945 2.3337081840463014 3.75
    endloop
  endfacet
  facet normal 0.14673047445536155 -0.989176509964781 0
    outer loop
      vertex -0.23083036547611505 2.343660031313023 3.75
      vertex -0.23083036547611505 2.343660031313023 4
      vertex -0.45943770834798175 2.3097493353496072 3.75
    endloop
  endfacet
  facet normal 0 0 1
    outer loop
      vertex 1.442021605996008e-16 2.3549999999999995 3.75
      vertex -0.23083036547611505 2.343660031313023 3.75
      vertex -0.22985019407281945 2.3337081840463014 3.75
    endloop
  endfacet
  facet normal 0 0 1
    outer loop
      vertex 1.442021605996008e-16 2.3549999999999995 3.75
      vertex -0.22985019407281945 2.3337081840463014 3.75
      vertex 1.4358983720002715e-16 2.3449999999999998 3.75
    endloop
  endfacet
  facet normal 0.0490676743274183 -0.9987954562051723 0
    outer loop
      vertex 1.442021605996008e-16 2.3549999999999995 3.75
      vertex 1.442021605996008e-16 2.3549999999999995 4
      vertex -0.23083036547611505 2.343660031313023 3.75
    endloop
  endfacet
  facet normal 0.0490676743274183 -0.9987954562051723 0
    outer loop
      vertex -0.23083036547611505 2.343660031313023 3.75
      vertex 1.442021605996008e-16 2.3549999999999995 4
      vertex -0.23083036547611505 2.343660031313023 4
    endloop
  endfacet
  facet normal 0 0 1
    outer loop
      vertex 0.22985019407281973 2.3337081840463014 3.75
      vertex 1.442021605996008e-16 2.3549999999999995 3.75
      vertex 1.4358983720002715e-16 2.3449999999999998 3.75
    endloop
  endfacet
  facet normal 0 0 1
    outer loop
      vertex 0.23083036547611532 2.343660031313023 3.75
      vertex 1.442021605996008e-16 2.3549999999999995 3.75
      vertex 0.22985019407281973 2.3337081840463014 3.75
    endloop
  endfacet
  facet normal -0.0490676743274183 -0.9987954562051723 0
    outer loop
      vertex 0.23083036547611532 2.343660031313023 3.75
      vertex 0.23083036547611532 2.343660031313023 4
      vertex 1.442021605996008e-16 2.3549999999999995 3.75
    endloop
  endfacet
  facet normal -0.0490676743274183 -0.9987954562051723 0
    outer loop
      vertex 1.442021605996008e-16 2.3549999999999995 3.75
      vertex 0.23083036547611532 2.343660031313023 4
      vertex 1.442021605996008e-16 2.3549999999999995 4
    endloop
  endfacet
  facet normal 0 0 1
    outer loop
      vertex 0.9012194832197864 2.17573629906408 3.75
      vertex 0.6836204149342587 2.2535944906493515 3.75
      vertex 0.6807175681617141 2.2440250872920298 3.75
    endloop
  endfacet
  facet normal 0 0 1
    outer loop
      vertex 0.9012194832197864 2.17573629906408 3.75
      vertex 0.6807175681617141 2.2440250872920298 3.75
      vertex 0.8973926488961356 2.166497503738967 3.75
    endloop
  endfacet
  facet normal -0.3368898533922201 -0.9415440651830207 0
    outer loop
      vertex 0.9012194832197864 2.17573629906408 3.75
      vertex 0.9012194832197864 2.17573629906408 4
      vertex 0.6836204149342587 2.2535944906493515 3.75
    endloop
  endfacet
  facet normal -0.3368898533922201 -0.9415440651830207 0
    outer loop
      vertex 0.6836204149342587 2.2535944906493515 3.75
      vertex 0.9012194832197864 2.17573629906408 4
      vertex 0.6836204149342587 2.2535944906493515 4
    endloop
  endfacet
  facet normal 0 0 1
    outer loop
      vertex 1.493996184205385 1.8204396176692452 3.75
      vertex 1.3028121964309671 1.9497962408494682 3.75
      vertex 1.4876522513637485 1.8127095131356181 3.75
    endloop
  endfacet
  facet normal -0.595699304492433 -0.8032075314806452 0
    outer loop
      vertex 1.493996184205385 1.8204396176692452 3.75
      vertex 1.493996184205385 1.8204396176692452 4
      vertex 1.308367898761163 1.9581109369724936 3.75
    endloop
  endfacet
  facet normal 0 0 1
    outer loop
      vertex 1.308367898761163 1.9581109369724936 3.75
      vertex 1.1101393152252244 2.0769245775403755 3.75
      vertex 1.1054253478569644 2.0681053648968923 3.75
    endloop
  endfacet
  facet normal -0.5141027441932213 -0.8577286100002723 0
    outer loop
      vertex 1.1101393152252244 2.0769245775403755 3.75
      vertex 1.308367898761163 1.9581109369724936 4
      vertex 1.1101393152252244 2.0769245775403755 4
    endloop
  endfacet
  facet normal 0 0 1
    outer loop
      vertex 1.1101393152252244 2.0769245775403755 3.75
      vertex 0.9012194832197864 2.17573629906408 3.75
      vertex 0.8973926488961356 2.166497503738967 3.75
    endloop
  endfacet
  facet normal 0 0 1
    outer loop
      vertex 1.1101393152252244 2.0769245775403755 3.75
      vertex 0.8973926488961356 2.166497503738967 3.75
      vertex 1.1054253478569644 2.0681053648968923 3.75
    endloop
  endfacet
  facet normal -0.42755509343028264 -0.9039892931234431 0
    outer loop
      vertex 1.1101393152252244 2.0769245775403755 3.75
      vertex 1.1101393152252244 2.0769245775403755 4
      vertex 0.9012194832197864 2.17573629906408 3.75
    endloop
  endfacet
  facet normal -0.42755509343028264 -0.9039892931234431 0
    outer loop
      vertex 0.9012194832197864 2.17573629906408 3.75
      vertex 1.1101393152252244 2.0769245775403755 4
      vertex 0.9012194832197864 2.17573629906408 4
    endloop
  endfacet
  facet normal 0 0 1
    outer loop
      vertex 1.308367898761163 1.9581109369724936 3.75
      vertex 1.1054253478569644 2.0681053648968923 3.75
      vertex 1.3028121964309671 1.9497962408494682 3.75
    endloop
  endfacet
  facet normal -0.5141027441932213 -0.8577286100002723 0
    outer loop
      vertex 1.308367898761163 1.9581109369724936 3.75
      vertex 1.308367898761163 1.9581109369724936 4
      vertex 1.1101393152252244 2.0769245775403755 3.75
    endloop
  endfacet
  facet normal 0 0 1
    outer loop
      vertex 1.493996184205385 1.8204396176692452 3.75
      vertex 1.308367898761163 1.9581109369724936 3.75
      vertex 1.3028121964309671 1.9497962408494682 3.75
    endloop
  endfacet
  facet normal -0.595699304492433 -0.8032075314806452 0
    outer loop
      vertex 1.308367898761163 1.9581109369724936 3.75
      vertex 1.493996184205385 1.8204396176692452 4
      vertex 1.308367898761163 1.9581109369724936 4
    endloop
  endfacet
  facet normal 0 0 1
    outer loop
      vertex 0.4594377083479821 2.3097493353496072 3.75
      vertex 0.23083036547611532 2.343660031313023 3.75
      vertex 0.22985019407281973 2.3337081840463014 3.75
    endloop
  endfacet
  facet normal 0 0 1
    outer loop
      vertex 0.4594377083479821 2.3097493353496072 3.75
      vertex 0.22985019407281973 2.3337081840463014 3.75
      vertex 0.45748680512782086 2.299941482545575 3.75
    endloop
  endfacet
  facet normal -0.14673047445536153 -0.989176509964781 0
    outer loop
      vertex 0.4594377083479821 2.3097493353496072 3.75
      vertex 0.4594377083479821 2.3097493353496072 4
      vertex 0.23083036547611532 2.343660031313023 3.75
    endloop
  endfacet
  facet normal 0 0 1
    outer loop
      vertex 0.6836204149342587 2.2535944906493515 3.75
      vertex 0.4594377083479821 2.3097493353496072 3.75
      vertex 0.45748680512782086 2.299941482545575 3.75
    endloop
  endfacet
  facet normal -0.14673047445536153 -0.989176509964781 0
    outer loop
      vertex 0.23083036547611532 2.343660031313023 3.75
      vertex 0.4594377083479821 2.3097493353496072 4
      vertex 0.23083036547611532 2.343660031313023 4
    endloop
  endfacet
  facet normal -0.24298017990326384 -0.970031253194544 0
    outer loop
      vertex 0.4594377083479821 2.3097493353496072 3.75
      vertex 0.6836204149342587 2.2535944906493515 4
      vertex 0.4594377083479821 2.3097493353496072 4
    endloop
  endfacet
  facet normal 0 0 1
    outer loop
      vertex 0.6836204149342587 2.2535944906493515 3.75
      vertex 0.45748680512782086 2.299941482545575 3.75
      vertex 0.6807175681617141 2.2440250872920298 3.75
    endloop
  endfacet
  facet normal -0.24298017990326384 -0.970031253194544 0
    outer loop
      vertex 0.6836204149342587 2.2535944906493515 3.75
      vertex 0.6836204149342587 2.2535944906493515 4
      vertex 0.4594377083479821 2.3097493353496072 3.75
    endloop
  endfacet
  facet normal 0 0 1
    outer loop
      vertex 2.3337081840463014 0.22985019407281945 3.75
      vertex 2.3449999999999998 -1.4358983720002715e-16 3.75
      vertex 2.3549999999999995 -1.442021605996008e-16 3.75
    endloop
  endfacet
  facet normal -0.9987954562051723 -0.0490676743274183 0
    outer loop
      vertex 2.343660031313023 0.23083036547611505 3.75
      vertex 2.3549999999999995 -1.442021605996008e-16 3.75
      vertex 2.3549999999999995 -1.442021605996008e-16 4
    endloop
  endfacet
  facet normal 0 0 1
    outer loop
      vertex 2.343660031313023 0.23083036547611505 3.75
      vertex 2.3337081840463014 0.22985019407281945 3.75
      vertex 2.3549999999999995 -1.442021605996008e-16 3.75
    endloop
  endfacet
  facet normal -0.9987954562051723 -0.0490676743274183 0
    outer loop
      vertex 2.343660031313023 0.23083036547611505 3.75
      vertex 2.3549999999999995 -1.442021605996008e-16 4
      vertex 2.343660031313023 0.23083036547611505 4
    endloop
  endfacet
  facet normal 0 0 1
    outer loop
      vertex 2.299941482545575 0.45748680512782053 3.75
      vertex 2.3337081840463014 0.22985019407281945 3.75
      vertex 2.343660031313023 0.23083036547611505 3.75
    endloop
  endfacet
  facet normal -0.989176509964781 -0.14673047445536155 0
    outer loop
      vertex 2.3097493353496072 0.45943770834798175 3.75
      vertex 2.343660031313023 0.23083036547611505 3.75
      vertex 2.343660031313023 0.23083036547611505 4
    endloop
  endfacet
  facet normal 0 0 1
    outer loop
      vertex 2.3097493353496072 0.45943770834798175 3.75
      vertex 2.299941482545575 0.45748680512782053 3.75
      vertex 2.343660031313023 0.23083036547611505 3.75
    endloop
  endfacet
  facet normal 0 0 1
    outer loop
      vertex 2.2440250872920298 0.6807175681617139 3.75
      vertex 2.299941482545575 0.45748680512782053 3.75
      vertex 2.3097493353496072 0.45943770834798175 3.75
    endloop
  endfacet
  facet normal -0.970031253194544 -0.2429801799032637 0
    outer loop
      vertex 2.2535944906493515 0.6836204149342585 3.75
      vertex 2.3097493353496072 0.45943770834798175 3.75
      vertex 2.3097493353496072 0.45943770834798175 4
    endloop
  endfacet
  facet normal -0.989176509964781 -0.14673047445536155 0
    outer loop
      vertex 2.3097493353496072 0.45943770834798175 3.75
      vertex 2.343660031313023 0.23083036547611505 4
      vertex 2.3097493353496072 0.45943770834798175 4
    endloop
  endfacet
  facet normal 0 0 1
    outer loop
      vertex 2.2535944906493515 0.6836204149342585 3.75
      vertex 2.2440250872920298 0.6807175681617139 3.75
      vertex 2.3097493353496072 0.45943770834798175 3.75
    endloop
  endfacet
  facet normal -0.970031253194544 -0.2429801799032637 0
    outer loop
      vertex 2.2535944906493515 0.6836204149342585 3.75
      vertex 2.3097493353496072 0.45943770834798175 4
      vertex 2.2535944906493515 0.6836204149342585 4
    endloop
  endfacet
  facet normal 0 0 1
    outer loop
      vertex 2.0769245775403755 1.110139315225224 3.75
      vertex 2.0681053648968923 1.105425347856964 3.75
      vertex 2.17573629906408 0.9012194832197862 3.75
    endloop
  endfacet
  facet normal -0.9039892931234429 -0.427555093430283 0
    outer loop
      vertex 2.0769245775403755 1.110139315225224 3.75
      vertex 2.17573629906408 0.9012194832197862 4
      vertex 2.0769245775403755 1.110139315225224 4
    endloop
  endfacet
  facet normal 0 0 1
    outer loop
      vertex 1.9497962408494682 1.3028121964309667 3.75
      vertex 2.0681053648968923 1.105425347856964 3.75
      vertex 2.0769245775403755 1.110139315225224 3.75
    endloop
  endfacet
  facet normal -0.8577286100002723 -0.5141027441932213 0
    outer loop
      vertex 1.9581109369724936 1.3083678987611627 3.75
      vertex 2.0769245775403755 1.110139315225224 3.75
      vertex 2.0769245775403755 1.110139315225224 4
    endloop
  endfacet
  facet normal 0 0 1
    outer loop
      vertex 1.9581109369724936 1.3083678987611627 3.75
      vertex 1.9497962408494682 1.3028121964309667 3.75
      vertex 2.0769245775403755 1.110139315225224 3.75
    endloop
  endfacet
  facet normal -0.8577286100002723 -0.5141027441932213 0
    outer loop
      vertex 1.9581109369724936 1.3083678987611627 3.75
      vertex 2.0769245775403755 1.110139315225224 4
      vertex 1.9581109369724936 1.3083678987611627 4
    endloop
  endfacet
  facet normal 0 0 1
    outer loop
      vertex 1.8127095131356181 1.4876522513637485 3.75
      vertex 1.9497962408494682 1.3028121964309667 3.75
      vertex 1.9581109369724936 1.3083678987611627 3.75
    endloop
  endfacet
  facet normal -0.8032075314806452 -0.595699304492433 0
    outer loop
      vertex 1.8204396176692452 1.4939961842053846 3.75
      vertex 1.9581109369724936 1.3083678987611627 3.75
      vertex 1.9581109369724936 1.3083678987611627 4
    endloop
  endfacet
  facet normal 0 0 1
    outer loop
      vertex 1.8204396176692452 1.4939961842053846 3.75
      vertex 1.8127095131356181 1.4876522513637485 3.75
      vertex 1.9581109369724936 1.3083678987611627 3.75
    endloop
  endfacet
  facet normal -0.8032075314806452 -0.595699304492433 0
    outer loop
      vertex 1.8204396176692452 1.4939961842053846 3.75
      vertex 1.9581109369724936 1.3083678987611627 4
      vertex 1.8204396176692452 1.4939961842053846 4
    endloop
  endfacet
  facet normal 0 0 1
    outer loop
      vertex 2.17573629906408 0.9012194832197862 3.75
      vertex 2.166497503738967 0.8973926488961353 3.75
      vertex 2.2535944906493515 0.6836204149342585 3.75
    endloop
  endfacet
  facet normal 0 0 1
    outer loop
      vertex 2.166497503738967 0.8973926488961353 3.75
      vertex 2.2440250872920298 0.6807175681617139 3.75
      vertex 2.2535944906493515 0.6836204149342585 3.75
    endloop
  endfacet
  facet normal -0.9415440651830207 -0.3368898533922201 0
    outer loop
      vertex 2.17573629906408 0.9012194832197862 3.75
      vertex 2.2535944906493515 0.6836204149342585 3.75
      vertex 2.2535944906493515 0.6836204149342585 4
    endloop
  endfacet
  facet normal -0.9415440651830207 -0.3368898533922201 0
    outer loop
      vertex 2.17573629906408 0.9012194832197862 3.75
      vertex 2.2535944906493515 0.6836204149342585 4
      vertex 2.17573629906408 0.9012194832197862 4
    endloop
  endfacet
  facet normal 0 0 1
    outer loop
      vertex 2.0681053648968923 1.105425347856964 3.75
      vertex 2.166497503738967 0.8973926488961353 3.75
      vertex 2.17573629906408 0.9012194832197862 3.75
    endloop
  endfacet
  facet normal -0.9039892931234429 -0.427555093430283 0
    outer loop
      vertex 2.0769245775403755 1.110139315225224 3.75
      vertex 2.17573629906408 0.9012194832197862 3.75
      vertex 2.17573629906408 0.9012194832197862 4
    endloop
  endfacet
  facet normal 0 0 1
    outer loop
      vertex 1.8204396176692452 1.4939961842053846 3.75
      vertex 1.6581654018824539 1.6581654018824539 3.75
      vertex 1.8127095131356181 1.4876522513637485 3.75
    endloop
  endfacet
  facet normal -0.7409511253549598 -0.6715589548470177 0
    outer loop
      vertex 1.8204396176692452 1.4939961842053846 3.75
      vertex 1.8204396176692452 1.4939961842053846 4
      vertex 1.6652364696943192 1.6652364696943192 3.75
    endloop
  endfacet
  facet normal 0 0 1
    outer loop
      vertex 1.8204396176692452 1.4939961842053846 3.75
      vertex 1.6652364696943192 1.6652364696943192 3.75
      vertex 1.6581654018824539 1.6581654018824539 3.75
    endloop
  endfacet
  facet normal -0.7409511253549598 -0.6715589548470177 0
    outer loop
      vertex 1.6652364696943192 1.6652364696943192 3.75
      vertex 1.8204396176692452 1.4939961842053846 4
      vertex 1.6652364696943192 1.6652364696943192 4
    endloop
  endfacet
  facet normal 0 0 1
    outer loop
      vertex 1.493996184205385 1.8204396176692452 3.75
      vertex 1.4876522513637485 1.8127095131356181 3.75
      vertex 1.6652364696943192 1.6652364696943192 3.75
    endloop
  endfacet
  facet normal 0 0 1
    outer loop
      vertex 1.4876522513637485 1.8127095131356181 3.75
      vertex 1.6581654018824539 1.6581654018824539 3.75
      vertex 1.6652364696943192 1.6652364696943192 3.75
    endloop
  endfacet
  facet normal -0.6715589548470187 -0.7409511253549589 0
    outer loop
      vertex 1.493996184205385 1.8204396176692452 3.75
      vertex 1.6652364696943192 1.6652364696943192 3.75
      vertex 1.6652364696943192 1.6652364696943192 4
    endloop
  endfacet
  facet normal -0.6715589548470187 -0.7409511253549589 0
    outer loop
      vertex 1.493996184205385 1.8204396176692452 3.75
      vertex 1.6652364696943192 1.6652364696943192 4
      vertex 1.493996184205385 1.8204396176692452 4
    endloop
  endfacet
  facet normal 0.47514997418754545 0.5242472094901066 0.7066805256772052
    outer loop
      vertex -0.8881505978291037 -1.0822146347078316 2.8049999999999997
      vertex -1.6581654018824539 -1.6581654018824539 3.75
      vertex -1.4876522513637485 -1.8127095131356181 3.75
    endloop
  endfacet
  facet normal 0.36374454375163867 0.6068711078305682 0.7066805256772053
    outer loop
      vertex -0.6599554315563967 -1.234689770087697 2.8050000000000006
      vertex -1.3028121964309671 -1.9497962408494682 3.75
      vertex -1.1054253478569644 -2.0681053648968923 3.75
    endloop
  endfacet
  facet normal 0.4214767848901612 0.5682956575826016 0.7066805256772053
    outer loop
      vertex -0.7777983262274432 -1.1640574572235634 2.8050000000000006
      vertex -1.4876522513637485 -1.8127095131356181 3.75
      vertex -1.3028121964309671 -1.9497962408494682 3.75
    endloop
  endfacet
  facet normal 0.568295657582602 0.42147678489016055 0.7066805256772054
    outer loop
      vertex -1.1640574572235634 -0.7777983262274429 2.8050000000000006
      vertex -1.9497962408494682 -1.3028121964309667 3.75
      vertex -1.8127095131356181 -1.4876522513637485 3.75
    endloop
  endfacet
  facet normal 0.6068711078305682 0.3637445437516387 0.7066805256772051
    outer loop
      vertex -1.234689770087697 -0.6599554315563966 2.805
      vertex -2.0681053648968923 -1.105425347856964 3.75
      vertex -1.9497962408494682 -1.3028121964309667 3.75
    endloop
  endfacet
  facet normal 0.6396020575606337 0.3025092438137923 0.7066805256772053
    outer loop
      vertex -1.2934313455158013 -0.5357568053111256 2.805
      vertex -2.166497503738967 -0.8973926488961353 3.75
      vertex -2.0681053648968923 -1.105425347856964 3.75
    endloop
  endfacet
  facet normal 0.4214767848901588 0.5682956575826036 0.7066805256772051
    outer loop
      vertex -0.7777983262274432 -1.1640574572235634 2.8050000000000006
      vertex -0.8881505978291037 -1.0822146347078316 2.8049999999999997
      vertex -1.4876522513637485 -1.8127095131356181 3.75
    endloop
  endfacet
  facet normal 0.4751499741875467 0.5242472094901054 0.7066805256772053
    outer loop
      vertex -0.9899494936611667 -0.9899494936611665 2.805
      vertex -1.6581654018824539 -1.6581654018824539 3.75
      vertex -0.8881505978291037 -1.0822146347078316 2.8049999999999997
    endloop
  endfacet
  facet normal 0.5242472094901073 0.4751499741875448 0.7066805256772053
    outer loop
      vertex -0.9899494936611667 -0.9899494936611665 2.805
      vertex -1.0822146347078316 -0.8881505978291035 2.805
      vertex -1.6581654018824539 -1.6581654018824539 3.75
    endloop
  endfacet
  facet normal 0.5242472094901063 0.4751499741875455 0.7066805256772055
    outer loop
      vertex -1.0822146347078316 -0.8881505978291035 2.805
      vertex -1.8127095131356181 -1.4876522513637485 3.75
      vertex -1.6581654018824539 -1.6581654018824539 3.75
    endloop
  endfacet
  facet normal 0.5682956575826023 0.42147678489016016 0.7066805256772054
    outer loop
      vertex -1.1640574572235634 -0.7777983262274429 2.8050000000000006
      vertex -1.8127095131356181 -1.4876522513637485 3.75
      vertex -1.0822146347078316 -0.8881505978291035 2.805
    endloop
  endfacet
  facet normal 0.6396020575606343 0.3025092438137915 0.7066805256772053
    outer loop
      vertex -1.2934313455158013 -0.5357568053111256 2.805
      vertex -2.0681053648968923 -1.105425347856964 3.75
      vertex -1.234689770087697 -0.6599554315563966 2.805
    endloop
  endfacet
  facet normal 0.6068711078305671 0.36374454375164034 0.7066805256772055
    outer loop
      vertex -1.1640574572235634 -0.7777983262274429 2.8050000000000006
      vertex -1.234689770087697 -0.6599554315563966 2.805
      vertex -1.9497962408494682 -1.3028121964309667 3.75
    endloop
  endfacet
  facet normal 0.6863289091595782 0.17191644214679494 0.7066805256772051
    outer loop
      vertex -1.3730993925645225 -0.27312645082257947 2.805
      vertex -2.2440250872920298 -0.6807175681617139 3.75
      vertex -1.3397164700250923 -0.4063985481562472 2.8049999999999997
    endloop
  endfacet
  facet normal 0.6863289091595778 0.1719164421467962 0.7066805256772053
    outer loop
      vertex -1.3730993925645225 -0.27312645082257947 2.805
      vertex -2.299941482545575 -0.45748680512782053 3.75
      vertex -2.2440250872920298 -0.6807175681617139 3.75
    endloop
  endfacet
  facet normal 0.6661732898343399 0.23836061448964616 0.7066805256772052
    outer loop
      vertex -1.3397164700250923 -0.4063985481562472 2.8049999999999997
      vertex -2.2440250872920298 -0.6807175681617139 3.75
      vertex -2.166497503738967 -0.8973926488961353 3.75
    endloop
  endfacet
  facet normal 0.699874805904063 0.10381662048698703 0.7066805256772052
    outer loop
      vertex -1.3932586173410757 -0.13722399646138478 2.8050000000000006
      vertex -2.299941482545575 -0.45748680512782053 3.75
      vertex -1.3730993925645225 -0.27312645082257947 2.805
    endloop
  endfacet
  facet normal 0.7066805256772053 0.03471698801995373 0.7066805256772053
    outer loop
      vertex -1.3932586173410757 -0.13722399646138478 2.8050000000000006
      vertex -1.4 8.572527594031472e-17 2.805
      vertex -2.3449999999999998 1.4358983720002715e-16 3.75
    endloop
  endfacet
  facet normal 0.6998748059040624 0.10381662048698873 0.7066805256772054
    outer loop
      vertex -1.3932586173410757 -0.13722399646138478 2.8050000000000006
      vertex -2.3337081840463014 -0.22985019407281945 3.75
      vertex -2.299941482545575 -0.45748680512782053 3.75
    endloop
  endfacet
  facet normal 0.7066805256772052 0.03471698801995242 0.7066805256772055
    outer loop
      vertex -1.3932586173410757 -0.13722399646138478 2.8050000000000006
      vertex -2.3449999999999998 1.4358983720002715e-16 3.75
      vertex -2.3337081840463014 -0.22985019407281945 3.75
    endloop
  endfacet
  facet normal 0.6661732898343389 0.2383606144896479 0.7066805256772053
    outer loop
      vertex -1.2934313455158013 -0.5357568053111256 2.805
      vertex -1.3397164700250923 -0.4063985481562472 2.8049999999999997
      vertex -2.166497503738967 -0.8973926488961353 3.75
    endloop
  endfacet
  facet normal 0.23836061448964618 0.6661732898343397 0.7066805256772053
    outer loop
      vertex -0.40639854815624726 -1.3397164700250925 2.805
      vertex -0.8973926488961356 -2.166497503738967 3.75
      vertex -0.6807175681617141 -2.2440250872920298 3.75
    endloop
  endfacet
  facet normal 0.17191644214679627 0.6863289091595777 0.7066805256772053
    outer loop
      vertex -0.27312645082257964 -1.3730993925645225 2.805
      vertex -0.6807175681617141 -2.2440250872920298 3.75
      vertex -0.45748680512782086 -2.299941482545575 3.75
    endloop
  endfacet
  facet normal 0.3025092438137937 0.639602057560633 0.7066805256772054
    outer loop
      vertex -0.5357568053111258 -1.2934313455158013 2.805
      vertex -0.6599554315563967 -1.234689770087697 2.8050000000000006
      vertex -1.1054253478569644 -2.0681053648968923 3.75
    endloop
  endfacet
  facet normal 0.2383606144896465 0.6661732898343394 0.7066805256772054
    outer loop
      vertex -0.40639854815624726 -1.3397164700250925 2.805
      vertex -0.5357568053111258 -1.2934313455158013 2.805
      vertex -0.8973926488961356 -2.166497503738967 3.75
    endloop
  endfacet
  facet normal 0.17191644214679622 0.6863289091595779 0.7066805256772053
    outer loop
      vertex -0.27312645082257964 -1.3730993925645225 2.805
      vertex -0.40639854815624726 -1.3397164700250925 2.805
      vertex -0.6807175681617141 -2.2440250872920298 3.75
    endloop
  endfacet
  facet normal 0.3025092438137921 0.639602057560634 0.7066805256772053
    outer loop
      vertex -0.5357568053111258 -1.2934313455158013 2.805
      vertex -1.1054253478569644 -2.0681053648968923 3.75
      vertex -0.8973926488961356 -2.166497503738967 3.75
    endloop
  endfacet
  facet normal 0.10381662048698866 0.6998748059040625 0.7066805256772053
    outer loop
      vertex -0.13722399646138492 -1.3932586173410755 2.805
      vertex -0.45748680512782086 -2.299941482545575 3.75
      vertex -0.22985019407281973 -2.3337081840463014 3.75
    endloop
  endfacet
  facet normal 0.03471698801995205 0.7066805256772054 0.7066805256772054
    outer loop
      vertex -0.13722399646138492 -1.3932586173410755 2.805
      vertex -0.22985019407281973 -2.3337081840463014 3.75
      vertex -1.4358983720002715e-16 -2.3449999999999998 3.75
    endloop
  endfacet
  facet normal -0.03471698801995205 0.7066805256772054 0.7066805256772054
    outer loop
      vertex 0.1372239964613848 -1.3932586173410757 2.805
      vertex -1.4358983720002715e-16 -2.3449999999999998 3.75
      vertex 0.22985019407281945 -2.3337081840463014 3.75
    endloop
  endfacet
  facet normal 0.10381662048698813 0.6998748059040627 0.7066805256772052
    outer loop
      vertex -0.13722399646138492 -1.3932586173410755 2.805
      vertex -0.27312645082257964 -1.3730993925645225 2.805
      vertex -0.45748680512782086 -2.299941482545575 3.75
    endloop
  endfacet
  facet normal 0.034716988019952585 0.7066805256772053 0.7066805256772053
    outer loop
      vertex -8.572527594031472e-17 -1.4 2.805
      vertex -0.13722399646138492 -1.3932586173410755 2.805
      vertex -1.4358983720002715e-16 -2.3449999999999998 3.75
    endloop
  endfacet
  facet normal -0.034716988019951434 0.7066805256772054 0.7066805256772052
    outer loop
      vertex 0.1372239964613848 -1.3932586173410757 2.805
      vertex -8.572527594031472e-17 -1.4 2.805
      vertex -1.4358983720002715e-16 -2.3449999999999998 3.75
    endloop
  endfacet
  facet normal -0.1038166204869893 0.6998748059040626 0.7066805256772052
    outer loop
      vertex 0.27312645082257947 -1.3730993925645225 2.805
      vertex 0.1372239964613848 -1.3932586173410757 2.805
      vertex 0.22985019407281945 -2.3337081840463014 3.75
    endloop
  endfacet
  facet normal -0.10381662048698871 0.6998748059040627 0.7066805256772053
    outer loop
      vertex 0.27312645082257947 -1.3730993925645225 2.805
      vertex 0.22985019407281945 -2.3337081840463014 3.75
      vertex 0.45748680512782053 -2.299941482545575 3.75
    endloop
  endfacet
  facet normal -0.17191644214679636 0.6863289091595778 0.7066805256772052
    outer loop
      vertex 0.6807175681617139 -2.2440250872920298 3.75
      vertex 0.4063985481562471 -1.3397164700250925 2.805
      vertex 0.45748680512782053 -2.299941482545575 3.75
    endloop
  endfacet
  facet normal -0.23836061448964618 0.6661732898343395 0.7066805256772053
    outer loop
      vertex 0.8973926488961353 -2.166497503738967 3.75
      vertex 0.5357568053111256 -1.2934313455158013 2.805
      vertex 0.6807175681617139 -2.2440250872920298 3.75
    endloop
  endfacet
  facet normal -0.17191644214679622 0.6863289091595779 0.7066805256772053
    outer loop
      vertex 0.4063985481562471 -1.3397164700250925 2.805
      vertex 0.27312645082257947 -1.3730993925645225 2.805
      vertex 0.45748680512782053 -2.299941482545575 3.75
    endloop
  endfacet
  facet normal -0.23836061448964638 0.6661732898343395 0.7066805256772053
    outer loop
      vertex 0.6807175681617139 -2.2440250872920298 3.75
      vertex 0.5357568053111256 -1.2934313455158013 2.805
      vertex 0.4063985481562471 -1.3397164700250925 2.805
    endloop
  endfacet
  facet normal -0.3025092438137936 0.6396020575606333 0.7066805256772053
    outer loop
      vertex 0.6599554315563966 -1.234689770087697 2.8050000000000006
      vertex 0.5357568053111256 -1.2934313455158013 2.805
      vertex 0.8973926488961353 -2.166497503738967 3.75
    endloop
  endfacet
  facet normal -0.30250924381379213 0.6396020575606338 0.7066805256772054
    outer loop
      vertex 0.6599554315563966 -1.234689770087697 2.8050000000000006
      vertex 0.8973926488961353 -2.166497503738967 3.75
      vertex 1.105425347856964 -2.0681053648968923 3.75
    endloop
  endfacet
  facet normal -0.3637445437516386 0.6068711078305682 0.7066805256772052
    outer loop
      vertex 1.3028121964309667 -1.9497962408494682 3.75
      vertex 0.7777983262274429 -1.1640574572235631 2.805
      vertex 1.105425347856964 -2.0681053648968923 3.75
    endloop
  endfacet
  facet normal -0.42147678489016066 0.5682956575826019 0.7066805256772052
    outer loop
      vertex 1.4876522513637485 -1.8127095131356181 3.75
      vertex 0.8881505978291034 -1.0822146347078319 2.805
      vertex 1.3028121964309667 -1.9497962408494682 3.75
    endloop
  endfacet
  facet normal 0.36374454375163806 0.6068711078305683 0.7066805256772053
    outer loop
      vertex -0.7777983262274432 -1.1640574572235634 2.8050000000000006
      vertex -1.3028121964309671 -1.9497962408494682 3.75
      vertex -0.6599554315563967 -1.234689770087697 2.8050000000000006
    endloop
  endfacet
  facet normal -0.36374454375163723 0.6068711078305687 0.7066805256772055
    outer loop
      vertex 0.7777983262274429 -1.1640574572235631 2.805
      vertex 0.6599554315563966 -1.234689770087697 2.8050000000000006
      vertex 1.105425347856964 -2.0681053648968923 3.75
    endloop
  endfacet
  facet normal -0.42147678489016077 0.5682956575826018 0.7066805256772053
    outer loop
      vertex 1.3028121964309667 -1.9497962408494682 3.75
      vertex 0.8881505978291034 -1.0822146347078319 2.805
      vertex 0.7777983262274429 -1.1640574572235631 2.805
    endloop
  endfacet
  facet normal -0.4751499741875458 0.5242472094901065 0.7066805256772051
    outer loop
      vertex 1.4876522513637485 -1.8127095131356181 3.75
      vertex 0.9899494936611664 -0.9899494936611666 2.805
      vertex 0.8881505978291034 -1.0822146347078319 2.805
    endloop
  endfacet
  facet normal -0.47514997418754545 0.5242472094901065 0.7066805256772054
    outer loop
      vertex 1.6581654018824539 -1.6581654018824539 3.75
      vertex 0.9899494936611664 -0.9899494936611666 2.805
      vertex 1.4876522513637485 -1.8127095131356181 3.75
    endloop
  endfacet
  facet normal -0.5242472094901065 0.47514997418754545 0.7066805256772053
    outer loop
      vertex 1.8127095131356181 -1.4876522513637485 3.75
      vertex 0.9899494936611664 -0.9899494936611666 2.805
      vertex 1.6581654018824539 -1.6581654018824539 3.75
    endloop
  endfacet
  facet normal -0.5242472094901065 0.4751499741875458 0.7066805256772051
    outer loop
      vertex 1.8127095131356181 -1.4876522513637485 3.75
      vertex 1.0822146347078316 -0.8881505978291037 2.805
      vertex 0.9899494936611664 -0.9899494936611666 2.805
    endloop
  endfacet
  facet normal -0.568295657582602 0.4214767848901602 0.7066805256772055
    outer loop
      vertex 1.9497962408494682 -1.3028121964309671 3.75
      vertex 1.1640574572235634 -0.7777983262274432 2.8050000000000006
      vertex 1.0822146347078316 -0.8881505978291037 2.805
    endloop
  endfacet
  facet normal -0.6068711078305682 0.3637445437516381 0.7066805256772055
    outer loop
      vertex 2.0681053648968923 -1.1054253478569644 3.75
      vertex 1.234689770087697 -0.6599554315563968 2.8050000000000006
      vertex 1.1640574572235634 -0.7777983262274432 2.8050000000000006
    endloop
  endfacet
  facet normal -0.5682956575826014 0.42147678489016127 0.7066805256772053
    outer loop
      vertex 1.9497962408494682 -1.3028121964309671 3.75
      vertex 1.0822146347078316 -0.8881505978291037 2.805
      vertex 1.8127095131356181 -1.4876522513637485 3.75
    endloop
  endfacet
  facet normal -0.6068711078305681 0.36374454375163856 0.7066805256772055
    outer loop
      vertex 2.0681053648968923 -1.1054253478569644 3.75
      vertex 1.1640574572235634 -0.7777983262274432 2.8050000000000006
      vertex 1.9497962408494682 -1.3028121964309671 3.75
    endloop
  endfacet
  facet normal -0.6396020575606339 0.302509243813792 0.7066805256772054
    outer loop
      vertex 2.166497503738967 -0.8973926488961356 3.75
      vertex 1.234689770087697 -0.6599554315563968 2.8050000000000006
      vertex 2.0681053648968923 -1.1054253478569644 3.75
    endloop
  endfacet
  facet normal -0.6396020575606335 0.3025092438137935 0.7066805256772053
    outer loop
      vertex 2.166497503738967 -0.8973926488961356 3.75
      vertex 1.2934313455158013 -0.5357568053111258 2.805
      vertex 1.234689770087697 -0.6599554315563968 2.8050000000000006
    endloop
  endfacet
  facet normal -0.6661732898343392 0.23836061448964738 0.7066805256772052
    outer loop
      vertex 2.2440250872920298 -0.6807175681617141 3.75
      vertex 1.3397164700250923 -0.4063985481562472 2.8049999999999997
      vertex 1.2934313455158013 -0.5357568053111258 2.805
    endloop
  endfacet
  facet normal -0.686328909159578 0.17191644214679488 0.7066805256772054
    outer loop
      vertex 2.299941482545575 -0.45748680512782086 3.75
      vertex 1.3730993925645225 -0.2731264508225797 2.805
      vertex 1.3397164700250923 -0.4063985481562472 2.8049999999999997
    endloop
  endfacet
  facet normal -0.6661732898343395 0.23836061448964618 0.7066805256772053
    outer loop
      vertex 2.2440250872920298 -0.6807175681617141 3.75
      vertex 1.2934313455158013 -0.5357568053111258 2.805
      vertex 2.166497503738967 -0.8973926488961356 3.75
    endloop
  endfacet
  facet normal -0.6863289091595779 0.1719164421467965 0.7066805256772052
    outer loop
      vertex 2.299941482545575 -0.45748680512782086 3.75
      vertex 1.3397164700250923 -0.4063985481562472 2.8049999999999997
      vertex 2.2440250872920298 -0.6807175681617141 3.75
    endloop
  endfacet
  facet normal -0.6998748059040628 0.103816620486988 0.7066805256772053
    outer loop
      vertex 2.3337081840463014 -0.22985019407281973 3.75
      vertex 1.3932586173410755 -0.13722399646138492 2.805
      vertex 1.3730993925645225 -0.2731264508225797 2.805
    endloop
  endfacet
  facet normal -0.7066805256772053 0.0347169880199528 0.7066805256772053
    outer loop
      vertex 2.3337081840463014 -0.22985019407281973 3.75
      vertex 1.4 -8.572527594031472e-17 2.805
      vertex 1.3932586173410755 -0.13722399646138492 2.805
    endloop
  endfacet
  facet normal -0.6998748059040627 0.1038166204869886 0.7066805256772054
    outer loop
      vertex 2.3337081840463014 -0.22985019407281973 3.75
      vertex 1.3730993925645225 -0.2731264508225797 2.805
      vertex 2.299941482545575 -0.45748680512782086 3.75
    endloop
  endfacet
  facet normal -0.7066805256772054 0.03471698801995229 0.7066805256772054
    outer loop
      vertex 2.3449999999999998 -1.4358983720002715e-16 3.75
      vertex 1.4 -8.572527594031472e-17 2.805
      vertex 2.3337081840463014 -0.22985019407281973 3.75
    endloop
  endfacet
  facet normal 0.7066805256772053 -0.034716988019953765 0.7066805256772054
    outer loop
      vertex -1.3932586173410757 0.13722399646138478 2.8050000000000006
      vertex -2.3337081840463014 0.22985019407281973 3.75
      vertex -1.4 8.572527594031472e-17 2.805
    endloop
  endfacet
  facet normal 0.6998748059040628 -0.10381662048698574 0.7066805256772054
    outer loop
      vertex -1.3730993925645223 0.2731264508225796 2.8049999999999997
      vertex -2.3337081840463014 0.22985019407281973 3.75
      vertex -1.3932586173410757 0.13722399646138478 2.8050000000000006
    endloop
  endfacet
  facet normal 0.7066805256772054 -0.03471698801995229 0.7066805256772053
    outer loop
      vertex -2.3337081840463014 0.22985019407281973 3.75
      vertex -2.3449999999999998 1.4358983720002715e-16 3.75
      vertex -1.4 8.572527594031472e-17 2.805
    endloop
  endfacet
  facet normal 0.6998748059040628 -0.10381662048698866 0.7066805256772052
    outer loop
      vertex -1.3730993925645223 0.2731264508225796 2.8049999999999997
      vertex -2.299941482545575 0.45748680512782086 3.75
      vertex -2.3337081840463014 0.22985019407281973 3.75
    endloop
  endfacet
  facet normal 0.6863289091595779 -0.17191644214679622 0.7066805256772052
    outer loop
      vertex -1.3397164700250923 0.4063985481562472 2.8049999999999997
      vertex -2.299941482545575 0.45748680512782086 3.75
      vertex -1.3730993925645223 0.2731264508225796 2.8049999999999997
    endloop
  endfacet
  facet normal 0.66617328983434 -0.2383606144896454 0.7066805256772053
    outer loop
      vertex -1.2934313455158013 0.5357568053111258 2.8049999999999997
      vertex -2.2440250872920298 0.6807175681617141 3.75
      vertex -1.3397164700250923 0.4063985481562472 2.8049999999999997
    endloop
  endfacet
  facet normal 0.6863289091595779 -0.1719164421467966 0.7066805256772052
    outer loop
      vertex -1.3397164700250923 0.4063985481562472 2.8049999999999997
      vertex -2.2440250872920298 0.6807175681617141 3.75
      vertex -2.299941482545575 0.45748680512782086 3.75
    endloop
  endfacet
  facet normal 0.6661732898343399 -0.23836061448964616 0.7066805256772052
    outer loop
      vertex -1.2934313455158013 0.5357568053111258 2.8049999999999997
      vertex -2.166497503738967 0.8973926488961356 3.75
      vertex -2.2440250872920298 0.6807175681617141 3.75
    endloop
  endfacet
  facet normal 0.6396020575606338 -0.3025092438137926 0.7066805256772051
    outer loop
      vertex -1.2346897700876969 0.6599554315563967 2.8049999999999997
      vertex -2.166497503738967 0.8973926488961356 3.75
      vertex -1.2934313455158013 0.5357568053111258 2.8049999999999997
    endloop
  endfacet
  facet normal 0.639602057560634 -0.30250924381379235 0.7066805256772052
    outer loop
      vertex -1.2346897700876969 0.6599554315563967 2.8049999999999997
      vertex -2.0681053648968923 1.1054253478569644 3.75
      vertex -2.166497503738967 0.8973926488961356 3.75
    endloop
  endfacet
  facet normal 0.606871107830568 -0.3637445437516384 0.7066805256772054
    outer loop
      vertex -1.1640574572235634 0.7777983262274432 2.8050000000000006
      vertex -1.9497962408494682 1.3028121964309671 3.75
      vertex -2.0681053648968923 1.1054253478569644 3.75
    endloop
  endfacet
  facet normal 0.6068711078305669 -0.36374454375164134 0.7066805256772051
    outer loop
      vertex -1.1640574572235634 0.7777983262274432 2.8050000000000006
      vertex -2.0681053648968923 1.1054253478569644 3.75
      vertex -1.2346897700876969 0.6599554315563967 2.8049999999999997
    endloop
  endfacet
  facet normal 0.568295657582602 -0.42147678489016044 0.7066805256772054
    outer loop
      vertex -1.0822146347078316 0.8881505978291037 2.805
      vertex -1.9497962408494682 1.3028121964309671 3.75
      vertex -1.1640574572235634 0.7777983262274432 2.8050000000000006
    endloop
  endfacet
  facet normal 0.5242472094901077 -0.4751499741875439 0.7066805256772053
    outer loop
      vertex -0.9899494936611664 0.9899494936611666 2.8049999999999997
      vertex -1.8127095131356181 1.4876522513637485 3.75
      vertex -1.0822146347078316 0.8881505978291037 2.805
    endloop
  endfacet
  facet normal 0.475149974187542 -0.5242472094901093 0.7066805256772056
    outer loop
      vertex -0.8881505978291037 1.0822146347078316 2.8050000000000006
      vertex -1.4876522513637485 1.8127095131356181 3.75
      vertex -0.9899494936611664 0.9899494936611666 2.8049999999999997
    endloop
  endfacet
  facet normal 0.5682956575826015 -0.42147678489016127 0.7066805256772054
    outer loop
      vertex -1.0822146347078316 0.8881505978291037 2.805
      vertex -1.8127095131356181 1.4876522513637485 3.75
      vertex -1.9497962408494682 1.3028121964309671 3.75
    endloop
  endfacet
  facet normal 0.5242472094901067 -0.47514997418754545 0.7066805256772052
    outer loop
      vertex -0.9899494936611664 0.9899494936611666 2.8049999999999997
      vertex -1.6581654018824539 1.6581654018824539 3.75
      vertex -1.8127095131356181 1.4876522513637485 3.75
    endloop
  endfacet
  facet normal 0.47514997418754545 -0.5242472094901067 0.7066805256772052
    outer loop
      vertex -0.9899494936611664 0.9899494936611666 2.8049999999999997
      vertex -1.4876522513637485 1.8127095131356181 3.75
      vertex -1.6581654018824539 1.6581654018824539 3.75
    endloop
  endfacet
  facet normal 0.4214767848901605 -0.5682956575826018 0.7066805256772056
    outer loop
      vertex -0.8881505978291037 1.0822146347078316 2.8050000000000006
      vertex -1.3028121964309667 1.9497962408494682 3.75
      vertex -1.4876522513637485 1.8127095131356181 3.75
    endloop
  endfacet
  facet normal 0.3637445437516386 -0.6068711078305682 0.7066805256772053
    outer loop
      vertex -1.105425347856964 2.0681053648968923 3.75
      vertex -1.3028121964309667 1.9497962408494682 3.75
      vertex -0.7777983262274428 1.1640574572235631 2.805
    endloop
  endfacet
  facet normal 0.42147678489016266 -0.5682956575826006 0.7066805256772053
    outer loop
      vertex -0.7777983262274428 1.1640574572235631 2.805
      vertex -1.3028121964309667 1.9497962408494682 3.75
      vertex -0.8881505978291037 1.0822146347078316 2.8050000000000006
    endloop
  endfacet
  facet normal 0.3637445437516375 -0.6068711078305684 0.7066805256772055
    outer loop
      vertex -1.105425347856964 2.0681053648968923 3.75
      vertex -0.7777983262274428 1.1640574572235631 2.805
      vertex -0.6599554315563966 1.234689770087697 2.8050000000000006
    endloop
  endfacet
  facet normal -0.606871107830567 -0.3637445437516405 0.7066805256772053
    outer loop
      vertex 1.9497962408494682 1.3028121964309667 3.75
      vertex 1.1640574572235634 0.7777983262274429 2.8050000000000006
      vertex 1.234689770087697 0.6599554315563966 2.805
    endloop
  endfacet
  facet normal -0.5682956575826035 -0.42147678489015855 0.7066805256772054
    outer loop
      vertex 1.8127095131356181 1.4876522513637485 3.75
      vertex 1.0822146347078316 0.8881505978291034 2.8049999999999997
      vertex 1.1640574572235634 0.7777983262274429 2.8050000000000006
    endloop
  endfacet
  facet normal -0.4751499741875477 -0.5242472094901044 0.7066805256772052
    outer loop
      vertex 1.6581654018824539 1.6581654018824539 3.75
      vertex 0.8881505978291037 1.0822146347078316 2.8049999999999997
      vertex 0.9899494936611666 0.9899494936611664 2.805
    endloop
  endfacet
  facet normal -0.363744543751642 -0.6068711078305657 0.7066805256772055
    outer loop
      vertex 1.3028121964309671 1.9497962408494682 3.75
      vertex 0.6599554315563967 1.234689770087697 2.8049999999999997
      vertex 0.7777983262274432 1.1640574572235634 2.8050000000000006
    endloop
  endfacet
  facet normal -0.4214767848901587 -0.5682956575826038 0.7066805256772051
    outer loop
      vertex 1.4876522513637485 1.8127095131356181 3.75
      vertex 0.7777983262274432 1.1640574572235634 2.8050000000000006
      vertex 0.8881505978291037 1.0822146347078316 2.8049999999999997
    endloop
  endfacet
  facet normal -0.5242472094901051 -0.47514997418754706 0.7066805256772054
    outer loop
      vertex 1.6581654018824539 1.6581654018824539 3.75
      vertex 0.9899494936611666 0.9899494936611664 2.805
      vertex 1.0822146347078316 0.8881505978291034 2.8049999999999997
    endloop
  endfacet
  facet normal 0.30250924381379424 -0.639602057560633 0.7066805256772053
    outer loop
      vertex -0.5357568053111259 1.2934313455158013 2.805
      vertex -0.8973926488961353 2.166497503738967 3.75
      vertex -0.6599554315563966 1.234689770087697 2.8050000000000006
    endloop
  endfacet
  facet normal 0.23836061448964607 -0.6661732898343397 0.7066805256772053
    outer loop
      vertex -0.4063985481562471 1.3397164700250925 2.805
      vertex -0.6807175681617139 2.2440250872920298 3.75
      vertex -0.5357568053111259 1.2934313455158013 2.805
    endloop
  endfacet
  facet normal 0.17191644214679602 -0.6863289091595778 0.7066805256772053
    outer loop
      vertex -0.45748680512782053 2.299941482545575 3.75
      vertex -0.4063985481562471 1.3397164700250925 2.805
      vertex -0.27312645082257947 1.3730993925645225 2.805
    endloop
  endfacet
  facet normal 0.3025092438137923 -0.6396020575606337 0.7066805256772055
    outer loop
      vertex -0.8973926488961353 2.166497503738967 3.75
      vertex -1.105425347856964 2.0681053648968923 3.75
      vertex -0.6599554315563966 1.234689770087697 2.8050000000000006
    endloop
  endfacet
  facet normal 0.23836061448964624 -0.6661732898343397 0.7066805256772053
    outer loop
      vertex -0.5357568053111259 1.2934313455158013 2.805
      vertex -0.6807175681617139 2.2440250872920298 3.75
      vertex -0.8973926488961353 2.166497503738967 3.75
    endloop
  endfacet
  facet normal 0.17191644214679636 -0.6863289091595778 0.7066805256772053
    outer loop
      vertex -0.45748680512782053 2.299941482545575 3.75
      vertex -0.6807175681617139 2.2440250872920298 3.75
      vertex -0.4063985481562471 1.3397164700250925 2.805
    endloop
  endfacet
  facet normal 0.10381662048698924 -0.6998748059040627 0.7066805256772052
    outer loop
      vertex -0.22985019407281945 2.3337081840463014 3.75
      vertex -0.27312645082257947 1.3730993925645225 2.805
      vertex -0.13722399646138475 1.3932586173410757 2.805
    endloop
  endfacet
  facet normal 0.03471698801995099 -0.7066805256772053 0.7066805256772053
    outer loop
      vertex 1.4358983720002715e-16 2.3449999999999998 3.75
      vertex -0.13722399646138475 1.3932586173410757 2.805
      vertex 8.572527594031472e-17 1.4 2.805
    endloop
  endfacet
  facet normal -0.03471698801995379 -0.7066805256772053 0.7066805256772053
    outer loop
      vertex 0.1372239964613847 1.3932586173410757 2.8050000000000006
      vertex 1.4358983720002715e-16 2.3449999999999998 3.75
      vertex 8.572527594031472e-17 1.4 2.805
    endloop
  endfacet
  facet normal 0.10381662048698861 -0.6998748059040627 0.7066805256772053
    outer loop
      vertex -0.22985019407281945 2.3337081840463014 3.75
      vertex -0.45748680512782053 2.299941482545575 3.75
      vertex -0.27312645082257947 1.3730993925645225 2.805
    endloop
  endfacet
  facet normal 0.03471698801995229 -0.7066805256772054 0.7066805256772053
    outer loop
      vertex 1.4358983720002715e-16 2.3449999999999998 3.75
      vertex -0.22985019407281945 2.3337081840463014 3.75
      vertex -0.13722399646138475 1.3932586173410757 2.805
    endloop
  endfacet
  facet normal -0.03471698801995229 -0.7066805256772053 0.7066805256772054
    outer loop
      vertex 0.22985019407281973 2.3337081840463014 3.75
      vertex 1.4358983720002715e-16 2.3449999999999998 3.75
      vertex 0.1372239964613847 1.3932586173410757 2.8050000000000006
    endloop
  endfacet
  facet normal -0.17191644214679588 -0.6863289091595779 0.7066805256772052
    outer loop
      vertex 0.6807175681617141 2.2440250872920298 3.75
      vertex 0.2731264508225796 1.3730993925645223 2.8049999999999997
      vertex 0.40639854815624726 1.3397164700250923 2.8049999999999997
    endloop
  endfacet
  facet normal -0.10381662048698537 -0.6998748059040633 0.7066805256772052
    outer loop
      vertex 0.45748680512782086 2.299941482545575 3.75
      vertex 0.1372239964613847 1.3932586173410757 2.8050000000000006
      vertex 0.2731264508225796 1.3730993925645223 2.8049999999999997
    endloop
  endfacet
  facet normal -0.23836061448964935 -0.6661732898343382 0.7066805256772056
    outer loop
      vertex 0.8973926488961356 2.166497503738967 3.75
      vertex 0.40639854815624726 1.3397164700250923 2.8049999999999997
      vertex 0.5357568053111259 1.2934313455158013 2.8050000000000006
    endloop
  endfacet
  facet normal -0.3025092438137877 -0.6396020575606363 0.7066805256772049
    outer loop
      vertex 1.1054253478569644 2.0681053648968923 3.75
      vertex 0.5357568053111259 1.2934313455158013 2.8050000000000006
      vertex 0.6599554315563967 1.234689770087697 2.8049999999999997
    endloop
  endfacet
  facet normal -0.30250924381379196 -0.6396020575606338 0.7066805256772054
    outer loop
      vertex 1.1054253478569644 2.0681053648968923 3.75
      vertex 0.8973926488961356 2.166497503738967 3.75
      vertex 0.5357568053111259 1.2934313455158013 2.8050000000000006
    endloop
  endfacet
  facet normal -0.10381662048698857 -0.6998748059040625 0.7066805256772054
    outer loop
      vertex 0.45748680512782086 2.299941482545575 3.75
      vertex 0.22985019407281973 2.3337081840463014 3.75
      vertex 0.1372239964613847 1.3932586173410757 2.8050000000000006
    endloop
  endfacet
  facet normal -0.1719164421467965 -0.6863289091595779 0.7066805256772052
    outer loop
      vertex 0.6807175681617141 2.2440250872920298 3.75
      vertex 0.45748680512782086 2.299941482545575 3.75
      vertex 0.2731264508225796 1.3730993925645223 2.8049999999999997
    endloop
  endfacet
  facet normal -0.23836061448964624 -0.6661732898343397 0.7066805256772051
    outer loop
      vertex 0.8973926488961356 2.166497503738967 3.75
      vertex 0.6807175681617141 2.2440250872920298 3.75
      vertex 0.40639854815624726 1.3397164700250923 2.8049999999999997
    endloop
  endfacet
  facet normal -0.3637445437516387 -0.6068711078305683 0.7066805256772052
    outer loop
      vertex 1.3028121964309671 1.9497962408494682 3.75
      vertex 1.1054253478569644 2.0681053648968923 3.75
      vertex 0.6599554315563967 1.234689770087697 2.8049999999999997
    endloop
  endfacet
  facet normal -0.42147678489016127 -0.5682956575826014 0.7066805256772054
    outer loop
      vertex 1.4876522513637485 1.8127095131356181 3.75
      vertex 1.3028121964309671 1.9497962408494682 3.75
      vertex 0.7777983262274432 1.1640574572235634 2.8050000000000006
    endloop
  endfacet
  facet normal -0.4751499741875455 -0.5242472094901067 0.7066805256772052
    outer loop
      vertex 1.4876522513637485 1.8127095131356181 3.75
      vertex 0.8881505978291037 1.0822146347078316 2.8049999999999997
      vertex 1.6581654018824539 1.6581654018824539 3.75
    endloop
  endfacet
  facet normal -0.7066805256772053 -0.03471698801995373 0.7066805256772053
    outer loop
      vertex 1.3932586173410757 0.13722399646138478 2.8050000000000006
      vertex 1.4 -8.572527594031472e-17 2.805
      vertex 2.3449999999999998 -1.4358983720002715e-16 3.75
    endloop
  endfacet
  facet normal -0.6998748059040629 -0.10381662048698673 0.7066805256772052
    outer loop
      vertex 2.299941482545575 0.45748680512782053 3.75
      vertex 1.3730993925645225 0.2731264508225796 2.805
      vertex 1.3932586173410757 0.13722399646138478 2.8050000000000006
    endloop
  endfacet
  facet normal -0.7066805256772051 -0.03471698801995228 0.7066805256772053
    outer loop
      vertex 2.3337081840463014 0.22985019407281945 3.75
      vertex 1.3932586173410757 0.13722399646138478 2.8050000000000006
      vertex 2.3449999999999998 -1.4358983720002715e-16 3.75
    endloop
  endfacet
  facet normal -0.6998748059040626 -0.10381662048698861 0.7066805256772055
    outer loop
      vertex 2.299941482545575 0.45748680512782053 3.75
      vertex 1.3932586173410757 0.13722399646138478 2.8050000000000006
      vertex 2.3337081840463014 0.22985019407281945 3.75
    endloop
  endfacet
  facet normal -0.6863289091595779 -0.17191644214679608 0.7066805256772053
    outer loop
      vertex 2.2440250872920298 0.6807175681617139 3.75
      vertex 1.3397164700250925 0.40639854815624715 2.805
      vertex 1.3730993925645225 0.2731264508225796 2.805
    endloop
  endfacet
  facet normal -0.666173289834339 -0.2383606144896473 0.7066805256772055
    outer loop
      vertex 2.166497503738967 0.8973926488961353 3.75
      vertex 1.2934313455158015 0.5357568053111256 2.8050000000000006
      vertex 1.3397164700250925 0.40639854815624715 2.805
    endloop
  endfacet
  facet normal -0.6863289091595778 -0.17191644214679636 0.7066805256772053
    outer loop
      vertex 2.2440250872920298 0.6807175681617139 3.75
      vertex 1.3730993925645225 0.2731264508225796 2.805
      vertex 2.299941482545575 0.45748680512782053 3.75
    endloop
  endfacet
  facet normal -0.6661732898343395 -0.23836061448964618 0.7066805256772053
    outer loop
      vertex 2.166497503738967 0.8973926488961353 3.75
      vertex 1.3397164700250925 0.40639854815624715 2.805
      vertex 2.2440250872920298 0.6807175681617139 3.75
    endloop
  endfacet
  facet normal -0.6396020575606349 -0.30250924381379024 0.7066805256772052
    outer loop
      vertex 2.0681053648968923 1.105425347856964 3.75
      vertex 1.234689770087697 0.6599554315563966 2.805
      vertex 1.2934313455158015 0.5357568053111256 2.8050000000000006
    endloop
  endfacet
  facet normal -0.6068711078305682 -0.36374454375163867 0.7066805256772053
    outer loop
      vertex 1.9497962408494682 1.3028121964309667 3.75
      vertex 1.234689770087697 0.6599554315563966 2.805
      vertex 2.0681053648968923 1.105425347856964 3.75
    endloop
  endfacet
  facet normal -0.6396020575606337 -0.3025092438137923 0.7066805256772054
    outer loop
      vertex 2.0681053648968923 1.105425347856964 3.75
      vertex 1.2934313455158015 0.5357568053111256 2.8050000000000006
      vertex 2.166497503738967 0.8973926488961353 3.75
    endloop
  endfacet
  facet normal -0.5682956575826019 -0.42147678489016066 0.7066805256772054
    outer loop
      vertex 1.8127095131356181 1.4876522513637485 3.75
      vertex 1.1640574572235634 0.7777983262274429 2.8050000000000006
      vertex 1.9497962408494682 1.3028121964309667 3.75
    endloop
  endfacet
  facet normal -0.5242472094901066 -0.47514997418754545 0.7066805256772052
    outer loop
      vertex 1.8127095131356181 1.4876522513637485 3.75
      vertex 1.6581654018824539 1.6581654018824539 3.75
      vertex 1.0822146347078316 0.8881505978291034 2.8049999999999997
    endloop
  endfacet
  facet normal 0.7409511253549603 0.6715589548470171 0
    outer loop
      vertex -1.0822146347078316 -0.8881505978291035 2.805
      vertex -0.9899494936611666 -0.9899494936611666 -4
      vertex -1.0822146347078316 -0.8881505978291035 -4
    endloop
  endfacet
  facet normal 0.8032075314806445 0.5956993044924339 0
    outer loop
      vertex -1.1640574572235634 -0.7777983262274429 2.8050000000000006
      vertex -1.0822146347078316 -0.8881505978291035 -4
      vertex -1.1640574572235634 -0.7777983262274429 -4
    endloop
  endfacet
  facet normal 0.9415440651830207 0.33688985339222044 0
    outer loop
      vertex -1.3397164700250923 -0.4063985481562472 2.8049999999999997
      vertex -1.2934313455158013 -0.5357568053111256 -4
      vertex -1.3397164700250923 -0.4063985481562472 -4
    endloop
  endfacet
  facet normal 0.8577286100002717 0.5141027441932223 -8.387490134111572e-18
    outer loop
      vertex -1.234689770087697 -0.6599554315563966 2.805
      vertex -1.1640574572235634 -0.7777983262274429 -4
      vertex -1.234689770087697 -0.6599554315563967 -4
    endloop
  endfacet
  facet normal 0.903989293123444 0.4275550934302806 0
    outer loop
      vertex -1.2934313455158013 -0.5357568053111256 2.805
      vertex -1.234689770087697 -0.6599554315563967 -4
      vertex -1.2934313455158013 -0.5357568053111256 -4
    endloop
  endfacet
  facet normal 0.9700312531945441 0.24298017990326373 1.9820880988697e-18
    outer loop
      vertex -1.3730993925645225 -0.27312645082257947 2.805
      vertex -1.3397164700250923 -0.4063985481562472 -4
      vertex -1.3730993925645225 -0.2731264508225794 -4
    endloop
  endfacet
  facet normal 0.9891765099647809 0.1467304744553631 0
    outer loop
      vertex -1.3932586173410757 -0.13722399646138478 2.8050000000000006
      vertex -1.3730993925645225 -0.2731264508225794 -4
      vertex -1.3932586173410757 -0.13722399646138478 -4
    endloop
  endfacet
  facet normal 0.9987954562051724 0.049067674327416926 0
    outer loop
      vertex -1.4 8.572527594031472e-17 2.805
      vertex -1.3932586173410757 -0.13722399646138478 -4
      vertex -1.4 8.572527594031472e-17 -4
    endloop
  endfacet
  facet normal 0.5141027441932209 0.8577286100002727 -8.387490134111546e-18
    outer loop
      vertex -0.7777983262274432 -1.1640574572235634 2.8050000000000006
      vertex -0.6599554315563969 -1.2346897700876969 -4
      vertex -0.7777983262274433 -1.1640574572235634 -4
    endloop
  endfacet
  facet normal 0.42755509343028164 0.9039892931234437 1.554586974924932e-17
    outer loop
      vertex -0.6599554315563967 -1.234689770087697 2.8050000000000006
      vertex -0.5357568053111257 -1.2934313455158013 -4
      vertex -0.6599554315563969 -1.2346897700876969 -4
    endloop
  endfacet
  facet normal 0.3368898533922219 0.9415440651830201 5.496294959568525e-18
    outer loop
      vertex -0.5357568053111258 -1.2934313455158013 2.805
      vertex -0.4063985481562473 -1.3397164700250925 -4
      vertex -0.5357568053111257 -1.2934313455158013 -4
    endloop
  endfacet
  facet normal 0.5956993044924342 0.8032075314806443 -9.718722756806649e-18
    outer loop
      vertex -0.8881505978291037 -1.0822146347078316 2.8049999999999997
      vertex -0.7777983262274433 -1.1640574572235634 -4
      vertex -0.8881505978291038 -1.0822146347078316 -4
    endloop
  endfacet
  facet normal 0.6715589548470179 0.7409511253549595 -1.1321202854758502e-18
    outer loop
      vertex -0.9899494936611667 -0.9899494936611665 2.805
      vertex -0.8881505978291038 -1.0822146347078316 -4
      vertex -0.9899494936611666 -0.9899494936611666 -4
    endloop
  endfacet
  facet normal 0.24298017990326257 0.9700312531945444 -1.9820880988696903e-18
    outer loop
      vertex -0.40639854815624726 -1.3397164700250925 2.805
      vertex -0.27312645082257975 -1.3730993925645225 -4
      vertex -0.4063985481562473 -1.3397164700250925 -4
    endloop
  endfacet
  facet normal 0.14673047445536155 0.989176509964781 -2.3938802520869327e-18
    outer loop
      vertex -0.27312645082257964 -1.3730993925645225 2.805
      vertex -0.13722399646138514 -1.3932586173410755 -4
      vertex -0.27312645082257975 -1.3730993925645225 -4
    endloop
  endfacet
  facet normal 0.049067674327418466 0.9987954562051723 -1.6010598619576394e-18
    outer loop
      vertex -0.13722399646138492 -1.3932586173410755 2.805
      vertex -8.57252759403147e-17 -1.4 -4
      vertex -0.13722399646138514 -1.3932586173410755 -4
    endloop
  endfacet
  facet normal -0.04906767432741691 0.9987954562051724 -1.7775335225484896e-34
    outer loop
      vertex -8.572527594031472e-17 -1.4 2.805
      vertex 0.13722399646138483 -1.3932586173410757 -4
      vertex -8.57252759403147e-17 -1.4 -4
    endloop
  endfacet
  facet normal -0.14673047445536322 0.9891765099647808 -5.9847006302174e-19
    outer loop
      vertex 0.1372239964613848 -1.3932586173410757 2.805
      vertex 0.27312645082257936 -1.3730993925645225 -4
      vertex 0.13722399646138483 -1.3932586173410757 -4
    endloop
  endfacet
  facet normal -0.24298017990326243 0.9700312531945443 3.964176197739378e-18
    outer loop
      vertex 0.27312645082257947 -1.3730993925645225 2.805
      vertex 0.406398548156247 -1.3397164700250925 -4
      vertex 0.27312645082257936 -1.3730993925645225 -4
    endloop
  endfacet
  facet normal -0.3368898533922216 0.9415440651830203 5.4962949595685204e-18
    outer loop
      vertex 0.4063985481562471 -1.3397164700250925 2.805
      vertex 0.5357568053111255 -1.2934313455158013 -4
      vertex 0.406398548156247 -1.3397164700250925 -4
    endloop
  endfacet
  facet normal -0.42755509343028025 0.9039892931234442 6.97548139635646e-18
    outer loop
      vertex 0.5357568053111256 -1.2934313455158013 2.805
      vertex 0.6599554315563967 -1.234689770087697 -4
      vertex 0.5357568053111255 -1.2934313455158013 -4
    endloop
  endfacet
  facet normal -0.5141027441932234 0.857728610000271 -8.387490134111589e-18
    outer loop
      vertex 0.6599554315563966 -1.234689770087697 2.8050000000000006
      vertex 0.7777983262274426 -1.1640574572235634 -4
      vertex 0.6599554315563967 -1.234689770087697 -4
    endloop
  endfacet
  facet normal -0.5956993044924325 0.8032075314806455 2.94780691840963e-18
    outer loop
      vertex 0.7777983262274429 -1.1640574572235631 2.805
      vertex 0.8881505978291033 -1.0822146347078319 -4
      vertex 0.7777983262274426 -1.1640574572235634 -4
    endloop
  endfacet
  facet normal -0.6715589548470184 0.7409511253549591 1.095635876655938e-17
    outer loop
      vertex 0.8881505978291034 -1.0822146347078319 2.805
      vertex 0.9899494936611664 -0.9899494936611665 -4
      vertex 0.8881505978291033 -1.0822146347078319 -4
    endloop
  endfacet
  facet normal -0.7409511253549583 0.6715589548470192 1.0956358766559392e-17
    outer loop
      vertex 0.9899494936611664 -0.9899494936611666 2.805
      vertex 1.0822146347078316 -0.8881505978291038 -4
      vertex 0.9899494936611664 -0.9899494936611665 -4
    endloop
  endfacet
  facet normal -0.8032075314806448 0.5956993044924335 -9.718722756806637e-18
    outer loop
      vertex 1.0822146347078316 -0.8881505978291037 2.805
      vertex 1.1640574572235634 -0.777798326227443 -4
      vertex 1.0822146347078316 -0.8881505978291038 -4
    endloop
  endfacet
  facet normal -0.8577286100002722 0.5141027441932216 8.387490134111558e-18
    outer loop
      vertex 1.1640574572235634 -0.7777983262274432 2.8050000000000006
      vertex 1.2346897700876969 -0.6599554315563969 -4
      vertex 1.1640574572235634 -0.777798326227443 -4
    endloop
  endfacet
  facet normal -0.9039892931234432 0.4275550934302822 2.2521351145605778e-17
    outer loop
      vertex 1.234689770087697 -0.6599554315563968 2.8050000000000006
      vertex 1.2934313455158013 -0.5357568053111259 -4
      vertex 1.2346897700876969 -0.6599554315563969 -4
    endloop
  endfacet
  facet normal -0.9415440651830208 0.3368898533922201 -5.496294959568496e-18
    outer loop
      vertex 1.2934313455158013 -0.5357568053111258 2.805
      vertex 1.3397164700250923 -0.4063985481562474 -4
      vertex 1.2934313455158013 -0.5357568053111259 -4
    endloop
  endfacet
  facet normal -0.9700312531945439 0.24298017990326468 -5.946264296609122e-18
    outer loop
      vertex 1.3397164700250923 -0.4063985481562472 2.8049999999999997
      vertex 1.3730993925645225 -0.27312645082258014 -4
      vertex 1.3397164700250923 -0.4063985481562474 -4
    endloop
  endfacet
  facet normal -0.989176509964781 0.14673047445536122 -9.57552100834771e-18
    outer loop
      vertex 1.3730993925645225 -0.2731264508225797 2.805
      vertex 1.3932586173410755 -0.13722399646138522 -4
      vertex 1.3730993925645225 -0.27312645082258014 -4
    endloop
  endfacet
  facet normal -0.9987954562051724 0.049067674327418445 -2.2014573101917533e-18
    outer loop
      vertex 1.3932586173410755 -0.13722399646138492 2.805
      vertex 1.4 -8.572527594031472e-17 -4
      vertex 1.3932586173410755 -0.13722399646138522 -4
    endloop
  endfacet
  facet normal 0.7409511253549603 0.6715589548470171 1.1321202854758763e-18
    outer loop
      vertex -0.9899494936611667 -0.9899494936611665 2.805
      vertex -0.9899494936611666 -0.9899494936611666 -4
      vertex -1.0822146347078316 -0.8881505978291035 2.805
    endloop
  endfacet
  facet normal 0.8032075314806445 0.5956993044924339 0
    outer loop
      vertex -1.1640574572235634 -0.7777983262274429 2.8050000000000006
      vertex -1.0822146347078316 -0.8881505978291035 2.805
      vertex -1.0822146347078316 -0.8881505978291035 -4
    endloop
  endfacet
  facet normal 0.8577286100002718 0.514102744193222 0
    outer loop
      vertex -1.1640574572235634 -0.7777983262274429 2.8050000000000006
      vertex -1.1640574572235634 -0.7777983262274429 -4
      vertex -1.234689770087697 -0.6599554315563966 2.805
    endloop
  endfacet
  facet normal 0.9039892931234439 0.4275550934302809 -6.494065507829979e-18
    outer loop
      vertex -1.2934313455158013 -0.5357568053111256 2.805
      vertex -1.234689770087697 -0.6599554315563966 2.805
      vertex -1.234689770087697 -0.6599554315563967 -4
    endloop
  endfacet
  facet normal 0.9415440651830207 0.33688985339222044 0
    outer loop
      vertex -1.2934313455158013 -0.5357568053111256 2.805
      vertex -1.2934313455158013 -0.5357568053111256 -4
      vertex -1.3397164700250923 -0.4063985481562472 2.8049999999999997
    endloop
  endfacet
  facet normal 0.970031253194544 0.24298017990326382 0
    outer loop
      vertex -1.3730993925645225 -0.27312645082257947 2.805
      vertex -1.3397164700250923 -0.4063985481562472 2.8049999999999997
      vertex -1.3397164700250923 -0.4063985481562472 -4
    endloop
  endfacet
  facet normal 0.9891765099647808 0.14673047445536305 9.277236439757106e-19
    outer loop
      vertex -1.3932586173410757 -0.13722399646138478 2.8050000000000006
      vertex -1.3730993925645225 -0.27312645082257947 2.805
      vertex -1.3730993925645225 -0.2731264508225794 -4
    endloop
  endfacet
  facet normal 0.9987954562051724 0.049067674327416926 0
    outer loop
      vertex -1.3932586173410757 -0.13722399646138478 2.8050000000000006
      vertex -1.3932586173410757 -0.13722399646138478 -4
      vertex -1.4 8.572527594031472e-17 2.805
    endloop
  endfacet
  facet normal 0.5956993044924342 0.8032075314806442 -9.718722756806648e-18
    outer loop
      vertex -0.7777983262274432 -1.1640574572235634 2.8050000000000006
      vertex -0.7777983262274433 -1.1640574572235634 -4
      vertex -0.8881505978291037 -1.0822146347078316 2.8049999999999997
    endloop
  endfacet
  facet normal 0.5141027441932217 0.8577286100002721 1.298813101565994e-17
    outer loop
      vertex -0.7777983262274432 -1.1640574572235634 2.8050000000000006
      vertex -0.6599554315563967 -1.234689770087697 2.8050000000000006
      vertex -0.6599554315563969 -1.2346897700876969 -4
    endloop
  endfacet
  facet normal 0.3368898533922215 0.9415440651830203 -2.7481474797842594e-18
    outer loop
      vertex -0.40639854815624726 -1.3397164700250925 2.805
      vertex -0.4063985481562473 -1.3397164700250925 -4
      vertex -0.5357568053111258 -1.2934313455158013 2.805
    endloop
  endfacet
  facet normal 0.42755509343028125 0.9039892931234438 6.975481396356478e-18
    outer loop
      vertex -0.5357568053111258 -1.2934313455158013 2.805
      vertex -0.5357568053111257 -1.2934313455158013 -4
      vertex -0.6599554315563967 -1.234689770087697 2.8050000000000006
    endloop
  endfacet
  facet normal 0.6715589548470176 0.7409511253549599 -1.1132683727708517e-17
    outer loop
      vertex -0.9899494936611667 -0.9899494936611665 2.805
      vertex -0.8881505978291037 -1.0822146347078316 2.8049999999999997
      vertex -0.8881505978291038 -1.0822146347078316 -4
    endloop
  endfacet
  facet normal 0.24298017990326243 0.9700312531945443 -3.964176197739378e-18
    outer loop
      vertex -0.27312645082257964 -1.3730993925645225 2.805
      vertex -0.27312645082257975 -1.3730993925645225 -4
      vertex -0.40639854815624726 -1.3397164700250925 2.805
    endloop
  endfacet
  facet normal 0.14673047445536141 0.989176509964781 -4.7877605041738616e-18
    outer loop
      vertex -0.13722399646138492 -1.3932586173410755 2.805
      vertex -0.13722399646138514 -1.3932586173410755 -4
      vertex -0.27312645082257964 -1.3730993925645225 2.805
    endloop
  endfacet
  facet normal 0.049067674327418556 0.9987954562051724 1.7775335225485493e-34
    outer loop
      vertex -8.572527594031472e-17 -1.4 2.805
      vertex -8.57252759403147e-17 -1.4 -4
      vertex -0.13722399646138492 -1.3932586173410755 2.805
    endloop
  endfacet
  facet normal -0.04906767432741691 0.9987954562051724 -2.001324827446986e-19
    outer loop
      vertex 0.1372239964613848 -1.3932586173410757 2.805
      vertex 0.13722399646138483 -1.3932586173410757 -4
      vertex -8.572527594031472e-17 -1.4 2.805
    endloop
  endfacet
  facet normal -0.14673047445536308 0.9891765099647809 2.3938802520869578e-18
    outer loop
      vertex 0.27312645082257947 -1.3730993925645225 2.805
      vertex 0.27312645082257936 -1.3730993925645225 -4
      vertex 0.1372239964613848 -1.3932586173410757 2.805
    endloop
  endfacet
  facet normal -0.24298017990326243 0.9700312531945443 3.964176197739378e-18
    outer loop
      vertex 0.4063985481562471 -1.3397164700250925 2.805
      vertex 0.406398548156247 -1.3397164700250925 -4
      vertex 0.27312645082257947 -1.3730993925645225 2.805
    endloop
  endfacet
  facet normal -0.3368898533922216 0.9415440651830203 5.4962949595685204e-18
    outer loop
      vertex 0.5357568053111256 -1.2934313455158013 2.805
      vertex 0.5357568053111255 -1.2934313455158013 -4
      vertex 0.4063985481562471 -1.3397164700250925 2.805
    endloop
  endfacet
  facet normal -0.42755509343028086 0.9039892931234438 -6.97548139635647e-18
    outer loop
      vertex 0.6599554315563966 -1.234689770087697 2.8050000000000006
      vertex 0.6599554315563967 -1.234689770087697 -4
      vertex 0.5357568053111256 -1.2934313455158013 2.805
    endloop
  endfacet
  facet normal -0.5141027441932232 0.8577286100002712 -2.8248933508476774e-18
    outer loop
      vertex 0.7777983262274429 -1.1640574572235631 2.805
      vertex 0.7777983262274426 -1.1640574572235634 -4
      vertex 0.6599554315563966 -1.234689770087697 2.8050000000000006
    endloop
  endfacet
  facet normal -0.5956993044924321 0.8032075314806458 9.718722756806615e-18
    outer loop
      vertex 0.8881505978291034 -1.0822146347078319 2.805
      vertex 0.8881505978291033 -1.0822146347078319 -4
      vertex 0.7777983262274429 -1.1640574572235631 2.805
    endloop
  endfacet
  facet normal -0.6715589548470183 0.7409511253549591 1.2088479052035212e-17
    outer loop
      vertex 0.9899494936611664 -0.9899494936611666 2.805
      vertex 0.9899494936611664 -0.9899494936611665 -4
      vertex 0.8881505978291034 -1.0822146347078319 2.805
    endloop
  endfacet
  facet normal -0.7409511253549591 0.6715589548470183 -1.0956358766559378e-17
    outer loop
      vertex 1.0822146347078316 -0.8881505978291037 2.805
      vertex 1.0822146347078316 -0.8881505978291038 -4
      vertex 0.9899494936611664 -0.9899494936611666 2.805
    endloop
  endfacet
  facet normal -0.8032075314806442 0.5956993044924342 9.718722756806648e-18
    outer loop
      vertex 1.1640574572235634 -0.7777983262274432 2.8050000000000006
      vertex 1.1640574572235634 -0.777798326227443 -4
      vertex 1.0822146347078316 -0.8881505978291037 2.805
    endloop
  endfacet
  facet normal -0.8577286100002718 0.514102744193222 1.959987361907089e-17
    outer loop
      vertex 1.234689770087697 -0.6599554315563968 2.8050000000000006
      vertex 1.2346897700876969 -0.6599554315563969 -4
      vertex 1.1640574572235634 -0.7777983262274432 2.8050000000000006
    endloop
  endfacet
  facet normal -0.9039892931234439 0.4275550934302809 -6.975481396356472e-18
    outer loop
      vertex 1.2934313455158013 -0.5357568053111258 2.805
      vertex 1.2934313455158013 -0.5357568053111259 -4
      vertex 1.234689770087697 -0.6599554315563968 2.8050000000000006
    endloop
  endfacet
  facet normal -0.9415440651830208 0.3368898533922199 -8.24444243935274e-18
    outer loop
      vertex 1.3397164700250923 -0.4063985481562472 2.8049999999999997
      vertex 1.3397164700250923 -0.4063985481562474 -4
      vertex 1.2934313455158013 -0.5357568053111258 2.805
    endloop
  endfacet
  facet normal -0.9700312531945439 0.24298017990326418 -1.5856704790957628e-17
    outer loop
      vertex 1.3730993925645225 -0.2731264508225797 2.805
      vertex 1.3730993925645225 -0.27312645082258014 -4
      vertex 1.3397164700250923 -0.4063985481562472 2.8049999999999997
    endloop
  endfacet
  facet normal -0.989176509964781 0.14673047445536136 -6.583170693239057e-18
    outer loop
      vertex 1.3932586173410755 -0.13722399646138492 2.805
      vertex 1.3932586173410755 -0.13722399646138522 -4
      vertex 1.3730993925645225 -0.2731264508225797 2.805
    endloop
  endfacet
  facet normal -0.9987954562051724 0.049067674327418556 0
    outer loop
      vertex 1.4 -8.572527594031472e-17 2.805
      vertex 1.4 -8.572527594031472e-17 -4
      vertex 1.3932586173410755 -0.13722399646138492 2.805
    endloop
  endfacet
  facet normal 0.9987954562051724 -0.04906767432741699 0
    outer loop
      vertex -1.3932586173410757 0.13722399646138478 2.8050000000000006
      vertex -1.4 8.572527594031472e-17 -4
      vertex -1.3932586173410757 0.13722399646138478 -4
    endloop
  endfacet
  facet normal 0.9891765099647807 -0.14673047445536375 -1.5560221638565297e-17
    outer loop
      vertex -1.3730993925645223 0.2731264508225796 2.8049999999999997
      vertex -1.3932586173410757 0.13722399646138478 -4
      vertex -1.3730993925645223 0.2731264508225803 -4
    endloop
  endfacet
  facet normal 0.9700312531945442 -0.24298017990326323 -9.910440494348479e-18
    outer loop
      vertex -1.3397164700250923 0.4063985481562472 2.8049999999999997
      vertex -1.3730993925645223 0.2731264508225803 -4
      vertex -1.3397164700250923 0.4063985481562475 -4
    endloop
  endfacet
  facet normal 0.9415440651830208 -0.33688985339222016 -7.751834008225366e-18
    outer loop
      vertex -1.2934313455158013 0.5357568053111258 2.8049999999999997
      vertex -1.3397164700250923 0.4063985481562475 -4
      vertex -1.293431345515801 0.5357568053111266 -4
    endloop
  endfacet
  facet normal 0.9039892931234428 -0.4275550934302835 1.5949069565362023e-18
    outer loop
      vertex -1.2346897700876969 0.6599554315563967 2.8049999999999997
      vertex -1.293431345515801 0.5357568053111266 -4
      vertex -1.2346897700876966 0.6599554315563971 -4
    endloop
  endfacet
  facet normal 0.8577286100002726 -0.5141027441932207 0
    outer loop
      vertex -1.1640574572235634 0.7777983262274432 2.8050000000000006
      vertex -1.2346897700876966 0.6599554315563971 -4
      vertex -1.1640574572235634 0.7777983262274432 -4
    endloop
  endfacet
  facet normal 0.8032075314806445 -0.5956993044924339 -5.895613836819491e-18
    outer loop
      vertex -1.0822146347078316 0.8881505978291037 2.805
      vertex -1.1640574572235634 0.7777983262274432 -4
      vertex -1.0822146347078312 0.8881505978291043 -4
    endloop
  endfacet
  facet normal 0.7409511253549581 -0.6715589548470194 1.2088479052035197e-17
    outer loop
      vertex -0.9899494936611664 0.9899494936611666 2.8049999999999997
      vertex -1.0822146347078312 0.8881505978291043 -4
      vertex -0.9899494936611662 0.9899494936611666 -4
    endloop
  endfacet
  facet normal 0.6715589548470187 -0.7409511253549588 0
    outer loop
      vertex -0.8881505978291037 1.0822146347078316 2.8050000000000006
      vertex -0.9899494936611662 0.9899494936611666 -4
      vertex -0.8881505978291037 1.0822146347078316 -4
    endloop
  endfacet
  facet normal 0.5956993044924326 -0.8032075314806455 -1.3541831676793962e-17
    outer loop
      vertex -0.7777983262274428 1.1640574572235631 2.805
      vertex -0.8881505978291037 1.0822146347078316 -4
      vertex -0.7777983262274424 1.1640574572235636 -4
    endloop
  endfacet
  facet normal 0.5141027441932223 -0.8577286100002718 8.38749013411157e-18
    outer loop
      vertex -0.6599554315563966 1.234689770087697 2.8050000000000006
      vertex -0.7777983262274424 1.1640574572235636 -4
      vertex -0.6599554315563965 1.234689770087697 -4
    endloop
  endfacet
  facet normal 0.42755509343028214 -0.9039892931234433 0
    outer loop
      vertex -0.5357568053111259 1.2934313455158013 2.805
      vertex -0.6599554315563965 1.234689770087697 -4
      vertex -0.5357568053111259 1.2934313455158013 -4
    endloop
  endfacet
  facet normal 0.3368898533922202 -0.9415440651830208 1.3740737398921245e-17
    outer loop
      vertex -0.4063985481562471 1.3397164700250925 2.805
      vertex -0.5357568053111259 1.2934313455158013 -4
      vertex -0.4063985481562468 1.3397164700250925 -4
    endloop
  endfacet
  facet normal 0.24298017990326293 -0.9700312531945442 0
    outer loop
      vertex -0.27312645082257947 1.3730993925645225 2.805
      vertex -0.4063985481562468 1.3397164700250925 -4
      vertex -0.27312645082257947 1.3730993925645225 -4
    endloop
  endfacet
  facet normal 0.14673047445536228 -0.9891765099647809 1.4961751575543405e-17
    outer loop
      vertex -0.13722399646138475 1.3932586173410757 2.805
      vertex -0.27312645082257947 1.3730993925645225 -4
      vertex -0.13722399646138406 1.3932586173410757 -4
    endloop
  endfacet
  facet normal 0.04906767432741718 -0.9987954562051724 0
    outer loop
      vertex 8.572527594031472e-17 1.4 2.805
      vertex -0.13722399646138406 1.3932586173410757 -4
      vertex 8.572527594031472e-17 1.4 -4
    endloop
  endfacet
  facet normal -0.049067674327417016 -0.9987954562051724 0
    outer loop
      vertex 0.1372239964613847 1.3932586173410757 2.8050000000000006
      vertex 8.572527594031472e-17 1.4 -4
      vertex 0.1372239964613847 1.3932586173410757 -4
    endloop
  endfacet
  facet normal -0.14673047445536372 -0.9891765099647807 -1.4363281512521808e-17
    outer loop
      vertex 0.2731264508225796 1.3730993925645223 2.8049999999999997
      vertex 0.1372239964613847 1.3932586173410757 -4
      vertex 0.27312645082258025 1.3730993925645223 -4
    endloop
  endfacet
  facet normal -0.9987954562051724 -0.049067674327416926 0
    outer loop
      vertex 1.4 -8.572527594031472e-17 2.805
      vertex 1.3932586173410757 0.13722399646138478 -4
      vertex 1.4 -8.572527594031472e-17 -4
    endloop
  endfacet
  facet normal -0.9891765099647808 -0.1467304744553629 0
    outer loop
      vertex 1.3932586173410757 0.13722399646138478 2.8050000000000006
      vertex 1.3730993925645225 0.2731264508225796 -4
      vertex 1.3932586173410757 0.13722399646138478 -4
    endloop
  endfacet
  facet normal -0.9700312531945442 -0.24298017990326293 0
    outer loop
      vertex 1.3730993925645225 0.2731264508225796 2.805
      vertex 1.3397164700250925 0.40639854815624693 -4
      vertex 1.3730993925645225 0.2731264508225796 -4
    endloop
  endfacet
  facet normal -0.9415440651830209 -0.33688985339222005 1.099258991913699e-17
    outer loop
      vertex 1.3397164700250925 0.40639854815624715 2.805
      vertex 1.2934313455158015 0.5357568053111255 -4
      vertex 1.3397164700250925 0.40639854815624693 -4
    endloop
  endfacet
  facet normal -0.9039892931234437 -0.42755509343028164 6.975481396356482e-18
    outer loop
      vertex 1.2934313455158015 0.5357568053111256 2.8050000000000006
      vertex 1.234689770087697 0.6599554315563967 -4
      vertex 1.2934313455158015 0.5357568053111255 -4
    endloop
  endfacet
  facet normal -0.8577286100002718 -0.5141027441932223 -8.38749013411157e-18
    outer loop
      vertex 1.234689770087697 0.6599554315563966 2.805
      vertex 1.1640574572235636 0.7777983262274426 -4
      vertex 1.234689770087697 0.6599554315563967 -4
    endloop
  endfacet
  facet normal -0.5956993044924339 -0.8032075314806445 -5.895613836819491e-18
    outer loop
      vertex 0.8881505978291037 1.0822146347078316 2.8049999999999997
      vertex 0.7777983262274432 1.1640574572235634 -4
      vertex 0.8881505978291043 1.0822146347078312 -4
    endloop
  endfacet
  facet normal -0.33688985339222 -0.9415440651830208 -2.2555390486568535e-18
    outer loop
      vertex 0.5357568053111259 1.2934313455158013 2.8050000000000006
      vertex 0.40639854815624743 1.3397164700250923 -4
      vertex 0.5357568053111266 1.293431345515801 -4
    endloop
  endfacet
  facet normal -0.24298017990326323 -0.9700312531945442 -5.9462642966090876e-18
    outer loop
      vertex 0.40639854815624726 1.3397164700250923 2.8049999999999997
      vertex 0.27312645082258025 1.3730993925645223 -4
      vertex 0.40639854815624743 1.3397164700250923 -4
    endloop
  endfacet
  facet normal -0.42755509343028253 -0.9039892931234432 8.570388352892781e-18
    outer loop
      vertex 0.6599554315563967 1.234689770087697 2.8049999999999997
      vertex 0.5357568053111266 1.293431345515801 -4
      vertex 0.659955431556397 1.2346897700876969 -4
    endloop
  endfacet
  facet normal -0.5141027441932216 -0.8577286100002722 0
    outer loop
      vertex 0.7777983262274432 1.1640574572235634 2.8050000000000006
      vertex 0.659955431556397 1.2346897700876969 -4
      vertex 0.7777983262274432 1.1640574572235634 -4
    endloop
  endfacet
  facet normal -0.8032075314806445 -0.5956993044924339 2.9478069184097342e-18
    outer loop
      vertex 1.1640574572235634 0.7777983262274429 2.8050000000000006
      vertex 1.0822146347078319 0.8881505978291032 -4
      vertex 1.1640574572235636 0.7777983262274426 -4
    endloop
  endfacet
  facet normal -0.7409511253549599 -0.6715589548470176 -2.26424057095172e-18
    outer loop
      vertex 1.0822146347078316 0.8881505978291034 2.8049999999999997
      vertex 0.9899494936611666 0.9899494936611664 -4
      vertex 1.0822146347078319 0.8881505978291032 -4
    endloop
  endfacet
  facet normal -0.671558954847019 -0.7409511253549586 0
    outer loop
      vertex 0.9899494936611666 0.9899494936611664 2.805
      vertex 0.8881505978291043 1.0822146347078312 -4
      vertex 0.9899494936611666 0.9899494936611664 -4
    endloop
  endfacet
  facet normal 0.9987954562051724 -0.049067674327416995 0
    outer loop
      vertex -1.3932586173410757 0.13722399646138478 2.8050000000000006
      vertex -1.4 8.572527594031472e-17 2.805
      vertex -1.4 8.572527594031472e-17 -4
    endloop
  endfacet
  facet normal 0.9891765099647806 -0.14673047445536452 0
    outer loop
      vertex -1.3730993925645223 0.2731264508225796 2.8049999999999997
      vertex -1.3932586173410757 0.13722399646138478 2.8050000000000006
      vertex -1.3932586173410757 0.13722399646138478 -4
    endloop
  endfacet
  facet normal 0.9700312531945443 -0.24298017990326243 -2.504853838734421e-17
    outer loop
      vertex -1.3397164700250923 0.4063985481562472 2.8049999999999997
      vertex -1.3730993925645223 0.2731264508225796 2.8049999999999997
      vertex -1.3730993925645223 0.2731264508225803 -4
    endloop
  endfacet
  facet normal 0.9415440651830208 -0.3368898533922199 -1.3915854659635634e-17
    outer loop
      vertex -1.2934313455158013 0.5357568053111258 2.8049999999999997
      vertex -1.3397164700250923 0.4063985481562472 2.8049999999999997
      vertex -1.3397164700250923 0.4063985481562475 -4
    endloop
  endfacet
  facet normal 0.9039892931234431 -0.42755509343028253 -1.9482196523489938e-17
    outer loop
      vertex -1.2346897700876969 0.6599554315563967 2.8049999999999997
      vertex -1.2934313455158013 0.5357568053111258 2.8049999999999997
      vertex -1.293431345515801 0.5357568053111266 -4
    endloop
  endfacet
  facet normal 0.8577286100002728 -0.5141027441932206 -5.566341863854265e-18
    outer loop
      vertex -1.1640574572235634 0.7777983262274432 2.8050000000000006
      vertex -1.2346897700876969 0.6599554315563967 2.8049999999999997
      vertex -1.2346897700876966 0.6599554315563971 -4
    endloop
  endfacet
  facet normal 0.8032075314806443 -0.5956993044924342 0
    outer loop
      vertex -1.0822146347078316 0.8881505978291037 2.805
      vertex -1.1640574572235634 0.7777983262274432 2.8050000000000006
      vertex -1.1640574572235634 0.7777983262274432 -4
    endloop
  endfacet
  facet normal 0.7409511253549591 -0.6715589548470183 -1.6699025591562773e-17
    outer loop
      vertex -0.9899494936611664 0.9899494936611666 2.8049999999999997
      vertex -1.0822146347078316 0.8881505978291037 2.805
      vertex -1.0822146347078312 0.8881505978291043 -4
    endloop
  endfacet
  facet normal 0.6715589548470182 -0.7409511253549591 1.1132683727708543e-17
    outer loop
      vertex -0.8881505978291037 1.0822146347078316 2.8050000000000006
      vertex -0.9899494936611664 0.9899494936611666 2.8049999999999997
      vertex -0.9899494936611662 0.9899494936611666 -4
    endloop
  endfacet
  facet normal 0.5956993044924321 -0.8032075314806459 0
    outer loop
      vertex -0.7777983262274428 1.1640574572235631 2.805
      vertex -0.8881505978291037 1.0822146347078316 2.8050000000000006
      vertex -0.8881505978291037 1.0822146347078316 -4
    endloop
  endfacet
  facet normal 0.5141027441932234 -0.857728610000271 -2.412081474336847e-17
    outer loop
      vertex -0.6599554315563966 1.234689770087697 2.8050000000000006
      vertex -0.7777983262274428 1.1640574572235631 2.805
      vertex -0.7777983262274424 1.1640574572235636 -4
    endloop
  endfacet
  facet normal 0.42755509343028186 -0.9039892931234434 7.421789151805706e-18
    outer loop
      vertex -0.5357568053111259 1.2934313455158013 2.805
      vertex -0.6599554315563966 1.234689770087697 2.8050000000000006
      vertex -0.6599554315563965 1.234689770087697 -4
    endloop
  endfacet
  facet normal 0.3368898533922209 -0.9415440651830206 0
    outer loop
      vertex -0.4063985481562471 1.3397164700250925 2.805
      vertex -0.5357568053111259 1.2934313455158013 2.805
      vertex -0.5357568053111259 1.2934313455158013 -4
    endloop
  endfacet
  facet normal 0.24298017990326243 -0.9700312531945443 9.277236439757115e-18
    outer loop
      vertex -0.27312645082257947 1.3730993925645225 2.805
      vertex -0.4063985481562471 1.3397164700250925 2.805
      vertex -0.4063985481562468 1.3397164700250925 -4
    endloop
  endfacet
  facet normal 0.14673047445536302 -0.9891765099647808 0
    outer loop
      vertex -0.13722399646138475 1.3932586173410757 2.805
      vertex -0.27312645082257947 1.3730993925645225 2.805
      vertex -0.27312645082257947 1.3730993925645225 -4
    endloop
  endfacet
  facet normal 0.04906767432741694 -0.9987954562051724 4.986514586369444e-18
    outer loop
      vertex 8.572527594031472e-17 1.4 2.805
      vertex -0.13722399646138475 1.3932586173410757 2.805
      vertex -0.13722399646138406 1.3932586173410757 -4
    endloop
  endfacet
  facet normal -0.04906767432741702 -0.9987954562051724 0
    outer loop
      vertex 0.1372239964613847 1.3932586173410757 2.8050000000000006
      vertex 8.572527594031472e-17 1.4 2.805
      vertex 8.572527594031472e-17 1.4 -4
    endloop
  endfacet
  facet normal -0.1467304744553644 -0.9891765099647806 0
    outer loop
      vertex 0.2731264508225796 1.3730993925645223 2.8049999999999997
      vertex 0.1372239964613847 1.3932586173410757 2.8050000000000006
      vertex 0.1372239964613847 1.3932586173410757 -4
    endloop
  endfacet
  facet normal -0.9987954562051724 -0.049067674327416926 0
    outer loop
      vertex 1.3932586173410757 0.13722399646138478 2.8050000000000006
      vertex 1.3932586173410757 0.13722399646138478 -4
      vertex 1.4 -8.572527594031472e-17 2.805
    endloop
  endfacet
  facet normal -0.9891765099647808 -0.14673047445536294 0
    outer loop
      vertex 1.3730993925645225 0.2731264508225796 2.805
      vertex 1.3730993925645225 0.2731264508225796 -4
      vertex 1.3932586173410757 0.13722399646138478 2.8050000000000006
    endloop
  endfacet
  facet normal -0.9700312531945444 -0.24298017990326257 7.928352395478761e-18
    outer loop
      vertex 1.3397164700250925 0.40639854815624715 2.805
      vertex 1.3397164700250925 0.40639854815624693 -4
      vertex 1.3730993925645225 0.2731264508225796 2.805
    endloop
  endfacet
  facet normal -0.9415440651830207 -0.3368898533922203 5.566341863854259e-18
    outer loop
      vertex 1.3397164700250925 0.40639854815624715 2.805
      vertex 1.2934313455158015 0.5357568053111256 2.8050000000000006
      vertex 1.2934313455158015 0.5357568053111255 -4
    endloop
  endfacet
  facet normal -0.9039892931234433 -0.42755509343028225 -6.975481396356493e-18
    outer loop
      vertex 1.234689770087697 0.6599554315563966 2.805
      vertex 1.234689770087697 0.6599554315563967 -4
      vertex 1.2934313455158015 0.5357568053111256 2.8050000000000006
    endloop
  endfacet
  facet normal -0.8577286100002718 -0.514102744193222 -1.855447287951421e-18
    outer loop
      vertex 1.234689770087697 0.6599554315563966 2.805
      vertex 1.1640574572235634 0.7777983262274429 2.8050000000000006
      vertex 1.1640574572235636 0.7777983262274426 -4
    endloop
  endfacet
  facet normal -0.24298017990326237 -0.9700312531945444 -2.3193091099392782e-17
    outer loop
      vertex 0.40639854815624726 1.3397164700250923 2.8049999999999997
      vertex 0.2731264508225796 1.3730993925645223 2.8049999999999997
      vertex 0.27312645082258025 1.3730993925645223 -4
    endloop
  endfacet
  facet normal -0.3368898533922198 -0.9415440651830209 -8.349512795781377e-18
    outer loop
      vertex 0.5357568053111259 1.2934313455158013 2.8050000000000006
      vertex 0.40639854815624726 1.3397164700250923 2.8049999999999997
      vertex 0.40639854815624743 1.3397164700250923 -4
    endloop
  endfacet
  facet normal -0.5141027441932217 -0.8577286100002721 2.8248933508477837e-18
    outer loop
      vertex 0.6599554315563967 1.234689770087697 2.8049999999999997
      vertex 0.659955431556397 1.2346897700876969 -4
      vertex 0.7777983262274432 1.1640574572235634 2.8050000000000006
    endloop
  endfacet
  facet normal -0.42755509343028153 -0.9039892931234436 -1.2988131015659975e-17
    outer loop
      vertex 0.6599554315563967 1.234689770087697 2.8049999999999997
      vertex 0.5357568053111259 1.2934313455158013 2.8050000000000006
      vertex 0.5357568053111266 1.293431345515801 -4
    endloop
  endfacet
  facet normal -0.5956993044924342 -0.8032075314806443 0
    outer loop
      vertex 0.8881505978291037 1.0822146347078316 2.8049999999999997
      vertex 0.7777983262274432 1.1640574572235634 2.8050000000000006
      vertex 0.7777983262274432 1.1640574572235634 -4
    endloop
  endfacet
  facet normal -0.8032075314806443 -0.5956993044924342 -6.770915838396886e-18
    outer loop
      vertex 1.0822146347078316 0.8881505978291034 2.8049999999999997
      vertex 1.0822146347078319 0.8881505978291032 -4
      vertex 1.1640574572235634 0.7777983262274429 2.8050000000000006
    endloop
  endfacet
  facet normal -0.74095112535496 -0.6715589548470174 0
    outer loop
      vertex 1.0822146347078316 0.8881505978291034 2.8049999999999997
      vertex 0.9899494936611666 0.9899494936611664 2.805
      vertex 0.9899494936611666 0.9899494936611664 -4
    endloop
  endfacet
  facet normal -0.6715589548470183 -0.7409511253549591 -1.7384236391215417e-17
    outer loop
      vertex 0.8881505978291037 1.0822146347078316 2.8049999999999997
      vertex 0.8881505978291043 1.0822146347078312 -4
      vertex 0.9899494936611666 0.9899494936611664 2.805
    endloop
  endfacet
endsolid OpenSCAD_Model
