solid OpenSCAD_Model
  facet normal -0.6343932841636456 0 -0.7730104533627369
    outer loop
      vertex 1.3840349954996847 -0.009999999999999787 -5.555965004500315
      vertex 1.3840349954996847 0 -5.555965004500315
      vertex 1.8310678125921742 -0.009999999999999787 -5.922835356292509
    endloop
  endfacet
  facet normal -0.6343932841636456 0 -0.7730104533627369
    outer loop
      vertex 1.3840349954996847 0 -5.555965004500315
      vertex 1.8310678125921742 0 -5.922835356292509
      vertex 1.8310678125921742 -0.009999999999999787 -5.922835356292509
    endloop
  endfacet
  facet normal -0.7730104533627369 0 -0.6343932841636457
    outer loop
      vertex 1.017164643707491 -0.009999999999999787 -5.108932187407826
      vertex 1.017164643707491 0 -5.108932187407826
      vertex 1.3840349954996847 -0.009999999999999787 -5.555965004500315
    endloop
  endfacet
  facet normal -0.7730104533627369 0 -0.6343932841636457
    outer loop
      vertex 1.017164643707491 0 -5.108932187407826
      vertex 1.3840349954996847 0 -5.555965004500315
      vertex 1.3840349954996847 -0.009999999999999787 -5.555965004500315
    endloop
  endfacet
  facet normal -0.8819212643483549 0 -0.47139673682599786
    outer loop
      vertex 1.017164643707491 -0.009999999999999787 -5.108932187407826
      vertex 0.7445553790917043 0 -4.598916125477016
      vertex 1.017164643707491 0 -5.108932187407826
    endloop
  endfacet
  facet normal 0 -1 0
    outer loop
      vertex 1.017164643707491 -0.009999999999999787 -5.108932187407826
      vertex 1.3840349954996847 -0.009999999999999787 -5.555965004500315
      vertex 2.480050506338833 -0.009999999999999787 -4.459949493661166
    endloop
  endfacet
  facet normal -0.8819212643483549 0 -0.47139673682599786
    outer loop
      vertex 1.017164643707491 -0.009999999999999787 -5.108932187407826
      vertex 0.7445553790917043 -0.009999999999999787 -4.598916125477016
      vertex 0.7445553790917043 0 -4.598916125477016
    endloop
  endfacet
  facet normal -0.9569403357322088 0 -0.2902846772544626
    outer loop
      vertex 0.7445553790917043 -0.009999999999999787 -4.598916125477016
      vertex 0.5766834228104702 0 -4.04551644994758
      vertex 0.7445553790917043 0 -4.598916125477016
    endloop
  endfacet
  facet normal -0.9569403357322088 0 -0.2902846772544626
    outer loop
      vertex 0.7445553790917043 -0.009999999999999787 -4.598916125477016
      vertex 0.5766834228104702 -0.009999999999999787 -4.04551644994758
      vertex 0.5766834228104702 0 -4.04551644994758
    endloop
  endfacet
  facet normal -0.9951847266721969 0 -0.09801714032956119
    outer loop
      vertex 0.5766834228104702 -0.009999999999999787 -4.04551644994758
      vertex 0.5199999999999996 0 -3.4699999999999998
      vertex 0.5766834228104702 0 -4.04551644994758
    endloop
  endfacet
  facet normal -0.9951847266721969 0 -0.09801714032956119
    outer loop
      vertex 0.5766834228104702 -0.009999999999999787 -4.04551644994758
      vertex 0.5199999999999996 -0.009999999999999787 -3.4699999999999998
      vertex 0.5199999999999996 0 -3.4699999999999998
    endloop
  endfacet
  facet normal -0.9951847266721968 0 0.09801714032956071
    outer loop
      vertex 0.5199999999999996 -0.009999999999999787 -3.4699999999999998
      vertex 0.5766834228104698 0 -2.8944835500524215
      vertex 0.5199999999999996 0 -3.4699999999999998
    endloop
  endfacet
  facet normal 0 -1 0
    outer loop
      vertex 0.7445553790917043 -0.009999999999999787 -4.598916125477016
      vertex 2.176568654484199 -0.009999999999999787 -4.005756805311126
      vertex 0.5766834228104702 -0.009999999999999787 -4.04551644994758
    endloop
  endfacet
  facet normal 0 -1 0
    outer loop
      vertex 1.017164643707491 -0.009999999999999787 -5.108932187407826
      vertex 2.305942542776436 -0.009999999999999787 -4.247798326227443
      vertex 0.7445553790917043 -0.009999999999999787 -4.598916125477016
    endloop
  endfacet
  facet normal 0 -1 0
    outer loop
      vertex 0.5766834228104702 -0.009999999999999787 -4.04551644994758
      vertex 2.0969006074354777 -0.009999999999999787 -3.74312645082258
      vertex 0.5199999999999996 -0.009999999999999787 -3.4699999999999998
    endloop
  endfacet
  facet normal 0 -1 0
    outer loop
      vertex 0.5199999999999996 -0.009999999999999787 -3.4699999999999998
      vertex 2.07 -0.009999999999999787 -3.4699999999999998
      vertex 0.5766834228104698 -0.009999999999999787 -2.8944835500524215
    endloop
  endfacet
  facet normal 0 -1 0
    outer loop
      vertex 0.5766834228104702 -0.009999999999999787 -4.04551644994758
      vertex 2.176568654484199 -0.009999999999999787 -4.005756805311126
      vertex 2.0969006074354777 -0.009999999999999787 -3.74312645082258
    endloop
  endfacet
  facet normal 0 -1 0
    outer loop
      vertex 0.5199999999999996 -0.009999999999999787 -3.4699999999999998
      vertex 2.0969006074354777 -0.009999999999999787 -3.74312645082258
      vertex 2.07 -0.009999999999999787 -3.4699999999999998
    endloop
  endfacet
  facet normal -0.4713967368259965 0 -0.8819212643483557
    outer loop
      vertex 1.8310678125921742 -0.009999999999999787 -5.922835356292509
      vertex 1.8310678125921742 0 -5.922835356292509
      vertex 2.3410838745229854 -0.009999999999999787 -6.195444620908296
    endloop
  endfacet
  facet normal -0.4713967368259965 0 -0.8819212643483557
    outer loop
      vertex 1.8310678125921742 0 -5.922835356292509
      vertex 2.3410838745229854 0 -6.195444620908296
      vertex 2.3410838745229854 -0.009999999999999787 -6.195444620908296
    endloop
  endfacet
  facet normal -0.2902846772544621 0 -0.9569403357322089
    outer loop
      vertex 2.3410838745229854 -0.009999999999999787 -6.195444620908296
      vertex 2.3410838745229854 0 -6.195444620908296
      vertex 2.8944835500524215 -0.009999999999999787 -6.363316577189529
    endloop
  endfacet
  facet normal 0 -1 0
    outer loop
      vertex 1.8310678125921742 -0.009999999999999787 -5.922835356292509
      vertex 2.3410838745229854 -0.009999999999999787 -6.195444620908296
      vertex 2.9342431946888743 -0.009999999999999787 -4.7634313455158015
    endloop
  endfacet
  facet normal 0 -1 0
    outer loop
      vertex 1.3840349954996847 -0.009999999999999787 -5.555965004500315
      vertex 1.8310678125921742 -0.009999999999999787 -5.922835356292509
      vertex 2.692201673772557 -0.009999999999999787 -4.634057457223563
    endloop
  endfacet
  facet normal 0 -1 0
    outer loop
      vertex 1.3840349954996847 -0.009999999999999787 -5.555965004500315
      vertex 2.692201673772557 -0.009999999999999787 -4.634057457223563
      vertex 2.480050506338833 -0.009999999999999787 -4.459949493661166
    endloop
  endfacet
  facet normal 0 -1 0
    outer loop
      vertex 1.8310678125921742 -0.009999999999999787 -5.922835356292509
      vertex 2.9342431946888743 -0.009999999999999787 -4.7634313455158015
      vertex 2.692201673772557 -0.009999999999999787 -4.634057457223563
    endloop
  endfacet
  facet normal -0.2902846772544621 0 -0.9569403357322089
    outer loop
      vertex 2.3410838745229854 0 -6.195444620908296
      vertex 2.8944835500524215 0 -6.363316577189529
      vertex 2.8944835500524215 -0.009999999999999787 -6.363316577189529
    endloop
  endfacet
  facet normal 0 -1 0
    outer loop
      vertex 2.3410838745229854 -0.009999999999999787 -6.195444620908296
      vertex 2.8944835500524215 -0.009999999999999787 -6.363316577189529
      vertex 3.19687354917742 -0.009999999999999787 -4.843099392564522
    endloop
  endfacet
  facet normal -0.09801714032956146 0 -0.9951847266721967
    outer loop
      vertex 2.8944835500524215 -0.009999999999999787 -6.363316577189529
      vertex 2.8944835500524215 0 -6.363316577189529
      vertex 3.4699999999999998 -0.009999999999999787 -6.42
    endloop
  endfacet
  facet normal -0.09801714032956146 0 -0.9951847266721967
    outer loop
      vertex 2.8944835500524215 0 -6.363316577189529
      vertex 3.4699999999999998 0 -6.42
      vertex 3.4699999999999998 -0.009999999999999787 -6.42
    endloop
  endfacet
  facet normal 0 -1 0
    outer loop
      vertex 2.8944835500524215 -0.009999999999999787 -6.363316577189529
      vertex 3.4699999999999998 -0.009999999999999787 -6.42
      vertex 3.4699999999999998 -0.009999999999999787 -4.869999999999999
    endloop
  endfacet
  facet normal 0 -1 0
    outer loop
      vertex 2.3410838745229854 -0.009999999999999787 -6.195444620908296
      vertex 3.19687354917742 -0.009999999999999787 -4.843099392564522
      vertex 2.9342431946888743 -0.009999999999999787 -4.7634313455158015
    endloop
  endfacet
  facet normal 0 -1 0
    outer loop
      vertex 2.8944835500524215 -0.009999999999999787 -6.363316577189529
      vertex 3.4699999999999998 -0.009999999999999787 -4.869999999999999
      vertex 3.19687354917742 -0.009999999999999787 -4.843099392564522
    endloop
  endfacet
  facet normal 0 -1 0
    outer loop
      vertex 1.017164643707491 -0.009999999999999787 -5.108932187407826
      vertex 2.480050506338833 -0.009999999999999787 -4.459949493661166
      vertex 2.305942542776436 -0.009999999999999787 -4.247798326227443
    endloop
  endfacet
  facet normal 0 -1 0
    outer loop
      vertex 0.7445553790917043 -0.009999999999999787 -4.598916125477016
      vertex 2.305942542776436 -0.009999999999999787 -4.247798326227443
      vertex 2.176568654484199 -0.009999999999999787 -4.005756805311126
    endloop
  endfacet
  facet normal -0.9951847266721968 0 0.09801714032956071
    outer loop
      vertex 0.5199999999999996 -0.009999999999999787 -3.4699999999999998
      vertex 0.5766834228104698 -0.009999999999999787 -2.8944835500524215
      vertex 0.5766834228104698 0 -2.8944835500524215
    endloop
  endfacet
  facet normal -0.9569403357322089 0 0.29028467725446233
    outer loop
      vertex 0.5766834228104698 -0.009999999999999787 -2.8944835500524215
      vertex 0.7445553790917039 0 -2.3410838745229845
      vertex 0.5766834228104698 0 -2.8944835500524215
    endloop
  endfacet
  facet normal -0.9569403357322089 0 0.29028467725446233
    outer loop
      vertex 0.5766834228104698 -0.009999999999999787 -2.8944835500524215
      vertex 0.7445553790917039 -0.009999999999999787 -2.3410838745229845
      vertex 0.7445553790917039 0 -2.3410838745229845
    endloop
  endfacet
  facet normal -0.8819212643483549 0 0.47139673682599786
    outer loop
      vertex 0.7445553790917039 -0.009999999999999787 -2.3410838745229845
      vertex 1.0171646437074906 0 -1.8310678125921744
      vertex 0.7445553790917039 0 -2.3410838745229845
    endloop
  endfacet
  facet normal 0 -1 0
    outer loop
      vertex 0.5766834228104698 -0.009999999999999787 -2.8944835500524215
      vertex 2.0969006074354772 -0.009999999999999787 -3.19687354917742
      vertex 0.7445553790917039 -0.009999999999999787 -2.3410838745229845
    endloop
  endfacet
  facet normal 0 -1 0
    outer loop
      vertex 0.5766834228104698 -0.009999999999999787 -2.8944835500524215
      vertex 2.07 -0.009999999999999787 -3.4699999999999998
      vertex 2.0969006074354772 -0.009999999999999787 -3.19687354917742
    endloop
  endfacet
  facet normal 0 -1 0
    outer loop
      vertex 0.7445553790917039 -0.009999999999999787 -2.3410838745229845
      vertex 2.0969006074354772 -0.009999999999999787 -3.19687354917742
      vertex 2.1765686544841985 -0.009999999999999787 -2.934243194688874
    endloop
  endfacet
  facet normal -0.8819212643483549 0 0.47139673682599786
    outer loop
      vertex 0.7445553790917039 -0.009999999999999787 -2.3410838745229845
      vertex 1.0171646437074906 -0.009999999999999787 -1.8310678125921744
      vertex 1.0171646437074906 0 -1.8310678125921744
    endloop
  endfacet
  facet normal -0.7730104533627374 0 0.6343932841636448
    outer loop
      vertex 1.0171646437074906 -0.009999999999999787 -1.8310678125921744
      vertex 1.3840349954996838 0 -1.3840349954996851
      vertex 1.0171646437074906 0 -1.8310678125921744
    endloop
  endfacet
  facet normal 0 -1 0
    outer loop
      vertex 0.7445553790917039 -0.009999999999999787 -2.3410838745229845
      vertex 2.1765686544841985 -0.009999999999999787 -2.934243194688874
      vertex 1.0171646437074906 -0.009999999999999787 -1.8310678125921744
    endloop
  endfacet
  facet normal 0 -1 0
    outer loop
      vertex 1.0171646437074906 -0.009999999999999787 -1.8310678125921744
      vertex 2.3059425427764366 -0.009999999999999787 -2.692201673772557
      vertex 1.3840349954996838 -0.009999999999999787 -1.3840349954996851
    endloop
  endfacet
  facet normal -0.7730104533627374 0 0.6343932841636448
    outer loop
      vertex 1.0171646437074906 -0.009999999999999787 -1.8310678125921744
      vertex 1.3840349954996838 -0.009999999999999787 -1.3840349954996851
      vertex 1.3840349954996838 0 -1.3840349954996851
    endloop
  endfacet
  facet normal -0.6343932841636457 0 0.7730104533627367
    outer loop
      vertex 1.3840349954996838 -0.009999999999999787 -1.3840349954996851
      vertex 1.831067812592173 0 -1.017164643707491
      vertex 1.3840349954996838 0 -1.3840349954996851
    endloop
  endfacet
  facet normal -0.6343932841636457 0 0.7730104533627367
    outer loop
      vertex 1.3840349954996838 -0.009999999999999787 -1.3840349954996851
      vertex 1.831067812592173 -0.009999999999999787 -1.017164643707491
      vertex 1.831067812592173 0 -1.017164643707491
    endloop
  endfacet
  facet normal 0 -1 0
    outer loop
      vertex 1.0171646437074906 -0.009999999999999787 -1.8310678125921744
      vertex 2.1765686544841985 -0.009999999999999787 -2.934243194688874
      vertex 2.3059425427764366 -0.009999999999999787 -2.692201673772557
    endloop
  endfacet
  facet normal 0 -1 0
    outer loop
      vertex 1.3840349954996838 -0.009999999999999787 -1.3840349954996851
      vertex 2.3059425427764366 -0.009999999999999787 -2.692201673772557
      vertex 2.480050506338833 -0.009999999999999787 -2.4800505063388334
    endloop
  endfacet
  facet normal 0 -1 0
    outer loop
      vertex 1.3840349954996838 -0.009999999999999787 -1.3840349954996851
      vertex 2.480050506338833 -0.009999999999999787 -2.4800505063388334
      vertex 1.831067812592173 -0.009999999999999787 -1.017164643707491
    endloop
  endfacet
  facet normal 0 -1 0
    outer loop
      vertex 1.831067812592173 -0.009999999999999787 -1.017164643707491
      vertex 2.480050506338833 -0.009999999999999787 -2.4800505063388334
      vertex 2.6922016737725567 -0.009999999999999787 -2.305942542776436
    endloop
  endfacet
  facet normal 0 -1 0
    outer loop
      vertex 2.3410838745229827 -0.009999999999999787 -0.7445553790917043
      vertex 2.6922016737725567 -0.009999999999999787 -2.305942542776436
      vertex 2.9342431946888734 -0.009999999999999787 -2.176568654484199
    endloop
  endfacet
  facet normal 0 -1 0
    outer loop
      vertex 2.8944835500524198 -0.009999999999999787 -0.5766834228104702
      vertex 2.9342431946888734 -0.009999999999999787 -2.176568654484199
      vertex 3.1968735491774196 -0.009999999999999787 -2.0969006074354777
    endloop
  endfacet
  facet normal -0.47139673682599814 0 0.8819212643483547
    outer loop
      vertex 1.831067812592173 -0.009999999999999787 -1.017164643707491
      vertex 2.3410838745229827 0 -0.7445553790917043
      vertex 1.831067812592173 0 -1.017164643707491
    endloop
  endfacet
  facet normal 0 -1 0
    outer loop
      vertex 1.831067812592173 -0.009999999999999787 -1.017164643707491
      vertex 2.6922016737725567 -0.009999999999999787 -2.305942542776436
      vertex 2.3410838745229827 -0.009999999999999787 -0.7445553790917043
    endloop
  endfacet
  facet normal -0.47139673682599814 0 0.8819212643483547
    outer loop
      vertex 1.831067812592173 -0.009999999999999787 -1.017164643707491
      vertex 2.3410838745229827 -0.009999999999999787 -0.7445553790917043
      vertex 2.3410838745229827 0 -0.7445553790917043
    endloop
  endfacet
  facet normal -0.29028467725446233 0 0.9569403357322089
    outer loop
      vertex 2.3410838745229827 -0.009999999999999787 -0.7445553790917043
      vertex 2.8944835500524198 0 -0.5766834228104702
      vertex 2.3410838745229827 0 -0.7445553790917043
    endloop
  endfacet
  facet normal 0 -1 0
    outer loop
      vertex 2.3410838745229827 -0.009999999999999787 -0.7445553790917043
      vertex 2.9342431946888734 -0.009999999999999787 -2.176568654484199
      vertex 2.8944835500524198 -0.009999999999999787 -0.5766834228104702
    endloop
  endfacet
  facet normal 0 -1 0
    outer loop
      vertex 3.4699999999999998 -0.009999999999999787 -0.5199999999999996
      vertex 3.1968735491774196 -0.009999999999999787 -2.0969006074354777
      vertex 3.4699999999999998 -0.009999999999999787 -2.07
    endloop
  endfacet
  facet normal 0 -1 0
    outer loop
      vertex 2.8944835500524198 -0.009999999999999787 -0.5766834228104702
      vertex 3.1968735491774196 -0.009999999999999787 -2.0969006074354777
      vertex 3.4699999999999998 -0.009999999999999787 -0.5199999999999996
    endloop
  endfacet
  facet normal -0.29028467725446233 0 0.9569403357322089
    outer loop
      vertex 2.3410838745229827 -0.009999999999999787 -0.7445553790917043
      vertex 2.8944835500524198 -0.009999999999999787 -0.5766834228104702
      vertex 2.8944835500524198 0 -0.5766834228104702
    endloop
  endfacet
  facet normal -0.09801714032956119 0 0.9951847266721969
    outer loop
      vertex 2.8944835500524198 -0.009999999999999787 -0.5766834228104702
      vertex 3.4699999999999998 0 -0.5199999999999996
      vertex 2.8944835500524198 0 -0.5766834228104702
    endloop
  endfacet
  facet normal -0.09801714032956119 0 0.9951847266721969
    outer loop
      vertex 2.8944835500524198 -0.009999999999999787 -0.5766834228104702
      vertex 3.4699999999999998 -0.009999999999999787 -0.5199999999999996
      vertex 3.4699999999999998 0 -0.5199999999999996
    endloop
  endfacet
  facet normal 0.09801714032956119 0 -0.9951847266721969
    outer loop
      vertex 3.4699999999999998 -0.009999999999999787 -6.42
      vertex 3.4699999999999998 0 -6.42
      vertex 4.04551644994758 -0.009999999999999787 -6.363316577189529
    endloop
  endfacet
  facet normal 0.09801714032956119 0 -0.9951847266721969
    outer loop
      vertex 3.4699999999999998 0 -6.42
      vertex 4.04551644994758 0 -6.363316577189529
      vertex 4.04551644994758 -0.009999999999999787 -6.363316577189529
    endloop
  endfacet
  facet normal 0 -1 0
    outer loop
      vertex 3.4699999999999998 -0.009999999999999787 -6.42
      vertex 4.04551644994758 -0.009999999999999787 -6.363316577189529
      vertex 3.74312645082258 -0.009999999999999787 -4.843099392564522
    endloop
  endfacet
  facet normal 0.29028467725446233 0 -0.9569403357322088
    outer loop
      vertex 4.04551644994758 -0.009999999999999787 -6.363316577189529
      vertex 4.04551644994758 0 -6.363316577189529
      vertex 4.5989161254770154 -0.009999999999999787 -6.195444620908296
    endloop
  endfacet
  facet normal 0 -1 0
    outer loop
      vertex 4.04551644994758 -0.009999999999999787 -6.363316577189529
      vertex 4.5989161254770154 -0.009999999999999787 -6.195444620908296
      vertex 4.005756805311126 -0.009999999999999787 -4.7634313455158015
    endloop
  endfacet
  facet normal 0 -1 0
    outer loop
      vertex 3.4699999999999998 -0.009999999999999787 -6.42
      vertex 3.74312645082258 -0.009999999999999787 -4.843099392564522
      vertex 3.4699999999999998 -0.009999999999999787 -4.869999999999999
    endloop
  endfacet
  facet normal 0 -1 0
    outer loop
      vertex 4.04551644994758 -0.009999999999999787 -6.363316577189529
      vertex 4.005756805311126 -0.009999999999999787 -4.7634313455158015
      vertex 3.74312645082258 -0.009999999999999787 -4.843099392564522
    endloop
  endfacet
  facet normal 0 -1 0
    outer loop
      vertex 4.5989161254770154 -0.009999999999999787 -6.195444620908296
      vertex 4.247798326227443 -0.009999999999999787 -4.634057457223563
      vertex 4.005756805311126 -0.009999999999999787 -4.7634313455158015
    endloop
  endfacet
  facet normal 0.29028467725446233 0 -0.9569403357322088
    outer loop
      vertex 4.04551644994758 0 -6.363316577189529
      vertex 4.5989161254770154 0 -6.195444620908296
      vertex 4.5989161254770154 -0.009999999999999787 -6.195444620908296
    endloop
  endfacet
  facet normal 0.47139673682599775 0 -0.8819212643483549
    outer loop
      vertex 4.5989161254770154 -0.009999999999999787 -6.195444620908296
      vertex 4.5989161254770154 0 -6.195444620908296
      vertex 5.108932187407826 -0.009999999999999787 -5.9228353562925085
    endloop
  endfacet
  facet normal 0.47139673682599775 0 -0.8819212643483549
    outer loop
      vertex 4.5989161254770154 0 -6.195444620908296
      vertex 5.108932187407826 0 -5.9228353562925085
      vertex 5.108932187407826 -0.009999999999999787 -5.9228353562925085
    endloop
  endfacet
  facet normal 0 -1 0
    outer loop
      vertex 4.5989161254770154 -0.009999999999999787 -6.195444620908296
      vertex 5.108932187407826 -0.009999999999999787 -5.9228353562925085
      vertex 4.247798326227443 -0.009999999999999787 -4.634057457223563
    endloop
  endfacet
  facet normal 0 -1 0
    outer loop
      vertex 5.108932187407826 -0.009999999999999787 -5.9228353562925085
      vertex 4.459949493661166 -0.009999999999999787 -4.459949493661166
      vertex 4.247798326227443 -0.009999999999999787 -4.634057457223563
    endloop
  endfacet
  facet normal 0 -1 0
    outer loop
      vertex 5.108932187407826 -0.009999999999999787 -5.9228353562925085
      vertex 5.555965004500315 -0.009999999999999787 -5.555965004500315
      vertex 4.459949493661166 -0.009999999999999787 -4.459949493661166
    endloop
  endfacet
  facet normal 0 -1 0
    outer loop
      vertex 5.555965004500315 -0.009999999999999787 -5.555965004500315
      vertex 4.634057457223563 -0.009999999999999787 -4.247798326227443
      vertex 4.459949493661166 -0.009999999999999787 -4.459949493661166
    endloop
  endfacet
  facet normal 0 -1 0
    outer loop
      vertex 5.9228353562925085 -0.009999999999999787 -5.1089321874078255
      vertex 4.7634313455158015 -0.009999999999999787 -4.005756805311125
      vertex 4.634057457223563 -0.009999999999999787 -4.247798326227443
    endloop
  endfacet
  facet normal 0.6343932841636453 0 -0.7730104533627372
    outer loop
      vertex 5.108932187407826 -0.009999999999999787 -5.9228353562925085
      vertex 5.108932187407826 0 -5.9228353562925085
      vertex 5.555965004500315 -0.009999999999999787 -5.555965004500315
    endloop
  endfacet
  facet normal 0.6343932841636453 0 -0.7730104533627372
    outer loop
      vertex 5.108932187407826 0 -5.9228353562925085
      vertex 5.555965004500315 0 -5.555965004500315
      vertex 5.555965004500315 -0.009999999999999787 -5.555965004500315
    endloop
  endfacet
  facet normal 0 -1 0
    outer loop
      vertex 5.555965004500315 -0.009999999999999787 -5.555965004500315
      vertex 5.9228353562925085 -0.009999999999999787 -5.1089321874078255
      vertex 4.634057457223563 -0.009999999999999787 -4.247798326227443
    endloop
  endfacet
  facet normal 0.7730104533627378 0 -0.6343932841636445
    outer loop
      vertex 5.555965004500315 -0.009999999999999787 -5.555965004500315
      vertex 5.555965004500315 0 -5.555965004500315
      vertex 5.9228353562925085 -0.009999999999999787 -5.1089321874078255
    endloop
  endfacet
  facet normal 0.7730104533627378 0 -0.6343932841636445
    outer loop
      vertex 5.555965004500315 0 -5.555965004500315
      vertex 5.9228353562925085 0 -5.1089321874078255
      vertex 5.9228353562925085 -0.009999999999999787 -5.1089321874078255
    endloop
  endfacet
  facet normal 0.8819212643483549 0 -0.47139673682599775
    outer loop
      vertex 5.9228353562925085 -0.009999999999999787 -5.1089321874078255
      vertex 5.9228353562925085 0 -5.1089321874078255
      vertex 6.195444620908296 -0.009999999999999787 -4.598916125477015
    endloop
  endfacet
  facet normal 0 -1 0
    outer loop
      vertex 5.9228353562925085 -0.009999999999999787 -5.1089321874078255
      vertex 6.195444620908296 -0.009999999999999787 -4.598916125477015
      vertex 4.7634313455158015 -0.009999999999999787 -4.005756805311125
    endloop
  endfacet
  facet normal 0 -1 0
    outer loop
      vertex 6.195444620908296 -0.009999999999999787 -4.598916125477015
      vertex 4.843099392564522 -0.009999999999999787 -3.743126450822579
      vertex 4.7634313455158015 -0.009999999999999787 -4.005756805311125
    endloop
  endfacet
  facet normal 0 -1 0
    outer loop
      vertex 6.195444620908296 -0.009999999999999787 -4.598916125477015
      vertex 6.363316577189529 -0.009999999999999787 -4.045516449947578
      vertex 4.843099392564522 -0.009999999999999787 -3.743126450822579
    endloop
  endfacet
  facet normal 0 -1 0
    outer loop
      vertex 6.363316577189529 -0.009999999999999787 -4.045516449947578
      vertex 4.869999999999999 -0.009999999999999787 -3.4699999999999998
      vertex 4.843099392564522 -0.009999999999999787 -3.743126450822579
    endloop
  endfacet
  facet normal 0 -1 0
    outer loop
      vertex 6.42 -0.009999999999999787 -3.4699999999999998
      vertex 4.843099392564522 -0.009999999999999787 -3.19687354917742
      vertex 4.869999999999999 -0.009999999999999787 -3.4699999999999998
    endloop
  endfacet
  facet normal 0 -1 0
    outer loop
      vertex 6.363316577189529 -0.009999999999999787 -4.045516449947578
      vertex 6.42 -0.009999999999999787 -3.4699999999999998
      vertex 4.869999999999999 -0.009999999999999787 -3.4699999999999998
    endloop
  endfacet
  facet normal 0.8819212643483549 0 -0.47139673682599775
    outer loop
      vertex 5.9228353562925085 0 -5.1089321874078255
      vertex 6.195444620908296 0 -4.598916125477015
      vertex 6.195444620908296 -0.009999999999999787 -4.598916125477015
    endloop
  endfacet
  facet normal 0.956940335732209 0 -0.2902846772544619
    outer loop
      vertex 6.195444620908296 -0.009999999999999787 -4.598916125477015
      vertex 6.195444620908296 0 -4.598916125477015
      vertex 6.363316577189529 -0.009999999999999787 -4.045516449947578
    endloop
  endfacet
  facet normal 0.956940335732209 0 -0.2902846772544619
    outer loop
      vertex 6.195444620908296 0 -4.598916125477015
      vertex 6.363316577189529 0 -4.045516449947578
      vertex 6.363316577189529 -0.009999999999999787 -4.045516449947578
    endloop
  endfacet
  facet normal 0.9951847266721967 0 -0.09801714032956146
    outer loop
      vertex 6.363316577189529 -0.009999999999999787 -4.045516449947578
      vertex 6.363316577189529 0 -4.045516449947578
      vertex 6.42 -0.009999999999999787 -3.4699999999999998
    endloop
  endfacet
  facet normal 0.9951847266721967 0 -0.09801714032956146
    outer loop
      vertex 6.363316577189529 0 -4.045516449947578
      vertex 6.42 0 -3.4699999999999998
      vertex 6.42 -0.009999999999999787 -3.4699999999999998
    endloop
  endfacet
  facet normal 0.9951847266721968 0 0.09801714032956141
    outer loop
      vertex 6.42 -0.009999999999999787 -3.4699999999999998
      vertex 6.42 0 -3.4699999999999998
      vertex 6.363316577189529 -0.009999999999999787 -2.894483550052421
    endloop
  endfacet
  facet normal 0 -1 0
    outer loop
      vertex 4.598916125477015 -0.009999999999999787 -0.7445553790917039
      vertex 3.7431264508225794 -0.009999999999999787 -2.0969006074354772
      vertex 4.005756805311125 -0.009999999999999787 -2.1765686544841985
    endloop
  endfacet
  facet normal 0 -1 0
    outer loop
      vertex 6.195444620908296 -0.009999999999999787 -2.3410838745229845
      vertex 4.634057457223563 -0.009999999999999787 -2.6922016737725567
      vertex 4.7634313455158015 -0.009999999999999787 -2.934243194688874
    endloop
  endfacet
  facet normal 0 -1 0
    outer loop
      vertex 5.555965004500315 -0.009999999999999787 -1.3840349954996842
      vertex 4.247798326227443 -0.009999999999999787 -2.305942542776436
      vertex 4.459949493661166 -0.009999999999999787 -2.4800505063388334
    endloop
  endfacet
  facet normal 0 -1 0
    outer loop
      vertex 5.1089321874078255 -0.009999999999999787 -1.017164643707491
      vertex 4.005756805311125 -0.009999999999999787 -2.1765686544841985
      vertex 4.247798326227443 -0.009999999999999787 -2.305942542776436
    endloop
  endfacet
  facet normal 0 -1 0
    outer loop
      vertex 5.9228353562925085 -0.009999999999999787 -1.8310678125921727
      vertex 4.459949493661166 -0.009999999999999787 -2.4800505063388334
      vertex 4.634057457223563 -0.009999999999999787 -2.6922016737725567
    endloop
  endfacet
  facet normal 0 -1 0
    outer loop
      vertex 4.045516449947578 -0.009999999999999787 -0.5766834228104698
      vertex 3.4699999999999998 -0.009999999999999787 -2.07
      vertex 3.7431264508225794 -0.009999999999999787 -2.0969006074354772
    endloop
  endfacet
  facet normal 0 -1 0
    outer loop
      vertex 3.4699999999999998 -0.009999999999999787 -0.5199999999999996
      vertex 3.4699999999999998 -0.009999999999999787 -2.07
      vertex 4.045516449947578 -0.009999999999999787 -0.5766834228104698
    endloop
  endfacet
  facet normal 0 -1 0
    outer loop
      vertex 4.045516449947578 -0.009999999999999787 -0.5766834228104698
      vertex 3.7431264508225794 -0.009999999999999787 -2.0969006074354772
      vertex 4.598916125477015 -0.009999999999999787 -0.7445553790917039
    endloop
  endfacet
  facet normal 0.09801714032956071 0 0.9951847266721968
    outer loop
      vertex 3.4699999999999998 -0.009999999999999787 -0.5199999999999996
      vertex 4.045516449947578 0 -0.5766834228104698
      vertex 3.4699999999999998 0 -0.5199999999999996
    endloop
  endfacet
  facet normal 0.09801714032956071 0 0.9951847266721968
    outer loop
      vertex 3.4699999999999998 -0.009999999999999787 -0.5199999999999996
      vertex 4.045516449947578 -0.009999999999999787 -0.5766834228104698
      vertex 4.045516449947578 0 -0.5766834228104698
    endloop
  endfacet
  facet normal 0.2902846772544626 0 0.9569403357322088
    outer loop
      vertex 4.045516449947578 -0.009999999999999787 -0.5766834228104698
      vertex 4.598916125477015 0 -0.7445553790917039
      vertex 4.045516449947578 0 -0.5766834228104698
    endloop
  endfacet
  facet normal 0 -1 0
    outer loop
      vertex 5.1089321874078255 -0.009999999999999787 -1.017164643707491
      vertex 4.598916125477015 -0.009999999999999787 -0.7445553790917039
      vertex 4.005756805311125 -0.009999999999999787 -2.1765686544841985
    endloop
  endfacet
  facet normal 0.47139673682599775 0 0.8819212643483549
    outer loop
      vertex 5.1089321874078255 0 -1.017164643707491
      vertex 4.598916125477015 0 -0.7445553790917039
      vertex 4.598916125477015 -0.009999999999999787 -0.7445553790917039
    endloop
  endfacet
  facet normal 0 -1 0
    outer loop
      vertex 5.1089321874078255 -0.009999999999999787 -1.017164643707491
      vertex 4.247798326227443 -0.009999999999999787 -2.305942542776436
      vertex 5.555965004500315 -0.009999999999999787 -1.3840349954996842
    endloop
  endfacet
  facet normal 0.47139673682599775 0 0.8819212643483549
    outer loop
      vertex 5.1089321874078255 -0.009999999999999787 -1.017164643707491
      vertex 5.1089321874078255 0 -1.017164643707491
      vertex 4.598916125477015 -0.009999999999999787 -0.7445553790917039
    endloop
  endfacet
  facet normal 0.2902846772544626 0 0.9569403357322088
    outer loop
      vertex 4.045516449947578 -0.009999999999999787 -0.5766834228104698
      vertex 4.598916125477015 -0.009999999999999787 -0.7445553790917039
      vertex 4.598916125477015 0 -0.7445553790917039
    endloop
  endfacet
  facet normal 0 -1 0
    outer loop
      vertex 6.363316577189529 -0.009999999999999787 -2.894483550052421
      vertex 4.7634313455158015 -0.009999999999999787 -2.934243194688874
      vertex 4.843099392564522 -0.009999999999999787 -3.19687354917742
    endloop
  endfacet
  facet normal 0 -1 0
    outer loop
      vertex 6.42 -0.009999999999999787 -3.4699999999999998
      vertex 6.363316577189529 -0.009999999999999787 -2.894483550052421
      vertex 4.843099392564522 -0.009999999999999787 -3.19687354917742
    endloop
  endfacet
  facet normal 0 -1 0
    outer loop
      vertex 6.363316577189529 -0.009999999999999787 -2.894483550052421
      vertex 6.195444620908296 -0.009999999999999787 -2.3410838745229845
      vertex 4.7634313455158015 -0.009999999999999787 -2.934243194688874
    endloop
  endfacet
  facet normal 0 -1 0
    outer loop
      vertex 5.9228353562925085 -0.009999999999999787 -1.8310678125921727
      vertex 4.634057457223563 -0.009999999999999787 -2.6922016737725567
      vertex 6.195444620908296 -0.009999999999999787 -2.3410838745229845
    endloop
  endfacet
  facet normal 0 -1 0
    outer loop
      vertex 5.9228353562925085 -0.009999999999999787 -1.8310678125921727
      vertex 5.555965004500315 -0.009999999999999787 -1.3840349954996842
      vertex 4.459949493661166 -0.009999999999999787 -2.4800505063388334
    endloop
  endfacet
  facet normal 0.7730104533627369 0 0.6343932841636456
    outer loop
      vertex 5.9228353562925085 -0.009999999999999787 -1.8310678125921727
      vertex 5.9228353562925085 0 -1.8310678125921727
      vertex 5.555965004500315 -0.009999999999999787 -1.3840349954996842
    endloop
  endfacet
  facet normal 0.8819212643483553 0 0.4713967368259971
    outer loop
      vertex 5.9228353562925085 -0.009999999999999787 -1.8310678125921727
      vertex 6.195444620908296 0 -2.3410838745229845
      vertex 5.9228353562925085 0 -1.8310678125921727
    endloop
  endfacet
  facet normal 0.9951847266721968 0 0.09801714032956141
    outer loop
      vertex 6.42 0 -3.4699999999999998
      vertex 6.363316577189529 0 -2.894483550052421
      vertex 6.363316577189529 -0.009999999999999787 -2.894483550052421
    endloop
  endfacet
  facet normal 0.956940335732209 0 0.2902846772544619
    outer loop
      vertex 6.363316577189529 0 -2.894483550052421
      vertex 6.195444620908296 0 -2.3410838745229845
      vertex 6.195444620908296 -0.009999999999999787 -2.3410838745229845
    endloop
  endfacet
  facet normal 0.956940335732209 0 0.2902846772544619
    outer loop
      vertex 6.363316577189529 -0.009999999999999787 -2.894483550052421
      vertex 6.363316577189529 0 -2.894483550052421
      vertex 6.195444620908296 -0.009999999999999787 -2.3410838745229845
    endloop
  endfacet
  facet normal 0.8819212643483553 0 0.4713967368259971
    outer loop
      vertex 5.9228353562925085 -0.009999999999999787 -1.8310678125921727
      vertex 6.195444620908296 -0.009999999999999787 -2.3410838745229845
      vertex 6.195444620908296 0 -2.3410838745229845
    endloop
  endfacet
  facet normal 0.6343932841636445 0 0.7730104533627378
    outer loop
      vertex 5.1089321874078255 -0.009999999999999787 -1.017164643707491
      vertex 5.555965004500315 -0.009999999999999787 -1.3840349954996842
      vertex 5.555965004500315 0 -1.3840349954996842
    endloop
  endfacet
  facet normal 0.6343932841636445 0 0.7730104533627378
    outer loop
      vertex 5.1089321874078255 -0.009999999999999787 -1.017164643707491
      vertex 5.555965004500315 0 -1.3840349954996842
      vertex 5.1089321874078255 0 -1.017164643707491
    endloop
  endfacet
  facet normal 0.7730104533627369 0 0.6343932841636456
    outer loop
      vertex 5.9228353562925085 0 -1.8310678125921727
      vertex 5.555965004500315 0 -1.3840349954996842
      vertex 5.555965004500315 -0.009999999999999787 -1.3840349954996842
    endloop
  endfacet
  facet normal 0 -1 0
    outer loop
      vertex 1.192092646817855e-9 0 -6.42
      vertex 1.3840349954996847 0 -5.555965004500315
      vertex 1.017164643707491 0 -5.108932187407826
    endloop
  endfacet
  facet normal -1 0 0
    outer loop
      vertex 1.192092646817855e-9 0 -6.42
      vertex 1.192092646817855e-9 0 -3.4699999970197677
      vertex 1.192092646817855e-9 2 -6.42
    endloop
  endfacet
  facet normal 0 -1 0
    outer loop
      vertex 1.192092646817855e-9 0 -6.42
      vertex 1.017164643707491 0 -5.108932187407826
      vertex 0.7445553790917043 0 -4.598916125477016
    endloop
  endfacet
  facet normal 0 -1 0
    outer loop
      vertex 1.192092646817855e-9 0 -6.42
      vertex 0.7445553790917043 0 -4.598916125477016
      vertex 0.5766834228104702 0 -4.04551644994758
    endloop
  endfacet
  facet normal 0 -1 0
    outer loop
      vertex 1.192092646817855e-9 0 -6.42
      vertex 1.8310678125921742 0 -5.922835356292509
      vertex 1.3840349954996847 0 -5.555965004500315
    endloop
  endfacet
  facet normal 0 -1 0
    outer loop
      vertex 1.192092646817855e-9 0 -6.42
      vertex 2.3410838745229854 0 -6.195444620908296
      vertex 1.8310678125921742 0 -5.922835356292509
    endloop
  endfacet
  facet normal 0 -1 0
    outer loop
      vertex 1.192092646817855e-9 0 -6.42
      vertex 0.5766834228104702 0 -4.04551644994758
      vertex 0.5199999999999996 0 -3.4699999999999998
    endloop
  endfacet
  facet normal 0 -1 0
    outer loop
      vertex 1.192092646817855e-9 0 -6.42
      vertex 0.01670900106430029 0 -3.1298805233836173
      vertex 1.192092646817855e-9 0 -3.4699999970197677
    endloop
  endfacet
  facet normal 0 -1 0
    outer loop
      vertex 1.192092646817855e-9 0 -6.42
      vertex 0.5199999999999996 0 -3.4699999999999998
      vertex 0.01670900106430029 0 -3.1298805233836173
    endloop
  endfacet
  facet normal -0.9987954559767426 0 0.04906767897721206
    outer loop
      vertex 1.192092646817855e-9 0 -3.4699999970197677
      vertex 0.01670900106430029 0 -3.1298805233836173
      vertex 1.192092646817855e-9 2 -3.4699999970197677
    endloop
  endfacet
  facet normal -1 0 0
    outer loop
      vertex 1.192092646817855e-9 0 -3.4699999970197677
      vertex 1.192092646817855e-9 2 -3.4699999970197677
      vertex 1.192092646817855e-9 2 -6.42
    endloop
  endfacet
  facet normal -0.9987954559767426 0 0.04906767897721206
    outer loop
      vertex 1.192092646817855e-9 2 -3.4699999970197677
      vertex 0.01670900106430029 0 -3.1298805233836173
      vertex 0.01670900106430029 2 -3.1298805233836173
    endloop
  endfacet
  facet normal -1 0 0
    outer loop
      vertex 1.192092646817855e-9 2 -6.42
      vertex 1.192092646817855e-9 2 -3.4699999970197677
      vertex 1.192092646817855e-9 4 -6.42
    endloop
  endfacet
  facet normal -0.9987954559767426 0 0.04906767897721206
    outer loop
      vertex 1.192092646817855e-9 2 -3.4699999970197677
      vertex 0.01670900106430029 2 -3.1298805233836173
      vertex 1.192092646817855e-9 4 -3.4699999970197677
    endloop
  endfacet
  facet normal -1 0 0
    outer loop
      vertex 1.192092646817855e-9 2 -3.4699999970197677
      vertex 1.192092646817855e-9 4 -3.4699999970197677
      vertex 1.192092646817855e-9 4 -6.42
    endloop
  endfacet
  facet normal -0.9987954559767426 0 0.04906767897721206
    outer loop
      vertex 0.01670900106430029 2 -3.1298805233836173
      vertex 0.01670900106430029 4 -3.1298805233836173
      vertex 1.192092646817855e-9 4 -3.4699999970197677
    endloop
  endfacet
  facet normal 0 -1 0
    outer loop
      vertex 1.192092646817855e-9 0 -6.42
      vertex 2.8944835500524215 0 -6.363316577189529
      vertex 2.3410838745229854 0 -6.195444620908296
    endloop
  endfacet
  facet normal 0 -1 0
    outer loop
      vertex 1.192092646817855e-9 0 -6.42
      vertex 3.4699999999999998 0 -6.42
      vertex 2.8944835500524215 0 -6.363316577189529
    endloop
  endfacet
  facet normal 0 0 -1
    outer loop
      vertex 1.192092646817855e-9 0 -6.42
      vertex 1.192092646817855e-9 2 -6.42
      vertex 6.939999998807907 2 -6.42
    endloop
  endfacet
  facet normal 0 0 -1
    outer loop
      vertex 1.192092646817855e-9 2 -6.42
      vertex 1.192092646817855e-9 4 -6.42
      vertex 6.939999998807907 4 -6.42
    endloop
  endfacet
  facet normal 0 -1 0
    outer loop
      vertex 0.5199999999999996 0 -3.4699999999999998
      vertex 0.5766834228104698 0 -2.8944835500524215
      vertex 0.01670900106430029 0 -3.1298805233836173
    endloop
  endfacet
  facet normal 0 -1 0
    outer loop
      vertex 0.01670900106430029 0 -3.1298805233836173
      vertex 0.5766834228104698 0 -2.8944835500524215
      vertex 0.06667507559061026 0 -2.7930365857481956
    endloop
  endfacet
  facet normal 0 -1 0
    outer loop
      vertex 0.06667507559061026 0 -2.7930365857481956
      vertex 0.7445553790917039 0 -2.3410838745229845
      vertex 0.14941703647375082 0 -2.462712166905403
    endloop
  endfacet
  facet normal -0.9891765115030899 0 0.1467304640849242
    outer loop
      vertex 0.01670900106430029 0 -3.1298805233836173
      vertex 0.06667507559061026 0 -2.7930365857481956
      vertex 0.01670900106430029 2 -3.1298805233836173
    endloop
  endfacet
  facet normal -0.9700312522738085 0 0.24298018357904574
    outer loop
      vertex 0.06667507559061026 0 -2.7930365857481956
      vertex 0.14941703647375082 0 -2.462712166905403
      vertex 0.06667507559061026 2 -2.7930365857481956
    endloop
  endfacet
  facet normal 0 -1 0
    outer loop
      vertex 0.06667507559061026 0 -2.7930365857481956
      vertex 0.5766834228104698 0 -2.8944835500524215
      vertex 0.7445553790917039 0 -2.3410838745229845
    endloop
  endfacet
  facet normal 0 -1 0
    outer loop
      vertex 0.14941703647375082 0 -2.462712166905403
      vertex 0.7445553790917039 0 -2.3410838745229845
      vertex 0.2641380217671392 0 -2.1420884934067725
    endloop
  endfacet
  facet normal -0.9415440646924116 0 0.33688985476338074
    outer loop
      vertex 0.14941703647375082 0 -2.462712166905403
      vertex 0.2641380217671392 0 -2.1420884934067725
      vertex 0.14941703647375082 2 -2.462712166905403
    endloop
  endfacet
  facet normal -0.903989291844151 0 0.42755509613511855
    outer loop
      vertex 0.2641380217671392 0 -2.1420884934067725
      vertex 0.4097332146763799 0 -1.8342533242702483
      vertex 0.2641380217671392 2 -2.1420884934067725
    endloop
  endfacet
  facet normal 0 -1 0
    outer loop
      vertex 0.2641380217671392 0 -2.1420884934067725
      vertex 0.7445553790917039 0 -2.3410838745229845
      vertex 1.0171646437074906 0 -1.8310678125921744
    endloop
  endfacet
  facet normal 0 -1 0
    outer loop
      vertex 0.2641380217671392 0 -2.1420884934067725
      vertex 1.0171646437074906 0 -1.8310678125921744
      vertex 0.4097332146763799 0 -1.8342533242702483
    endloop
  endfacet
  facet normal 0 -1 0
    outer loop
      vertex 0.4097332146763799 0 -1.8342533242702483
      vertex 1.0171646437074906 0 -1.8310678125921744
      vertex 0.5848004457354543 0 -1.54217129021883
    endloop
  endfacet
  facet normal -0.857728613748103 0 0.5141027379403433
    outer loop
      vertex 0.4097332146763799 0 -1.8342533242702483
      vertex 0.5848004457354543 0 -1.54217129021883
      vertex 0.4097332146763799 2 -1.8342533242702483
    endloop
  endfacet
  facet normal -0.9891765115030899 0 0.1467304640849242
    outer loop
      vertex 0.06667507559061026 0 -2.7930365857481956
      vertex 0.06667507559061026 2 -2.7930365857481956
      vertex 0.01670900106430029 2 -3.1298805233836173
    endloop
  endfacet
  facet normal -0.9700312522738085 0 0.24298018357904574
    outer loop
      vertex 0.14941703647375082 0 -2.462712166905403
      vertex 0.14941703647375082 2 -2.462712166905403
      vertex 0.06667507559061026 2 -2.7930365857481956
    endloop
  endfacet
  facet normal -0.9415440646924116 0 0.33688985476338074
    outer loop
      vertex 0.2641380217671392 0 -2.1420884934067725
      vertex 0.2641380217671392 2 -2.1420884934067725
      vertex 0.14941703647375082 2 -2.462712166905403
    endloop
  endfacet
  facet normal -0.903989291844151 0 0.42755509613511855
    outer loop
      vertex 0.4097332146763799 0 -1.8342533242702483
      vertex 0.4097332146763799 2 -1.8342533242702483
      vertex 0.2641380217671392 2 -2.1420884934067725
    endloop
  endfacet
  facet normal -0.857728613748103 0 0.5141027379403433
    outer loop
      vertex 0.5848004457354543 0 -1.54217129021883
      vertex 0.5848004457354543 2 -1.54217129021883
      vertex 0.4097332146763799 2 -1.8342533242702483
    endloop
  endfacet
  facet normal -0.8032075237247008 0 0.5956993149501133
    outer loop
      vertex 0.5848004457354543 0 -1.54217129021883
      vertex 0.7876537305116651 0 -1.268655305802822
      vertex 0.5848004457354543 2 -1.54217129021883
    endloop
  endfacet
  facet normal -0.7409511331544506 0 0.6715589462416054
    outer loop
      vertex 0.7876537305116651 0 -1.268655305802822
      vertex 1.016339467167854 0 -1.0163394716382026
      vertex 0.7876537305116651 2 -1.268655305802822
    endloop
  endfacet
  facet normal -0.8032075237247008 0 0.5956993149501133
    outer loop
      vertex 0.7876537305116651 0 -1.268655305802822
      vertex 0.7876537305116651 2 -1.268655305802822
      vertex 0.5848004457354543 2 -1.54217129021883
    endloop
  endfacet
  facet normal 0 -1 0
    outer loop
      vertex 1.0171646437074906 0 -1.8310678125921744
      vertex 1.3840349954996838 0 -1.3840349954996851
      vertex 0.5848004457354543 0 -1.54217129021883
    endloop
  endfacet
  facet normal 0 -1 0
    outer loop
      vertex 0.5848004457354543 0 -1.54217129021883
      vertex 1.3840349954996838 0 -1.3840349954996851
      vertex 0.7876537305116651 0 -1.268655305802822
    endloop
  endfacet
  facet normal 0 -1 0
    outer loop
      vertex 0.7876537305116651 0 -1.268655305802822
      vertex 1.831067812592173 0 -1.017164643707491
      vertex 1.016339467167854 0 -1.0163394716382026
    endloop
  endfacet
  facet normal -0.6715589582535773 0 0.7409511222674342
    outer loop
      vertex 1.016339467167854 0 -1.0163394716382026
      vertex 1.2686553013324735 0 -0.787653727531433
      vertex 1.016339467167854 2 -1.0163394716382026
    endloop
  endfacet
  facet normal 0 -1 0
    outer loop
      vertex 0.7876537305116651 0 -1.268655305802822
      vertex 1.3840349954996838 0 -1.3840349954996851
      vertex 1.831067812592173 0 -1.017164643707491
    endloop
  endfacet
  facet normal 0 -1 0
    outer loop
      vertex 1.016339467167854 0 -1.0163394716382026
      vertex 1.831067812592173 0 -1.017164643707491
      vertex 1.2686553013324735 0 -0.787653727531433
    endloop
  endfacet
  facet normal 0 -1 0
    outer loop
      vertex 1.2686553013324735 0 -0.787653727531433
      vertex 2.3410838745229827 0 -0.7445553790917043
      vertex 1.542171293199062 0 -0.5848004427552222
    endloop
  endfacet
  facet normal -0.5956993044814788 0 0.8032075314887693
    outer loop
      vertex 1.2686553013324735 0 -0.787653727531433
      vertex 1.542171293199062 0 -0.5848004427552222
      vertex 1.2686553013324735 2 -0.787653727531433
    endloop
  endfacet
  facet normal -0.5141027475882922 0 0.8577286079653452
    outer loop
      vertex 1.542171293199062 0 -0.5848004427552222
      vertex 1.8342533197998998 0 -0.40973321169614785
      vertex 1.542171293199062 2 -0.5848004427552222
    endloop
  endfacet
  facet normal -0.7409511331544506 0 0.6715589462416054
    outer loop
      vertex 1.016339467167854 0 -1.0163394716382026
      vertex 1.016339467167854 2 -1.0163394716382026
      vertex 0.7876537305116651 2 -1.268655305802822
    endloop
  endfacet
  facet normal -0.6715589582535773 0 0.7409511222674342
    outer loop
      vertex 1.2686553013324735 0 -0.787653727531433
      vertex 1.2686553013324735 2 -0.787653727531433
      vertex 1.016339467167854 2 -1.0163394716382026
    endloop
  endfacet
  facet normal -0.5956993044814788 0 0.8032075314887693
    outer loop
      vertex 1.542171293199062 0 -0.5848004427552222
      vertex 1.542171293199062 2 -0.5848004427552222
      vertex 1.2686553013324735 2 -0.787653727531433
    endloop
  endfacet
  facet normal -0.9891765115030899 0 0.1467304640849242
    outer loop
      vertex 0.01670900106430029 2 -3.1298805233836173
      vertex 0.06667507559061026 2 -2.7930365857481956
      vertex 0.01670900106430029 4 -3.1298805233836173
    endloop
  endfacet
  facet normal -0.9700312522738085 0 0.24298018357904574
    outer loop
      vertex 0.06667507559061026 2 -2.7930365857481956
      vertex 0.14941703647375082 2 -2.462712166905403
      vertex 0.06667507559061026 4 -2.7930365857481956
    endloop
  endfacet
  facet normal -0.9415440646924116 0 0.33688985476338074
    outer loop
      vertex 0.14941703647375082 2 -2.462712166905403
      vertex 0.2641380217671392 2 -2.1420884934067725
      vertex 0.14941703647375082 4 -2.462712166905403
    endloop
  endfacet
  facet normal -0.903989291844151 0 0.42755509613511855
    outer loop
      vertex 0.2641380217671392 2 -2.1420884934067725
      vertex 0.4097332146763799 2 -1.8342533242702483
      vertex 0.2641380217671392 4 -2.1420884934067725
    endloop
  endfacet
  facet normal -0.857728613748103 0 0.5141027379403433
    outer loop
      vertex 0.4097332146763799 2 -1.8342533242702483
      vertex 0.5848004457354543 2 -1.54217129021883
      vertex 0.4097332146763799 4 -1.8342533242702483
    endloop
  endfacet
  facet normal -0.9891765115030899 0 0.1467304640849242
    outer loop
      vertex 0.06667507559061026 2 -2.7930365857481956
      vertex 0.06667507559061026 4 -2.7930365857481956
      vertex 0.01670900106430029 4 -3.1298805233836173
    endloop
  endfacet
  facet normal -0.9700312522738085 0 0.24298018357904574
    outer loop
      vertex 0.14941703647375082 2 -2.462712166905403
      vertex 0.14941703647375082 4 -2.462712166905403
      vertex 0.06667507559061026 4 -2.7930365857481956
    endloop
  endfacet
  facet normal -0.9415440646924116 0 0.33688985476338074
    outer loop
      vertex 0.2641380217671392 2 -2.1420884934067725
      vertex 0.2641380217671392 4 -2.1420884934067725
      vertex 0.14941703647375082 4 -2.462712166905403
    endloop
  endfacet
  facet normal -0.903989291844151 0 0.42755509613511855
    outer loop
      vertex 0.4097332146763799 2 -1.8342533242702483
      vertex 0.4097332146763799 4 -1.8342533242702483
      vertex 0.2641380217671392 4 -2.1420884934067725
    endloop
  endfacet
  facet normal -0.857728613748103 0 0.5141027379403433
    outer loop
      vertex 0.5848004457354543 2 -1.54217129021883
      vertex 0.5848004457354543 4 -1.54217129021883
      vertex 0.4097332146763799 4 -1.8342533242702483
    endloop
  endfacet
  facet normal -0.8032075237247008 0 0.5956993149501133
    outer loop
      vertex 0.5848004457354543 2 -1.54217129021883
      vertex 0.7876537305116651 2 -1.268655305802822
      vertex 0.5848004457354543 4 -1.54217129021883
    endloop
  endfacet
  facet normal -0.7409511331544506 0 0.6715589462416054
    outer loop
      vertex 0.7876537305116651 2 -1.268655305802822
      vertex 1.016339467167854 2 -1.0163394716382026
      vertex 0.7876537305116651 4 -1.268655305802822
    endloop
  endfacet
  facet normal -0.8032075237247008 0 0.5956993149501133
    outer loop
      vertex 0.7876537305116651 2 -1.268655305802822
      vertex 0.7876537305116651 4 -1.268655305802822
      vertex 0.5848004457354543 4 -1.54217129021883
    endloop
  endfacet
  facet normal -0.6715589582535773 0 0.7409511222674342
    outer loop
      vertex 1.016339467167854 2 -1.0163394716382026
      vertex 1.2686553013324735 2 -0.787653727531433
      vertex 1.016339467167854 4 -1.0163394716382026
    endloop
  endfacet
  facet normal -0.5956993044814788 0 0.8032075314887693
    outer loop
      vertex 1.2686553013324735 2 -0.787653727531433
      vertex 1.542171293199062 2 -0.5848004427552222
      vertex 1.2686553013324735 4 -0.787653727531433
    endloop
  endfacet
  facet normal -0.5141027475882922 0 0.8577286079653452
    outer loop
      vertex 1.542171293199062 2 -0.5848004427552222
      vertex 1.8342533197998998 2 -0.40973321169614785
      vertex 1.542171293199062 4 -0.5848004427552222
    endloop
  endfacet
  facet normal -0.7409511331544506 0 0.6715589462416054
    outer loop
      vertex 1.016339467167854 2 -1.0163394716382026
      vertex 1.016339467167854 4 -1.0163394716382026
      vertex 0.7876537305116651 4 -1.268655305802822
    endloop
  endfacet
  facet normal -0.6715589582535773 0 0.7409511222674342
    outer loop
      vertex 1.2686553013324735 2 -0.787653727531433
      vertex 1.2686553013324735 4 -0.787653727531433
      vertex 1.016339467167854 4 -1.0163394716382026
    endloop
  endfacet
  facet normal -0.5956993044814788 0 0.8032075314887693
    outer loop
      vertex 1.542171293199062 2 -0.5848004427552222
      vertex 1.542171293199062 4 -0.5848004427552222
      vertex 1.2686553013324735 4 -0.787653727531433
    endloop
  endfacet
  facet normal 0 -1 0
    outer loop
      vertex 1.2686553013324735 0 -0.787653727531433
      vertex 1.831067812592173 0 -1.017164643707491
      vertex 2.3410838745229827 0 -0.7445553790917043
    endloop
  endfacet
  facet normal 0 -1 0
    outer loop
      vertex 1.542171293199062 0 -0.5848004427552222
      vertex 2.8944835500524198 0 -0.5766834228104702
      vertex 1.8342533197998998 0 -0.40973321169614785
    endloop
  endfacet
  facet normal -0.42755509613511855 0 0.903989291844151
    outer loop
      vertex 1.8342533197998998 0 -0.40973321169614785
      vertex 2.142088488936424 0 -0.2641380187869071
      vertex 1.8342533197998998 2 -0.40973321169614785
    endloop
  endfacet
  facet normal 0 -1 0
    outer loop
      vertex 1.542171293199062 0 -0.5848004427552222
      vertex 2.3410838745229827 0 -0.7445553790917043
      vertex 2.8944835500524198 0 -0.5766834228104702
    endloop
  endfacet
  facet normal 0 -1 0
    outer loop
      vertex 1.8342533197998998 0 -0.40973321169614785
      vertex 3.4699999999999998 0 -0.5199999999999996
      vertex 2.142088488936424 0 -0.2641380187869071
    endloop
  endfacet
  facet normal -0.3368898478233123 0 0.9415440671756078
    outer loop
      vertex 2.142088488936424 0 -0.2641380187869071
      vertex 2.462712169885635 0 -0.14941703349351876
      vertex 2.142088488936424 2 -0.2641380187869071
    endloop
  endfacet
  facet normal -0.24298016814833895 0 0.9700312561389994
    outer loop
      vertex 2.462712169885635 0 -0.14941703349351876
      vertex 2.793036581277847 0 -0.06667508006095879
      vertex 2.462712169885635 2 -0.14941703349351876
    endloop
  endfacet
  facet normal -0.5141027475882922 0 0.8577286079653452
    outer loop
      vertex 1.542171293199062 2 -0.5848004427552222
      vertex 1.8342533197998998 0 -0.40973321169614785
      vertex 1.8342533197998998 2 -0.40973321169614785
    endloop
  endfacet
  facet normal -0.42755509613511855 0 0.903989291844151
    outer loop
      vertex 2.142088488936424 0 -0.2641380187869071
      vertex 2.142088488936424 2 -0.2641380187869071
      vertex 1.8342533197998998 2 -0.40973321169614785
    endloop
  endfacet
  facet normal -0.3368898478233123 0 0.9415440671756078
    outer loop
      vertex 2.462712169885635 0 -0.14941703349351876
      vertex 2.462712169885635 2 -0.14941703349351876
      vertex 2.142088488936424 2 -0.2641380187869071
    endloop
  endfacet
  facet normal 0 -1 0
    outer loop
      vertex 1.8342533197998998 0 -0.40973321169614785
      vertex 2.8944835500524198 0 -0.5766834228104702
      vertex 3.4699999999999998 0 -0.5199999999999996
    endloop
  endfacet
  facet normal -0.14673048231762723 0 0.989176508798524
    outer loop
      vertex 2.793036581277847 0 -0.06667508006095879
      vertex 3.1298805263638494 0 -0.016708998084068227
      vertex 2.793036581277847 2 -0.06667508006095879
    endloop
  endfacet
  facet normal 0 -1 0
    outer loop
      vertex 2.142088488936424 0 -0.2641380187869071
      vertex 3.4699999999999998 0 -0.5199999999999996
      vertex 4.045516449947578 0 -0.5766834228104698
    endloop
  endfacet
  facet normal 0 -1 0
    outer loop
      vertex 2.142088488936424 0 -0.2641380187869071
      vertex 5.397828706800937 0 -0.5848004427552222
      vertex 2.462712169885635 0 -0.14941703349351876
    endloop
  endfacet
  facet normal 0 -1 0
    outer loop
      vertex 2.462712169885635 0 -0.14941703349351876
      vertex 5.1057466802001 0 -0.40973321169614785
      vertex 2.793036581277847 0 -0.06667508006095879
    endloop
  endfacet
  facet normal -0.04906767897721206 0 0.9987954559767426
    outer loop
      vertex 3.1298805263638494 0 -0.016708998084068227
      vertex 3.4699999999999998 0 1.7881394143159923e-9
      vertex 3.1298805263638494 2 -0.016708998084068227
    endloop
  endfacet
  facet normal -0.24298016814833895 0 0.9700312561389994
    outer loop
      vertex 2.793036581277847 0 -0.06667508006095879
      vertex 2.793036581277847 2 -0.06667508006095879
      vertex 2.462712169885635 2 -0.14941703349351876
    endloop
  endfacet
  facet normal -0.14673048231762723 0 0.989176508798524
    outer loop
      vertex 3.1298805263638494 0 -0.016708998084068227
      vertex 3.1298805263638494 2 -0.016708998084068227
      vertex 2.793036581277847 2 -0.06667508006095879
    endloop
  endfacet
  facet normal -0.04906767897721206 0 0.9987954559767426
    outer loop
      vertex 3.1298805263638494 2 -0.016708998084068227
      vertex 3.4699999999999998 0 1.7881394143159923e-9
      vertex 3.4699999999999998 2 1.7881394143159923e-9
    endloop
  endfacet
  facet normal -0.42755509613511855 0 0.903989291844151
    outer loop
      vertex 1.8342533197998998 2 -0.40973321169614785
      vertex 2.142088488936424 2 -0.2641380187869071
      vertex 1.8342533197998998 4 -0.40973321169614785
    endloop
  endfacet
  facet normal -0.3368898478233123 0 0.9415440671756078
    outer loop
      vertex 2.142088488936424 2 -0.2641380187869071
      vertex 2.462712169885635 2 -0.14941703349351876
      vertex 2.142088488936424 4 -0.2641380187869071
    endloop
  endfacet
  facet normal -0.24298016814833895 0 0.9700312561389994
    outer loop
      vertex 2.462712169885635 2 -0.14941703349351876
      vertex 2.793036581277847 2 -0.06667508006095879
      vertex 2.462712169885635 4 -0.14941703349351876
    endloop
  endfacet
  facet normal -0.5141027475882922 0 0.8577286079653452
    outer loop
      vertex 1.8342533197998998 2 -0.40973321169614785
      vertex 1.8342533197998998 4 -0.40973321169614785
      vertex 1.542171293199062 4 -0.5848004427552222
    endloop
  endfacet
  facet normal -0.42755509613511855 0 0.903989291844151
    outer loop
      vertex 2.142088488936424 2 -0.2641380187869071
      vertex 2.142088488936424 4 -0.2641380187869071
      vertex 1.8342533197998998 4 -0.40973321169614785
    endloop
  endfacet
  facet normal -0.3368898478233123 0 0.9415440671756078
    outer loop
      vertex 2.462712169885635 2 -0.14941703349351876
      vertex 2.462712169885635 4 -0.14941703349351876
      vertex 2.142088488936424 4 -0.2641380187869071
    endloop
  endfacet
  facet normal -0.14673048231762723 0 0.989176508798524
    outer loop
      vertex 2.793036581277847 2 -0.06667508006095879
      vertex 3.1298805263638494 2 -0.016708998084068227
      vertex 2.793036581277847 4 -0.06667508006095879
    endloop
  endfacet
  facet normal -0.04906767897721206 0 0.9987954559767426
    outer loop
      vertex 3.1298805263638494 2 -0.016708998084068227
      vertex 3.4699999999999998 2 1.7881394143159923e-9
      vertex 3.1298805263638494 4 -0.016708998084068227
    endloop
  endfacet
  facet normal -0.24298016814833895 0 0.9700312561389994
    outer loop
      vertex 2.793036581277847 2 -0.06667508006095879
      vertex 2.793036581277847 4 -0.06667508006095879
      vertex 2.462712169885635 4 -0.14941703349351876
    endloop
  endfacet
  facet normal -0.14673048231762723 0 0.989176508798524
    outer loop
      vertex 3.1298805263638494 2 -0.016708998084068227
      vertex 3.1298805263638494 4 -0.016708998084068227
      vertex 2.793036581277847 4 -0.06667508006095879
    endloop
  endfacet
  facet normal -0.04906767897721206 0 0.9987954559767426
    outer loop
      vertex 3.1298805263638494 4 -0.016708998084068227
      vertex 3.4699999999999998 2 1.7881394143159923e-9
      vertex 3.4699999999999998 4 1.7881394143159923e-9
    endloop
  endfacet
  facet normal -1 0 0
    outer loop
      vertex 1.192092646817855e-9 4 -6.42
      vertex 1.192092646817855e-9 4 -3.4699999970197677
      vertex 1.192092646817855e-9 6 -6.42
    endloop
  endfacet
  facet normal -0.9987954559767426 0 0.04906767897721206
    outer loop
      vertex 1.192092646817855e-9 4 -3.4699999970197677
      vertex 0.01670900106430029 4 -3.1298805233836173
      vertex 1.192092646817855e-9 6 -3.4699999970197677
    endloop
  endfacet
  facet normal -1 0 0
    outer loop
      vertex 1.192092646817855e-9 6 -6.42
      vertex 1.192092646817855e-9 4 -3.4699999970197677
      vertex 1.192092646817855e-9 6 -3.4699999970197677
    endloop
  endfacet
  facet normal -0.9987954559767426 0 0.04906767897721206
    outer loop
      vertex 1.192092646817855e-9 6 -3.4699999970197677
      vertex 0.01670900106430029 4 -3.1298805233836173
      vertex 0.01670900106430029 6 -3.1298805233836173
    endloop
  endfacet
  facet normal -1 0 0
    outer loop
      vertex 1.192092646817855e-9 6 -6.42
      vertex 1.192092646817855e-9 6 -3.4699999970197677
      vertex 1.192092646817855e-9 8 -6.42
    endloop
  endfacet
  facet normal 0 1 0
    outer loop
      vertex 1.192092646817855e-9 8 -6.42
      vertex 1.0130072956459784 8 -5.111710038572925
      vertex 1.3804994615937516 8 -5.5595005384062475
    endloop
  endfacet
  facet normal 0 1 0
    outer loop
      vertex 1.192092646817855e-9 8 -6.42
      vertex 0.7399359814291473 8 -4.600829542638841
      vertex 1.0130072956459784 8 -5.111710038572925
    endloop
  endfacet
  facet normal 0 1 0
    outer loop
      vertex 1.192092646817855e-9 8 -6.42
      vertex 0.5717794964084537 8 -4.046491901557659
      vertex 0.7399359814291473 8 -4.600829542638841
    endloop
  endfacet
  facet normal 0 0 -1
    outer loop
      vertex 1.192092646817855e-9 6 -6.42
      vertex 1.192092646817855e-9 8 -6.42
      vertex 3.4192341480619564 7.5 -6.42
    endloop
  endfacet
  facet normal 0 1 0
    outer loop
      vertex 1.192092646817855e-9 8 -6.42
      vertex 1.3804994615937516 8 -5.5595005384062475
      vertex 1.8282899614270756 8 -5.926992704354021
    endloop
  endfacet
  facet normal 0 1 0
    outer loop
      vertex 1.192092646817855e-9 8 -6.42
      vertex 1.8282899614270756 8 -5.926992704354021
      vertex 2.33917045736116 8 -6.200064018570853
    endloop
  endfacet
  facet normal -0.9987954559767426 0 0.04906767897721206
    outer loop
      vertex 1.192092646817855e-9 6 -3.4699999970197677
      vertex 0.01670900106430029 6 -3.1298805233836173
      vertex 1.192092646817855e-9 8 -3.4699999970197677
    endloop
  endfacet
  facet normal -1 0 0
    outer loop
      vertex 1.192092646817855e-9 6 -3.4699999970197677
      vertex 1.192092646817855e-9 8 -3.4699999970197677
      vertex 1.192092646817855e-9 8 -6.42
    endloop
  endfacet
  facet normal 0 1 0
    outer loop
      vertex 1.192092646817855e-9 8 -6.42
      vertex 0.01670900106430029 8 -3.1298805233836173
      vertex 0.5717794964084537 8 -4.046491901557659
    endloop
  endfacet
  facet normal 0 1 0
    outer loop
      vertex 1.192092646817855e-9 8 -6.42
      vertex 1.192092646817855e-9 8 -3.4699999970197677
      vertex 0.01670900106430029 8 -3.1298805233836173
    endloop
  endfacet
  facet normal -0.9987954559767426 0 0.04906767897721206
    outer loop
      vertex 1.192092646817855e-9 8 -3.4699999970197677
      vertex 0.01670900106430029 6 -3.1298805233836173
      vertex 0.01670900106430029 8 -3.1298805233836173
    endloop
  endfacet
  facet normal 0 1 0
    outer loop
      vertex 0.01670900106430029 8 -3.1298805233836173
      vertex 0.5149999999999997 8 -3.4699999999999998
      vertex 0.5717794964084537 8 -4.046491901557659
    endloop
  endfacet
  facet normal 0 0 -1
    outer loop
      vertex 1.192092646817855e-9 4 -6.42
      vertex 1.192092646817855e-9 6 -6.42
      vertex 6.939999998807907 6 -6.42
    endloop
  endfacet
  facet normal 0 1 0
    outer loop
      vertex 1.192092646817855e-9 8 -6.42
      vertex 2.33917045736116 8 -6.200064018570853
      vertex 2.893508098442341 8 -6.368220503591546
    endloop
  endfacet
  facet normal 0 1 0
    outer loop
      vertex 1.192092646817855e-9 8 -6.42
      vertex 2.893508098442341 8 -6.368220503591546
      vertex 3.419234148061956 8 -6.42
    endloop
  endfacet
  facet normal 0 0 -1
    outer loop
      vertex 1.192092646817855e-9 6 -6.42
      vertex 3.4192341480619564 7.5 -6.42
      vertex 3.5207658519380436 7.5 -6.42
    endloop
  endfacet
  facet normal 0 0 -1
    outer loop
      vertex 1.192092646817855e-9 8 -6.42
      vertex 3.419234148061956 8 -6.42
      vertex 3.4192341480619564 7.5 -6.42
    endloop
  endfacet
  facet normal -0.9891765115030899 0 0.1467304640849242
    outer loop
      vertex 0.01670900106430029 4 -3.1298805233836173
      vertex 0.06667507559061026 4 -2.7930365857481956
      vertex 0.01670900106430029 6 -3.1298805233836173
    endloop
  endfacet
  facet normal -0.9700312522738085 0 0.24298018357904574
    outer loop
      vertex 0.06667507559061026 4 -2.7930365857481956
      vertex 0.14941703647375082 4 -2.462712166905403
      vertex 0.06667507559061026 6 -2.7930365857481956
    endloop
  endfacet
  facet normal -0.9415440646924116 0 0.33688985476338074
    outer loop
      vertex 0.14941703647375082 4 -2.462712166905403
      vertex 0.2641380217671392 4 -2.1420884934067725
      vertex 0.14941703647375082 6 -2.462712166905403
    endloop
  endfacet
  facet normal -0.903989291844151 0 0.42755509613511855
    outer loop
      vertex 0.2641380217671392 4 -2.1420884934067725
      vertex 0.4097332146763799 4 -1.8342533242702483
      vertex 0.2641380217671392 6 -2.1420884934067725
    endloop
  endfacet
  facet normal -0.857728613748103 0 0.5141027379403433
    outer loop
      vertex 0.4097332146763799 4 -1.8342533242702483
      vertex 0.5848004457354543 4 -1.54217129021883
      vertex 0.4097332146763799 6 -1.8342533242702483
    endloop
  endfacet
  facet normal -0.9891765115030899 0 0.1467304640849242
    outer loop
      vertex 0.06667507559061026 4 -2.7930365857481956
      vertex 0.06667507559061026 6 -2.7930365857481956
      vertex 0.01670900106430029 6 -3.1298805233836173
    endloop
  endfacet
  facet normal -0.9700312522738085 0 0.24298018357904574
    outer loop
      vertex 0.14941703647375082 4 -2.462712166905403
      vertex 0.14941703647375082 6 -2.462712166905403
      vertex 0.06667507559061026 6 -2.7930365857481956
    endloop
  endfacet
  facet normal -0.9415440646924116 0 0.33688985476338074
    outer loop
      vertex 0.2641380217671392 4 -2.1420884934067725
      vertex 0.2641380217671392 6 -2.1420884934067725
      vertex 0.14941703647375082 6 -2.462712166905403
    endloop
  endfacet
  facet normal -0.903989291844151 0 0.42755509613511855
    outer loop
      vertex 0.4097332146763799 4 -1.8342533242702483
      vertex 0.4097332146763799 6 -1.8342533242702483
      vertex 0.2641380217671392 6 -2.1420884934067725
    endloop
  endfacet
  facet normal -0.857728613748103 0 0.5141027379403433
    outer loop
      vertex 0.4097332146763799 6 -1.8342533242702483
      vertex 0.5848004457354543 4 -1.54217129021883
      vertex 0.5848004457354543 6 -1.54217129021883
    endloop
  endfacet
  facet normal -0.8032075237247008 0 0.5956993149501133
    outer loop
      vertex 0.5848004457354543 4 -1.54217129021883
      vertex 0.7876537305116651 4 -1.268655305802822
      vertex 0.5848004457354543 6 -1.54217129021883
    endloop
  endfacet
  facet normal -0.7409511331544506 0 0.6715589462416054
    outer loop
      vertex 0.7876537305116651 4 -1.268655305802822
      vertex 1.016339467167854 4 -1.0163394716382026
      vertex 0.7876537305116651 6 -1.268655305802822
    endloop
  endfacet
  facet normal -0.8032075237247008 0 0.5956993149501133
    outer loop
      vertex 0.7876537305116651 4 -1.268655305802822
      vertex 0.7876537305116651 6 -1.268655305802822
      vertex 0.5848004457354543 6 -1.54217129021883
    endloop
  endfacet
  facet normal -0.6715589582535773 0 0.7409511222674342
    outer loop
      vertex 1.016339467167854 4 -1.0163394716382026
      vertex 1.2686553013324735 4 -0.787653727531433
      vertex 1.016339467167854 6 -1.0163394716382026
    endloop
  endfacet
  facet normal -0.5956993044814788 0 0.8032075314887693
    outer loop
      vertex 1.2686553013324735 4 -0.787653727531433
      vertex 1.542171293199062 4 -0.5848004427552222
      vertex 1.2686553013324735 6 -0.787653727531433
    endloop
  endfacet
  facet normal -0.5141027475882922 0 0.8577286079653452
    outer loop
      vertex 1.542171293199062 4 -0.5848004427552222
      vertex 1.8342533197998998 4 -0.40973321169614785
      vertex 1.542171293199062 6 -0.5848004427552222
    endloop
  endfacet
  facet normal -0.7409511331544506 0 0.6715589462416054
    outer loop
      vertex 0.7876537305116651 6 -1.268655305802822
      vertex 1.016339467167854 4 -1.0163394716382026
      vertex 1.016339467167854 6 -1.0163394716382026
    endloop
  endfacet
  facet normal -0.6715589582535773 0 0.7409511222674342
    outer loop
      vertex 1.2686553013324735 4 -0.787653727531433
      vertex 1.2686553013324735 6 -0.787653727531433
      vertex 1.016339467167854 6 -1.0163394716382026
    endloop
  endfacet
  facet normal -0.5956993044814788 0 0.8032075314887693
    outer loop
      vertex 1.542171293199062 4 -0.5848004427552222
      vertex 1.542171293199062 6 -0.5848004427552222
      vertex 1.2686553013324735 6 -0.787653727531433
    endloop
  endfacet
  facet normal -0.9891765115030899 0 0.1467304640849242
    outer loop
      vertex 0.01670900106430029 6 -3.1298805233836173
      vertex 0.06667507559061026 6 -2.7930365857481956
      vertex 0.01670900106430029 8 -3.1298805233836173
    endloop
  endfacet
  facet normal -0.9700312522738085 0 0.24298018357904574
    outer loop
      vertex 0.06667507559061026 6 -2.7930365857481956
      vertex 0.14941703647375082 6 -2.462712166905403
      vertex 0.06667507559061026 8 -2.7930365857481956
    endloop
  endfacet
  facet normal -0.9415440646924116 0 0.33688985476338074
    outer loop
      vertex 0.14941703647375082 6 -2.462712166905403
      vertex 0.2641380217671392 6 -2.1420884934067725
      vertex 0.14941703647375082 8 -2.462712166905403
    endloop
  endfacet
  facet normal -0.903989291844151 0 0.42755509613511855
    outer loop
      vertex 0.2641380217671392 6 -2.1420884934067725
      vertex 0.4097332146763799 6 -1.8342533242702483
      vertex 0.2641380217671392 8 -2.1420884934067725
    endloop
  endfacet
  facet normal -0.857728613748103 0 0.5141027379403433
    outer loop
      vertex 0.4097332146763799 6 -1.8342533242702483
      vertex 0.5848004457354543 6 -1.54217129021883
      vertex 0.4097332146763799 8 -1.8342533242702483
    endloop
  endfacet
  facet normal -0.9891765115030899 0 0.1467304640849242
    outer loop
      vertex 0.06667507559061026 6 -2.7930365857481956
      vertex 0.06667507559061026 8 -2.7930365857481956
      vertex 0.01670900106430029 8 -3.1298805233836173
    endloop
  endfacet
  facet normal -0.9700312522738085 0 0.24298018357904574
    outer loop
      vertex 0.14941703647375082 6 -2.462712166905403
      vertex 0.14941703647375082 8 -2.462712166905403
      vertex 0.06667507559061026 8 -2.7930365857481956
    endloop
  endfacet
  facet normal 0 1 0
    outer loop
      vertex 0.01670900106430029 8 -3.1298805233836173
      vertex 0.06667507559061026 8 -2.7930365857481956
      vertex 0.5149999999999997 8 -3.4699999999999998
    endloop
  endfacet
  facet normal 0 1 0
    outer loop
      vertex 0.06667507559061026 8 -2.7930365857481956
      vertex 0.5717794964084537 8 -2.893508098442341
      vertex 0.5149999999999997 8 -3.4699999999999998
    endloop
  endfacet
  facet normal 0 1 0
    outer loop
      vertex 0.06667507559061026 8 -2.7930365857481956
      vertex 0.14941703647375082 8 -2.462712166905403
      vertex 0.5717794964084537 8 -2.893508098442341
    endloop
  endfacet
  facet normal 0 1 0
    outer loop
      vertex 0.14941703647375082 8 -2.462712166905403
      vertex 0.2641380217671392 8 -2.1420884934067725
      vertex 0.5717794964084537 8 -2.893508098442341
    endloop
  endfacet
  facet normal 0 1 0
    outer loop
      vertex 0.2641380217671392 8 -2.1420884934067725
      vertex 0.7399359814291473 8 -2.33917045736116
      vertex 0.5717794964084537 8 -2.893508098442341
    endloop
  endfacet
  facet normal -0.9415440646924116 0 0.33688985476338074
    outer loop
      vertex 0.2641380217671392 6 -2.1420884934067725
      vertex 0.2641380217671392 8 -2.1420884934067725
      vertex 0.14941703647375082 8 -2.462712166905403
    endloop
  endfacet
  facet normal -0.903989291844151 0 0.42755509613511855
    outer loop
      vertex 0.4097332146763799 6 -1.8342533242702483
      vertex 0.4097332146763799 8 -1.8342533242702483
      vertex 0.2641380217671392 8 -2.1420884934067725
    endloop
  endfacet
  facet normal -0.857728613748103 0 0.5141027379403433
    outer loop
      vertex 0.5848004457354543 6 -1.54217129021883
      vertex 0.5848004457354543 8 -1.54217129021883
      vertex 0.4097332146763799 8 -1.8342533242702483
    endloop
  endfacet
  facet normal 0 1 0
    outer loop
      vertex 0.2641380217671392 8 -2.1420884934067725
      vertex 0.4097332146763799 8 -1.8342533242702483
      vertex 0.7399359814291473 8 -2.33917045736116
    endloop
  endfacet
  facet normal 0 1 0
    outer loop
      vertex 0.4097332146763799 8 -1.8342533242702483
      vertex 0.5848004457354543 8 -1.54217129021883
      vertex 0.7399359814291473 8 -2.33917045736116
    endloop
  endfacet
  facet normal 0 1 0
    outer loop
      vertex 0.5848004457354543 8 -1.54217129021883
      vertex 1.0130072956459784 8 -1.8282899614270756
      vertex 0.7399359814291473 8 -2.33917045736116
    endloop
  endfacet
  facet normal -0.8032075237247008 0 0.5956993149501133
    outer loop
      vertex 0.5848004457354543 6 -1.54217129021883
      vertex 0.7876537305116651 6 -1.268655305802822
      vertex 0.5848004457354543 8 -1.54217129021883
    endloop
  endfacet
  facet normal -0.7409511331544506 0 0.6715589462416054
    outer loop
      vertex 0.7876537305116651 6 -1.268655305802822
      vertex 1.016339467167854 6 -1.0163394716382026
      vertex 0.7876537305116651 8 -1.268655305802822
    endloop
  endfacet
  facet normal -0.8032075237247008 0 0.5956993149501133
    outer loop
      vertex 0.7876537305116651 6 -1.268655305802822
      vertex 0.7876537305116651 8 -1.268655305802822
      vertex 0.5848004457354543 8 -1.54217129021883
    endloop
  endfacet
  facet normal 0 1 0
    outer loop
      vertex 0.5848004457354543 8 -1.54217129021883
      vertex 0.7876537305116651 8 -1.268655305802822
      vertex 1.0130072956459784 8 -1.8282899614270756
    endloop
  endfacet
  facet normal -0.6715589582535773 0 0.7409511222674342
    outer loop
      vertex 1.016339467167854 6 -1.0163394716382026
      vertex 1.2686553013324735 6 -0.787653727531433
      vertex 1.016339467167854 8 -1.0163394716382026
    endloop
  endfacet
  facet normal -0.5956993044814788 0 0.8032075314887693
    outer loop
      vertex 1.2686553013324735 6 -0.787653727531433
      vertex 1.542171293199062 6 -0.5848004427552222
      vertex 1.2686553013324735 8 -0.787653727531433
    endloop
  endfacet
  facet normal -0.5141027475882922 0 0.8577286079653452
    outer loop
      vertex 1.542171293199062 6 -0.5848004427552222
      vertex 1.8342533197998998 6 -0.40973321169614785
      vertex 1.542171293199062 8 -0.5848004427552222
    endloop
  endfacet
  facet normal -0.7409511331544506 0 0.6715589462416054
    outer loop
      vertex 1.016339467167854 6 -1.0163394716382026
      vertex 1.016339467167854 8 -1.0163394716382026
      vertex 0.7876537305116651 8 -1.268655305802822
    endloop
  endfacet
  facet normal -0.6715589582535773 0 0.7409511222674342
    outer loop
      vertex 1.2686553013324735 6 -0.787653727531433
      vertex 1.2686553013324735 8 -0.787653727531433
      vertex 1.016339467167854 8 -1.0163394716382026
    endloop
  endfacet
  facet normal 0 1 0
    outer loop
      vertex 0.7876537305116651 8 -1.268655305802822
      vertex 1.016339467167854 8 -1.0163394716382026
      vertex 1.0130072956459784 8 -1.8282899614270756
    endloop
  endfacet
  facet normal 0 1 0
    outer loop
      vertex 1.016339467167854 8 -1.0163394716382026
      vertex 1.3804994615937516 8 -1.3804994615937516
      vertex 1.0130072956459784 8 -1.8282899614270756
    endloop
  endfacet
  facet normal 0 1 0
    outer loop
      vertex 1.016339467167854 8 -1.0163394716382026
      vertex 1.2686553013324735 8 -0.787653727531433
      vertex 1.3804994615937516 8 -1.3804994615937516
    endloop
  endfacet
  facet normal 0 1 0
    outer loop
      vertex 1.2686553013324735 8 -0.787653727531433
      vertex 1.542171293199062 8 -0.5848004427552222
      vertex 1.3804994615937516 8 -1.3804994615937516
    endloop
  endfacet
  facet normal 0 1 0
    outer loop
      vertex 1.542171293199062 8 -0.5848004427552222
      vertex 1.8282899614270751 8 -1.0130072956459784
      vertex 1.3804994615937516 8 -1.3804994615937516
    endloop
  endfacet
  facet normal -0.5956993044814788 0 0.8032075314887693
    outer loop
      vertex 1.542171293199062 6 -0.5848004427552222
      vertex 1.542171293199062 8 -0.5848004427552222
      vertex 1.2686553013324735 8 -0.787653727531433
    endloop
  endfacet
  facet normal 0 1 0
    outer loop
      vertex 1.542171293199062 8 -0.5848004427552222
      vertex 1.8342533197998998 8 -0.40973321169614785
      vertex 1.8282899614270751 8 -1.0130072956459784
    endloop
  endfacet
  facet normal -0.42755509613511855 0 0.903989291844151
    outer loop
      vertex 1.8342533197998998 4 -0.40973321169614785
      vertex 2.142088488936424 4 -0.2641380187869071
      vertex 1.8342533197998998 6 -0.40973321169614785
    endloop
  endfacet
  facet normal -0.3368898478233123 0 0.9415440671756078
    outer loop
      vertex 2.142088488936424 4 -0.2641380187869071
      vertex 2.462712169885635 4 -0.14941703349351876
      vertex 2.142088488936424 6 -0.2641380187869071
    endloop
  endfacet
  facet normal -0.24298016814833895 0 0.9700312561389994
    outer loop
      vertex 2.462712169885635 4 -0.14941703349351876
      vertex 2.793036581277847 4 -0.06667508006095879
      vertex 2.462712169885635 6 -0.14941703349351876
    endloop
  endfacet
  facet normal -0.5141027475882922 0 0.8577286079653452
    outer loop
      vertex 1.542171293199062 6 -0.5848004427552222
      vertex 1.8342533197998998 4 -0.40973321169614785
      vertex 1.8342533197998998 6 -0.40973321169614785
    endloop
  endfacet
  facet normal -0.42755509613511855 0 0.903989291844151
    outer loop
      vertex 2.142088488936424 4 -0.2641380187869071
      vertex 2.142088488936424 6 -0.2641380187869071
      vertex 1.8342533197998998 6 -0.40973321169614785
    endloop
  endfacet
  facet normal -0.3368898478233123 0 0.9415440671756078
    outer loop
      vertex 2.462712169885635 4 -0.14941703349351876
      vertex 2.462712169885635 6 -0.14941703349351876
      vertex 2.142088488936424 6 -0.2641380187869071
    endloop
  endfacet
  facet normal -0.14673048231762723 0 0.989176508798524
    outer loop
      vertex 2.793036581277847 4 -0.06667508006095879
      vertex 3.1298805263638494 4 -0.016708998084068227
      vertex 2.793036581277847 6 -0.06667508006095879
    endloop
  endfacet
  facet normal -0.04906767897721206 0 0.9987954559767426
    outer loop
      vertex 3.1298805263638494 4 -0.016708998084068227
      vertex 3.4699999999999998 4 1.7881394143159923e-9
      vertex 3.1298805263638494 6 -0.016708998084068227
    endloop
  endfacet
  facet normal -0.24298016814833895 0 0.9700312561389994
    outer loop
      vertex 2.462712169885635 6 -0.14941703349351876
      vertex 2.793036581277847 4 -0.06667508006095879
      vertex 2.793036581277847 6 -0.06667508006095879
    endloop
  endfacet
  facet normal -0.14673048231762723 0 0.989176508798524
    outer loop
      vertex 3.1298805263638494 4 -0.016708998084068227
      vertex 3.1298805263638494 6 -0.016708998084068227
      vertex 2.793036581277847 6 -0.06667508006095879
    endloop
  endfacet
  facet normal -0.04906767897721206 0 0.9987954559767426
    outer loop
      vertex 3.1298805263638494 6 -0.016708998084068227
      vertex 3.4699999999999998 4 1.7881394143159923e-9
      vertex 3.4699999999999998 6 1.7881394143159923e-9
    endloop
  endfacet
  facet normal -0.42755509613511855 0 0.903989291844151
    outer loop
      vertex 1.8342533197998998 6 -0.40973321169614785
      vertex 2.142088488936424 6 -0.2641380187869071
      vertex 1.8342533197998998 8 -0.40973321169614785
    endloop
  endfacet
  facet normal -0.3368898478233123 0 0.9415440671756078
    outer loop
      vertex 2.142088488936424 6 -0.2641380187869071
      vertex 2.462712169885635 6 -0.14941703349351876
      vertex 2.142088488936424 8 -0.2641380187869071
    endloop
  endfacet
  facet normal -0.24298016814833895 0 0.9700312561389994
    outer loop
      vertex 2.462712169885635 6 -0.14941703349351876
      vertex 2.793036581277847 6 -0.06667508006095879
      vertex 2.462712169885635 8 -0.14941703349351876
    endloop
  endfacet
  facet normal -0.5141027475882922 0 0.8577286079653452
    outer loop
      vertex 1.542171293199062 8 -0.5848004427552222
      vertex 1.8342533197998998 6 -0.40973321169614785
      vertex 1.8342533197998998 8 -0.40973321169614785
    endloop
  endfacet
  facet normal -0.42755509613511855 0 0.903989291844151
    outer loop
      vertex 2.142088488936424 6 -0.2641380187869071
      vertex 2.142088488936424 8 -0.2641380187869071
      vertex 1.8342533197998998 8 -0.40973321169614785
    endloop
  endfacet
  facet normal 0 1 0
    outer loop
      vertex 1.8342533197998998 8 -0.40973321169614785
      vertex 2.339170457361159 8 -0.7399359814291473
      vertex 1.8282899614270751 8 -1.0130072956459784
    endloop
  endfacet
  facet normal 0 1 0
    outer loop
      vertex 1.8342533197998998 8 -0.40973321169614785
      vertex 2.142088488936424 8 -0.2641380187869071
      vertex 2.339170457361159 8 -0.7399359814291473
    endloop
  endfacet
  facet normal -0.3368898478233123 0 0.9415440671756078
    outer loop
      vertex 2.462712169885635 6 -0.14941703349351876
      vertex 2.462712169885635 8 -0.14941703349351876
      vertex 2.142088488936424 8 -0.2641380187869071
    endloop
  endfacet
  facet normal 0 1 0
    outer loop
      vertex 2.142088488936424 8 -0.2641380187869071
      vertex 2.8935080984423407 8 -0.5717794964084537
      vertex 2.339170457361159 8 -0.7399359814291473
    endloop
  endfacet
  facet normal -0.14673048231762723 0 0.989176508798524
    outer loop
      vertex 2.793036581277847 6 -0.06667508006095879
      vertex 3.1298805263638494 6 -0.016708998084068227
      vertex 2.793036581277847 8 -0.06667508006095879
    endloop
  endfacet
  facet normal -0.04906767897721206 0 0.9987954559767426
    outer loop
      vertex 3.1298805263638494 6 -0.016708998084068227
      vertex 3.4699999999999998 6 1.7881394143159923e-9
      vertex 3.1298805263638494 8 -0.016708998084068227
    endloop
  endfacet
  facet normal -0.24298016814833895 0 0.9700312561389994
    outer loop
      vertex 2.793036581277847 6 -0.06667508006095879
      vertex 2.793036581277847 8 -0.06667508006095879
      vertex 2.462712169885635 8 -0.14941703349351876
    endloop
  endfacet
  facet normal -0.14673048231762723 0 0.989176508798524
    outer loop
      vertex 3.1298805263638494 6 -0.016708998084068227
      vertex 3.1298805263638494 8 -0.016708998084068227
      vertex 2.793036581277847 8 -0.06667508006095879
    endloop
  endfacet
  facet normal 0 1 0
    outer loop
      vertex 2.142088488936424 8 -0.2641380187869071
      vertex 3.4699999999999998 8 -0.5149999999999997
      vertex 2.8935080984423407 8 -0.5717794964084537
    endloop
  endfacet
  facet normal -0.04906767897721206 0 0.9987954559767426
    outer loop
      vertex 3.1298805263638494 8 -0.016708998084068227
      vertex 3.4699999999999998 6 1.7881394143159923e-9
      vertex 3.4699999999999998 8 1.7881394143159923e-9
    endloop
  endfacet
  facet normal 0 1 0
    outer loop
      vertex 2.142088488936424 8 -0.2641380187869071
      vertex 4.046491901557658 8 -0.5717794964084537
      vertex 3.4699999999999998 8 -0.5149999999999997
    endloop
  endfacet
  facet normal 0 1 0
    outer loop
      vertex 2.142088488936424 8 -0.2641380187869071
      vertex 2.462712169885635 8 -0.14941703349351876
      vertex 5.397828706800937 8 -0.5848004427552222
    endloop
  endfacet
  facet normal 0 1 0
    outer loop
      vertex 2.462712169885635 8 -0.14941703349351876
      vertex 2.793036581277847 8 -0.06667508006095879
      vertex 5.1057466802001 8 -0.40973321169614785
    endloop
  endfacet
  facet normal 0 0 -1
    outer loop
      vertex 1.192092646817855e-9 0 -6.42
      vertex 6.939999998807907 2 -6.42
      vertex 3.4699999999999998 0 -6.42
    endloop
  endfacet
  facet normal 0 -1 0
    outer loop
      vertex 3.4699999999999998 0 -6.42
      vertex 6.939999998807907 0 -6.42
      vertex 4.04551644994758 0 -6.363316577189529
    endloop
  endfacet
  facet normal 0 -1 0
    outer loop
      vertex 4.04551644994758 0 -6.363316577189529
      vertex 6.939999998807907 0 -6.42
      vertex 4.5989161254770154 0 -6.195444620908296
    endloop
  endfacet
  facet normal 0 0 -1
    outer loop
      vertex 1.192092646817855e-9 2 -6.42
      vertex 6.939999998807907 4 -6.42
      vertex 6.939999998807907 2 -6.42
    endloop
  endfacet
  facet normal 0 -1 0
    outer loop
      vertex 4.5989161254770154 0 -6.195444620908296
      vertex 6.939999998807907 0 -6.42
      vertex 5.108932187407826 0 -5.9228353562925085
    endloop
  endfacet
  facet normal 0 -1 0
    outer loop
      vertex 5.108932187407826 0 -5.9228353562925085
      vertex 6.939999998807907 0 -6.42
      vertex 5.555965004500315 0 -5.555965004500315
    endloop
  endfacet
  facet normal 0 0 -1
    outer loop
      vertex 3.4699999999999998 0 -6.42
      vertex 6.939999998807907 2 -6.42
      vertex 6.939999998807907 0 -6.42
    endloop
  endfacet
  facet normal 0 -1 0
    outer loop
      vertex 5.555965004500315 0 -5.555965004500315
      vertex 6.939999998807907 0 -6.42
      vertex 5.9228353562925085 0 -5.1089321874078255
    endloop
  endfacet
  facet normal 0 -1 0
    outer loop
      vertex 5.9228353562925085 0 -5.1089321874078255
      vertex 6.939999998807907 0 -6.42
      vertex 6.195444620908296 0 -4.598916125477015
    endloop
  endfacet
  facet normal 0 -1 0
    outer loop
      vertex 6.939999998807907 0 -6.42
      vertex 6.363316577189529 0 -4.045516449947578
      vertex 6.195444620908296 0 -4.598916125477015
    endloop
  endfacet
  facet normal 1 0 0
    outer loop
      vertex 6.939999998807907 0 -6.42
      vertex 6.939999998807907 2 -6.42
      vertex 6.939999998807907 2 -3.4699999970197677
    endloop
  endfacet
  facet normal 0 -1 0
    outer loop
      vertex 6.939999998807907 0 -6.42
      vertex 6.939999998807907 0 -3.4699999970197677
      vertex 6.363316577189529 0 -4.045516449947578
    endloop
  endfacet
  facet normal 1 0 0
    outer loop
      vertex 6.939999998807907 0 -6.42
      vertex 6.939999998807907 2 -3.4699999970197677
      vertex 6.939999998807907 0 -3.4699999970197677
    endloop
  endfacet
  facet normal 0 -1 0
    outer loop
      vertex 6.363316577189529 0 -4.045516449947578
      vertex 6.939999998807907 0 -3.4699999970197677
      vertex 6.42 0 -3.4699999999999998
    endloop
  endfacet
  facet normal 0 -1 0
    outer loop
      vertex 6.42 0 -3.4699999999999998
      vertex 6.939999998807907 0 -3.4699999970197677
      vertex 6.923290998935699 0 -3.1298805233836173
    endloop
  endfacet
  facet normal 0.9987954559767426 0 0.04906767897721206
    outer loop
      vertex 6.939999998807907 0 -3.4699999970197677
      vertex 6.923290998935699 2 -3.1298805233836173
      vertex 6.923290998935699 0 -3.1298805233836173
    endloop
  endfacet
  facet normal 0.9987954559767426 0 0.04906767897721206
    outer loop
      vertex 6.939999998807907 0 -3.4699999970197677
      vertex 6.939999998807907 2 -3.4699999970197677
      vertex 6.923290998935699 2 -3.1298805233836173
    endloop
  endfacet
  facet normal 1 0 0
    outer loop
      vertex 6.939999998807907 2 -6.42
      vertex 6.939999998807907 4 -6.42
      vertex 6.939999998807907 4 -3.4699999970197677
    endloop
  endfacet
  facet normal 1 0 0
    outer loop
      vertex 6.939999998807907 2 -6.42
      vertex 6.939999998807907 4 -3.4699999970197677
      vertex 6.939999998807907 2 -3.4699999970197677
    endloop
  endfacet
  facet normal 0.9987954559767426 0 0.04906767897721206
    outer loop
      vertex 6.939999998807907 2 -3.4699999970197677
      vertex 6.923290998935699 4 -3.1298805233836173
      vertex 6.923290998935699 2 -3.1298805233836173
    endloop
  endfacet
  facet normal 0.9987954559767426 0 0.04906767897721206
    outer loop
      vertex 6.939999998807907 2 -3.4699999970197677
      vertex 6.939999998807907 4 -3.4699999970197677
      vertex 6.923290998935699 4 -3.1298805233836173
    endloop
  endfacet
  facet normal 0 -1 0
    outer loop
      vertex 2.793036581277847 0 -0.06667508006095879
      vertex 4.7979115110635755 0 -0.2641380187869071
      vertex 3.1298805263638494 0 -0.016708998084068227
    endloop
  endfacet
  facet normal 0 -1 0
    outer loop
      vertex 3.1298805263638494 0 -0.016708998084068227
      vertex 4.477287830114364 0 -0.14941703349351876
      vertex 3.4699999999999998 0 1.7881394143159923e-9
    endloop
  endfacet
  facet normal 0 -1 0
    outer loop
      vertex 3.4699999999999998 0 1.7881394143159923e-9
      vertex 4.1469634187221525 0 -0.06667508006095879
      vertex 3.81011947363615 0 -0.016708998084068227
    endloop
  endfacet
  facet normal 0.04906767897721206 0 0.9987954559767426
    outer loop
      vertex 3.4699999999999998 0 1.7881394143159923e-9
      vertex 3.81011947363615 0 -0.016708998084068227
      vertex 3.4699999999999998 2 1.7881394143159923e-9
    endloop
  endfacet
  facet normal 0 -1 0
    outer loop
      vertex 2.142088488936424 0 -0.2641380187869071
      vertex 4.045516449947578 0 -0.5766834228104698
      vertex 5.671344698667526 0 -0.787653727531433
    endloop
  endfacet
  facet normal 0 -1 0
    outer loop
      vertex 3.4699999999999998 0 1.7881394143159923e-9
      vertex 4.477287830114364 0 -0.14941703349351876
      vertex 4.1469634187221525 0 -0.06667508006095879
    endloop
  endfacet
  facet normal 0 -1 0
    outer loop
      vertex 2.462712169885635 0 -0.14941703349351876
      vertex 5.397828706800937 0 -0.5848004427552222
      vertex 5.1057466802001 0 -0.40973321169614785
    endloop
  endfacet
  facet normal 0 -1 0
    outer loop
      vertex 2.793036581277847 0 -0.06667508006095879
      vertex 5.1057466802001 0 -0.40973321169614785
      vertex 4.7979115110635755 0 -0.2641380187869071
    endloop
  endfacet
  facet normal 0 -1 0
    outer loop
      vertex 3.1298805263638494 0 -0.016708998084068227
      vertex 4.7979115110635755 0 -0.2641380187869071
      vertex 4.477287830114364 0 -0.14941703349351876
    endloop
  endfacet
  facet normal 0.14673048231762723 0 0.989176508798524
    outer loop
      vertex 3.81011947363615 0 -0.016708998084068227
      vertex 4.1469634187221525 0 -0.06667508006095879
      vertex 3.81011947363615 2 -0.016708998084068227
    endloop
  endfacet
  facet normal 0.24298016814833895 0 0.9700312561389994
    outer loop
      vertex 4.1469634187221525 0 -0.06667508006095879
      vertex 4.477287830114364 0 -0.14941703349351876
      vertex 4.1469634187221525 2 -0.06667508006095879
    endloop
  endfacet
  facet normal 0.04906767897721206 0 0.9987954559767426
    outer loop
      vertex 3.81011947363615 0 -0.016708998084068227
      vertex 3.81011947363615 2 -0.016708998084068227
      vertex 3.4699999999999998 2 1.7881394143159923e-9
    endloop
  endfacet
  facet normal 0.14673048231762723 0 0.989176508798524
    outer loop
      vertex 4.1469634187221525 0 -0.06667508006095879
      vertex 4.1469634187221525 2 -0.06667508006095879
      vertex 3.81011947363615 2 -0.016708998084068227
    endloop
  endfacet
  facet normal 0 -1 0
    outer loop
      vertex 5.1089321874078255 0 -1.017164643707491
      vertex 5.671344698667526 0 -0.787653727531433
      vertex 4.598916125477015 0 -0.7445553790917039
    endloop
  endfacet
  facet normal 0 -1 0
    outer loop
      vertex 2.142088488936424 0 -0.2641380187869071
      vertex 5.671344698667526 0 -0.787653727531433
      vertex 5.397828706800937 0 -0.5848004427552222
    endloop
  endfacet
  facet normal 0.3368898478233123 0 0.9415440671756078
    outer loop
      vertex 4.477287830114364 0 -0.14941703349351876
      vertex 4.7979115110635755 0 -0.2641380187869071
      vertex 4.477287830114364 2 -0.14941703349351876
    endloop
  endfacet
  facet normal 0 -1 0
    outer loop
      vertex 4.045516449947578 0 -0.5766834228104698
      vertex 4.598916125477015 0 -0.7445553790917039
      vertex 5.671344698667526 0 -0.787653727531433
    endloop
  endfacet
  facet normal 0.5141027475882922 0 0.8577286079653452
    outer loop
      vertex 5.1057466802001 0 -0.40973321169614785
      vertex 5.397828706800937 0 -0.5848004427552222
      vertex 5.1057466802001 2 -0.40973321169614785
    endloop
  endfacet
  facet normal 0.42755509613511855 0 0.903989291844151
    outer loop
      vertex 5.1057466802001 0 -0.40973321169614785
      vertex 4.7979115110635755 2 -0.2641380187869071
      vertex 4.7979115110635755 0 -0.2641380187869071
    endloop
  endfacet
  facet normal 0.24298016814833895 0 0.9700312561389994
    outer loop
      vertex 4.477287830114364 0 -0.14941703349351876
      vertex 4.477287830114364 2 -0.14941703349351876
      vertex 4.1469634187221525 2 -0.06667508006095879
    endloop
  endfacet
  facet normal 0.3368898478233123 0 0.9415440671756078
    outer loop
      vertex 4.7979115110635755 0 -0.2641380187869071
      vertex 4.7979115110635755 2 -0.2641380187869071
      vertex 4.477287830114364 2 -0.14941703349351876
    endloop
  endfacet
  facet normal 0.42755509613511855 0 0.903989291844151
    outer loop
      vertex 5.1057466802001 0 -0.40973321169614785
      vertex 5.1057466802001 2 -0.40973321169614785
      vertex 4.7979115110635755 2 -0.2641380187869071
    endloop
  endfacet
  facet normal 0.04906767897721206 0 0.9987954559767426
    outer loop
      vertex 3.4699999999999998 2 1.7881394143159923e-9
      vertex 3.81011947363615 2 -0.016708998084068227
      vertex 3.4699999999999998 4 1.7881394143159923e-9
    endloop
  endfacet
  facet normal 0.14673048231762723 0 0.989176508798524
    outer loop
      vertex 3.81011947363615 2 -0.016708998084068227
      vertex 4.1469634187221525 2 -0.06667508006095879
      vertex 3.81011947363615 4 -0.016708998084068227
    endloop
  endfacet
  facet normal 0.24298016814833895 0 0.9700312561389994
    outer loop
      vertex 4.1469634187221525 2 -0.06667508006095879
      vertex 4.477287830114364 2 -0.14941703349351876
      vertex 4.1469634187221525 4 -0.06667508006095879
    endloop
  endfacet
  facet normal 0.04906767897721206 0 0.9987954559767426
    outer loop
      vertex 3.81011947363615 2 -0.016708998084068227
      vertex 3.81011947363615 4 -0.016708998084068227
      vertex 3.4699999999999998 4 1.7881394143159923e-9
    endloop
  endfacet
  facet normal 0.14673048231762723 0 0.989176508798524
    outer loop
      vertex 4.1469634187221525 2 -0.06667508006095879
      vertex 4.1469634187221525 4 -0.06667508006095879
      vertex 3.81011947363615 4 -0.016708998084068227
    endloop
  endfacet
  facet normal 0.3368898478233123 0 0.9415440671756078
    outer loop
      vertex 4.477287830114364 2 -0.14941703349351876
      vertex 4.7979115110635755 2 -0.2641380187869071
      vertex 4.477287830114364 4 -0.14941703349351876
    endloop
  endfacet
  facet normal 0.5141027475882922 0 0.8577286079653452
    outer loop
      vertex 5.1057466802001 2 -0.40973321169614785
      vertex 5.397828706800937 2 -0.5848004427552222
      vertex 5.1057466802001 4 -0.40973321169614785
    endloop
  endfacet
  facet normal 0.42755509613511855 0 0.903989291844151
    outer loop
      vertex 5.1057466802001 2 -0.40973321169614785
      vertex 4.7979115110635755 4 -0.2641380187869071
      vertex 4.7979115110635755 2 -0.2641380187869071
    endloop
  endfacet
  facet normal 0.24298016814833895 0 0.9700312561389994
    outer loop
      vertex 4.477287830114364 2 -0.14941703349351876
      vertex 4.477287830114364 4 -0.14941703349351876
      vertex 4.1469634187221525 4 -0.06667508006095879
    endloop
  endfacet
  facet normal 0.3368898478233123 0 0.9415440671756078
    outer loop
      vertex 4.7979115110635755 2 -0.2641380187869071
      vertex 4.7979115110635755 4 -0.2641380187869071
      vertex 4.477287830114364 4 -0.14941703349351876
    endloop
  endfacet
  facet normal 0.42755509613511855 0 0.903989291844151
    outer loop
      vertex 5.1057466802001 2 -0.40973321169614785
      vertex 5.1057466802001 4 -0.40973321169614785
      vertex 4.7979115110635755 4 -0.2641380187869071
    endloop
  endfacet
  facet normal 0 -1 0
    outer loop
      vertex 6.363316577189529 0 -2.894483550052421
      vertex 6.67586197823286 0 -2.1420884934067725
      vertex 6.195444620908296 0 -2.3410838745229845
    endloop
  endfacet
  facet normal 0 -1 0
    outer loop
      vertex 6.42 0 -3.4699999999999998
      vertex 6.873324924409389 0 -2.7930365857481956
      vertex 6.363316577189529 0 -2.894483550052421
    endloop
  endfacet
  facet normal 0 -1 0
    outer loop
      vertex 6.42 0 -3.4699999999999998
      vertex 6.923290998935699 0 -3.1298805233836173
      vertex 6.873324924409389 0 -2.7930365857481956
    endloop
  endfacet
  facet normal 0 -1 0
    outer loop
      vertex 6.363316577189529 0 -2.894483550052421
      vertex 6.873324924409389 0 -2.7930365857481956
      vertex 6.790582963526249 0 -2.462712166905403
    endloop
  endfacet
  facet normal 0 -1 0
    outer loop
      vertex 6.363316577189529 0 -2.894483550052421
      vertex 6.790582963526249 0 -2.462712166905403
      vertex 6.67586197823286 0 -2.1420884934067725
    endloop
  endfacet
  facet normal 0.9891765115030899 0 0.1467304640849242
    outer loop
      vertex 6.923290998935699 0 -3.1298805233836173
      vertex 6.873324924409389 2 -2.7930365857481956
      vertex 6.873324924409389 0 -2.7930365857481956
    endloop
  endfacet
  facet normal 0.9700312522738085 0 0.24298018357904574
    outer loop
      vertex 6.873324924409389 0 -2.7930365857481956
      vertex 6.790582963526249 2 -2.462712166905403
      vertex 6.790582963526249 0 -2.462712166905403
    endloop
  endfacet
  facet normal 0 -1 0
    outer loop
      vertex 6.195444620908296 0 -2.3410838745229845
      vertex 6.67586197823286 0 -2.1420884934067725
      vertex 6.53026678532362 0 -1.8342533242702483
    endloop
  endfacet
  facet normal 0 -1 0
    outer loop
      vertex 5.9228353562925085 0 -1.8310678125921727
      vertex 6.195444620908296 0 -2.3410838745229845
      vertex 6.53026678532362 0 -1.8342533242702483
    endloop
  endfacet
  facet normal 0 -1 0
    outer loop
      vertex 5.9228353562925085 0 -1.8310678125921727
      vertex 6.53026678532362 0 -1.8342533242702483
      vertex 6.355199554264545 0 -1.54217129021883
    endloop
  endfacet
  facet normal 0.857728613748103 0 0.5141027379403433
    outer loop
      vertex 6.53026678532362 0 -1.8342533242702483
      vertex 6.355199554264545 2 -1.54217129021883
      vertex 6.355199554264545 0 -1.54217129021883
    endloop
  endfacet
  facet normal 0.9415440646924116 0 0.33688985476338074
    outer loop
      vertex 6.790582963526249 0 -2.462712166905403
      vertex 6.67586197823286 2 -2.1420884934067725
      vertex 6.67586197823286 0 -2.1420884934067725
    endloop
  endfacet
  facet normal 0.903989291844151 0 0.42755509613511855
    outer loop
      vertex 6.67586197823286 0 -2.1420884934067725
      vertex 6.53026678532362 2 -1.8342533242702483
      vertex 6.53026678532362 0 -1.8342533242702483
    endloop
  endfacet
  facet normal 0.9891765115030899 0 0.1467304640849242
    outer loop
      vertex 6.923290998935699 0 -3.1298805233836173
      vertex 6.923290998935699 2 -3.1298805233836173
      vertex 6.873324924409389 2 -2.7930365857481956
    endloop
  endfacet
  facet normal 0.9700312522738085 0 0.24298018357904574
    outer loop
      vertex 6.873324924409389 0 -2.7930365857481956
      vertex 6.873324924409389 2 -2.7930365857481956
      vertex 6.790582963526249 2 -2.462712166905403
    endloop
  endfacet
  facet normal 0.857728613748103 0 0.5141027379403433
    outer loop
      vertex 6.53026678532362 0 -1.8342533242702483
      vertex 6.53026678532362 2 -1.8342533242702483
      vertex 6.355199554264545 2 -1.54217129021883
    endloop
  endfacet
  facet normal 0.903989291844151 0 0.42755509613511855
    outer loop
      vertex 6.67586197823286 0 -2.1420884934067725
      vertex 6.67586197823286 2 -2.1420884934067725
      vertex 6.53026678532362 2 -1.8342533242702483
    endloop
  endfacet
  facet normal 0.9415440646924116 0 0.33688985476338074
    outer loop
      vertex 6.790582963526249 0 -2.462712166905403
      vertex 6.790582963526249 2 -2.462712166905403
      vertex 6.67586197823286 2 -2.1420884934067725
    endloop
  endfacet
  facet normal 0 -1 0
    outer loop
      vertex 5.1089321874078255 0 -1.017164643707491
      vertex 5.555965004500315 0 -1.3840349954996842
      vertex 5.923660532832145 0 -1.0163394716382026
    endloop
  endfacet
  facet normal 0 -1 0
    outer loop
      vertex 5.1089321874078255 0 -1.017164643707491
      vertex 5.923660532832145 0 -1.0163394716382026
      vertex 5.671344698667526 0 -0.787653727531433
    endloop
  endfacet
  facet normal 0 -1 0
    outer loop
      vertex 5.9228353562925085 0 -1.8310678125921727
      vertex 6.152346269488334 0 -1.268655305802822
      vertex 5.555965004500315 0 -1.3840349954996842
    endloop
  endfacet
  facet normal 0 -1 0
    outer loop
      vertex 5.555965004500315 0 -1.3840349954996842
      vertex 6.152346269488334 0 -1.268655305802822
      vertex 5.923660532832145 0 -1.0163394716382026
    endloop
  endfacet
  facet normal 0.6715589582535773 0 0.7409511222674342
    outer loop
      vertex 5.923660532832145 0 -1.0163394716382026
      vertex 5.671344698667526 2 -0.787653727531433
      vertex 5.671344698667526 0 -0.787653727531433
    endloop
  endfacet
  facet normal 0.7409511331544506 0 0.6715589462416054
    outer loop
      vertex 5.923660532832145 0 -1.0163394716382026
      vertex 6.152346269488334 0 -1.268655305802822
      vertex 5.923660532832145 2 -1.0163394716382026
    endloop
  endfacet
  facet normal 0.5956993044814788 0 0.8032075314887693
    outer loop
      vertex 5.397828706800937 0 -0.5848004427552222
      vertex 5.671344698667526 0 -0.787653727531433
      vertex 5.397828706800937 2 -0.5848004427552222
    endloop
  endfacet
  facet normal 0.6715589582535773 0 0.7409511222674342
    outer loop
      vertex 5.923660532832145 0 -1.0163394716382026
      vertex 5.923660532832145 2 -1.0163394716382026
      vertex 5.671344698667526 2 -0.787653727531433
    endloop
  endfacet
  facet normal 0.5141027475882922 0 0.8577286079653452
    outer loop
      vertex 5.1057466802001 2 -0.40973321169614785
      vertex 5.397828706800937 0 -0.5848004427552222
      vertex 5.397828706800937 2 -0.5848004427552222
    endloop
  endfacet
  facet normal 0.5956993044814788 0 0.8032075314887693
    outer loop
      vertex 5.671344698667526 0 -0.787653727531433
      vertex 5.671344698667526 2 -0.787653727531433
      vertex 5.397828706800937 2 -0.5848004427552222
    endloop
  endfacet
  facet normal 0 -1 0
    outer loop
      vertex 5.9228353562925085 0 -1.8310678125921727
      vertex 6.355199554264545 0 -1.54217129021883
      vertex 6.152346269488334 0 -1.268655305802822
    endloop
  endfacet
  facet normal 0.8032075237247008 0 0.5956993149501133
    outer loop
      vertex 6.152346269488334 0 -1.268655305802822
      vertex 6.355199554264545 0 -1.54217129021883
      vertex 6.152346269488334 2 -1.268655305802822
    endloop
  endfacet
  facet normal 0.8032075237247008 0 0.5956993149501133
    outer loop
      vertex 6.355199554264545 0 -1.54217129021883
      vertex 6.355199554264545 2 -1.54217129021883
      vertex 6.152346269488334 2 -1.268655305802822
    endloop
  endfacet
  facet normal 0.7409511331544506 0 0.6715589462416054
    outer loop
      vertex 6.152346269488334 0 -1.268655305802822
      vertex 6.152346269488334 2 -1.268655305802822
      vertex 5.923660532832145 2 -1.0163394716382026
    endloop
  endfacet
  facet normal 0.9891765115030899 0 0.1467304640849242
    outer loop
      vertex 6.923290998935699 2 -3.1298805233836173
      vertex 6.873324924409389 4 -2.7930365857481956
      vertex 6.873324924409389 2 -2.7930365857481956
    endloop
  endfacet
  facet normal 0.9700312522738085 0 0.24298018357904574
    outer loop
      vertex 6.873324924409389 2 -2.7930365857481956
      vertex 6.790582963526249 4 -2.462712166905403
      vertex 6.790582963526249 2 -2.462712166905403
    endloop
  endfacet
  facet normal 0.857728613748103 0 0.5141027379403433
    outer loop
      vertex 6.53026678532362 2 -1.8342533242702483
      vertex 6.355199554264545 4 -1.54217129021883
      vertex 6.355199554264545 2 -1.54217129021883
    endloop
  endfacet
  facet normal 0.9415440646924116 0 0.33688985476338074
    outer loop
      vertex 6.790582963526249 2 -2.462712166905403
      vertex 6.67586197823286 4 -2.1420884934067725
      vertex 6.67586197823286 2 -2.1420884934067725
    endloop
  endfacet
  facet normal 0.903989291844151 0 0.42755509613511855
    outer loop
      vertex 6.67586197823286 2 -2.1420884934067725
      vertex 6.53026678532362 4 -1.8342533242702483
      vertex 6.53026678532362 2 -1.8342533242702483
    endloop
  endfacet
  facet normal 0.9891765115030899 0 0.1467304640849242
    outer loop
      vertex 6.923290998935699 2 -3.1298805233836173
      vertex 6.923290998935699 4 -3.1298805233836173
      vertex 6.873324924409389 4 -2.7930365857481956
    endloop
  endfacet
  facet normal 0.9700312522738085 0 0.24298018357904574
    outer loop
      vertex 6.873324924409389 2 -2.7930365857481956
      vertex 6.873324924409389 4 -2.7930365857481956
      vertex 6.790582963526249 4 -2.462712166905403
    endloop
  endfacet
  facet normal 0.857728613748103 0 0.5141027379403433
    outer loop
      vertex 6.53026678532362 2 -1.8342533242702483
      vertex 6.53026678532362 4 -1.8342533242702483
      vertex 6.355199554264545 4 -1.54217129021883
    endloop
  endfacet
  facet normal 0.903989291844151 0 0.42755509613511855
    outer loop
      vertex 6.67586197823286 2 -2.1420884934067725
      vertex 6.67586197823286 4 -2.1420884934067725
      vertex 6.53026678532362 4 -1.8342533242702483
    endloop
  endfacet
  facet normal 0.9415440646924116 0 0.33688985476338074
    outer loop
      vertex 6.790582963526249 2 -2.462712166905403
      vertex 6.790582963526249 4 -2.462712166905403
      vertex 6.67586197823286 4 -2.1420884934067725
    endloop
  endfacet
  facet normal 0.6715589582535773 0 0.7409511222674342
    outer loop
      vertex 5.923660532832145 2 -1.0163394716382026
      vertex 5.671344698667526 4 -0.787653727531433
      vertex 5.671344698667526 2 -0.787653727531433
    endloop
  endfacet
  facet normal 0.7409511331544506 0 0.6715589462416054
    outer loop
      vertex 5.923660532832145 2 -1.0163394716382026
      vertex 6.152346269488334 2 -1.268655305802822
      vertex 5.923660532832145 4 -1.0163394716382026
    endloop
  endfacet
  facet normal 0.5956993044814788 0 0.8032075314887693
    outer loop
      vertex 5.397828706800937 2 -0.5848004427552222
      vertex 5.671344698667526 2 -0.787653727531433
      vertex 5.397828706800937 4 -0.5848004427552222
    endloop
  endfacet
  facet normal 0.6715589582535773 0 0.7409511222674342
    outer loop
      vertex 5.923660532832145 2 -1.0163394716382026
      vertex 5.923660532832145 4 -1.0163394716382026
      vertex 5.671344698667526 4 -0.787653727531433
    endloop
  endfacet
  facet normal 0.5141027475882922 0 0.8577286079653452
    outer loop
      vertex 5.397828706800937 2 -0.5848004427552222
      vertex 5.397828706800937 4 -0.5848004427552222
      vertex 5.1057466802001 4 -0.40973321169614785
    endloop
  endfacet
  facet normal 0.5956993044814788 0 0.8032075314887693
    outer loop
      vertex 5.671344698667526 2 -0.787653727531433
      vertex 5.671344698667526 4 -0.787653727531433
      vertex 5.397828706800937 4 -0.5848004427552222
    endloop
  endfacet
  facet normal 0.8032075237247008 0 0.5956993149501133
    outer loop
      vertex 6.152346269488334 2 -1.268655305802822
      vertex 6.355199554264545 2 -1.54217129021883
      vertex 6.152346269488334 4 -1.268655305802822
    endloop
  endfacet
  facet normal 0.8032075237247008 0 0.5956993149501133
    outer loop
      vertex 6.355199554264545 2 -1.54217129021883
      vertex 6.355199554264545 4 -1.54217129021883
      vertex 6.152346269488334 4 -1.268655305802822
    endloop
  endfacet
  facet normal 0.7409511331544506 0 0.6715589462416054
    outer loop
      vertex 6.152346269488334 2 -1.268655305802822
      vertex 6.152346269488334 4 -1.268655305802822
      vertex 5.923660532832145 4 -1.0163394716382026
    endloop
  endfacet
  facet normal 0 0 -1
    outer loop
      vertex 1.192092646817855e-9 4 -6.42
      vertex 6.939999998807907 6 -6.42
      vertex 6.939999998807907 4 -6.42
    endloop
  endfacet
  facet normal 0 0 -1
    outer loop
      vertex 1.192092646817855e-9 6 -6.42
      vertex 3.5207658519380436 7.5 -6.42
      vertex 6.939999998807907 8 -6.42
    endloop
  endfacet
  facet normal 0 0 -1
    outer loop
      vertex 1.192092646817855e-9 6 -6.42
      vertex 6.939999998807907 8 -6.42
      vertex 6.939999998807907 6 -6.42
    endloop
  endfacet
  facet normal 0 0 -1
    outer loop
      vertex 6.939999998807907 8 -6.42
      vertex 3.5207658519380436 7.5 -6.42
      vertex 3.5207658519380427 8 -6.42
    endloop
  endfacet
  facet normal 0 1 0
    outer loop
      vertex 6.939999998807907 8 -6.42
      vertex 3.5207658519380427 8 -6.42
      vertex 4.046491901557659 8 -6.368220503591546
    endloop
  endfacet
  facet normal 0 1 0
    outer loop
      vertex 6.939999998807907 8 -6.42
      vertex 4.046491901557659 8 -6.368220503591546
      vertex 4.600829542638841 8 -6.200064018570853
    endloop
  endfacet
  facet normal 1 0 0
    outer loop
      vertex 6.939999998807907 4 -6.42
      vertex 6.939999998807907 6 -6.42
      vertex 6.939999998807907 6 -3.4699999970197677
    endloop
  endfacet
  facet normal 1 0 0
    outer loop
      vertex 6.939999998807907 4 -6.42
      vertex 6.939999998807907 6 -3.4699999970197677
      vertex 6.939999998807907 4 -3.4699999970197677
    endloop
  endfacet
  facet normal 0.9987954559767426 0 0.04906767897721206
    outer loop
      vertex 6.939999998807907 4 -3.4699999970197677
      vertex 6.923290998935699 6 -3.1298805233836173
      vertex 6.923290998935699 4 -3.1298805233836173
    endloop
  endfacet
  facet normal 0.9987954559767426 0 0.04906767897721206
    outer loop
      vertex 6.939999998807907 4 -3.4699999970197677
      vertex 6.939999998807907 6 -3.4699999970197677
      vertex 6.923290998935699 6 -3.1298805233836173
    endloop
  endfacet
  facet normal 0 1 0
    outer loop
      vertex 6.939999998807907 8 -6.42
      vertex 4.600829542638841 8 -6.200064018570853
      vertex 5.111710038572925 8 -5.926992704354021
    endloop
  endfacet
  facet normal 0 1 0
    outer loop
      vertex 6.939999998807907 8 -6.42
      vertex 5.111710038572925 8 -5.926992704354021
      vertex 5.5595005384062475 8 -5.5595005384062475
    endloop
  endfacet
  facet normal 0 1 0
    outer loop
      vertex 6.939999998807907 8 -6.42
      vertex 5.5595005384062475 8 -5.5595005384062475
      vertex 5.926992704354021 8 -5.111710038572924
    endloop
  endfacet
  facet normal 0 1 0
    outer loop
      vertex 6.939999998807907 8 -6.42
      vertex 5.926992704354021 8 -5.111710038572924
      vertex 6.200064018570853 8 -4.60082954263884
    endloop
  endfacet
  facet normal 0 1 0
    outer loop
      vertex 6.939999998807907 8 -6.42
      vertex 6.200064018570853 8 -4.60082954263884
      vertex 6.368220503591546 8 -4.046491901557658
    endloop
  endfacet
  facet normal 1 0 0
    outer loop
      vertex 6.939999998807907 6 -6.42
      vertex 6.939999998807907 8 -6.42
      vertex 6.939999998807907 8 -3.4699999970197677
    endloop
  endfacet
  facet normal 1 0 0
    outer loop
      vertex 6.939999998807907 6 -6.42
      vertex 6.939999998807907 8 -3.4699999970197677
      vertex 6.939999998807907 6 -3.4699999970197677
    endloop
  endfacet
  facet normal 0.9987954559767426 0 0.04906767897721206
    outer loop
      vertex 6.939999998807907 6 -3.4699999970197677
      vertex 6.923290998935699 8 -3.1298805233836173
      vertex 6.923290998935699 6 -3.1298805233836173
    endloop
  endfacet
  facet normal 0 1 0
    outer loop
      vertex 6.939999998807907 8 -6.42
      vertex 6.368220503591546 8 -4.046491901557658
      vertex 6.425 8 -3.4699999999999998
    endloop
  endfacet
  facet normal 0 1 0
    outer loop
      vertex 6.939999998807907 8 -6.42
      vertex 6.425 8 -3.4699999999999998
      vertex 6.939999998807907 8 -3.4699999970197677
    endloop
  endfacet
  facet normal 0.9987954559767426 0 0.04906767897721206
    outer loop
      vertex 6.939999998807907 6 -3.4699999970197677
      vertex 6.939999998807907 8 -3.4699999970197677
      vertex 6.923290998935699 8 -3.1298805233836173
    endloop
  endfacet
  facet normal 0 1 0
    outer loop
      vertex 6.939999998807907 8 -3.4699999970197677
      vertex 6.425 8 -3.4699999999999998
      vertex 6.368220503591546 8 -2.8935080984423407
    endloop
  endfacet
  facet normal 0.04906767897721206 0 0.9987954559767426
    outer loop
      vertex 3.4699999999999998 4 1.7881394143159923e-9
      vertex 3.81011947363615 4 -0.016708998084068227
      vertex 3.4699999999999998 6 1.7881394143159923e-9
    endloop
  endfacet
  facet normal 0.14673048231762723 0 0.989176508798524
    outer loop
      vertex 3.81011947363615 4 -0.016708998084068227
      vertex 4.1469634187221525 4 -0.06667508006095879
      vertex 3.81011947363615 6 -0.016708998084068227
    endloop
  endfacet
  facet normal 0.24298016814833895 0 0.9700312561389994
    outer loop
      vertex 4.1469634187221525 4 -0.06667508006095879
      vertex 4.477287830114364 4 -0.14941703349351876
      vertex 4.1469634187221525 6 -0.06667508006095879
    endloop
  endfacet
  facet normal 0.04906767897721206 0 0.9987954559767426
    outer loop
      vertex 3.81011947363615 4 -0.016708998084068227
      vertex 3.81011947363615 6 -0.016708998084068227
      vertex 3.4699999999999998 6 1.7881394143159923e-9
    endloop
  endfacet
  facet normal 0.14673048231762723 0 0.989176508798524
    outer loop
      vertex 4.1469634187221525 4 -0.06667508006095879
      vertex 4.1469634187221525 6 -0.06667508006095879
      vertex 3.81011947363615 6 -0.016708998084068227
    endloop
  endfacet
  facet normal 0.3368898478233123 0 0.9415440671756078
    outer loop
      vertex 4.477287830114364 4 -0.14941703349351876
      vertex 4.7979115110635755 4 -0.2641380187869071
      vertex 4.477287830114364 6 -0.14941703349351876
    endloop
  endfacet
  facet normal 0.5141027475882922 0 0.8577286079653452
    outer loop
      vertex 5.1057466802001 4 -0.40973321169614785
      vertex 5.397828706800937 4 -0.5848004427552222
      vertex 5.1057466802001 6 -0.40973321169614785
    endloop
  endfacet
  facet normal 0.42755509613511855 0 0.903989291844151
    outer loop
      vertex 5.1057466802001 4 -0.40973321169614785
      vertex 4.7979115110635755 6 -0.2641380187869071
      vertex 4.7979115110635755 4 -0.2641380187869071
    endloop
  endfacet
  facet normal 0.24298016814833895 0 0.9700312561389994
    outer loop
      vertex 4.1469634187221525 6 -0.06667508006095879
      vertex 4.477287830114364 4 -0.14941703349351876
      vertex 4.477287830114364 6 -0.14941703349351876
    endloop
  endfacet
  facet normal 0.3368898478233123 0 0.9415440671756078
    outer loop
      vertex 4.7979115110635755 4 -0.2641380187869071
      vertex 4.7979115110635755 6 -0.2641380187869071
      vertex 4.477287830114364 6 -0.14941703349351876
    endloop
  endfacet
  facet normal 0.42755509613511855 0 0.903989291844151
    outer loop
      vertex 5.1057466802001 4 -0.40973321169614785
      vertex 5.1057466802001 6 -0.40973321169614785
      vertex 4.7979115110635755 6 -0.2641380187869071
    endloop
  endfacet
  facet normal 0.04906767897721206 0 0.9987954559767426
    outer loop
      vertex 3.4699999999999998 6 1.7881394143159923e-9
      vertex 3.81011947363615 6 -0.016708998084068227
      vertex 3.4699999999999998 8 1.7881394143159923e-9
    endloop
  endfacet
  facet normal 0.14673048231762723 0 0.989176508798524
    outer loop
      vertex 3.81011947363615 6 -0.016708998084068227
      vertex 4.1469634187221525 6 -0.06667508006095879
      vertex 3.81011947363615 8 -0.016708998084068227
    endloop
  endfacet
  facet normal 0.24298016814833895 0 0.9700312561389994
    outer loop
      vertex 4.1469634187221525 6 -0.06667508006095879
      vertex 4.477287830114364 6 -0.14941703349351876
      vertex 4.1469634187221525 8 -0.06667508006095879
    endloop
  endfacet
  facet normal 0.04906767897721206 0 0.9987954559767426
    outer loop
      vertex 3.81011947363615 6 -0.016708998084068227
      vertex 3.81011947363615 8 -0.016708998084068227
      vertex 3.4699999999999998 8 1.7881394143159923e-9
    endloop
  endfacet
  facet normal 0 1 0
    outer loop
      vertex 2.793036581277847 8 -0.06667508006095879
      vertex 3.1298805263638494 8 -0.016708998084068227
      vertex 4.7979115110635755 8 -0.2641380187869071
    endloop
  endfacet
  facet normal 0 1 0
    outer loop
      vertex 3.1298805263638494 8 -0.016708998084068227
      vertex 3.4699999999999998 8 1.7881394143159923e-9
      vertex 4.477287830114364 8 -0.14941703349351876
    endloop
  endfacet
  facet normal 0 1 0
    outer loop
      vertex 3.4699999999999998 8 1.7881394143159923e-9
      vertex 3.81011947363615 8 -0.016708998084068227
      vertex 4.1469634187221525 8 -0.06667508006095879
    endloop
  endfacet
  facet normal 0.14673048231762723 0 0.989176508798524
    outer loop
      vertex 4.1469634187221525 6 -0.06667508006095879
      vertex 4.1469634187221525 8 -0.06667508006095879
      vertex 3.81011947363615 8 -0.016708998084068227
    endloop
  endfacet
  facet normal 0 1 0
    outer loop
      vertex 2.142088488936424 8 -0.2641380187869071
      vertex 5.671344698667526 8 -0.787653727531433
      vertex 4.046491901557658 8 -0.5717794964084537
    endloop
  endfacet
  facet normal 0 1 0
    outer loop
      vertex 3.4699999999999998 8 1.7881394143159923e-9
      vertex 4.1469634187221525 8 -0.06667508006095879
      vertex 4.477287830114364 8 -0.14941703349351876
    endloop
  endfacet
  facet normal 0 1 0
    outer loop
      vertex 2.462712169885635 8 -0.14941703349351876
      vertex 5.1057466802001 8 -0.40973321169614785
      vertex 5.397828706800937 8 -0.5848004427552222
    endloop
  endfacet
  facet normal 0 1 0
    outer loop
      vertex 2.793036581277847 8 -0.06667508006095879
      vertex 4.7979115110635755 8 -0.2641380187869071
      vertex 5.1057466802001 8 -0.40973321169614785
    endloop
  endfacet
  facet normal 0 1 0
    outer loop
      vertex 3.1298805263638494 8 -0.016708998084068227
      vertex 4.477287830114364 8 -0.14941703349351876
      vertex 4.7979115110635755 8 -0.2641380187869071
    endloop
  endfacet
  facet normal 0.3368898478233123 0 0.9415440671756078
    outer loop
      vertex 4.477287830114364 6 -0.14941703349351876
      vertex 4.7979115110635755 6 -0.2641380187869071
      vertex 4.477287830114364 8 -0.14941703349351876
    endloop
  endfacet
  facet normal 0.5141027475882922 0 0.8577286079653452
    outer loop
      vertex 5.1057466802001 6 -0.40973321169614785
      vertex 5.397828706800937 6 -0.5848004427552222
      vertex 5.1057466802001 8 -0.40973321169614785
    endloop
  endfacet
  facet normal 0.42755509613511855 0 0.903989291844151
    outer loop
      vertex 5.1057466802001 6 -0.40973321169614785
      vertex 4.7979115110635755 8 -0.2641380187869071
      vertex 4.7979115110635755 6 -0.2641380187869071
    endloop
  endfacet
  facet normal 0.24298016814833895 0 0.9700312561389994
    outer loop
      vertex 4.477287830114364 6 -0.14941703349351876
      vertex 4.477287830114364 8 -0.14941703349351876
      vertex 4.1469634187221525 8 -0.06667508006095879
    endloop
  endfacet
  facet normal 0.3368898478233123 0 0.9415440671756078
    outer loop
      vertex 4.7979115110635755 6 -0.2641380187869071
      vertex 4.7979115110635755 8 -0.2641380187869071
      vertex 4.477287830114364 8 -0.14941703349351876
    endloop
  endfacet
  facet normal 0 1 0
    outer loop
      vertex 2.142088488936424 8 -0.2641380187869071
      vertex 5.397828706800937 8 -0.5848004427552222
      vertex 5.671344698667526 8 -0.787653727531433
    endloop
  endfacet
  facet normal 0.42755509613511855 0 0.903989291844151
    outer loop
      vertex 5.1057466802001 6 -0.40973321169614785
      vertex 5.1057466802001 8 -0.40973321169614785
      vertex 4.7979115110635755 8 -0.2641380187869071
    endloop
  endfacet
  facet normal 0 1 0
    outer loop
      vertex 5.671344698667526 8 -0.787653727531433
      vertex 4.60082954263884 8 -0.7399359814291473
      vertex 4.046491901557658 8 -0.5717794964084537
    endloop
  endfacet
  facet normal 0.9891765115030899 0 0.1467304640849242
    outer loop
      vertex 6.923290998935699 4 -3.1298805233836173
      vertex 6.873324924409389 6 -2.7930365857481956
      vertex 6.873324924409389 4 -2.7930365857481956
    endloop
  endfacet
  facet normal 0.9700312522738085 0 0.24298018357904574
    outer loop
      vertex 6.873324924409389 4 -2.7930365857481956
      vertex 6.790582963526249 6 -2.462712166905403
      vertex 6.790582963526249 4 -2.462712166905403
    endloop
  endfacet
  facet normal 0.857728613748103 0 0.5141027379403433
    outer loop
      vertex 6.53026678532362 4 -1.8342533242702483
      vertex 6.355199554264545 6 -1.54217129021883
      vertex 6.355199554264545 4 -1.54217129021883
    endloop
  endfacet
  facet normal 0.9415440646924116 0 0.33688985476338074
    outer loop
      vertex 6.790582963526249 4 -2.462712166905403
      vertex 6.67586197823286 6 -2.1420884934067725
      vertex 6.67586197823286 4 -2.1420884934067725
    endloop
  endfacet
  facet normal 0.903989291844151 0 0.42755509613511855
    outer loop
      vertex 6.67586197823286 4 -2.1420884934067725
      vertex 6.53026678532362 6 -1.8342533242702483
      vertex 6.53026678532362 4 -1.8342533242702483
    endloop
  endfacet
  facet normal 0.9891765115030899 0 0.1467304640849242
    outer loop
      vertex 6.923290998935699 4 -3.1298805233836173
      vertex 6.923290998935699 6 -3.1298805233836173
      vertex 6.873324924409389 6 -2.7930365857481956
    endloop
  endfacet
  facet normal 0.9700312522738085 0 0.24298018357904574
    outer loop
      vertex 6.873324924409389 4 -2.7930365857481956
      vertex 6.873324924409389 6 -2.7930365857481956
      vertex 6.790582963526249 6 -2.462712166905403
    endloop
  endfacet
  facet normal 0.857728613748103 0 0.5141027379403433
    outer loop
      vertex 6.53026678532362 4 -1.8342533242702483
      vertex 6.53026678532362 6 -1.8342533242702483
      vertex 6.355199554264545 6 -1.54217129021883
    endloop
  endfacet
  facet normal 0.903989291844151 0 0.42755509613511855
    outer loop
      vertex 6.67586197823286 4 -2.1420884934067725
      vertex 6.67586197823286 6 -2.1420884934067725
      vertex 6.53026678532362 6 -1.8342533242702483
    endloop
  endfacet
  facet normal 0.9415440646924116 0 0.33688985476338074
    outer loop
      vertex 6.790582963526249 4 -2.462712166905403
      vertex 6.790582963526249 6 -2.462712166905403
      vertex 6.67586197823286 6 -2.1420884934067725
    endloop
  endfacet
  facet normal 0.6715589582535773 0 0.7409511222674342
    outer loop
      vertex 5.923660532832145 4 -1.0163394716382026
      vertex 5.671344698667526 6 -0.787653727531433
      vertex 5.671344698667526 4 -0.787653727531433
    endloop
  endfacet
  facet normal 0.7409511331544506 0 0.6715589462416054
    outer loop
      vertex 5.923660532832145 4 -1.0163394716382026
      vertex 6.152346269488334 4 -1.268655305802822
      vertex 5.923660532832145 6 -1.0163394716382026
    endloop
  endfacet
  facet normal 0.5956993044814788 0 0.8032075314887693
    outer loop
      vertex 5.397828706800937 4 -0.5848004427552222
      vertex 5.671344698667526 4 -0.787653727531433
      vertex 5.397828706800937 6 -0.5848004427552222
    endloop
  endfacet
  facet normal 0.6715589582535773 0 0.7409511222674342
    outer loop
      vertex 5.923660532832145 4 -1.0163394716382026
      vertex 5.923660532832145 6 -1.0163394716382026
      vertex 5.671344698667526 6 -0.787653727531433
    endloop
  endfacet
  facet normal 0.5141027475882922 0 0.8577286079653452
    outer loop
      vertex 5.1057466802001 6 -0.40973321169614785
      vertex 5.397828706800937 4 -0.5848004427552222
      vertex 5.397828706800937 6 -0.5848004427552222
    endloop
  endfacet
  facet normal 0.5956993044814788 0 0.8032075314887693
    outer loop
      vertex 5.671344698667526 4 -0.787653727531433
      vertex 5.671344698667526 6 -0.787653727531433
      vertex 5.397828706800937 6 -0.5848004427552222
    endloop
  endfacet
  facet normal 0.8032075237247008 0 0.5956993149501133
    outer loop
      vertex 6.152346269488334 4 -1.268655305802822
      vertex 6.355199554264545 4 -1.54217129021883
      vertex 6.152346269488334 6 -1.268655305802822
    endloop
  endfacet
  facet normal 0.8032075237247008 0 0.5956993149501133
    outer loop
      vertex 6.355199554264545 4 -1.54217129021883
      vertex 6.355199554264545 6 -1.54217129021883
      vertex 6.152346269488334 6 -1.268655305802822
    endloop
  endfacet
  facet normal 0.7409511331544506 0 0.6715589462416054
    outer loop
      vertex 5.923660532832145 6 -1.0163394716382026
      vertex 6.152346269488334 4 -1.268655305802822
      vertex 6.152346269488334 6 -1.268655305802822
    endloop
  endfacet
  facet normal 0 1 0
    outer loop
      vertex 6.53026678532362 8 -1.8342533242702483
      vertex 5.926992704354021 8 -1.8282899614270751
      vertex 5.5595005384062475 8 -1.3804994615937516
    endloop
  endfacet
  facet normal 0.9891765115030899 0 0.1467304640849242
    outer loop
      vertex 6.923290998935699 6 -3.1298805233836173
      vertex 6.873324924409389 8 -2.7930365857481956
      vertex 6.873324924409389 6 -2.7930365857481956
    endloop
  endfacet
  facet normal 0.9700312522738085 0 0.24298018357904574
    outer loop
      vertex 6.873324924409389 6 -2.7930365857481956
      vertex 6.790582963526249 8 -2.462712166905403
      vertex 6.790582963526249 6 -2.462712166905403
    endloop
  endfacet
  facet normal 0.857728613748103 0 0.5141027379403433
    outer loop
      vertex 6.53026678532362 6 -1.8342533242702483
      vertex 6.355199554264545 8 -1.54217129021883
      vertex 6.355199554264545 6 -1.54217129021883
    endloop
  endfacet
  facet normal 0.9415440646924116 0 0.33688985476338074
    outer loop
      vertex 6.790582963526249 6 -2.462712166905403
      vertex 6.67586197823286 8 -2.1420884934067725
      vertex 6.67586197823286 6 -2.1420884934067725
    endloop
  endfacet
  facet normal 0.903989291844151 0 0.42755509613511855
    outer loop
      vertex 6.67586197823286 6 -2.1420884934067725
      vertex 6.53026678532362 8 -1.8342533242702483
      vertex 6.53026678532362 6 -1.8342533242702483
    endloop
  endfacet
  facet normal 0 1 0
    outer loop
      vertex 6.873324924409389 8 -2.7930365857481956
      vertex 6.368220503591546 8 -2.8935080984423407
      vertex 6.200064018570853 8 -2.339170457361159
    endloop
  endfacet
  facet normal 0.9891765115030899 0 0.1467304640849242
    outer loop
      vertex 6.923290998935699 6 -3.1298805233836173
      vertex 6.923290998935699 8 -3.1298805233836173
      vertex 6.873324924409389 8 -2.7930365857481956
    endloop
  endfacet
  facet normal 0.9700312522738085 0 0.24298018357904574
    outer loop
      vertex 6.873324924409389 6 -2.7930365857481956
      vertex 6.873324924409389 8 -2.7930365857481956
      vertex 6.790582963526249 8 -2.462712166905403
    endloop
  endfacet
  facet normal 0 1 0
    outer loop
      vertex 6.923290998935699 8 -3.1298805233836173
      vertex 6.368220503591546 8 -2.8935080984423407
      vertex 6.873324924409389 8 -2.7930365857481956
    endloop
  endfacet
  facet normal 0 1 0
    outer loop
      vertex 6.939999998807907 8 -3.4699999970197677
      vertex 6.368220503591546 8 -2.8935080984423407
      vertex 6.923290998935699 8 -3.1298805233836173
    endloop
  endfacet
  facet normal 0 1 0
    outer loop
      vertex 6.873324924409389 8 -2.7930365857481956
      vertex 6.200064018570853 8 -2.339170457361159
      vertex 6.790582963526249 8 -2.462712166905403
    endloop
  endfacet
  facet normal 0.857728613748103 0 0.5141027379403433
    outer loop
      vertex 6.53026678532362 6 -1.8342533242702483
      vertex 6.53026678532362 8 -1.8342533242702483
      vertex 6.355199554264545 8 -1.54217129021883
    endloop
  endfacet
  facet normal 0 1 0
    outer loop
      vertex 6.67586197823286 8 -2.1420884934067725
      vertex 6.200064018570853 8 -2.339170457361159
      vertex 5.926992704354021 8 -1.8282899614270751
    endloop
  endfacet
  facet normal 0 1 0
    outer loop
      vertex 6.67586197823286 8 -2.1420884934067725
      vertex 5.926992704354021 8 -1.8282899614270751
      vertex 6.53026678532362 8 -1.8342533242702483
    endloop
  endfacet
  facet normal 0.903989291844151 0 0.42755509613511855
    outer loop
      vertex 6.67586197823286 6 -2.1420884934067725
      vertex 6.67586197823286 8 -2.1420884934067725
      vertex 6.53026678532362 8 -1.8342533242702483
    endloop
  endfacet
  facet normal 0.9415440646924116 0 0.33688985476338074
    outer loop
      vertex 6.790582963526249 6 -2.462712166905403
      vertex 6.790582963526249 8 -2.462712166905403
      vertex 6.67586197823286 8 -2.1420884934067725
    endloop
  endfacet
  facet normal 0 1 0
    outer loop
      vertex 6.790582963526249 8 -2.462712166905403
      vertex 6.200064018570853 8 -2.339170457361159
      vertex 6.67586197823286 8 -2.1420884934067725
    endloop
  endfacet
  facet normal 0.6715589582535773 0 0.7409511222674342
    outer loop
      vertex 5.923660532832145 6 -1.0163394716382026
      vertex 5.671344698667526 8 -0.787653727531433
      vertex 5.671344698667526 6 -0.787653727531433
    endloop
  endfacet
  facet normal 0.7409511331544506 0 0.6715589462416054
    outer loop
      vertex 5.923660532832145 6 -1.0163394716382026
      vertex 6.152346269488334 6 -1.268655305802822
      vertex 5.923660532832145 8 -1.0163394716382026
    endloop
  endfacet
  facet normal 0.5956993044814788 0 0.8032075314887693
    outer loop
      vertex 5.397828706800937 6 -0.5848004427552222
      vertex 5.671344698667526 6 -0.787653727531433
      vertex 5.397828706800937 8 -0.5848004427552222
    endloop
  endfacet
  facet normal 0 1 0
    outer loop
      vertex 6.152346269488334 8 -1.268655305802822
      vertex 5.5595005384062475 8 -1.3804994615937516
      vertex 5.111710038572924 8 -1.0130072956459784
    endloop
  endfacet
  facet normal 0 1 0
    outer loop
      vertex 5.923660532832145 8 -1.0163394716382026
      vertex 5.111710038572924 8 -1.0130072956459784
      vertex 4.60082954263884 8 -0.7399359814291473
    endloop
  endfacet
  facet normal 0 1 0
    outer loop
      vertex 5.923660532832145 8 -1.0163394716382026
      vertex 4.60082954263884 8 -0.7399359814291473
      vertex 5.671344698667526 8 -0.787653727531433
    endloop
  endfacet
  facet normal 0.6715589582535773 0 0.7409511222674342
    outer loop
      vertex 5.923660532832145 6 -1.0163394716382026
      vertex 5.923660532832145 8 -1.0163394716382026
      vertex 5.671344698667526 8 -0.787653727531433
    endloop
  endfacet
  facet normal 0 1 0
    outer loop
      vertex 6.152346269488334 8 -1.268655305802822
      vertex 6.355199554264545 8 -1.54217129021883
      vertex 5.5595005384062475 8 -1.3804994615937516
    endloop
  endfacet
  facet normal 0 1 0
    outer loop
      vertex 5.923660532832145 8 -1.0163394716382026
      vertex 6.152346269488334 8 -1.268655305802822
      vertex 5.111710038572924 8 -1.0130072956459784
    endloop
  endfacet
  facet normal 0.5141027475882922 0 0.8577286079653452
    outer loop
      vertex 5.1057466802001 8 -0.40973321169614785
      vertex 5.397828706800937 6 -0.5848004427552222
      vertex 5.397828706800937 8 -0.5848004427552222
    endloop
  endfacet
  facet normal 0.5956993044814788 0 0.8032075314887693
    outer loop
      vertex 5.671344698667526 6 -0.787653727531433
      vertex 5.671344698667526 8 -0.787653727531433
      vertex 5.397828706800937 8 -0.5848004427552222
    endloop
  endfacet
  facet normal 0.8032075237247008 0 0.5956993149501133
    outer loop
      vertex 6.152346269488334 6 -1.268655305802822
      vertex 6.355199554264545 6 -1.54217129021883
      vertex 6.152346269488334 8 -1.268655305802822
    endloop
  endfacet
  facet normal 0.8032075237247008 0 0.5956993149501133
    outer loop
      vertex 6.355199554264545 6 -1.54217129021883
      vertex 6.355199554264545 8 -1.54217129021883
      vertex 6.152346269488334 8 -1.268655305802822
    endloop
  endfacet
  facet normal 0.7409511331544506 0 0.6715589462416054
    outer loop
      vertex 6.152346269488334 6 -1.268655305802822
      vertex 6.152346269488334 8 -1.268655305802822
      vertex 5.923660532832145 8 -1.0163394716382026
    endloop
  endfacet
  facet normal 0 1 0
    outer loop
      vertex 6.53026678532362 8 -1.8342533242702483
      vertex 5.5595005384062475 8 -1.3804994615937516
      vertex 6.355199554264545 8 -1.54217129021883
    endloop
  endfacet
  facet normal 0 1 0
    outer loop
      vertex 1.8282899614270756 7.5 -5.926992704354021
      vertex 1.3804994615937516 7.5 -5.5595005384062475
      vertex 1.3875705294056169 7.5 -5.552429470594383
    endloop
  endfacet
  facet normal 0 1 0
    outer loop
      vertex 1.8282899614270756 7.5 -5.926992704354021
      vertex 1.3875705294056169 7.5 -5.552429470594383
      vertex 1.8338456637572715 7.5 -5.918678008230996
    endloop
  endfacet
  facet normal 0.634393284163645 0 0.7730104533627374
    outer loop
      vertex 1.8282899614270756 7.5 -5.926992704354021
      vertex 1.8282899614270756 8 -5.926992704354021
      vertex 1.3804994615937516 7.5 -5.5595005384062475
    endloop
  endfacet
  facet normal 0.634393284163645 0 0.7730104533627374
    outer loop
      vertex 1.3804994615937516 7.5 -5.5595005384062475
      vertex 1.8282899614270756 8 -5.926992704354021
      vertex 1.3804994615937516 8 -5.5595005384062475
    endloop
  endfacet
  facet normal 0 1 0
    outer loop
      vertex 1.0130072956459784 7.5 -5.111710038572925
      vertex 1.0213219917690033 7.5 -5.106154336242729
      vertex 1.3804994615937516 7.5 -5.5595005384062475
    endloop
  endfacet
  facet normal 0 1 0
    outer loop
      vertex 1.0213219917690033 7.5 -5.106154336242729
      vertex 1.3875705294056169 7.5 -5.552429470594383
      vertex 1.3804994615937516 7.5 -5.5595005384062475
    endloop
  endfacet
  facet normal 0.7730104533627365 0 0.6343932841636462
    outer loop
      vertex 1.0130072956459784 7.5 -5.111710038572925
      vertex 1.3804994615937516 7.5 -5.5595005384062475
      vertex 1.3804994615937516 8 -5.5595005384062475
    endloop
  endfacet
  facet normal 0.7730104533627365 0 0.6343932841636462
    outer loop
      vertex 1.0130072956459784 7.5 -5.111710038572925
      vertex 1.3804994615937516 8 -5.5595005384062475
      vertex 1.0130072956459784 8 -5.111710038572925
    endloop
  endfacet
  facet normal 0 1 0
    outer loop
      vertex 1.0130072956459784 7.5 -5.111710038572925
      vertex 0.74917477675426 7.5 -4.597002708315189
      vertex 1.0213219917690033 7.5 -5.106154336242729
    endloop
  endfacet
  facet normal 0.8819212643483552 0 0.47139673682599753
    outer loop
      vertex 1.0130072956459784 7.5 -5.111710038572925
      vertex 1.0130072956459784 8 -5.111710038572925
      vertex 0.7399359814291473 7.5 -4.600829542638841
    endloop
  endfacet
  facet normal 0 1 0
    outer loop
      vertex 1.0130072956459784 7.5 -5.111710038572925
      vertex 0.7399359814291473 7.5 -4.600829542638841
      vertex 0.74917477675426 7.5 -4.597002708315189
    endloop
  endfacet
  facet normal 0 1 0
    outer loop
      vertex 0.7399359814291473 7.5 -4.600829542638841
      vertex 0.5815873492124859 7.5 -4.0445409983374985
      vertex 0.74917477675426 7.5 -4.597002708315189
    endloop
  endfacet
  facet normal 0.9569403357322089 0 0.2902846772544623
    outer loop
      vertex 0.7399359814291473 7.5 -4.600829542638841
      vertex 0.7399359814291473 8 -4.600829542638841
      vertex 0.5717794964084537 7.5 -4.046491901557659
    endloop
  endfacet
  facet normal 0.8819212643483552 0 0.47139673682599753
    outer loop
      vertex 0.7399359814291473 7.5 -4.600829542638841
      vertex 1.0130072956459784 8 -5.111710038572925
      vertex 0.7399359814291473 8 -4.600829542638841
    endloop
  endfacet
  facet normal 0 1 0
    outer loop
      vertex 0.7399359814291473 7.5 -4.600829542638841
      vertex 0.5717794964084537 7.5 -4.046491901557659
      vertex 0.5815873492124859 7.5 -4.0445409983374985
    endloop
  endfacet
  facet normal 0.9569403357322089 0 0.2902846772544623
    outer loop
      vertex 0.5717794964084537 7.5 -4.046491901557659
      vertex 0.7399359814291473 8 -4.600829542638841
      vertex 0.5717794964084537 8 -4.046491901557659
    endloop
  endfacet
  facet normal 0 1 0
    outer loop
      vertex 0.5717794964084537 7.5 -4.046491901557659
      vertex 0.5249999999999995 7.5 -3.4699999999999998
      vertex 0.5815873492124859 7.5 -4.0445409983374985
    endloop
  endfacet
  facet normal 0.995184726672197 0 0.09801714032956055
    outer loop
      vertex 0.5717794964084537 7.5 -4.046491901557659
      vertex 0.5717794964084537 8 -4.046491901557659
      vertex 0.5149999999999997 7.5 -3.4699999999999998
    endloop
  endfacet
  facet normal 0 1 0
    outer loop
      vertex 0.5717794964084537 7.5 -4.046491901557659
      vertex 0.5149999999999997 7.5 -3.4699999999999998
      vertex 0.5249999999999995 7.5 -3.4699999999999998
    endloop
  endfacet
  facet normal 0.995184726672197 0 0.09801714032956055
    outer loop
      vertex 0.5149999999999997 7.5 -3.4699999999999998
      vertex 0.5717794964084537 8 -4.046491901557659
      vertex 0.5149999999999997 8 -3.4699999999999998
    endloop
  endfacet
  facet normal 0 1 0
    outer loop
      vertex 0.5149999999999997 7.5 -3.4699999999999998
      vertex 0.5815873492124859 7.5 -2.895459001662503
      vertex 0.5249999999999995 7.5 -3.4699999999999998
    endloop
  endfacet
  facet normal 0.9951847266721968 0 -0.09801714032956069
    outer loop
      vertex 0.5149999999999997 7.5 -3.4699999999999998
      vertex 0.5149999999999997 8 -3.4699999999999998
      vertex 0.5717794964084537 7.5 -2.893508098442341
    endloop
  endfacet
  facet normal 0 1 0
    outer loop
      vertex 1.8282899614270756 7.5 -5.926992704354021
      vertex 1.8338456637572715 7.5 -5.918678008230996
      vertex 2.33917045736116 7.5 -6.200064018570853
    endloop
  endfacet
  facet normal 0.47139673682599875 0 0.8819212643483545
    outer loop
      vertex 1.8282899614270756 7.5 -5.926992704354021
      vertex 2.33917045736116 8 -6.200064018570853
      vertex 1.8282899614270756 8 -5.926992704354021
    endloop
  endfacet
  facet normal 0 1 0
    outer loop
      vertex 1.8338456637572715 7.5 -5.918678008230996
      vertex 2.3429972916848105 7.5 -6.19082522324574
      vertex 2.33917045736116 7.5 -6.200064018570853
    endloop
  endfacet
  facet normal 0.47139673682599875 0 0.8819212643483545
    outer loop
      vertex 1.8282899614270756 7.5 -5.926992704354021
      vertex 2.33917045736116 7.5 -6.200064018570853
      vertex 2.33917045736116 8 -6.200064018570853
    endloop
  endfacet
  facet normal 0 1 0
    outer loop
      vertex 2.33917045736116 7.5 -6.200064018570853
      vertex 2.3429972916848105 7.5 -6.19082522324574
      vertex 2.893508098442341 7.5 -6.368220503591546
    endloop
  endfacet
  facet normal 0.2902846772544623 0 0.9569403357322089
    outer loop
      vertex 2.33917045736116 7.5 -6.200064018570853
      vertex 2.893508098442341 8 -6.368220503591546
      vertex 2.33917045736116 8 -6.200064018570853
    endloop
  endfacet
  facet normal 0 1 0
    outer loop
      vertex 2.3429972916848105 7.5 -6.19082522324574
      vertex 2.8954590016625024 7.5 -6.358412650787514
      vertex 2.893508098442341 7.5 -6.368220503591546
    endloop
  endfacet
  facet normal 0.2902846772544623 0 0.9569403357322089
    outer loop
      vertex 2.33917045736116 7.5 -6.200064018570853
      vertex 2.893508098442341 7.5 -6.368220503591546
      vertex 2.893508098442341 8 -6.368220503591546
    endloop
  endfacet
  facet normal 0 1 0
    outer loop
      vertex 2.893508098442341 7.5 -6.368220503591546
      vertex 2.8954590016625024 7.5 -6.358412650787514
      vertex 3.4192341480619564 7.5 -6.42
    endloop
  endfacet
  facet normal 0.0980171403295599 9.194592633776821e-17 0.9951847266721969
    outer loop
      vertex 2.893508098442341 7.5 -6.368220503591546
      vertex 3.4192341480619564 7.5 -6.42
      vertex 3.419234148061956 8 -6.42
    endloop
  endfacet
  facet normal 0.09801714032955998 0 0.9951847266721969
    outer loop
      vertex 2.893508098442341 7.5 -6.368220503591546
      vertex 3.419234148061956 8 -6.42
      vertex 2.893508098442341 8 -6.368220503591546
    endloop
  endfacet
  facet normal 0 1 0
    outer loop
      vertex 2.8954590016625024 7.5 -6.358412650787514
      vertex 3.4699999999999998 7.5 -6.415000000000001
      vertex 3.4192341480619564 7.5 -6.42
    endloop
  endfacet
  facet normal 0 1 0
    outer loop
      vertex 0.5149999999999997 7.5 -3.4699999999999998
      vertex 0.5717794964084537 7.5 -2.893508098442341
      vertex 0.5815873492124859 7.5 -2.895459001662503
    endloop
  endfacet
  facet normal 0.9951847266721968 0 -0.09801714032956069
    outer loop
      vertex 0.5717794964084537 7.5 -2.893508098442341
      vertex 0.5149999999999997 8 -3.4699999999999998
      vertex 0.5717794964084537 8 -2.893508098442341
    endloop
  endfacet
  facet normal 0 1 0
    outer loop
      vertex 0.5717794964084537 7.5 -2.893508098442341
      vertex 0.74917477675426 7.5 -2.342997291684811
      vertex 0.5815873492124859 7.5 -2.895459001662503
    endloop
  endfacet
  facet normal 0.9569403357322089 0 -0.2902846772544623
    outer loop
      vertex 0.5717794964084537 7.5 -2.893508098442341
      vertex 0.5717794964084537 8 -2.893508098442341
      vertex 0.7399359814291473 7.5 -2.33917045736116
    endloop
  endfacet
  facet normal 0 1 0
    outer loop
      vertex 0.5717794964084537 7.5 -2.893508098442341
      vertex 0.7399359814291473 7.5 -2.33917045736116
      vertex 0.74917477675426 7.5 -2.342997291684811
    endloop
  endfacet
  facet normal 0.9569403357322089 0 -0.2902846772544623
    outer loop
      vertex 0.7399359814291473 7.5 -2.33917045736116
      vertex 0.5717794964084537 8 -2.893508098442341
      vertex 0.7399359814291473 8 -2.33917045736116
    endloop
  endfacet
  facet normal 0 1 0
    outer loop
      vertex 0.7399359814291473 7.5 -2.33917045736116
      vertex 1.0213219917690037 7.5 -1.833845663757272
      vertex 0.74917477675426 7.5 -2.342997291684811
    endloop
  endfacet
  facet normal 0.8819212643483552 0 -0.47139673682599753
    outer loop
      vertex 0.7399359814291473 7.5 -2.33917045736116
      vertex 0.7399359814291473 8 -2.33917045736116
      vertex 1.0130072956459784 7.5 -1.8282899614270756
    endloop
  endfacet
  facet normal 0 1 0
    outer loop
      vertex 0.7399359814291473 7.5 -2.33917045736116
      vertex 1.0130072956459784 7.5 -1.8282899614270756
      vertex 1.0213219917690037 7.5 -1.833845663757272
    endloop
  endfacet
  facet normal 0.8819212643483552 0 -0.47139673682599753
    outer loop
      vertex 1.0130072956459784 7.5 -1.8282899614270756
      vertex 0.7399359814291473 8 -2.33917045736116
      vertex 1.0130072956459784 8 -1.8282899614270756
    endloop
  endfacet
  facet normal 0 1 0
    outer loop
      vertex 1.0213219917690037 7.5 -1.833845663757272
      vertex 1.0130072956459784 7.5 -1.8282899614270756
      vertex 1.3875705294056169 7.5 -1.3875705294056173
    endloop
  endfacet
  facet normal 0.7730104533627374 0 -0.634393284163645
    outer loop
      vertex 1.0130072956459784 7.5 -1.8282899614270756
      vertex 1.0130072956459784 8 -1.8282899614270756
      vertex 1.3804994615937516 7.5 -1.3804994615937516
    endloop
  endfacet
  facet normal 0 1 0
    outer loop
      vertex 1.0130072956459784 7.5 -1.8282899614270756
      vertex 1.3804994615937516 7.5 -1.3804994615937516
      vertex 1.3875705294056169 7.5 -1.3875705294056173
    endloop
  endfacet
  facet normal 0.7730104533627374 0 -0.634393284163645
    outer loop
      vertex 1.3804994615937516 7.5 -1.3804994615937516
      vertex 1.0130072956459784 8 -1.8282899614270756
      vertex 1.3804994615937516 8 -1.3804994615937516
    endloop
  endfacet
  facet normal 0 1 0
    outer loop
      vertex 1.3875705294056169 7.5 -1.3875705294056173
      vertex 1.3804994615937516 7.5 -1.3804994615937516
      vertex 1.833845663757271 7.5 -1.0213219917690042
    endloop
  endfacet
  facet normal 0.6343932841636454 0 -0.7730104533627372
    outer loop
      vertex 1.3804994615937516 7.5 -1.3804994615937516
      vertex 1.3804994615937516 8 -1.3804994615937516
      vertex 1.8282899614270751 7.5 -1.0130072956459784
    endloop
  endfacet
  facet normal 0 1 0
    outer loop
      vertex 1.3804994615937516 7.5 -1.3804994615937516
      vertex 1.8282899614270751 7.5 -1.0130072956459784
      vertex 1.833845663757271 7.5 -1.0213219917690042
    endloop
  endfacet
  facet normal 0.6343932841636454 0 -0.7730104533627372
    outer loop
      vertex 1.8282899614270751 7.5 -1.0130072956459784
      vertex 1.3804994615937516 8 -1.3804994615937516
      vertex 1.8282899614270751 8 -1.0130072956459784
    endloop
  endfacet
  facet normal 0 1 0
    outer loop
      vertex 1.8282899614270751 7.5 -1.0130072956459784
      vertex 2.34299729168481 7.5 -0.7491747767542605
      vertex 1.833845663757271 7.5 -1.0213219917690042
    endloop
  endfacet
  facet normal 0.4713967368259978 0 -0.8819212643483549
    outer loop
      vertex 1.8282899614270751 7.5 -1.0130072956459784
      vertex 1.8282899614270751 8 -1.0130072956459784
      vertex 2.339170457361159 7.5 -0.7399359814291473
    endloop
  endfacet
  facet normal 0 1 0
    outer loop
      vertex 1.8282899614270751 7.5 -1.0130072956459784
      vertex 2.339170457361159 7.5 -0.7399359814291473
      vertex 2.34299729168481 7.5 -0.7491747767542605
    endloop
  endfacet
  facet normal 0.4713967368259978 0 -0.8819212643483549
    outer loop
      vertex 2.339170457361159 7.5 -0.7399359814291473
      vertex 1.8282899614270751 8 -1.0130072956459784
      vertex 2.339170457361159 8 -0.7399359814291473
    endloop
  endfacet
  facet normal 0 1 0
    outer loop
      vertex 2.34299729168481 7.5 -0.7491747767542605
      vertex 2.339170457361159 7.5 -0.7399359814291473
      vertex 2.895459001662502 7.5 -0.5815873492124863
    endloop
  endfacet
  facet normal 0.29028467725446205 0 -0.9569403357322089
    outer loop
      vertex 2.339170457361159 7.5 -0.7399359814291473
      vertex 2.339170457361159 8 -0.7399359814291473
      vertex 2.8935080984423407 7.5 -0.5717794964084537
    endloop
  endfacet
  facet normal 0 1 0
    outer loop
      vertex 2.339170457361159 7.5 -0.7399359814291473
      vertex 2.8935080984423407 7.5 -0.5717794964084537
      vertex 2.895459001662502 7.5 -0.5815873492124863
    endloop
  endfacet
  facet normal 0.29028467725446205 0 -0.9569403357322089
    outer loop
      vertex 2.8935080984423407 7.5 -0.5717794964084537
      vertex 2.339170457361159 8 -0.7399359814291473
      vertex 2.8935080984423407 8 -0.5717794964084537
    endloop
  endfacet
  facet normal 0 1 0
    outer loop
      vertex 2.895459001662502 7.5 -0.5815873492124863
      vertex 2.8935080984423407 7.5 -0.5717794964084537
      vertex 3.4699999999999998 7.5 -0.5249999999999999
    endloop
  endfacet
  facet normal 0.0980171403295606 0 -0.9951847266721968
    outer loop
      vertex 2.8935080984423407 7.5 -0.5717794964084537
      vertex 2.8935080984423407 8 -0.5717794964084537
      vertex 3.4699999999999998 7.5 -0.5149999999999997
    endloop
  endfacet
  facet normal 0 1 0
    outer loop
      vertex 2.8935080984423407 7.5 -0.5717794964084537
      vertex 3.4699999999999998 7.5 -0.5149999999999997
      vertex 3.4699999999999998 7.5 -0.5249999999999999
    endloop
  endfacet
  facet normal 0.0980171403295606 0 -0.9951847266721968
    outer loop
      vertex 3.4699999999999998 7.5 -0.5149999999999997
      vertex 2.8935080984423407 8 -0.5717794964084537
      vertex 3.4699999999999998 8 -0.5149999999999997
    endloop
  endfacet
  facet normal 0 1 0
    outer loop
      vertex 3.4699999999999998 7.5 -6.415000000000001
      vertex 3.5207658519380436 7.5 -6.42
      vertex 3.4192341480619564 7.5 -6.42
    endloop
  endfacet
  facet normal 0 1 0
    outer loop
      vertex 3.4699999999999998 7.5 -6.415000000000001
      vertex 4.046491901557659 7.5 -6.368220503591546
      vertex 3.5207658519380436 7.5 -6.42
    endloop
  endfacet
  facet normal -0.09801714032955981 -1.707567203415694e-16 0.9951847266721969
    outer loop
      vertex 4.046491901557659 7.5 -6.368220503591546
      vertex 3.5207658519380427 8 -6.42
      vertex 3.5207658519380436 7.5 -6.42
    endloop
  endfacet
  facet normal 0 1 0
    outer loop
      vertex 3.4699999999999998 7.5 -6.415000000000001
      vertex 4.044540998337498 7.5 -6.358412650787514
      vertex 4.046491901557659 7.5 -6.368220503591546
    endloop
  endfacet
  facet normal -0.09801714032955965 0 0.9951847266721969
    outer loop
      vertex 4.046491901557659 7.5 -6.368220503591546
      vertex 4.046491901557659 8 -6.368220503591546
      vertex 3.5207658519380427 8 -6.42
    endloop
  endfacet
  facet normal 0 1 0
    outer loop
      vertex 4.046491901557659 7.5 -6.368220503591546
      vertex 4.044540998337498 7.5 -6.358412650787514
      vertex 4.600829542638841 7.5 -6.200064018570853
    endloop
  endfacet
  facet normal -0.2902846772544623 0 0.9569403357322089
    outer loop
      vertex 4.046491901557659 7.5 -6.368220503591546
      vertex 4.600829542638841 8 -6.200064018570853
      vertex 4.046491901557659 8 -6.368220503591546
    endloop
  endfacet
  facet normal 0 1 0
    outer loop
      vertex 4.044540998337498 7.5 -6.358412650787514
      vertex 4.597002708315189 7.5 -6.19082522324574
      vertex 4.600829542638841 7.5 -6.200064018570853
    endloop
  endfacet
  facet normal -0.2902846772544623 0 0.9569403357322089
    outer loop
      vertex 4.046491901557659 7.5 -6.368220503591546
      vertex 4.600829542638841 7.5 -6.200064018570853
      vertex 4.600829542638841 8 -6.200064018570853
    endloop
  endfacet
  facet normal 0 1 0
    outer loop
      vertex 4.600829542638841 7.5 -6.200064018570853
      vertex 4.597002708315189 7.5 -6.19082522324574
      vertex 5.111710038572925 7.5 -5.926992704354021
    endloop
  endfacet
  facet normal -0.47139673682599875 0 0.8819212643483545
    outer loop
      vertex 4.600829542638841 7.5 -6.200064018570853
      vertex 5.111710038572925 8 -5.926992704354021
      vertex 4.600829542638841 8 -6.200064018570853
    endloop
  endfacet
  facet normal 0 1 0
    outer loop
      vertex 4.597002708315189 7.5 -6.19082522324574
      vertex 5.106154336242728 7.5 -5.918678008230996
      vertex 5.111710038572925 7.5 -5.926992704354021
    endloop
  endfacet
  facet normal -0.47139673682599875 0 0.8819212643483545
    outer loop
      vertex 4.600829542638841 7.5 -6.200064018570853
      vertex 5.111710038572925 7.5 -5.926992704354021
      vertex 5.111710038572925 8 -5.926992704354021
    endloop
  endfacet
  facet normal 0 1 0
    outer loop
      vertex 5.106154336242728 7.5 -5.918678008230996
      vertex 5.5595005384062475 7.5 -5.5595005384062475
      vertex 5.111710038572925 7.5 -5.926992704354021
    endloop
  endfacet
  facet normal 0 1 0
    outer loop
      vertex 5.106154336242728 7.5 -5.918678008230996
      vertex 5.552429470594383 7.5 -5.552429470594383
      vertex 5.5595005384062475 7.5 -5.5595005384062475
    endloop
  endfacet
  facet normal -0.6343932841636462 0 0.7730104533627365
    outer loop
      vertex 5.111710038572925 7.5 -5.926992704354021
      vertex 5.5595005384062475 7.5 -5.5595005384062475
      vertex 5.5595005384062475 8 -5.5595005384062475
    endloop
  endfacet
  facet normal -0.6343932841636462 0 0.7730104533627365
    outer loop
      vertex 5.111710038572925 7.5 -5.926992704354021
      vertex 5.5595005384062475 8 -5.5595005384062475
      vertex 5.111710038572925 8 -5.926992704354021
    endloop
  endfacet
  facet normal 0 1 0
    outer loop
      vertex 5.5595005384062475 7.5 -5.5595005384062475
      vertex 5.552429470594383 7.5 -5.552429470594383
      vertex 5.926992704354021 7.5 -5.111710038572924
    endloop
  endfacet
  facet normal 0 1 0
    outer loop
      vertex 5.552429470594383 7.5 -5.552429470594383
      vertex 5.918678008230996 7.5 -5.106154336242729
      vertex 5.926992704354021 7.5 -5.111710038572924
    endloop
  endfacet
  facet normal -0.7730104533627372 0 0.6343932841636454
    outer loop
      vertex 5.5595005384062475 7.5 -5.5595005384062475
      vertex 5.926992704354021 7.5 -5.111710038572924
      vertex 5.926992704354021 8 -5.111710038572924
    endloop
  endfacet
  facet normal -0.7730104533627372 0 0.6343932841636454
    outer loop
      vertex 5.5595005384062475 7.5 -5.5595005384062475
      vertex 5.926992704354021 8 -5.111710038572924
      vertex 5.5595005384062475 8 -5.5595005384062475
    endloop
  endfacet
  facet normal 0 1 0
    outer loop
      vertex 5.926992704354021 7.5 -5.111710038572924
      vertex 5.918678008230996 7.5 -5.106154336242729
      vertex 6.200064018570853 7.5 -4.60082954263884
    endloop
  endfacet
  facet normal -0.8819212643483545 0 0.47139673682599875
    outer loop
      vertex 5.926992704354021 7.5 -5.111710038572924
      vertex 6.200064018570853 8 -4.60082954263884
      vertex 5.926992704354021 8 -5.111710038572924
    endloop
  endfacet
  facet normal 0 1 0
    outer loop
      vertex 5.918678008230996 7.5 -5.106154336242729
      vertex 6.1908252232457395 7.5 -4.597002708315189
      vertex 6.200064018570853 7.5 -4.60082954263884
    endloop
  endfacet
  facet normal -0.8819212643483545 0 0.47139673682599875
    outer loop
      vertex 5.926992704354021 7.5 -5.111710038572924
      vertex 6.200064018570853 7.5 -4.60082954263884
      vertex 6.200064018570853 8 -4.60082954263884
    endloop
  endfacet
  facet normal 0 1 0
    outer loop
      vertex 6.1908252232457395 7.5 -4.597002708315189
      vertex 6.368220503591546 7.5 -4.046491901557658
      vertex 6.200064018570853 7.5 -4.60082954263884
    endloop
  endfacet
  facet normal -0.9569403357322089 0 0.2902846772544623
    outer loop
      vertex 6.200064018570853 7.5 -4.60082954263884
      vertex 6.368220503591546 8 -4.046491901557658
      vertex 6.200064018570853 8 -4.60082954263884
    endloop
  endfacet
  facet normal 0 1 0
    outer loop
      vertex 6.1908252232457395 7.5 -4.597002708315189
      vertex 6.358412650787514 7.5 -4.044540998337498
      vertex 6.368220503591546 7.5 -4.046491901557658
    endloop
  endfacet
  facet normal -0.9569403357322089 0 0.2902846772544623
    outer loop
      vertex 6.200064018570853 7.5 -4.60082954263884
      vertex 6.368220503591546 7.5 -4.046491901557658
      vertex 6.368220503591546 8 -4.046491901557658
    endloop
  endfacet
  facet normal 0 1 0
    outer loop
      vertex 6.358412650787514 7.5 -4.044540998337498
      vertex 6.425 7.5 -3.4699999999999998
      vertex 6.368220503591546 7.5 -4.046491901557658
    endloop
  endfacet
  facet normal 0 1 0
    outer loop
      vertex 6.358412650787514 7.5 -4.044540998337498
      vertex 6.415 7.5 -3.47
      vertex 6.425 7.5 -3.4699999999999998
    endloop
  endfacet
  facet normal -0.995184726672197 0 0.09801714032955994
    outer loop
      vertex 6.368220503591546 7.5 -4.046491901557658
      vertex 6.425 7.5 -3.4699999999999998
      vertex 6.425 8 -3.4699999999999998
    endloop
  endfacet
  facet normal -0.995184726672197 0 0.09801714032955994
    outer loop
      vertex 6.368220503591546 7.5 -4.046491901557658
      vertex 6.425 8 -3.4699999999999998
      vertex 6.368220503591546 8 -4.046491901557658
    endloop
  endfacet
  facet normal 0 1 0
    outer loop
      vertex 6.415 7.5 -3.47
      vertex 6.358412650787514 7.5 -2.8954590016625024
      vertex 6.425 7.5 -3.4699999999999998
    endloop
  endfacet
  facet normal -0.995184726672197 0 -0.09801714032955985
    outer loop
      vertex 6.425 7.5 -3.4699999999999998
      vertex 6.368220503591546 8 -2.8935080984423407
      vertex 6.425 8 -3.4699999999999998
    endloop
  endfacet
  facet normal 0 1 0
    outer loop
      vertex 3.4699999999999998 7.5 -0.5249999999999999
      vertex 3.4699999999999998 7.5 -0.5149999999999997
      vertex 4.044540998337498 7.5 -0.5815873492124863
    endloop
  endfacet
  facet normal -0.09801714032956069 0 -0.9951847266721968
    outer loop
      vertex 3.4699999999999998 7.5 -0.5149999999999997
      vertex 3.4699999999999998 8 -0.5149999999999997
      vertex 4.046491901557658 7.5 -0.5717794964084537
    endloop
  endfacet
  facet normal 0 1 0
    outer loop
      vertex 3.4699999999999998 7.5 -0.5149999999999997
      vertex 4.046491901557658 7.5 -0.5717794964084537
      vertex 4.044540998337498 7.5 -0.5815873492124863
    endloop
  endfacet
  facet normal -0.09801714032956069 0 -0.9951847266721968
    outer loop
      vertex 4.046491901557658 7.5 -0.5717794964084537
      vertex 3.4699999999999998 8 -0.5149999999999997
      vertex 4.046491901557658 8 -0.5717794964084537
    endloop
  endfacet
  facet normal 0 1 0
    outer loop
      vertex 4.044540998337498 7.5 -0.5815873492124863
      vertex 4.046491901557658 7.5 -0.5717794964084537
      vertex 4.597002708315189 7.5 -0.7491747767542605
    endloop
  endfacet
  facet normal -0.2902846772544623 0 -0.9569403357322089
    outer loop
      vertex 4.046491901557658 7.5 -0.5717794964084537
      vertex 4.046491901557658 8 -0.5717794964084537
      vertex 4.60082954263884 7.5 -0.7399359814291473
    endloop
  endfacet
  facet normal 0 1 0
    outer loop
      vertex 4.597002708315189 7.5 -0.7491747767542605
      vertex 4.60082954263884 7.5 -0.7399359814291473
      vertex 5.106154336242728 7.5 -1.0213219917690042
    endloop
  endfacet
  facet normal -0.47139673682599753 0 -0.8819212643483552
    outer loop
      vertex 4.60082954263884 7.5 -0.7399359814291473
      vertex 4.60082954263884 8 -0.7399359814291473
      vertex 5.111710038572924 7.5 -1.0130072956459784
    endloop
  endfacet
  facet normal 0 1 0
    outer loop
      vertex 4.60082954263884 7.5 -0.7399359814291473
      vertex 5.111710038572924 7.5 -1.0130072956459784
      vertex 5.106154336242728 7.5 -1.0213219917690042
    endloop
  endfacet
  facet normal -0.47139673682599753 0 -0.8819212643483552
    outer loop
      vertex 5.111710038572924 7.5 -1.0130072956459784
      vertex 4.60082954263884 8 -0.7399359814291473
      vertex 5.111710038572924 8 -1.0130072956459784
    endloop
  endfacet
  facet normal 0 1 0
    outer loop
      vertex 4.046491901557658 7.5 -0.5717794964084537
      vertex 4.60082954263884 7.5 -0.7399359814291473
      vertex 4.597002708315189 7.5 -0.7491747767542605
    endloop
  endfacet
  facet normal -0.2902846772544623 0 -0.9569403357322089
    outer loop
      vertex 4.60082954263884 7.5 -0.7399359814291473
      vertex 4.046491901557658 8 -0.5717794964084537
      vertex 4.60082954263884 8 -0.7399359814291473
    endloop
  endfacet
  facet normal 0 1 0
    outer loop
      vertex 5.5595005384062475 7.5 -1.3804994615937516
      vertex 5.926992704354021 7.5 -1.8282899614270751
      vertex 5.918678008230996 7.5 -1.8338456637572715
    endloop
  endfacet
  facet normal -0.7730104533627372 0 -0.6343932841636454
    outer loop
      vertex 5.926992704354021 7.5 -1.8282899614270751
      vertex 5.5595005384062475 8 -1.3804994615937516
      vertex 5.926992704354021 8 -1.8282899614270751
    endloop
  endfacet
  facet normal 0 1 0
    outer loop
      vertex 6.1908252232457395 7.5 -2.34299729168481
      vertex 5.918678008230996 7.5 -1.8338456637572715
      vertex 5.926992704354021 7.5 -1.8282899614270751
    endloop
  endfacet
  facet normal -0.8819212643483543 0 -0.471396736825999
    outer loop
      vertex 6.200064018570853 7.5 -2.339170457361159
      vertex 5.926992704354021 7.5 -1.8282899614270751
      vertex 5.926992704354021 8 -1.8282899614270751
    endloop
  endfacet
  facet normal 0 1 0
    outer loop
      vertex 6.425 7.5 -3.4699999999999998
      vertex 6.358412650787514 7.5 -2.8954590016625024
      vertex 6.368220503591546 7.5 -2.8935080984423407
    endloop
  endfacet
  facet normal -0.995184726672197 0 -0.09801714032955985
    outer loop
      vertex 6.425 7.5 -3.4699999999999998
      vertex 6.368220503591546 7.5 -2.8935080984423407
      vertex 6.368220503591546 8 -2.8935080984423407
    endloop
  endfacet
  facet normal 0 1 0
    outer loop
      vertex 6.358412650787514 7.5 -2.8954590016625024
      vertex 6.1908252232457395 7.5 -2.34299729168481
      vertex 6.200064018570853 7.5 -2.339170457361159
    endloop
  endfacet
  facet normal -0.9569403357322089 0 -0.29028467725446205
    outer loop
      vertex 6.368220503591546 7.5 -2.8935080984423407
      vertex 6.200064018570853 7.5 -2.339170457361159
      vertex 6.200064018570853 8 -2.339170457361159
    endloop
  endfacet
  facet normal 0 1 0
    outer loop
      vertex 6.358412650787514 7.5 -2.8954590016625024
      vertex 6.200064018570853 7.5 -2.339170457361159
      vertex 6.368220503591546 7.5 -2.8935080984423407
    endloop
  endfacet
  facet normal -0.9569403357322089 0 -0.29028467725446205
    outer loop
      vertex 6.368220503591546 7.5 -2.8935080984423407
      vertex 6.200064018570853 8 -2.339170457361159
      vertex 6.368220503591546 8 -2.8935080984423407
    endloop
  endfacet
  facet normal 0 1 0
    outer loop
      vertex 6.1908252232457395 7.5 -2.34299729168481
      vertex 5.926992704354021 7.5 -1.8282899614270751
      vertex 6.200064018570853 7.5 -2.339170457361159
    endloop
  endfacet
  facet normal -0.8819212643483543 0 -0.471396736825999
    outer loop
      vertex 6.200064018570853 7.5 -2.339170457361159
      vertex 5.926992704354021 8 -1.8282899614270751
      vertex 6.200064018570853 8 -2.339170457361159
    endloop
  endfacet
  facet normal 0 1 0
    outer loop
      vertex 5.552429470594383 7.5 -1.3875705294056173
      vertex 5.111710038572924 7.5 -1.0130072956459784
      vertex 5.5595005384062475 7.5 -1.3804994615937516
    endloop
  endfacet
  facet normal -0.6343932841636454 0 -0.7730104533627372
    outer loop
      vertex 5.5595005384062475 7.5 -1.3804994615937516
      vertex 5.111710038572924 8 -1.0130072956459784
      vertex 5.5595005384062475 8 -1.3804994615937516
    endloop
  endfacet
  facet normal 0 1 0
    outer loop
      vertex 5.552429470594383 7.5 -1.3875705294056173
      vertex 5.106154336242728 7.5 -1.0213219917690042
      vertex 5.111710038572924 7.5 -1.0130072956459784
    endloop
  endfacet
  facet normal -0.6343932841636454 0 -0.7730104533627372
    outer loop
      vertex 5.5595005384062475 7.5 -1.3804994615937516
      vertex 5.111710038572924 7.5 -1.0130072956459784
      vertex 5.111710038572924 8 -1.0130072956459784
    endloop
  endfacet
  facet normal 0 1 0
    outer loop
      vertex 5.552429470594383 7.5 -1.3875705294056173
      vertex 5.5595005384062475 7.5 -1.3804994615937516
      vertex 5.918678008230996 7.5 -1.8338456637572715
    endloop
  endfacet
  facet normal -0.7730104533627372 0 -0.6343932841636454
    outer loop
      vertex 5.5595005384062475 7.5 -1.3804994615937516
      vertex 5.5595005384062475 8 -1.3804994615937516
      vertex 5.926992704354021 7.5 -1.8282899614270751
    endloop
  endfacet
  facet normal 0.5479185303493976 0.7053981618131148 0.4496651169597603
    outer loop
      vertex 1.0213219917690033 7.5 -5.106154336242729
      vertex 2.305942542776436 5.954999999999999 -4.247798326227443
      vertex 1.3875705294056169 7.5 -5.552429470594383
    endloop
  endfacet
  facet normal 0.6782901060464832 0.705398161813115 0.20575705419287346
    outer loop
      vertex 0.74917477675426 7.5 -4.597002708315189
      vertex 0.5815873492124859 7.5 -4.0445409983374985
      vertex 2.0969006074354777 5.955 -3.74312645082258
    endloop
  endfacet
  facet normal 0.6782901060464835 0.7053981618131148 0.2057570541928727
    outer loop
      vertex 0.74917477675426 7.5 -4.597002708315189
      vertex 2.0969006074354777 5.955 -3.74312645082258
      vertex 2.1765686544841985 5.955 -4.005756805311126
    endloop
  endfacet
  facet normal 0.6251157418939598 0.7053981618131148 0.3341313253004616
    outer loop
      vertex 1.0213219917690033 7.5 -5.106154336242729
      vertex 0.74917477675426 7.5 -4.597002708315189
      vertex 2.1765686544841985 5.955 -4.005756805311126
    endloop
  endfacet
  facet normal 0.7053981618131145 0.705398161813115 0.06947565488253768
    outer loop
      vertex 0.5815873492124859 7.5 -4.0445409983374985
      vertex 0.5249999999999995 7.5 -3.4699999999999998
      vertex 2.0969006074354777 5.955 -3.74312645082258
    endloop
  endfacet
  facet normal 0.7053981618131147 0.7053981618131148 0.06947565488253876
    outer loop
      vertex 2.0969006074354777 5.955 -3.74312645082258
      vertex 0.5249999999999995 7.5 -3.4699999999999998
      vertex 2.07 5.955 -3.4699999999999998
    endloop
  endfacet
  facet normal 0.7053981618131147 0.7053981618131149 -0.06947565488253754
    outer loop
      vertex 0.5249999999999995 7.5 -3.4699999999999998
      vertex 2.0969006074354772 5.955 -3.19687354917742
      vertex 2.07 5.955 -3.4699999999999998
    endloop
  endfacet
  facet normal 0.3341313253004627 0.7053981618131148 0.6251157418939595
    outer loop
      vertex 1.8338456637572715 7.5 -5.918678008230996
      vertex 2.9342431946888743 5.954999999999999 -4.7634313455158015
      vertex 2.3429972916848105 7.5 -6.19082522324574
    endloop
  endfacet
  facet normal 0.4496651169597597 0.7053981618131147 0.5479185303493981
    outer loop
      vertex 1.8338456637572715 7.5 -5.918678008230996
      vertex 1.3875705294056169 7.5 -5.552429470594383
      vertex 2.692201673772557 5.954999999999999 -4.634057457223563
    endloop
  endfacet
  facet normal 0.44966511695975897 0.7053981618131145 0.5479185303493991
    outer loop
      vertex 1.3875705294056169 7.5 -5.552429470594383
      vertex 2.4800505063388334 5.954999999999999 -4.459949493661167
      vertex 2.692201673772557 5.954999999999999 -4.634057457223563
    endloop
  endfacet
  facet normal 0.3341313253004629 0.7053981618131145 0.6251157418939594
    outer loop
      vertex 1.8338456637572715 7.5 -5.918678008230996
      vertex 2.692201673772557 5.954999999999999 -4.634057457223563
      vertex 2.9342431946888743 5.954999999999999 -4.7634313455158015
    endloop
  endfacet
  facet normal 0.2057570541928727 0.7053981618131149 0.6782901060464835
    outer loop
      vertex 2.3429972916848105 7.5 -6.19082522324574
      vertex 3.19687354917742 5.954999999999999 -4.843099392564522
      vertex 2.8954590016625024 7.5 -6.358412650787514
    endloop
  endfacet
  facet normal 0.0694756548825384 0.7053981618131149 0.7053981618131148
    outer loop
      vertex 2.8954590016625024 7.5 -6.358412650787514
      vertex 3.19687354917742 5.954999999999999 -4.843099392564522
      vertex 3.4699999999999998 7.5 -6.415000000000001
    endloop
  endfacet
  facet normal 0.20575705419287155 0.7053981618131147 0.678290106046484
    outer loop
      vertex 2.3429972916848105 7.5 -6.19082522324574
      vertex 2.9342431946888743 5.954999999999999 -4.7634313455158015
      vertex 3.19687354917742 5.954999999999999 -4.843099392564522
    endloop
  endfacet
  facet normal 0.06947565488253772 0.705398161813115 0.7053981618131145
    outer loop
      vertex 3.19687354917742 5.954999999999999 -4.843099392564522
      vertex 3.4699999999999998 5.954999999999999 -4.869999999999999
      vertex 3.4699999999999998 7.5 -6.415000000000001
    endloop
  endfacet
  facet normal 0.6251157418939608 0.7053981618131147 0.3341313253004603
    outer loop
      vertex 1.0213219917690033 7.5 -5.106154336242729
      vertex 2.1765686544841985 5.955 -4.005756805311126
      vertex 2.305942542776436 5.954999999999999 -4.247798326227443
    endloop
  endfacet
  facet normal 0.5479185303493983 0.7053981618131147 0.4496651169597596
    outer loop
      vertex 1.3875705294056169 7.5 -5.552429470594383
      vertex 2.305942542776436 5.954999999999999 -4.247798326227443
      vertex 2.4800505063388334 5.954999999999999 -4.459949493661167
    endloop
  endfacet
  facet normal 0.7053981618131147 0.7053981618131148 -0.0694756548825379
    outer loop
      vertex 0.5249999999999995 7.5 -3.4699999999999998
      vertex 0.5815873492124859 7.5 -2.895459001662503
      vertex 2.0969006074354772 5.955 -3.19687354917742
    endloop
  endfacet
  facet normal 0.6782901060464834 0.7053981618131149 -0.20575705419287318
    outer loop
      vertex 0.5815873492124859 7.5 -2.895459001662503
      vertex 0.74917477675426 7.5 -2.342997291684811
      vertex 2.1765686544841985 5.955 -2.934243194688874
    endloop
  endfacet
  facet normal 0.6782901060464834 0.7053981618131147 -0.20575705419287332
    outer loop
      vertex 0.5815873492124859 7.5 -2.895459001662503
      vertex 2.1765686544841985 5.955 -2.934243194688874
      vertex 2.0969006074354772 5.955 -3.19687354917742
    endloop
  endfacet
  facet normal 0.6251157418939596 0.7053981618131149 -0.33413132530046225
    outer loop
      vertex 0.74917477675426 7.5 -2.342997291684811
      vertex 1.0213219917690037 7.5 -1.833845663757272
      vertex 2.305942542776436 5.955 -2.692201673772557
    endloop
  endfacet
  facet normal 0.5479185303493981 0.7053981618131148 -0.4496651169597596
    outer loop
      vertex 2.480050506338833 5.955 -2.4800505063388334
      vertex 1.0213219917690037 7.5 -1.833845663757272
      vertex 1.3875705294056169 7.5 -1.3875705294056173
    endloop
  endfacet
  facet normal 0.6251157418939597 0.7053981618131148 -0.33413132530046197
    outer loop
      vertex 0.74917477675426 7.5 -2.342997291684811
      vertex 2.305942542776436 5.955 -2.692201673772557
      vertex 2.1765686544841985 5.955 -2.934243194688874
    endloop
  endfacet
  facet normal 0.5479185303493981 0.7053981618131148 -0.4496651169597598
    outer loop
      vertex 2.305942542776436 5.955 -2.692201673772557
      vertex 1.0213219917690037 7.5 -1.833845663757272
      vertex 2.480050506338833 5.955 -2.4800505063388334
    endloop
  endfacet
  facet normal 0.4496651169597599 0.7053981618131149 -0.547918530349398
    outer loop
      vertex 2.480050506338833 5.955 -2.4800505063388334
      vertex 1.3875705294056169 7.5 -1.3875705294056173
      vertex 1.833845663757271 7.5 -1.0213219917690042
    endloop
  endfacet
  facet normal 0.4496651169597605 0.7053981618131147 -0.5479185303493975
    outer loop
      vertex 2.480050506338833 5.955 -2.4800505063388334
      vertex 1.833845663757271 7.5 -1.0213219917690042
      vertex 2.6922016737725567 5.955 -2.305942542776436
    endloop
  endfacet
  facet normal 0.33413132530046175 0.7053981618131149 -0.6251157418939598
    outer loop
      vertex 2.6922016737725567 5.955 -2.305942542776436
      vertex 2.34299729168481 7.5 -0.7491747767542605
      vertex 2.934243194688874 5.955 -2.1765686544841985
    endloop
  endfacet
  facet normal 0.20575705419287224 0.7053981618131149 -0.6782901060464835
    outer loop
      vertex 2.934243194688874 5.955 -2.1765686544841985
      vertex 2.895459001662502 7.5 -0.5815873492124863
      vertex 3.19687354917742 5.955 -2.0969006074354777
    endloop
  endfacet
  facet normal 0.3341313253004622 0.7053981618131149 -0.6251157418939596
    outer loop
      vertex 2.6922016737725567 5.955 -2.305942542776436
      vertex 1.833845663757271 7.5 -1.0213219917690042
      vertex 2.34299729168481 7.5 -0.7491747767542605
    endloop
  endfacet
  facet normal 0.20575705419287338 0.7053981618131148 -0.6782901060464835
    outer loop
      vertex 2.934243194688874 5.955 -2.1765686544841985
      vertex 2.34299729168481 7.5 -0.7491747767542605
      vertex 2.895459001662502 7.5 -0.5815873492124863
    endloop
  endfacet
  facet normal 0.06947565488253887 0.7053981618131147 -0.7053981618131147
    outer loop
      vertex 3.19687354917742 5.955 -2.0969006074354777
      vertex 3.4699999999999998 7.5 -0.5249999999999999
      vertex 3.4699999999999998 5.955 -2.07
    endloop
  endfacet
  facet normal 0.0694756548825377 0.7053981618131149 -0.7053981618131147
    outer loop
      vertex 3.19687354917742 5.955 -2.0969006074354777
      vertex 2.895459001662502 7.5 -0.5815873492124863
      vertex 3.4699999999999998 7.5 -0.5249999999999999
    endloop
  endfacet
  facet normal -0.06947565488253835 0.7053981618131149 0.7053981618131147
    outer loop
      vertex 3.4699999999999998 7.5 -6.415000000000001
      vertex 3.7431264508225794 5.954999999999999 -4.843099392564522
      vertex 4.044540998337498 7.5 -6.358412650787514
    endloop
  endfacet
  facet normal -0.2057570541928727 0.7053981618131148 0.6782901060464835
    outer loop
      vertex 4.044540998337498 7.5 -6.358412650787514
      vertex 4.005756805311125 5.954999999999999 -4.7634313455158015
      vertex 4.597002708315189 7.5 -6.19082522324574
    endloop
  endfacet
  facet normal -0.0694756548825375 0.705398161813115 0.7053981618131145
    outer loop
      vertex 3.4699999999999998 7.5 -6.415000000000001
      vertex 3.4699999999999998 5.954999999999999 -4.869999999999999
      vertex 3.7431264508225794 5.954999999999999 -4.843099392564522
    endloop
  endfacet
  facet normal -0.2057570541928715 0.705398161813115 0.6782901060464839
    outer loop
      vertex 4.044540998337498 7.5 -6.358412650787514
      vertex 3.7431264508225794 5.954999999999999 -4.843099392564522
      vertex 4.005756805311125 5.954999999999999 -4.7634313455158015
    endloop
  endfacet
  facet normal -0.33413132530046197 0.7053981618131149 0.6251157418939597
    outer loop
      vertex 4.597002708315189 7.5 -6.19082522324574
      vertex 4.005756805311125 5.954999999999999 -4.7634313455158015
      vertex 4.247798326227443 5.954999999999999 -4.634057457223563
    endloop
  endfacet
  facet normal -0.449665116959761 0.7053981618131149 0.5479185303493972
    outer loop
      vertex 5.106154336242728 7.5 -5.918678008230996
      vertex 4.247798326227443 5.954999999999999 -4.634057457223563
      vertex 4.459949493661166 5.954999999999999 -4.459949493661166
    endloop
  endfacet
  facet normal -0.3341313253004629 0.7053981618131147 0.6251157418939592
    outer loop
      vertex 4.597002708315189 7.5 -6.19082522324574
      vertex 4.247798326227443 5.954999999999999 -4.634057457223563
      vertex 5.106154336242728 7.5 -5.918678008230996
    endloop
  endfacet
  facet normal -0.4496651169597594 0.7053981618131149 0.5479185303493983
    outer loop
      vertex 5.106154336242728 7.5 -5.918678008230996
      vertex 4.459949493661166 5.954999999999999 -4.459949493661166
      vertex 5.552429470594383 7.5 -5.552429470594383
    endloop
  endfacet
  facet normal -0.547918530349398 0.705398161813115 0.44966511695975936
    outer loop
      vertex 5.918678008230996 7.5 -5.106154336242729
      vertex 4.459949493661166 5.954999999999999 -4.459949493661166
      vertex 4.634057457223562 5.954999999999999 -4.247798326227443
    endloop
  endfacet
  facet normal -0.6251157418939596 0.7053981618131149 0.33413132530046213
    outer loop
      vertex 4.634057457223562 5.954999999999999 -4.247798326227443
      vertex 4.763431345515801 5.954999999999999 -4.005756805311125
      vertex 6.1908252232457395 7.5 -4.597002708315189
    endloop
  endfacet
  facet normal -0.5479185303493979 0.705398161813115 0.44966511695975997
    outer loop
      vertex 5.552429470594383 7.5 -5.552429470594383
      vertex 4.459949493661166 5.954999999999999 -4.459949493661166
      vertex 5.918678008230996 7.5 -5.106154336242729
    endloop
  endfacet
  facet normal -0.6251157418939597 0.7053981618131149 0.3341313253004615
    outer loop
      vertex 5.918678008230996 7.5 -5.106154336242729
      vertex 4.634057457223562 5.954999999999999 -4.247798326227443
      vertex 6.1908252232457395 7.5 -4.597002708315189
    endloop
  endfacet
  facet normal -0.6782901060464833 0.7053981618131149 0.20575705419287357
    outer loop
      vertex 4.763431345515801 5.954999999999999 -4.005756805311125
      vertex 6.358412650787514 7.5 -4.044540998337498
      vertex 6.1908252232457395 7.5 -4.597002708315189
    endloop
  endfacet
  facet normal -0.6782901060464832 0.7053981618131147 0.20575705419287363
    outer loop
      vertex 4.763431345515801 5.954999999999999 -4.005756805311125
      vertex 4.843099392564522 5.954999999999999 -3.7431264508225794
      vertex 6.358412650787514 7.5 -4.044540998337498
    endloop
  endfacet
  facet normal -0.7053981618131148 0.7053981618131151 0.06947565488253556
    outer loop
      vertex 4.843099392564522 5.954999999999999 -3.7431264508225794
      vertex 4.869999999999999 5.955 -3.47
      vertex 6.415 7.5 -3.47
    endloop
  endfacet
  facet normal -0.7053981618131147 0.7053981618131151 -0.06947565488253774
    outer loop
      vertex 4.869999999999999 5.955 -3.47
      vertex 4.843099392564522 5.955 -3.1968735491774205
      vertex 6.415 7.5 -3.47
    endloop
  endfacet
  facet normal -0.7053981618131147 0.7053981618131148 0.06947565488253735
    outer loop
      vertex 4.843099392564522 5.954999999999999 -3.7431264508225794
      vertex 6.415 7.5 -3.47
      vertex 6.358412650787514 7.5 -4.044540998337498
    endloop
  endfacet
  facet normal -0.20575705419287363 0.7053981618131148 -0.6782901060464832
    outer loop
      vertex 3.7431264508225794 5.955 -2.0969006074354772
      vertex 4.597002708315189 7.5 -0.7491747767542605
      vertex 4.005756805311125 5.955 -2.1765686544841985
    endloop
  endfacet
  facet normal -0.6251157418939596 0.7053981618131149 -0.334131325300462
    outer loop
      vertex 4.7634313455158015 5.955 -2.9342431946888743
      vertex 4.634057457223563 5.955 -2.6922016737725567
      vertex 5.918678008230996 7.5 -1.8338456637572715
    endloop
  endfacet
  facet normal -0.4496651169597603 0.705398161813115 -0.5479185303493974
    outer loop
      vertex 4.459949493661166 5.955 -2.4800505063388334
      vertex 4.247798326227443 5.955 -2.3059425427764366
      vertex 5.552429470594383 7.5 -1.3875705294056173
    endloop
  endfacet
  facet normal -0.33413132530046213 0.7053981618131148 -0.6251157418939597
    outer loop
      vertex 4.005756805311125 5.955 -2.1765686544841985
      vertex 5.106154336242728 7.5 -1.0213219917690042
      vertex 4.247798326227443 5.955 -2.3059425427764366
    endloop
  endfacet
  facet normal -0.5479185303493969 0.7053981618131151 -0.44966511695976097
    outer loop
      vertex 4.459949493661166 5.955 -2.4800505063388334
      vertex 5.552429470594383 7.5 -1.3875705294056173
      vertex 4.634057457223563 5.955 -2.6922016737725567
    endloop
  endfacet
  facet normal -0.06947565488253775 0.7053981618131149 -0.7053981618131149
    outer loop
      vertex 3.4699999999999998 5.955 -2.07
      vertex 3.4699999999999998 7.5 -0.5249999999999999
      vertex 3.7431264508225794 5.955 -2.0969006074354772
    endloop
  endfacet
  facet normal -0.0694756548825377 0.7053981618131147 -0.7053981618131147
    outer loop
      vertex 3.7431264508225794 5.955 -2.0969006074354772
      vertex 3.4699999999999998 7.5 -0.5249999999999999
      vertex 4.044540998337498 7.5 -0.5815873492124863
    endloop
  endfacet
  facet normal -0.20575705419287335 0.7053981618131148 -0.6782901060464834
    outer loop
      vertex 3.7431264508225794 5.955 -2.0969006074354772
      vertex 4.044540998337498 7.5 -0.5815873492124863
      vertex 4.597002708315189 7.5 -0.7491747767542605
    endloop
  endfacet
  facet normal -0.33413132530046247 0.7053981618131149 -0.6251157418939596
    outer loop
      vertex 4.005756805311125 5.955 -2.1765686544841985
      vertex 4.597002708315189 7.5 -0.7491747767542605
      vertex 5.106154336242728 7.5 -1.0213219917690042
    endloop
  endfacet
  facet normal -0.44966511695975947 0.7053981618131148 -0.5479185303493982
    outer loop
      vertex 4.247798326227443 5.955 -2.3059425427764366
      vertex 5.106154336242728 7.5 -1.0213219917690042
      vertex 5.552429470594383 7.5 -1.3875705294056173
    endloop
  endfacet
  facet normal -0.6782901060464841 0.7053981618131147 -0.20575705419287127
    outer loop
      vertex 4.843099392564522 5.955 -3.1968735491774205
      vertex 4.7634313455158015 5.955 -2.9342431946888743
      vertex 6.1908252232457395 7.5 -2.34299729168481
    endloop
  endfacet
  facet normal -0.6782901060464831 0.705398161813115 -0.20575705419287346
    outer loop
      vertex 4.843099392564522 5.955 -3.1968735491774205
      vertex 6.1908252232457395 7.5 -2.34299729168481
      vertex 6.358412650787514 7.5 -2.8954590016625024
    endloop
  endfacet
  facet normal -0.7053981618131145 0.7053981618131151 -0.06947565488253725
    outer loop
      vertex 6.415 7.5 -3.47
      vertex 4.843099392564522 5.955 -3.1968735491774205
      vertex 6.358412650787514 7.5 -2.8954590016625024
    endloop
  endfacet
  facet normal -0.6251157418939597 0.7053981618131149 -0.33413132530046197
    outer loop
      vertex 4.7634313455158015 5.955 -2.9342431946888743
      vertex 5.918678008230996 7.5 -1.8338456637572715
      vertex 6.1908252232457395 7.5 -2.34299729168481
    endloop
  endfacet
  facet normal -0.5479185303493979 0.7053981618131149 -0.44966511695976
    outer loop
      vertex 4.634057457223563 5.955 -2.6922016737725567
      vertex 5.552429470594383 7.5 -1.3875705294056173
      vertex 5.918678008230996 7.5 -1.8338456637572715
    endloop
  endfacet
  facet normal 0.2902846772544599 0 0.9569403357322096
    outer loop
      vertex 3.19687354917742 5.954999999999999 -4.843099392564522
      vertex 2.9342431946888743 -0.009999999999999787 -4.7634313455158015
      vertex 3.19687354917742 -0.009999999999999787 -4.843099392564522
    endloop
  endfacet
  facet normal 0.09801714032956065 0 0.9951847266721968
    outer loop
      vertex 3.4699999999999998 5.954999999999999 -4.869999999999999
      vertex 3.19687354917742 -0.009999999999999787 -4.843099392564522
      vertex 3.4699999999999998 -0.009999999999999787 -4.869999999999999
    endloop
  endfacet
  facet normal 0.8819212643483557 0 0.47139673682599637
    outer loop
      vertex 2.305942542776436 5.954999999999999 -4.247798326227443
      vertex 2.176568654484199 -0.009999999999999787 -4.005756805311126
      vertex 2.305942542776436 -0.009999999999999787 -4.247798326227443
    endloop
  endfacet
  facet normal 0.7730104533627369 3.691011285115555e-17 0.6343932841636457
    outer loop
      vertex 2.4800505063388334 5.954999999999999 -4.459949493661167
      vertex 2.305942542776436 -0.009999999999999787 -4.247798326227443
      vertex 2.480050506338833 -0.009999999999999787 -4.459949493661166
    endloop
  endfacet
  facet normal 0.9569403357322088 7.124339942480641e-17 0.2902846772544624
    outer loop
      vertex 2.1765686544841985 5.955 -4.005756805311126
      vertex 2.0969006074354777 -0.009999999999999787 -3.74312645082258
      vertex 2.176568654484199 -0.009999999999999787 -4.005756805311126
    endloop
  endfacet
  facet normal 0.9951847266721967 0 0.0980171403295621
    outer loop
      vertex 2.0969006074354777 5.955 -3.74312645082258
      vertex 2.07 -0.009999999999999787 -3.4699999999999998
      vertex 2.0969006074354777 -0.009999999999999787 -3.74312645082258
    endloop
  endfacet
  facet normal 0.9951847266721968 0 -0.09801714032956065
    outer loop
      vertex 2.07 5.955 -3.4699999999999998
      vertex 2.0969006074354772 -0.009999999999999787 -3.19687354917742
      vertex 2.07 -0.009999999999999787 -3.4699999999999998
    endloop
  endfacet
  facet normal 0.634393284163645 0 0.7730104533627373
    outer loop
      vertex 2.692201673772557 5.954999999999999 -4.634057457223563
      vertex 2.480050506338833 -0.009999999999999787 -4.459949493661166
      vertex 2.692201673772557 -0.009999999999999787 -4.634057457223563
    endloop
  endfacet
  facet normal 0.4713967368259982 0 0.8819212643483547
    outer loop
      vertex 2.9342431946888743 5.954999999999999 -4.7634313455158015
      vertex 2.692201673772557 -0.009999999999999787 -4.634057457223563
      vertex 2.9342431946888743 -0.009999999999999787 -4.7634313455158015
    endloop
  endfacet
  facet normal 0.09801714032956065 0 0.9951847266721968
    outer loop
      vertex 3.19687354917742 5.954999999999999 -4.843099392564522
      vertex 3.19687354917742 -0.009999999999999787 -4.843099392564522
      vertex 3.4699999999999998 5.954999999999999 -4.869999999999999
    endloop
  endfacet
  facet normal 0.6343932841636439 6.78171793617953e-17 0.7730104533627383
    outer loop
      vertex 2.692201673772557 5.954999999999999 -4.634057457223563
      vertex 2.4800505063388334 5.954999999999999 -4.459949493661167
      vertex 2.480050506338833 -0.009999999999999787 -4.459949493661166
    endloop
  endfacet
  facet normal 0.7730104533627373 0 0.634393284163645
    outer loop
      vertex 2.305942542776436 5.954999999999999 -4.247798326227443
      vertex 2.305942542776436 -0.009999999999999787 -4.247798326227443
      vertex 2.4800505063388334 5.954999999999999 -4.459949493661167
    endloop
  endfacet
  facet normal 0.881921264348355 6.357860565168326e-17 0.4713967368259976
    outer loop
      vertex 2.305942542776436 5.954999999999999 -4.247798326227443
      vertex 2.1765686544841985 5.955 -4.005756805311126
      vertex 2.176568654484199 -0.009999999999999787 -4.005756805311126
    endloop
  endfacet
  facet normal 0.9569403357322094 0 0.29028467725446094
    outer loop
      vertex 2.1765686544841985 5.955 -4.005756805311126
      vertex 2.0969006074354777 5.955 -3.74312645082258
      vertex 2.0969006074354777 -0.009999999999999787 -3.74312645082258
    endloop
  endfacet
  facet normal 0.9951847266721967 0 0.0980171403295621
    outer loop
      vertex 2.0969006074354777 5.955 -3.74312645082258
      vertex 2.07 5.955 -3.4699999999999998
      vertex 2.07 -0.009999999999999787 -3.4699999999999998
    endloop
  endfacet
  facet normal 0.9951847266721968 0 -0.09801714032956065
    outer loop
      vertex 2.07 5.955 -3.4699999999999998
      vertex 2.0969006074354772 5.955 -3.19687354917742
      vertex 2.0969006074354772 -0.009999999999999787 -3.19687354917742
    endloop
  endfacet
  facet normal 0.4713967368259982 0 0.8819212643483547
    outer loop
      vertex 2.692201673772557 5.954999999999999 -4.634057457223563
      vertex 2.692201673772557 -0.009999999999999787 -4.634057457223563
      vertex 2.9342431946888743 5.954999999999999 -4.7634313455158015
    endloop
  endfacet
  facet normal 0.2902846772544599 0 0.9569403357322096
    outer loop
      vertex 2.9342431946888743 5.954999999999999 -4.7634313455158015
      vertex 2.9342431946888743 -0.009999999999999787 -4.7634313455158015
      vertex 3.19687354917742 5.954999999999999 -4.843099392564522
    endloop
  endfacet
  facet normal 0.9569403357322088 0 -0.2902846772544624
    outer loop
      vertex 2.0969006074354772 5.955 -3.19687354917742
      vertex 2.1765686544841985 -0.009999999999999787 -2.934243194688874
      vertex 2.0969006074354772 -0.009999999999999787 -3.19687354917742
    endloop
  endfacet
  facet normal 0.8819212643483544 0 -0.47139673682599886
    outer loop
      vertex 2.1765686544841985 5.955 -2.934243194688874
      vertex 2.3059425427764366 -0.009999999999999787 -2.692201673772557
      vertex 2.1765686544841985 -0.009999999999999787 -2.934243194688874
    endloop
  endfacet
  facet normal 0.7730104533627383 5.754997509466842e-17 -0.6343932841636438
    outer loop
      vertex 2.305942542776436 5.955 -2.692201673772557
      vertex 2.480050506338833 -0.009999999999999787 -2.4800505063388334
      vertex 2.3059425427764366 -0.009999999999999787 -2.692201673772557
    endloop
  endfacet
  facet normal 0.6343932841636458 0 -0.7730104533627368
    outer loop
      vertex 2.480050506338833 5.955 -2.4800505063388334
      vertex 2.6922016737725567 -0.009999999999999787 -2.305942542776436
      vertex 2.480050506338833 -0.009999999999999787 -2.4800505063388334
    endloop
  endfacet
  facet normal 0.47139673682599637 0 -0.8819212643483557
    outer loop
      vertex 2.6922016737725567 5.955 -2.305942542776436
      vertex 2.9342431946888734 -0.009999999999999787 -2.176568654484199
      vertex 2.6922016737725567 -0.009999999999999787 -2.305942542776436
    endloop
  endfacet
  facet normal 0.2902846772544624 4.963195048037814e-17 -0.9569403357322088
    outer loop
      vertex 2.934243194688874 5.955 -2.1765686544841985
      vertex 3.1968735491774196 -0.009999999999999787 -2.0969006074354777
      vertex 2.9342431946888734 -0.009999999999999787 -2.176568654484199
    endloop
  endfacet
  facet normal 0.0980171403295621 -7.297293277572161e-18 -0.9951847266721967
    outer loop
      vertex 3.19687354917742 5.955 -2.0969006074354777
      vertex 3.4699999999999998 -0.009999999999999787 -2.07
      vertex 3.1968735491774196 -0.009999999999999787 -2.0969006074354777
    endloop
  endfacet
  facet normal 0.9569403357322088 0 -0.2902846772544624
    outer loop
      vertex 2.0969006074354772 5.955 -3.19687354917742
      vertex 2.1765686544841985 5.955 -2.934243194688874
      vertex 2.1765686544841985 -0.009999999999999787 -2.934243194688874
    endloop
  endfacet
  facet normal 0.881921264348355 6.781717936179548e-17 -0.4713967368259976
    outer loop
      vertex 2.1765686544841985 5.955 -2.934243194688874
      vertex 2.305942542776436 5.955 -2.692201673772557
      vertex 2.3059425427764366 -0.009999999999999787 -2.692201673772557
    endloop
  endfacet
  facet normal 0.7730104533627375 0 -0.6343932841636449
    outer loop
      vertex 2.305942542776436 5.955 -2.692201673772557
      vertex 2.480050506338833 5.955 -2.4800505063388334
      vertex 2.480050506338833 -0.009999999999999787 -2.4800505063388334
    endloop
  endfacet
  facet normal 0.6343932841636458 0 -0.7730104533627368
    outer loop
      vertex 2.480050506338833 5.955 -2.4800505063388334
      vertex 2.6922016737725567 5.955 -2.305942542776436
      vertex 2.6922016737725567 -0.009999999999999787 -2.305942542776436
    endloop
  endfacet
  facet normal 0.471396736825997 2.967001597078548e-17 -0.8819212643483555
    outer loop
      vertex 2.6922016737725567 5.955 -2.305942542776436
      vertex 2.934243194688874 5.955 -2.1765686544841985
      vertex 2.9342431946888734 -0.009999999999999787 -2.176568654484199
    endloop
  endfacet
  facet normal 0.29028467725446094 -2.1192868550561024e-17 -0.9569403357322094
    outer loop
      vertex 2.934243194688874 5.955 -2.1765686544841985
      vertex 3.19687354917742 5.955 -2.0969006074354777
      vertex 3.1968735491774196 -0.009999999999999787 -2.0969006074354777
    endloop
  endfacet
  facet normal 0.09801714032956226 0 -0.9951847266721967
    outer loop
      vertex 3.19687354917742 5.955 -2.0969006074354777
      vertex 3.4699999999999998 5.955 -2.07
      vertex 3.4699999999999998 -0.009999999999999787 -2.07
    endloop
  endfacet
  facet normal -0.09801714032956048 -7.297293277572042e-18 0.9951847266721968
    outer loop
      vertex 3.7431264508225794 5.954999999999999 -4.843099392564522
      vertex 3.4699999999999998 -0.009999999999999787 -4.869999999999999
      vertex 3.74312645082258 -0.009999999999999787 -4.843099392564522
    endloop
  endfacet
  facet normal -0.2902846772544594 -4.3222897888856114e-17 0.9569403357322097
    outer loop
      vertex 4.005756805311125 5.954999999999999 -4.7634313455158015
      vertex 3.74312645082258 -0.009999999999999787 -4.843099392564522
      vertex 4.005756805311126 -0.009999999999999787 -4.7634313455158015
    endloop
  endfacet
  facet normal -0.47139673682599886 0 0.8819212643483543
    outer loop
      vertex 4.247798326227443 5.954999999999999 -4.634057457223563
      vertex 4.005756805311126 -0.009999999999999787 -4.7634313455158015
      vertex 4.247798326227443 -0.009999999999999787 -4.634057457223563
    endloop
  endfacet
  facet normal -0.6343932841636467 0 0.773010453362736
    outer loop
      vertex 4.459949493661166 5.954999999999999 -4.459949493661166
      vertex 4.247798326227443 -0.009999999999999787 -4.634057457223563
      vertex 4.459949493661166 -0.009999999999999787 -4.459949493661166
    endloop
  endfacet
  facet normal -0.773010453362736 -1.1509995018933652e-16 0.6343932841636467
    outer loop
      vertex 4.634057457223562 5.954999999999999 -4.247798326227443
      vertex 4.459949493661166 -0.009999999999999787 -4.459949493661166
      vertex 4.634057457223563 -0.009999999999999787 -4.247798326227443
    endloop
  endfacet
  facet normal -0.881921264348355 -1.3131658589586898e-16 0.47139673682599753
    outer loop
      vertex 4.763431345515801 5.954999999999999 -4.005756805311125
      vertex 4.634057457223563 -0.009999999999999787 -4.247798326227443
      vertex 4.7634313455158015 -0.009999999999999787 -4.005756805311125
    endloop
  endfacet
  facet normal -0.9569403357322097 2.1611448944428057e-17 0.2902846772544594
    outer loop
      vertex 4.843099392564522 5.954999999999999 -3.7431264508225794
      vertex 4.7634313455158015 -0.009999999999999787 -4.005756805311125
      vertex 4.843099392564522 -0.009999999999999787 -3.743126450822579
    endloop
  endfacet
  facet normal -0.9951847266721968 7.297293277572066e-18 0.09801714032956081
    outer loop
      vertex 4.869999999999999 5.955 -3.47
      vertex 4.843099392564522 -0.009999999999999787 -3.743126450822579
      vertex 4.869999999999999 -0.009999999999999787 -3.4699999999999998
    endloop
  endfacet
  facet normal -0.9951847266721968 -7.297293277572053e-18 -0.09801714032956065
    outer loop
      vertex 4.843099392564522 5.955 -3.1968735491774205
      vertex 4.869999999999999 -0.009999999999999787 -3.4699999999999998
      vertex 4.843099392564522 -0.009999999999999787 -3.19687354917742
    endloop
  endfacet
  facet normal -0.09801714032956065 0 0.9951847266721968
    outer loop
      vertex 3.4699999999999998 5.954999999999999 -4.869999999999999
      vertex 3.4699999999999998 -0.009999999999999787 -4.869999999999999
      vertex 3.7431264508225794 5.954999999999999 -4.843099392564522
    endloop
  endfacet
  facet normal -0.2902846772544599 -2.161144894442809e-17 0.9569403357322096
    outer loop
      vertex 3.7431264508225794 5.954999999999999 -4.843099392564522
      vertex 3.74312645082258 -0.009999999999999787 -4.843099392564522
      vertex 4.005756805311125 5.954999999999999 -4.7634313455158015
    endloop
  endfacet
  facet normal -0.47139673682599753 -7.019017749638061e-17 0.881921264348355
    outer loop
      vertex 4.005756805311125 5.954999999999999 -4.7634313455158015
      vertex 4.005756805311126 -0.009999999999999787 -4.7634313455158015
      vertex 4.247798326227443 5.954999999999999 -4.634057457223563
    endloop
  endfacet
  facet normal -0.6343932841636467 0 0.773010453362736
    outer loop
      vertex 4.247798326227443 5.954999999999999 -4.634057457223563
      vertex 4.247798326227443 -0.009999999999999787 -4.634057457223563
      vertex 4.459949493661166 5.954999999999999 -4.459949493661166
    endloop
  endfacet
  facet normal -0.7730104533627375 0 0.6343932841636447
    outer loop
      vertex 4.459949493661166 5.954999999999999 -4.459949493661166
      vertex 4.459949493661166 -0.009999999999999787 -4.459949493661166
      vertex 4.634057457223562 5.954999999999999 -4.247798326227443
    endloop
  endfacet
  facet normal -0.881921264348355 -1.3131658589586898e-16 0.47139673682599753
    outer loop
      vertex 4.634057457223562 5.954999999999999 -4.247798326227443
      vertex 4.634057457223563 -0.009999999999999787 -4.247798326227443
      vertex 4.763431345515801 5.954999999999999 -4.005756805311125
    endloop
  endfacet
  facet normal -0.9569403357322086 -1.4248679884961283e-16 0.29028467725446283
    outer loop
      vertex 4.763431345515801 5.954999999999999 -4.005756805311125
      vertex 4.7634313455158015 -0.009999999999999787 -4.005756805311125
      vertex 4.843099392564522 5.954999999999999 -3.7431264508225794
    endloop
  endfacet
  facet normal -0.9951847266721968 7.297293277572066e-18 0.0980171403295608
    outer loop
      vertex 4.843099392564522 5.954999999999999 -3.7431264508225794
      vertex 4.843099392564522 -0.009999999999999787 -3.743126450822579
      vertex 4.869999999999999 5.955 -3.47
    endloop
  endfacet
  facet normal -0.9951847266721968 -7.297293277572053e-18 -0.09801714032956065
    outer loop
      vertex 4.869999999999999 5.955 -3.47
      vertex 4.869999999999999 -0.009999999999999787 -3.4699999999999998
      vertex 4.843099392564522 5.955 -3.1968735491774205
    endloop
  endfacet
  facet normal -0.09801714032956065 0 -0.9951847266721968
    outer loop
      vertex 3.4699999999999998 5.955 -2.07
      vertex 3.7431264508225794 -0.009999999999999787 -2.0969006074354772
      vertex 3.4699999999999998 -0.009999999999999787 -2.07
    endloop
  endfacet
  facet normal -0.2902846772544629 0 -0.9569403357322087
    outer loop
      vertex 3.7431264508225794 5.955 -2.0969006074354772
      vertex 4.005756805311125 -0.009999999999999787 -2.1765686544841985
      vertex 3.7431264508225794 -0.009999999999999787 -2.0969006074354772
    endloop
  endfacet
  facet normal -0.47139673682599625 0 -0.8819212643483558
    outer loop
      vertex 4.005756805311125 5.955 -2.1765686544841985
      vertex 4.247798326227443 -0.009999999999999787 -2.305942542776436
      vertex 4.005756805311125 -0.009999999999999787 -2.1765686544841985
    endloop
  endfacet
  facet normal -0.6343932841636466 -5.754997509466826e-17 -0.7730104533627361
    outer loop
      vertex 4.247798326227443 5.955 -2.3059425427764366
      vertex 4.459949493661166 -0.009999999999999787 -2.4800505063388334
      vertex 4.247798326227443 -0.009999999999999787 -2.305942542776436
    endloop
  endfacet
  facet normal -0.7730104533627361 0 -0.6343932841636466
    outer loop
      vertex 4.459949493661166 5.955 -2.4800505063388334
      vertex 4.634057457223563 -0.009999999999999787 -2.6922016737725567
      vertex 4.459949493661166 -0.009999999999999787 -2.4800505063388334
    endloop
  endfacet
  facet normal -0.8819212643483547 0 -0.4713967368259982
    outer loop
      vertex 4.634057457223563 5.955 -2.6922016737725567
      vertex 4.7634313455158015 -0.009999999999999787 -2.934243194688874
      vertex 4.634057457223563 -0.009999999999999787 -2.6922016737725567
    endloop
  endfacet
  facet normal -0.9569403357322098 -2.1611448944428057e-17 -0.2902846772544595
    outer loop
      vertex 4.7634313455158015 5.955 -2.9342431946888743
      vertex 4.843099392564522 -0.009999999999999787 -3.19687354917742
      vertex 4.7634313455158015 -0.009999999999999787 -2.934243194688874
    endloop
  endfacet
  facet normal -0.09801714032956065 0 -0.9951847266721968
    outer loop
      vertex 3.4699999999999998 5.955 -2.07
      vertex 3.7431264508225794 5.955 -2.0969006074354772
      vertex 3.7431264508225794 -0.009999999999999787 -2.0969006074354772
    endloop
  endfacet
  facet normal -0.2902846772544629 0 -0.9569403357322087
    outer loop
      vertex 3.7431264508225794 5.955 -2.0969006074354772
      vertex 4.005756805311125 5.955 -2.1765686544841985
      vertex 4.005756805311125 -0.009999999999999787 -2.1765686544841985
    endloop
  endfacet
  facet normal -0.47139673682599753 -6.357860565168303e-17 -0.881921264348355
    outer loop
      vertex 4.005756805311125 5.955 -2.1765686544841985
      vertex 4.247798326227443 5.955 -2.3059425427764366
      vertex 4.247798326227443 -0.009999999999999787 -2.305942542776436
    endloop
  endfacet
  facet normal -0.881921264348355 -3.50950887481903e-17 -0.47139673682599753
    outer loop
      vertex 4.7634313455158015 5.955 -2.9342431946888743
      vertex 4.7634313455158015 -0.009999999999999787 -2.934243194688874
      vertex 4.634057457223563 5.955 -2.6922016737725567
    endloop
  endfacet
  facet normal -0.6343932841636456 0 -0.7730104533627368
    outer loop
      vertex 4.459949493661166 5.955 -2.4800505063388334
      vertex 4.459949493661166 -0.009999999999999787 -2.4800505063388334
      vertex 4.247798326227443 5.955 -2.3059425427764366
    endloop
  endfacet
  facet normal -0.7730104533627361 0 -0.6343932841636466
    outer loop
      vertex 4.459949493661166 5.955 -2.4800505063388334
      vertex 4.634057457223563 5.955 -2.6922016737725567
      vertex 4.634057457223563 -0.009999999999999787 -2.6922016737725567
    endloop
  endfacet
  facet normal -0.9569403357322098 -2.1611448944428057e-17 -0.2902846772544595
    outer loop
      vertex 4.843099392564522 5.955 -3.1968735491774205
      vertex 4.843099392564522 -0.009999999999999787 -3.19687354917742
      vertex 4.7634313455158015 5.955 -2.9342431946888743
    endloop
  endfacet
endsolid OpenSCAD_Model
