solid OpenSCAD_Model
  facet normal -0.7547095802227737 -0.6560590289905054 0
    outer loop
      vertex -3.064177772475912 -2.571150438746157 -10.01
      vertex -2.972579301909577 -2.676522425435433 -10.01
      vertex -3.064177772475912 -2.571150438746157 0.009999999999999787
    endloop
  endfacet
  facet normal -0.819152044288992 -0.5735764363510458 0
    outer loop
      vertex -3.316150290220167 -2.2367716138829867 -10.01
      vertex -3.23606797749979 -2.351141009169892 -10.01
      vertex -3.316150290220167 -2.2367716138829867 0.009999999999999787
    endloop
  endfacet
  facet normal -0.857167300702112 -0.5150380749100545 0
    outer loop
      vertex -3.4641016151377544 -2.0000000000000004 -10.01
      vertex -3.3921923846257043 -2.119677056932819 -10.01
      vertex -3.4641016151377544 -2.0000000000000004 0.009999999999999787
    endloop
  endfacet
  facet normal -0.8386705679454235 -0.544639035015028 0
    outer loop
      vertex -3.3921923846257043 -2.119677056932819 -10.01
      vertex -3.316150290220167 -2.2367716138829867 -10.01
      vertex -3.3921923846257043 -2.119677056932819 0.009999999999999787
    endloop
  endfacet
  facet normal -0.7986355100472934 -0.6018150231520476 0
    outer loop
      vertex -3.152043014426888 -2.4626459013026327 -10.01
      vertex -3.23606797749979 -2.351141009169892 0.009999999999999787
      vertex -3.23606797749979 -2.351141009169892 -10.01
    endloop
  endfacet
  facet normal -0.77714596145697 -0.6293203910498385 0
    outer loop
      vertex -3.064177772475912 -2.571150438746157 -10.01
      vertex -3.152043014426888 -2.4626459013026327 0.009999999999999787
      vertex -3.152043014426888 -2.4626459013026327 -10.01
    endloop
  endfacet
  facet normal -0.6560590289905065 -0.7547095802227727 0
    outer loop
      vertex -2.571150438746158 -3.0641777724759116 -10.01
      vertex -2.571150438746158 -3.0641777724759116 0.009999999999999787
      vertex -2.6765224254354325 -2.9725793019095774 -10.01
    endloop
  endfacet
  facet normal -0.5735764363510456 -0.8191520442889921 0
    outer loop
      vertex -2.351141009169893 -3.2360679774997894 -10.01
      vertex -2.2367716138829863 -3.3161502902201674 -10.01
      vertex -2.2367716138829863 -3.3161502902201674 0.009999999999999787
    endloop
  endfacet
  facet normal -0.6018150231520482 -0.7986355100472929 0
    outer loop
      vertex -2.4626459013026323 -3.1520430144268885 -10.01
      vertex -2.351141009169893 -3.2360679774997894 -10.01
      vertex -2.351141009169893 -3.2360679774997894 0.009999999999999787
    endloop
  endfacet
  facet normal -0.6293203910498376 -0.7771459614569707 0
    outer loop
      vertex -2.571150438746158 -3.0641777724759116 -10.01
      vertex -2.4626459013026323 -3.1520430144268885 -10.01
      vertex -2.4626459013026323 -3.1520430144268885 0.009999999999999787
    endloop
  endfacet
  facet normal -0.5446390350150279 -0.8386705679454235 0
    outer loop
      vertex -2.2367716138829863 -3.3161502902201674 -10.01
      vertex -2.11967705693282 -3.392192384625704 -10.01
      vertex -2.11967705693282 -3.392192384625704 0.009999999999999787
    endloop
  endfacet
  facet normal -0.5150380749100559 -0.8571673007021113 0
    outer loop
      vertex -2.11967705693282 -3.392192384625704 -10.01
      vertex -2.0000000000000018 -3.464101615137754 -10.01
      vertex -2.0000000000000018 -3.464101615137754 0.009999999999999787
    endloop
  endfacet
  facet normal -0.7071067811865491 -0.7071067811865459 0
    outer loop
      vertex -2.8773592013546043 -2.778633481835989 -10.01
      vertex -2.778633481835989 -2.8773592013546048 -10.01
      vertex -2.8773592013546043 -2.778633481835989 0.009999999999999787
    endloop
  endfacet
  facet normal -0.7313537016191687 -0.6819983600625003 0
    outer loop
      vertex -2.8773592013546043 -2.778633481835989 -10.01
      vertex -2.972579301909577 -2.676522425435433 0.009999999999999787
      vertex -2.972579301909577 -2.676522425435433 -10.01
    endloop
  endfacet
  facet normal -0.6819983600624988 -0.7313537016191702 0
    outer loop
      vertex -2.778633481835989 -2.8773592013546048 -10.01
      vertex -2.6765224254354325 -2.9725793019095774 -10.01
      vertex -2.6765224254354325 -2.9725793019095774 0.009999999999999787
    endloop
  endfacet
  facet normal -0.7547095802227737 -0.6560590289905054 0
    outer loop
      vertex -2.972579301909577 -2.676522425435433 -10.01
      vertex -2.972579301909577 -2.676522425435433 0.009999999999999787
      vertex -3.064177772475912 -2.571150438746157 0.009999999999999787
    endloop
  endfacet
  facet normal -0.77714596145697 -0.6293203910498385 0
    outer loop
      vertex -3.064177772475912 -2.571150438746157 -10.01
      vertex -3.064177772475912 -2.571150438746157 0.009999999999999787
      vertex -3.152043014426888 -2.4626459013026327 0.009999999999999787
    endloop
  endfacet
  facet normal -0.819152044288992 -0.5735764363510458 0
    outer loop
      vertex -3.23606797749979 -2.351141009169892 -10.01
      vertex -3.23606797749979 -2.351141009169892 0.009999999999999787
      vertex -3.316150290220167 -2.2367716138829867 0.009999999999999787
    endloop
  endfacet
  facet normal -0.857167300702112 -0.5150380749100545 0
    outer loop
      vertex -3.3921923846257043 -2.119677056932819 -10.01
      vertex -3.3921923846257043 -2.119677056932819 0.009999999999999787
      vertex -3.4641016151377544 -2.0000000000000004 0.009999999999999787
    endloop
  endfacet
  facet normal -0.8386705679454235 -0.544639035015028 0
    outer loop
      vertex -3.316150290220167 -2.2367716138829867 -10.01
      vertex -3.316150290220167 -2.2367716138829867 0.009999999999999787
      vertex -3.3921923846257043 -2.119677056932819 0.009999999999999787
    endloop
  endfacet
  facet normal -0.7986355100472934 -0.6018150231520476 0
    outer loop
      vertex -3.152043014426888 -2.4626459013026327 -10.01
      vertex -3.152043014426888 -2.4626459013026327 0.009999999999999787
      vertex -3.23606797749979 -2.351141009169892 0.009999999999999787
    endloop
  endfacet
  facet normal -0.6560590289905065 -0.7547095802227727 0
    outer loop
      vertex -2.6765224254354325 -2.9725793019095774 -10.01
      vertex -2.571150438746158 -3.0641777724759116 0.009999999999999787
      vertex -2.6765224254354325 -2.9725793019095774 0.009999999999999787
    endloop
  endfacet
  facet normal -0.6293203910498376 -0.7771459614569707 0
    outer loop
      vertex -2.571150438746158 -3.0641777724759116 -10.01
      vertex -2.4626459013026323 -3.1520430144268885 0.009999999999999787
      vertex -2.571150438746158 -3.0641777724759116 0.009999999999999787
    endloop
  endfacet
  facet normal -0.5735764363510456 -0.8191520442889921 0
    outer loop
      vertex -2.351141009169893 -3.2360679774997894 -10.01
      vertex -2.2367716138829863 -3.3161502902201674 0.009999999999999787
      vertex -2.351141009169893 -3.2360679774997894 0.009999999999999787
    endloop
  endfacet
  facet normal -0.6018150231520482 -0.7986355100472929 0
    outer loop
      vertex -2.4626459013026323 -3.1520430144268885 -10.01
      vertex -2.351141009169893 -3.2360679774997894 0.009999999999999787
      vertex -2.4626459013026323 -3.1520430144268885 0.009999999999999787
    endloop
  endfacet
  facet normal -0.5446390350150279 -0.8386705679454235 0
    outer loop
      vertex -2.2367716138829863 -3.3161502902201674 -10.01
      vertex -2.11967705693282 -3.392192384625704 0.009999999999999787
      vertex -2.2367716138829863 -3.3161502902201674 0.009999999999999787
    endloop
  endfacet
  facet normal -0.5150380749100559 -0.8571673007021113 0
    outer loop
      vertex -2.11967705693282 -3.392192384625704 -10.01
      vertex -2.0000000000000018 -3.464101615137754 0.009999999999999787
      vertex -2.11967705693282 -3.392192384625704 0.009999999999999787
    endloop
  endfacet
  facet normal -0.7071067811865491 -0.7071067811865459 0
    outer loop
      vertex -2.778633481835989 -2.8773592013546048 -10.01
      vertex -2.778633481835989 -2.8773592013546048 0.009999999999999787
      vertex -2.8773592013546043 -2.778633481835989 0.009999999999999787
    endloop
  endfacet
  facet normal -0.7313537016191687 -0.6819983600625003 0
    outer loop
      vertex -2.8773592013546043 -2.778633481835989 -10.01
      vertex -2.8773592013546043 -2.778633481835989 0.009999999999999787
      vertex -2.972579301909577 -2.676522425435433 0.009999999999999787
    endloop
  endfacet
  facet normal -0.6819983600624988 -0.7313537016191702 0
    outer loop
      vertex -2.778633481835989 -2.8773592013546048 -10.01
      vertex -2.6765224254354325 -2.9725793019095774 0.009999999999999787
      vertex -2.778633481835989 -2.8773592013546048 0.009999999999999787
    endloop
  endfacet
  facet normal 0 0 1
    outer loop
      vertex -3.316150290220167 -2.2367716138829867 0.009999999999999787
      vertex -3.23606797749979 -2.351141009169892 0.009999999999999787
      vertex -2.0225424859373686 -1.4694631307311827 0.009999999999999787
    endloop
  endfacet
  facet normal 0 0 1
    outer loop
      vertex -3.152043014426888 -2.4626459013026327 0.009999999999999787
      vertex -1.970026884016805 -1.5391536883141455 0.009999999999999787
      vertex -3.23606797749979 -2.351141009169892 0.009999999999999787
    endloop
  endfacet
  facet normal 0 0 1
    outer loop
      vertex -3.064177772475912 -2.571150438746157 0.009999999999999787
      vertex -2.972579301909577 -2.676522425435433 0.009999999999999787
      vertex -1.8578620636934855 -1.6728265158971454 0.009999999999999787
    endloop
  endfacet
  facet normal 0 0 1
    outer loop
      vertex -2.8773592013546043 -2.778633481835989 0.009999999999999787
      vertex -1.798349500846628 -1.7366459261474931 0.009999999999999787
      vertex -2.972579301909577 -2.676522425435433 0.009999999999999787
    endloop
  endfacet
  facet normal 0 0 1
    outer loop
      vertex -3.064177772475912 -2.571150438746157 0.009999999999999787
      vertex -1.915111107797445 -1.6069690242163481 0.009999999999999787
      vertex -3.152043014426888 -2.4626459013026327 0.009999999999999787
    endloop
  endfacet
  facet normal 0 0 1
    outer loop
      vertex -2.778633481835989 -2.8773592013546048 0.009999999999999787
      vertex -2.6765224254354325 -2.9725793019095774 0.009999999999999787
      vertex -1.7366459261474931 -1.798349500846628 0.009999999999999787
    endloop
  endfacet
  facet normal 0 0 1
    outer loop
      vertex -2.571150438746158 -3.0641777724759116 0.009999999999999787
      vertex -1.6728265158971456 -1.8578620636934855 0.009999999999999787
      vertex -2.6765224254354325 -2.9725793019095774 0.009999999999999787
    endloop
  endfacet
  facet normal 0 0 1
    outer loop
      vertex -2.4626459013026323 -3.1520430144268885 0.009999999999999787
      vertex -2.351141009169893 -3.2360679774997894 0.009999999999999787
      vertex -1.5391536883141457 -1.9700268840168047 0.009999999999999787
    endloop
  endfacet
  facet normal 0 0 1
    outer loop
      vertex -2.351141009169893 -3.2360679774997894 0.009999999999999787
      vertex -2.2367716138829863 -3.3161502902201674 0.009999999999999787
      vertex -1.4694631307311832 -2.0225424859373686 0.009999999999999787
    endloop
  endfacet
  facet normal 0 0 1
    outer loop
      vertex -2.571150438746158 -3.0641777724759116 0.009999999999999787
      vertex -2.4626459013026323 -3.1520430144268885 0.009999999999999787
      vertex -1.6069690242163486 -1.9151111077974445 0.009999999999999787
    endloop
  endfacet
  facet normal 0 0 1
    outer loop
      vertex -2.8773592013546043 -2.778633481835989 0.009999999999999787
      vertex -2.778633481835989 -2.8773592013546048 0.009999999999999787
      vertex -1.7366459261474931 -1.798349500846628 0.009999999999999787
    endloop
  endfacet
  facet normal 0 0 1
    outer loop
      vertex -2.972579301909577 -2.676522425435433 0.009999999999999787
      vertex -1.798349500846628 -1.7366459261474931 0.009999999999999787
      vertex -1.8578620636934855 -1.6728265158971454 0.009999999999999787
    endloop
  endfacet
  facet normal 0 0 1
    outer loop
      vertex -2.8773592013546043 -2.778633481835989 0.009999999999999787
      vertex -1.7366459261474931 -1.798349500846628 0.009999999999999787
      vertex -1.798349500846628 -1.7366459261474931 0.009999999999999787
    endloop
  endfacet
  facet normal 0 0 1
    outer loop
      vertex -2.6765224254354325 -2.9725793019095774 0.009999999999999787
      vertex -1.6728265158971456 -1.8578620636934855 0.009999999999999787
      vertex -1.7366459261474931 -1.798349500846628 0.009999999999999787
    endloop
  endfacet
  facet normal -0.8746197071393962 -0.48480962024633645 0
    outer loop
      vertex -3.4641016151377544 -2.0000000000000004 -10.01
      vertex -3.5317903714357075 -1.8778862511435634 0.009999999999999787
      vertex -3.5317903714357075 -1.8778862511435634 -10.01
    endloop
  endfacet
  facet normal -0.8910065241883682 -0.45399049973954625 0
    outer loop
      vertex -3.5317903714357075 -1.8778862511435634 -10.01
      vertex -3.5951761851966677 -1.7534845871563098 0.009999999999999787
      vertex -3.5951761851966677 -1.7534845871563098 -10.01
    endloop
  endfacet
  facet normal -0.9063077870366498 -0.42261826174069983 0
    outer loop
      vertex -3.5951761851966677 -1.7534845871563098 -10.01
      vertex -3.6541818305704035 -1.6269465723032008 0.009999999999999787
      vertex -3.6541818305704035 -1.6269465723032008 -10.01
    endloop
  endfacet
  facet normal -0.9205048534524399 -0.3907311284892748 0
    outer loop
      vertex -3.6541818305704035 -1.6269465723032008 -10.01
      vertex -3.7087354182671497 -1.498426373663648 0.009999999999999787
      vertex -3.7087354182671497 -1.498426373663648 -10.01
    endloop
  endfacet
  facet normal -0.9455185755993167 -0.32556815445715676 0
    outer loop
      vertex -3.7587704831436337 -1.3680805733026746 -10.01
      vertex -3.8042260651806146 -1.2360679774997891 0.009999999999999787
      vertex -3.8042260651806146 -1.2360679774997891 -10.01
    endloop
  endfacet
  facet normal -0.956304755963036 -0.2923717047227353 0
    outer loop
      vertex -3.8042260651806146 -1.2360679774997891 -10.01
      vertex -3.8450467837532756 -1.102549423267996 0.009999999999999787
      vertex -3.8450467837532756 -1.102549423267996 -10.01
    endloop
  endfacet
  facet normal -0.9659258262890685 -0.25881904510251974 0
    outer loop
      vertex -3.8450467837532756 -1.102549423267996 -10.01
      vertex -3.881182905103986 -0.96768758239867 0.009999999999999787
      vertex -3.881182905103986 -0.96768758239867 -10.01
    endloop
  endfacet
  facet normal -0.9335804264972017 -0.35836794954530016 0
    outer loop
      vertex -3.7587704831436337 -1.3680805733026746 -10.01
      vertex -3.7087354182671497 -1.498426373663648 -10.01
      vertex -3.7587704831436337 -1.3680805733026746 0.009999999999999787
    endloop
  endfacet
  facet normal -0.974370064785235 -0.22495105434386575 0
    outer loop
      vertex -3.881182905103986 -0.96768758239867 -10.01
      vertex -3.9125904029352223 -0.831646763271038 0.009999999999999787
      vertex -3.9125904029352223 -0.831646763271038 -10.01
    endloop
  endfacet
  facet normal -0.9816271834476638 -0.1908089953765451 0
    outer loop
      vertex -3.9125904029352223 -0.831646763271038 -10.01
      vertex -3.939231012048832 -0.6945927106677219 0.009999999999999787
      vertex -3.939231012048832 -0.6945927106677219 -10.01
    endloop
  endfacet
  facet normal -0.9876883405951378 -0.15643446504022998 0
    outer loop
      vertex -3.939231012048832 -0.6945927106677219 -10.01
      vertex -3.961072274966281 -0.5566924038402621 0.009999999999999787
      vertex -3.961072274966281 -0.5566924038402621 -10.01
    endloop
  endfacet
  facet normal -0.9925461516413219 -0.1218693434051478 0
    outer loop
      vertex -3.961072274966281 -0.5566924038402621 -10.01
      vertex -3.978087581473093 -0.418113853070614 0.009999999999999787
      vertex -3.978087581473093 -0.418113853070614 -10.01
    endloop
  endfacet
  facet normal -0.9961946980917455 -0.08715574274765796 0
    outer loop
      vertex -3.978087581473093 -0.418113853070614 -10.01
      vertex -3.990256201039297 -0.2790258949765011 0.009999999999999787
      vertex -3.990256201039297 -0.2790258949765011 -10.01
    endloop
  endfacet
  facet normal -0.9986295347545736 -0.05233595624294611 0
    outer loop
      vertex -3.990256201039297 -0.2790258949765011 -10.01
      vertex -3.997563308076383 -0.1395979868100036 0.009999999999999787
      vertex -3.997563308076383 -0.1395979868100036 -10.01
    endloop
  endfacet
  facet normal -0.9998476951563914 -0.01745240643728263 0
    outer loop
      vertex -3.997563308076383 -0.1395979868100036 -10.01
      vertex -4 0 0.009999999999999787
      vertex -4 0 -10.01
    endloop
  endfacet
  facet normal -0.8910065241883682 -0.45399049973954625 0
    outer loop
      vertex -3.5317903714357075 -1.8778862511435634 -10.01
      vertex -3.5317903714357075 -1.8778862511435634 0.009999999999999787
      vertex -3.5951761851966677 -1.7534845871563098 0.009999999999999787
    endloop
  endfacet
  facet normal -0.9205048534524399 -0.3907311284892748 0
    outer loop
      vertex -3.6541818305704035 -1.6269465723032008 -10.01
      vertex -3.6541818305704035 -1.6269465723032008 0.009999999999999787
      vertex -3.7087354182671497 -1.498426373663648 0.009999999999999787
    endloop
  endfacet
  facet normal -0.9063077870366498 -0.42261826174069983 0
    outer loop
      vertex -3.5951761851966677 -1.7534845871563098 -10.01
      vertex -3.5951761851966677 -1.7534845871563098 0.009999999999999787
      vertex -3.6541818305704035 -1.6269465723032008 0.009999999999999787
    endloop
  endfacet
  facet normal -0.9455185755993167 -0.32556815445715676 0
    outer loop
      vertex -3.7587704831436337 -1.3680805733026746 -10.01
      vertex -3.7587704831436337 -1.3680805733026746 0.009999999999999787
      vertex -3.8042260651806146 -1.2360679774997891 0.009999999999999787
    endloop
  endfacet
  facet normal -0.956304755963036 -0.2923717047227353 0
    outer loop
      vertex -3.8042260651806146 -1.2360679774997891 -10.01
      vertex -3.8042260651806146 -1.2360679774997891 0.009999999999999787
      vertex -3.8450467837532756 -1.102549423267996 0.009999999999999787
    endloop
  endfacet
  facet normal -0.9659258262890685 -0.25881904510251974 0
    outer loop
      vertex -3.8450467837532756 -1.102549423267996 -10.01
      vertex -3.8450467837532756 -1.102549423267996 0.009999999999999787
      vertex -3.881182905103986 -0.96768758239867 0.009999999999999787
    endloop
  endfacet
  facet normal -0.9335804264972017 -0.35836794954530016 0
    outer loop
      vertex -3.7087354182671497 -1.498426373663648 -10.01
      vertex -3.7087354182671497 -1.498426373663648 0.009999999999999787
      vertex -3.7587704831436337 -1.3680805733026746 0.009999999999999787
    endloop
  endfacet
  facet normal -0.8746197071393962 -0.48480962024633645 0
    outer loop
      vertex -3.4641016151377544 -2.0000000000000004 -10.01
      vertex -3.4641016151377544 -2.0000000000000004 0.009999999999999787
      vertex -3.5317903714357075 -1.8778862511435634 0.009999999999999787
    endloop
  endfacet
  facet normal 0 0 1
    outer loop
      vertex -3.4641016151377544 -2.0000000000000004 0.009999999999999787
      vertex -2.1650635094610964 -1.25 0.009999999999999787
      vertex -3.5317903714357075 -1.8778862511435634 0.009999999999999787
    endloop
  endfacet
  facet normal 0 0 1
    outer loop
      vertex -3.5317903714357075 -1.8778862511435634 0.009999999999999787
      vertex -2.2073689821473175 -1.173678906964727 0.009999999999999787
      vertex -3.5951761851966677 -1.7534845871563098 0.009999999999999787
    endloop
  endfacet
  facet normal 0 0 1
    outer loop
      vertex -3.7587704831436337 -1.3680805733026746 0.009999999999999787
      vertex -3.7087354182671497 -1.498426373663648 0.009999999999999787
      vertex -2.3179596364169686 -0.93651648353978 0.009999999999999787
    endloop
  endfacet
  facet normal 0 0 1
    outer loop
      vertex -3.7587704831436337 -1.3680805733026746 0.009999999999999787
      vertex -2.3492315519647713 -0.8550503583141718 0.009999999999999787
      vertex -3.8042260651806146 -1.2360679774997891 0.009999999999999787
    endloop
  endfacet
  facet normal 0 0 1
    outer loop
      vertex -3.8042260651806146 -1.2360679774997891 0.009999999999999787
      vertex -2.3776412907378837 -0.7725424859373681 0.009999999999999787
      vertex -3.8450467837532756 -1.102549423267996 0.009999999999999787
    endloop
  endfacet
  facet normal 0 0 1
    outer loop
      vertex -3.6541818305704035 -1.6269465723032008 0.009999999999999787
      vertex -2.283863644106502 -1.0168416076895004 0.009999999999999787
      vertex -3.7087354182671497 -1.498426373663648 0.009999999999999787
    endloop
  endfacet
  facet normal 0 0 1
    outer loop
      vertex -3.5951761851966677 -1.7534845871563098 0.009999999999999787
      vertex -2.2469851157479175 -1.0959278669726935 0.009999999999999787
      vertex -3.6541818305704035 -1.6269465723032008 0.009999999999999787
    endloop
  endfacet
  facet normal -0.974370064785235 -0.22495105434386575 0
    outer loop
      vertex -3.881182905103986 -0.96768758239867 -10.01
      vertex -3.881182905103986 -0.96768758239867 0.009999999999999787
      vertex -3.9125904029352223 -0.831646763271038 0.009999999999999787
    endloop
  endfacet
  facet normal -0.9816271834476638 -0.1908089953765451 0
    outer loop
      vertex -3.9125904029352223 -0.831646763271038 -10.01
      vertex -3.9125904029352223 -0.831646763271038 0.009999999999999787
      vertex -3.939231012048832 -0.6945927106677219 0.009999999999999787
    endloop
  endfacet
  facet normal -0.9876883405951378 -0.15643446504022998 0
    outer loop
      vertex -3.939231012048832 -0.6945927106677219 -10.01
      vertex -3.939231012048832 -0.6945927106677219 0.009999999999999787
      vertex -3.961072274966281 -0.5566924038402621 0.009999999999999787
    endloop
  endfacet
  facet normal -0.9925461516413219 -0.1218693434051478 0
    outer loop
      vertex -3.961072274966281 -0.5566924038402621 -10.01
      vertex -3.961072274966281 -0.5566924038402621 0.009999999999999787
      vertex -3.978087581473093 -0.418113853070614 0.009999999999999787
    endloop
  endfacet
  facet normal -0.9961946980917455 -0.08715574274765796 0
    outer loop
      vertex -3.978087581473093 -0.418113853070614 -10.01
      vertex -3.978087581473093 -0.418113853070614 0.009999999999999787
      vertex -3.990256201039297 -0.2790258949765011 0.009999999999999787
    endloop
  endfacet
  facet normal -0.9986295347545736 -0.05233595624294611 0
    outer loop
      vertex -3.990256201039297 -0.2790258949765011 -10.01
      vertex -3.990256201039297 -0.2790258949765011 0.009999999999999787
      vertex -3.997563308076383 -0.1395979868100036 0.009999999999999787
    endloop
  endfacet
  facet normal -0.9998476951563914 -0.01745240643728263 0
    outer loop
      vertex -3.997563308076383 -0.1395979868100036 -10.01
      vertex -3.997563308076383 -0.1395979868100036 0.009999999999999787
      vertex -4 0 0.009999999999999787
    endloop
  endfacet
  facet normal 0 0 1
    outer loop
      vertex -3.8450467837532756 -1.102549423267996 0.009999999999999787
      vertex -2.4031542398457972 -0.6890933895424975 0.009999999999999787
      vertex -3.881182905103986 -0.96768758239867 0.009999999999999787
    endloop
  endfacet
  facet normal 0 0 1
    outer loop
      vertex -3.881182905103986 -0.96768758239867 0.009999999999999787
      vertex -2.425739315689991 -0.6048047389991688 0.009999999999999787
      vertex -3.9125904029352223 -0.831646763271038 0.009999999999999787
    endloop
  endfacet
  facet normal 0 0 1
    outer loop
      vertex -3.9125904029352223 -0.831646763271038 0.009999999999999787
      vertex -2.4453690018345142 -0.5197792270443984 0.009999999999999787
      vertex -3.939231012048832 -0.6945927106677219 0.009999999999999787
    endloop
  endfacet
  facet normal 0 0 1
    outer loop
      vertex -3.939231012048832 -0.6945927106677219 0.009999999999999787
      vertex -2.46201938253052 -0.4341204441673258 0.009999999999999787
      vertex -3.961072274966281 -0.5566924038402621 0.009999999999999787
    endloop
  endfacet
  facet normal 0 0 1
    outer loop
      vertex -3.961072274966281 -0.5566924038402621 0.009999999999999787
      vertex -2.475670171853926 -0.3479327524001636 0.009999999999999787
      vertex -3.978087581473093 -0.418113853070614 0.009999999999999787
    endloop
  endfacet
  facet normal 0 0 1
    outer loop
      vertex -3.978087581473093 -0.418113853070614 0.009999999999999787
      vertex -2.4863047384206833 -0.2613211581691337 0.009999999999999787
      vertex -3.990256201039297 -0.2790258949765011 0.009999999999999787
    endloop
  endfacet
  facet normal 0 0 1
    outer loop
      vertex -3.990256201039297 -0.2790258949765011 0.009999999999999787
      vertex -2.4939101256495606 -0.1743911843603132 0.009999999999999787
      vertex -3.997563308076383 -0.1395979868100036 0.009999999999999787
    endloop
  endfacet
  facet normal 0 0 1
    outer loop
      vertex -3.997563308076383 -0.1395979868100036 0.009999999999999787
      vertex -2.4984770675477392 -0.08724874175625225 0.009999999999999787
      vertex -4 0 0.009999999999999787
    endloop
  endfacet
  facet normal 0 0 1
    outer loop
      vertex -3.3921923846257043 -2.119677056932819 0.009999999999999787
      vertex -3.316150290220167 -2.2367716138829867 0.009999999999999787
      vertex -2.0725939313876043 -1.3979822586768667 0.009999999999999787
    endloop
  endfacet
  facet normal 0 0 1
    outer loop
      vertex -3.4641016151377544 -2.0000000000000004 0.009999999999999787
      vertex -3.3921923846257043 -2.119677056932819 0.009999999999999787
      vertex -2.120120240391065 -1.324798160583012 0.009999999999999787
    endloop
  endfacet
  facet normal 0 0 1
    outer loop
      vertex -3.4641016151377544 -2.0000000000000004 0.009999999999999787
      vertex -2.120120240391065 -1.324798160583012 0.009999999999999787
      vertex -2.1650635094610964 -1.25 0.009999999999999787
    endloop
  endfacet
  facet normal 0 0 1
    outer loop
      vertex -3.3921923846257043 -2.119677056932819 0.009999999999999787
      vertex -2.0725939313876043 -1.3979822586768667 0.009999999999999787
      vertex -2.120120240391065 -1.324798160583012 0.009999999999999787
    endloop
  endfacet
  facet normal 0 0 1
    outer loop
      vertex -3.7087354182671497 -1.498426373663648 0.009999999999999787
      vertex -2.283863644106502 -1.0168416076895004 0.009999999999999787
      vertex -2.3179596364169686 -0.93651648353978 0.009999999999999787
    endloop
  endfacet
  facet normal 0 0 1
    outer loop
      vertex -3.7587704831436337 -1.3680805733026746 0.009999999999999787
      vertex -2.3179596364169686 -0.93651648353978 0.009999999999999787
      vertex -2.3492315519647713 -0.8550503583141718 0.009999999999999787
    endloop
  endfacet
  facet normal 0 0 1
    outer loop
      vertex -3.5317903714357075 -1.8778862511435634 0.009999999999999787
      vertex -2.1650635094610964 -1.25 0.009999999999999787
      vertex -2.2073689821473175 -1.173678906964727 0.009999999999999787
    endloop
  endfacet
  facet normal 0 0 1
    outer loop
      vertex -3.5951761851966677 -1.7534845871563098 0.009999999999999787
      vertex -2.2073689821473175 -1.173678906964727 0.009999999999999787
      vertex -2.2469851157479175 -1.0959278669726935 0.009999999999999787
    endloop
  endfacet
  facet normal 0 0 1
    outer loop
      vertex -3.6541818305704035 -1.6269465723032008 0.009999999999999787
      vertex -2.2469851157479175 -1.0959278669726935 0.009999999999999787
      vertex -2.283863644106502 -1.0168416076895004 0.009999999999999787
    endloop
  endfacet
  facet normal 0 0 1
    outer loop
      vertex -3.23606797749979 -2.351141009169892 0.009999999999999787
      vertex -1.970026884016805 -1.5391536883141455 0.009999999999999787
      vertex -2.0225424859373686 -1.4694631307311827 0.009999999999999787
    endloop
  endfacet
  facet normal 0 0 1
    outer loop
      vertex -3.064177772475912 -2.571150438746157 0.009999999999999787
      vertex -1.8578620636934855 -1.6728265158971454 0.009999999999999787
      vertex -1.915111107797445 -1.6069690242163481 0.009999999999999787
    endloop
  endfacet
  facet normal 0 0 1
    outer loop
      vertex -3.152043014426888 -2.4626459013026327 0.009999999999999787
      vertex -1.915111107797445 -1.6069690242163481 0.009999999999999787
      vertex -1.970026884016805 -1.5391536883141455 0.009999999999999787
    endloop
  endfacet
  facet normal 0 0 1
    outer loop
      vertex -3.316150290220167 -2.2367716138829867 0.009999999999999787
      vertex -2.0225424859373686 -1.4694631307311827 0.009999999999999787
      vertex -2.0725939313876043 -1.3979822586768667 0.009999999999999787
    endloop
  endfacet
  facet normal 0 0 1
    outer loop
      vertex -3.8450467837532756 -1.102549423267996 0.009999999999999787
      vertex -2.3776412907378837 -0.7725424859373681 0.009999999999999787
      vertex -2.4031542398457972 -0.6890933895424975 0.009999999999999787
    endloop
  endfacet
  facet normal 0 0 1
    outer loop
      vertex -3.881182905103986 -0.96768758239867 0.009999999999999787
      vertex -2.4031542398457972 -0.6890933895424975 0.009999999999999787
      vertex -2.425739315689991 -0.6048047389991688 0.009999999999999787
    endloop
  endfacet
  facet normal 0 0 1
    outer loop
      vertex -3.8042260651806146 -1.2360679774997891 0.009999999999999787
      vertex -2.3492315519647713 -0.8550503583141718 0.009999999999999787
      vertex -2.3776412907378837 -0.7725424859373681 0.009999999999999787
    endloop
  endfacet
  facet normal 0 0 1
    outer loop
      vertex -3.9125904029352223 -0.831646763271038 0.009999999999999787
      vertex -2.425739315689991 -0.6048047389991688 0.009999999999999787
      vertex -2.4453690018345142 -0.5197792270443984 0.009999999999999787
    endloop
  endfacet
  facet normal 0 0 1
    outer loop
      vertex -3.939231012048832 -0.6945927106677219 0.009999999999999787
      vertex -2.4453690018345142 -0.5197792270443984 0.009999999999999787
      vertex -2.46201938253052 -0.4341204441673258 0.009999999999999787
    endloop
  endfacet
  facet normal 0 0 1
    outer loop
      vertex -3.961072274966281 -0.5566924038402621 0.009999999999999787
      vertex -2.46201938253052 -0.4341204441673258 0.009999999999999787
      vertex -2.475670171853926 -0.3479327524001636 0.009999999999999787
    endloop
  endfacet
  facet normal 0 0 1
    outer loop
      vertex -3.978087581473093 -0.418113853070614 0.009999999999999787
      vertex -2.475670171853926 -0.3479327524001636 0.009999999999999787
      vertex -2.4863047384206833 -0.2613211581691337 0.009999999999999787
    endloop
  endfacet
  facet normal 0 0 1
    outer loop
      vertex -3.990256201039297 -0.2790258949765011 0.009999999999999787
      vertex -2.4863047384206833 -0.2613211581691337 0.009999999999999787
      vertex -2.4939101256495606 -0.1743911843603132 0.009999999999999787
    endloop
  endfacet
  facet normal 0 0 1
    outer loop
      vertex -3.997563308076383 -0.1395979868100036 0.009999999999999787
      vertex -2.4939101256495606 -0.1743911843603132 0.009999999999999787
      vertex -2.4984770675477392 -0.08724874175625225 0.009999999999999787
    endloop
  endfacet
  facet normal 0 0 1
    outer loop
      vertex -4 0 0.009999999999999787
      vertex -2.4984770675477392 -0.08724874175625225 0.009999999999999787
      vertex -2.5 0 0.009999999999999787
    endloop
  endfacet
  facet normal -0.48480962024633595 -0.8746197071393965 0
    outer loop
      vertex -2.0000000000000018 -3.464101615137754 -10.01
      vertex -1.877886251143563 -3.531790371435708 -10.01
      vertex -1.877886251143563 -3.531790371435708 0.009999999999999787
    endloop
  endfacet
  facet normal -0.4539904997395457 -0.8910065241883683 0
    outer loop
      vertex -1.877886251143563 -3.531790371435708 -10.01
      vertex -1.753484587156311 -3.5951761851966673 -10.01
      vertex -1.753484587156311 -3.5951761851966673 0.009999999999999787
    endloop
  endfacet
  facet normal -0.42261826174070083 -0.9063077870366494 0
    outer loop
      vertex -1.753484587156311 -3.5951761851966673 -10.01
      vertex -1.6269465723032004 -3.654181830570404 -10.01
      vertex -1.6269465723032004 -3.654181830570404 0.009999999999999787
    endloop
  endfacet
  facet normal -0.3907311284892734 -0.9205048534524404 0
    outer loop
      vertex -1.6269465723032004 -3.654181830570404 -10.01
      vertex -1.4984263736636492 -3.7087354182671493 -10.01
      vertex -1.4984263736636492 -3.7087354182671493 0.009999999999999787
    endloop
  endfacet
  facet normal -0.32556815445715737 -0.9455185755993165 0
    outer loop
      vertex -1.3680805733026742 -3.7587704831436337 -10.01
      vertex -1.2360679774997902 -3.804226065180614 -10.01
      vertex -1.2360679774997902 -3.804226065180614 0.009999999999999787
    endloop
  endfacet
  facet normal -0.3583679495452993 -0.9335804264972022 0
    outer loop
      vertex -1.3680805733026742 -3.7587704831436337 -10.01
      vertex -1.3680805733026742 -3.7587704831436337 0.009999999999999787
      vertex -1.4984263736636492 -3.7087354182671493 -10.01
    endloop
  endfacet
  facet normal -0.29237170472273805 -0.9563047559630351 0
    outer loop
      vertex -1.2360679774997902 -3.804226065180614 -10.01
      vertex -1.1025494232679955 -3.845046783753276 -10.01
      vertex -1.1025494232679955 -3.845046783753276 0.009999999999999787
    endloop
  endfacet
  facet normal -0.2588190451025195 -0.9659258262890686 0
    outer loop
      vertex -1.1025494232679955 -3.845046783753276 -10.01
      vertex -0.9676875823986711 -3.881182905103986 -10.01
      vertex -0.9676875823986711 -3.881182905103986 0.009999999999999787
    endloop
  endfacet
  facet normal -0.22495105434386575 -0.974370064785235 0
    outer loop
      vertex -0.9676875823986711 -3.881182905103986 -10.01
      vertex -0.8316467632710391 -3.9125904029352223 -10.01
      vertex -0.8316467632710391 -3.9125904029352223 0.009999999999999787
    endloop
  endfacet
  facet normal -0.1908089953765429 -0.9816271834476643 0
    outer loop
      vertex -0.8316467632710391 -3.9125904029352223 -10.01
      vertex -0.6945927106677213 -3.939231012048832 -10.01
      vertex -0.6945927106677213 -3.939231012048832 0.009999999999999787
    endloop
  endfacet
  facet normal -0.15643446504023195 -0.9876883405951377 0
    outer loop
      vertex -0.6945927106677213 -3.939231012048832 -10.01
      vertex -0.5566924038402633 -3.961072274966281 -10.01
      vertex -0.5566924038402633 -3.961072274966281 0.009999999999999787
    endloop
  endfacet
  facet normal -0.12186934340514939 -0.9925461516413219 0
    outer loop
      vertex -0.5566924038402633 -3.961072274966281 -10.01
      vertex -0.41811385307061344 -3.9780875814730936 -10.01
      vertex -0.41811385307061344 -3.9780875814730936 0.009999999999999787
    endloop
  endfacet
  facet normal -0.0871557427476559 -0.9961946980917457 0
    outer loop
      vertex -0.41811385307061344 -3.9780875814730936 -10.01
      vertex -0.2790258949765023 -3.990256201039297 -10.01
      vertex -0.2790258949765023 -3.990256201039297 0.009999999999999787
    endloop
  endfacet
  facet normal -0.052335956242945444 -0.9986295347545737 0
    outer loop
      vertex -0.2790258949765023 -3.990256201039297 -10.01
      vertex -0.13959798681000304 -3.997563308076383 -10.01
      vertex -0.13959798681000304 -3.997563308076383 0.009999999999999787
    endloop
  endfacet
  facet normal -0.0174524064372827 -0.9998476951563914 0
    outer loop
      vertex -0.13959798681000304 -3.997563308076383 -10.01
      vertex 0 -4 -10.01
      vertex 0 -4 0.009999999999999787
    endloop
  endfacet
  facet normal -0.4539904997395457 -0.8910065241883683 0
    outer loop
      vertex -1.877886251143563 -3.531790371435708 -10.01
      vertex -1.753484587156311 -3.5951761851966673 0.009999999999999787
      vertex -1.877886251143563 -3.531790371435708 0.009999999999999787
    endloop
  endfacet
  facet normal -0.42261826174070083 -0.9063077870366494 0
    outer loop
      vertex -1.753484587156311 -3.5951761851966673 -10.01
      vertex -1.6269465723032004 -3.654181830570404 0.009999999999999787
      vertex -1.753484587156311 -3.5951761851966673 0.009999999999999787
    endloop
  endfacet
  facet normal -0.3907311284892734 -0.9205048534524404 0
    outer loop
      vertex -1.6269465723032004 -3.654181830570404 -10.01
      vertex -1.4984263736636492 -3.7087354182671493 0.009999999999999787
      vertex -1.6269465723032004 -3.654181830570404 0.009999999999999787
    endloop
  endfacet
  facet normal -0.48480962024633595 -0.8746197071393965 0
    outer loop
      vertex -2.0000000000000018 -3.464101615137754 -10.01
      vertex -1.877886251143563 -3.531790371435708 0.009999999999999787
      vertex -2.0000000000000018 -3.464101615137754 0.009999999999999787
    endloop
  endfacet
  facet normal -0.32556815445715737 -0.9455185755993165 0
    outer loop
      vertex -1.3680805733026742 -3.7587704831436337 -10.01
      vertex -1.2360679774997902 -3.804226065180614 0.009999999999999787
      vertex -1.3680805733026742 -3.7587704831436337 0.009999999999999787
    endloop
  endfacet
  facet normal -0.3583679495452993 -0.9335804264972022 0
    outer loop
      vertex -1.4984263736636492 -3.7087354182671493 -10.01
      vertex -1.3680805733026742 -3.7587704831436337 0.009999999999999787
      vertex -1.4984263736636492 -3.7087354182671493 0.009999999999999787
    endloop
  endfacet
  facet normal -0.29237170472273805 -0.9563047559630351 0
    outer loop
      vertex -1.2360679774997902 -3.804226065180614 -10.01
      vertex -1.1025494232679955 -3.845046783753276 0.009999999999999787
      vertex -1.2360679774997902 -3.804226065180614 0.009999999999999787
    endloop
  endfacet
  facet normal -0.2588190451025195 -0.9659258262890686 0
    outer loop
      vertex -1.1025494232679955 -3.845046783753276 -10.01
      vertex -0.9676875823986711 -3.881182905103986 0.009999999999999787
      vertex -1.1025494232679955 -3.845046783753276 0.009999999999999787
    endloop
  endfacet
  facet normal 0 0 1
    outer loop
      vertex -2.0000000000000018 -3.464101615137754 0.009999999999999787
      vertex -1.877886251143563 -3.531790371435708 0.009999999999999787
      vertex -1.2500000000000007 -2.165063509461096 0.009999999999999787
    endloop
  endfacet
  facet normal 0 0 1
    outer loop
      vertex -1.877886251143563 -3.531790371435708 0.009999999999999787
      vertex -1.753484587156311 -3.5951761851966673 0.009999999999999787
      vertex -1.173678906964727 -2.2073689821473175 0.009999999999999787
    endloop
  endfacet
  facet normal 0 0 1
    outer loop
      vertex -1.3680805733026742 -3.7587704831436337 0.009999999999999787
      vertex -0.9365164835397808 -2.317959636416968 0.009999999999999787
      vertex -1.4984263736636492 -3.7087354182671493 0.009999999999999787
    endloop
  endfacet
  facet normal 0 0 1
    outer loop
      vertex -1.753484587156311 -3.5951761851966673 0.009999999999999787
      vertex -1.6269465723032004 -3.654181830570404 0.009999999999999787
      vertex -1.0959278669726944 -2.246985115747917 0.009999999999999787
    endloop
  endfacet
  facet normal 0 0 1
    outer loop
      vertex -1.6269465723032004 -3.654181830570404 0.009999999999999787
      vertex -1.4984263736636492 -3.7087354182671493 0.009999999999999787
      vertex -1.0168416076895006 -2.283863644106502 0.009999999999999787
    endloop
  endfacet
  facet normal 0 0 1
    outer loop
      vertex -1.3680805733026742 -3.7587704831436337 0.009999999999999787
      vertex -1.2360679774997902 -3.804226065180614 0.009999999999999787
      vertex -0.8550503583141718 -2.3492315519647713 0.009999999999999787
    endloop
  endfacet
  facet normal 0 0 1
    outer loop
      vertex -1.2360679774997902 -3.804226065180614 0.009999999999999787
      vertex -1.1025494232679955 -3.845046783753276 0.009999999999999787
      vertex -0.772542485937369 -2.3776412907378837 0.009999999999999787
    endloop
  endfacet
  facet normal 0 0 1
    outer loop
      vertex -2.2367716138829863 -3.3161502902201674 0.009999999999999787
      vertex -2.11967705693282 -3.392192384625704 0.009999999999999787
      vertex -1.3979822586768673 -2.072593931387604 0.009999999999999787
    endloop
  endfacet
  facet normal 0 0 1
    outer loop
      vertex -2.11967705693282 -3.392192384625704 0.009999999999999787
      vertex -2.0000000000000018 -3.464101615137754 0.009999999999999787
      vertex -1.3247981605830124 -2.120120240391065 0.009999999999999787
    endloop
  endfacet
  facet normal 0 0 1
    outer loop
      vertex -2.11967705693282 -3.392192384625704 0.009999999999999787
      vertex -1.3247981605830124 -2.120120240391065 0.009999999999999787
      vertex -1.3979822586768673 -2.072593931387604 0.009999999999999787
    endloop
  endfacet
  facet normal 0 0 1
    outer loop
      vertex -2.0000000000000018 -3.464101615137754 0.009999999999999787
      vertex -1.2500000000000007 -2.165063509461096 0.009999999999999787
      vertex -1.3247981605830124 -2.120120240391065 0.009999999999999787
    endloop
  endfacet
  facet normal 0 0 1
    outer loop
      vertex -2.571150438746158 -3.0641777724759116 0.009999999999999787
      vertex -1.6069690242163486 -1.9151111077974445 0.009999999999999787
      vertex -1.6728265158971456 -1.8578620636934855 0.009999999999999787
    endloop
  endfacet
  facet normal 0 0 1
    outer loop
      vertex -2.351141009169893 -3.2360679774997894 0.009999999999999787
      vertex -1.4694631307311832 -2.0225424859373686 0.009999999999999787
      vertex -1.5391536883141457 -1.9700268840168047 0.009999999999999787
    endloop
  endfacet
  facet normal 0 0 1
    outer loop
      vertex -2.4626459013026323 -3.1520430144268885 0.009999999999999787
      vertex -1.5391536883141457 -1.9700268840168047 0.009999999999999787
      vertex -1.6069690242163486 -1.9151111077974445 0.009999999999999787
    endloop
  endfacet
  facet normal 0 0 1
    outer loop
      vertex -2.2367716138829863 -3.3161502902201674 0.009999999999999787
      vertex -1.3979822586768673 -2.072593931387604 0.009999999999999787
      vertex -1.4694631307311832 -2.0225424859373686 0.009999999999999787
    endloop
  endfacet
  facet normal 0 0 1
    outer loop
      vertex -1.877886251143563 -3.531790371435708 0.009999999999999787
      vertex -1.173678906964727 -2.2073689821473175 0.009999999999999787
      vertex -1.2500000000000007 -2.165063509461096 0.009999999999999787
    endloop
  endfacet
  facet normal 0 0 1
    outer loop
      vertex -1.753484587156311 -3.5951761851966673 0.009999999999999787
      vertex -1.0959278669726944 -2.246985115747917 0.009999999999999787
      vertex -1.173678906964727 -2.2073689821473175 0.009999999999999787
    endloop
  endfacet
  facet normal 0 0 1
    outer loop
      vertex -1.4984263736636492 -3.7087354182671493 0.009999999999999787
      vertex -0.9365164835397808 -2.317959636416968 0.009999999999999787
      vertex -1.0168416076895006 -2.283863644106502 0.009999999999999787
    endloop
  endfacet
  facet normal 0 0 1
    outer loop
      vertex -1.3680805733026742 -3.7587704831436337 0.009999999999999787
      vertex -0.8550503583141718 -2.3492315519647713 0.009999999999999787
      vertex -0.9365164835397808 -2.317959636416968 0.009999999999999787
    endloop
  endfacet
  facet normal 0 0 1
    outer loop
      vertex -1.6269465723032004 -3.654181830570404 0.009999999999999787
      vertex -1.0168416076895006 -2.283863644106502 0.009999999999999787
      vertex -1.0959278669726944 -2.246985115747917 0.009999999999999787
    endloop
  endfacet
  facet normal -0.22495105434386575 -0.974370064785235 0
    outer loop
      vertex -0.9676875823986711 -3.881182905103986 -10.01
      vertex -0.8316467632710391 -3.9125904029352223 0.009999999999999787
      vertex -0.9676875823986711 -3.881182905103986 0.009999999999999787
    endloop
  endfacet
  facet normal -0.1908089953765429 -0.9816271834476643 0
    outer loop
      vertex -0.8316467632710391 -3.9125904029352223 -10.01
      vertex -0.6945927106677213 -3.939231012048832 0.009999999999999787
      vertex -0.8316467632710391 -3.9125904029352223 0.009999999999999787
    endloop
  endfacet
  facet normal -0.15643446504023195 -0.9876883405951377 0
    outer loop
      vertex -0.6945927106677213 -3.939231012048832 -10.01
      vertex -0.5566924038402633 -3.961072274966281 0.009999999999999787
      vertex -0.6945927106677213 -3.939231012048832 0.009999999999999787
    endloop
  endfacet
  facet normal -0.12186934340514939 -0.9925461516413219 0
    outer loop
      vertex -0.5566924038402633 -3.961072274966281 -10.01
      vertex -0.41811385307061344 -3.9780875814730936 0.009999999999999787
      vertex -0.5566924038402633 -3.961072274966281 0.009999999999999787
    endloop
  endfacet
  facet normal -0.0871557427476559 -0.9961946980917457 0
    outer loop
      vertex -0.41811385307061344 -3.9780875814730936 -10.01
      vertex -0.2790258949765023 -3.990256201039297 0.009999999999999787
      vertex -0.41811385307061344 -3.9780875814730936 0.009999999999999787
    endloop
  endfacet
  facet normal -0.052335956242945444 -0.9986295347545737 0
    outer loop
      vertex -0.2790258949765023 -3.990256201039297 -10.01
      vertex -0.13959798681000304 -3.997563308076383 0.009999999999999787
      vertex -0.2790258949765023 -3.990256201039297 0.009999999999999787
    endloop
  endfacet
  facet normal -0.0174524064372827 -0.9998476951563914 0
    outer loop
      vertex -0.13959798681000304 -3.997563308076383 -10.01
      vertex 0 -4 0.009999999999999787
      vertex -0.13959798681000304 -3.997563308076383 0.009999999999999787
    endloop
  endfacet
  facet normal 0 0 1
    outer loop
      vertex -1.1025494232679955 -3.845046783753276 0.009999999999999787
      vertex -0.9676875823986711 -3.881182905103986 0.009999999999999787
      vertex -0.6890933895424979 -2.4031542398457972 0.009999999999999787
    endloop
  endfacet
  facet normal 0 0 1
    outer loop
      vertex -0.9676875823986711 -3.881182905103986 0.009999999999999787
      vertex -0.8316467632710391 -3.9125904029352223 0.009999999999999787
      vertex -0.6048047389991694 -2.425739315689991 0.009999999999999787
    endloop
  endfacet
  facet normal 0 0 1
    outer loop
      vertex -0.8316467632710391 -3.9125904029352223 0.009999999999999787
      vertex -0.6945927106677213 -3.939231012048832 0.009999999999999787
      vertex -0.5197792270443995 -2.445369001834514 0.009999999999999787
    endloop
  endfacet
  facet normal 0 0 1
    outer loop
      vertex -0.6945927106677213 -3.939231012048832 0.009999999999999787
      vertex -0.5566924038402633 -3.961072274966281 0.009999999999999787
      vertex -0.4341204441673258 -2.46201938253052 0.009999999999999787
    endloop
  endfacet
  facet normal 0 0 1
    outer loop
      vertex -0.5566924038402633 -3.961072274966281 0.009999999999999787
      vertex -0.41811385307061344 -3.9780875814730936 0.009999999999999787
      vertex -0.3479327524001646 -2.475670171853926 0.009999999999999787
    endloop
  endfacet
  facet normal 0 0 1
    outer loop
      vertex -0.41811385307061344 -3.9780875814730936 0.009999999999999787
      vertex -0.2790258949765023 -3.990256201039297 0.009999999999999787
      vertex -0.2613211581691337 -2.4863047384206833 0.009999999999999787
    endloop
  endfacet
  facet normal 0 0 1
    outer loop
      vertex -0.2790258949765023 -3.990256201039297 0.009999999999999787
      vertex -0.13959798681000304 -3.997563308076383 0.009999999999999787
      vertex -0.17439118436031392 -2.4939101256495606 0.009999999999999787
    endloop
  endfacet
  facet normal 0 0 1
    outer loop
      vertex -0.13959798681000304 -3.997563308076383 0.009999999999999787
      vertex 0 -4 0.009999999999999787
      vertex -0.08724874175625243 -2.4984770675477392 0.009999999999999787
    endloop
  endfacet
  facet normal 0 0 1
    outer loop
      vertex -1.2360679774997902 -3.804226065180614 0.009999999999999787
      vertex -0.772542485937369 -2.3776412907378837 0.009999999999999787
      vertex -0.8550503583141718 -2.3492315519647713 0.009999999999999787
    endloop
  endfacet
  facet normal 0 0 1
    outer loop
      vertex -1.1025494232679955 -3.845046783753276 0.009999999999999787
      vertex -0.6890933895424979 -2.4031542398457972 0.009999999999999787
      vertex -0.772542485937369 -2.3776412907378837 0.009999999999999787
    endloop
  endfacet
  facet normal 0 0 1
    outer loop
      vertex -0.9676875823986711 -3.881182905103986 0.009999999999999787
      vertex -0.6048047389991694 -2.425739315689991 0.009999999999999787
      vertex -0.6890933895424979 -2.4031542398457972 0.009999999999999787
    endloop
  endfacet
  facet normal 0 0 1
    outer loop
      vertex -0.8316467632710391 -3.9125904029352223 0.009999999999999787
      vertex -0.5197792270443995 -2.445369001834514 0.009999999999999787
      vertex -0.6048047389991694 -2.425739315689991 0.009999999999999787
    endloop
  endfacet
  facet normal 0 0 1
    outer loop
      vertex -0.6945927106677213 -3.939231012048832 0.009999999999999787
      vertex -0.4341204441673258 -2.46201938253052 0.009999999999999787
      vertex -0.5197792270443995 -2.445369001834514 0.009999999999999787
    endloop
  endfacet
  facet normal 0 0 1
    outer loop
      vertex -0.5566924038402633 -3.961072274966281 0.009999999999999787
      vertex -0.3479327524001646 -2.475670171853926 0.009999999999999787
      vertex -0.4341204441673258 -2.46201938253052 0.009999999999999787
    endloop
  endfacet
  facet normal 0 0 1
    outer loop
      vertex -0.41811385307061344 -3.9780875814730936 0.009999999999999787
      vertex -0.2613211581691337 -2.4863047384206833 0.009999999999999787
      vertex -0.3479327524001646 -2.475670171853926 0.009999999999999787
    endloop
  endfacet
  facet normal 0 0 1
    outer loop
      vertex -0.2790258949765023 -3.990256201039297 0.009999999999999787
      vertex -0.17439118436031392 -2.4939101256495606 0.009999999999999787
      vertex -0.2613211581691337 -2.4863047384206833 0.009999999999999787
    endloop
  endfacet
  facet normal 0 0 1
    outer loop
      vertex -0.13959798681000304 -3.997563308076383 0.009999999999999787
      vertex -0.08724874175625243 -2.4984770675477392 0.009999999999999787
      vertex -0.17439118436031392 -2.4939101256495606 0.009999999999999787
    endloop
  endfacet
  facet normal 0 0 1
    outer loop
      vertex 0 -4 0.009999999999999787
      vertex 0 -2.5 0.009999999999999787
      vertex -0.08724874175625243 -2.4984770675477392 0.009999999999999787
    endloop
  endfacet
  facet normal -0.9998476951563914 0.01745240643728251 0
    outer loop
      vertex -4 0 -10.01
      vertex -3.997563308076383 0.13959798681000457 0.009999999999999787
      vertex -3.997563308076383 0.13959798681000457 -10.01
    endloop
  endfacet
  facet normal -0.9986295347545736 0.052335956242946104 0
    outer loop
      vertex -3.997563308076383 0.13959798681000457 -10.01
      vertex -3.990256201039297 0.2790258949765021 0.009999999999999787
      vertex -3.990256201039297 0.2790258949765021 -10.01
    endloop
  endfacet
  facet normal -0.9961946980917455 0.08715574274765799 0
    outer loop
      vertex -3.990256201039297 0.2790258949765021 -10.01
      vertex -3.978087581473093 0.41811385307061494 0.009999999999999787
      vertex -3.978087581473093 0.41811385307061494 -10.01
    endloop
  endfacet
  facet normal -0.9925461516413222 0.12186934340514613 0
    outer loop
      vertex -3.978087581473093 0.41811385307061494 -10.01
      vertex -3.9610722749662814 0.5566924038402613 0.009999999999999787
      vertex -3.9610722749662814 0.5566924038402613 -10.01
    endloop
  endfacet
  facet normal -0.9876883405951373 0.1564344650402331 0
    outer loop
      vertex -3.9610722749662814 0.5566924038402613 -10.01
      vertex -3.939231012048832 0.6945927106677211 0.009999999999999787
      vertex -3.939231012048832 0.6945927106677211 -10.01
    endloop
  endfacet
  facet normal -0.9816271834476644 0.19080899537654206 0
    outer loop
      vertex -3.939231012048832 0.6945927106677211 -10.01
      vertex -3.9125904029352228 0.8316467632710373 0.009999999999999787
      vertex -3.9125904029352228 0.8316467632710373 -10.01
    endloop
  endfacet
  facet normal -0.974370064785235 0.22495105434386622 0
    outer loop
      vertex -3.9125904029352228 0.8316467632710373 -10.01
      vertex -3.881182905103986 0.9676875823986709 0.009999999999999787
      vertex -3.881182905103986 0.9676875823986709 -10.01
    endloop
  endfacet
  facet normal -0.9659258262890685 0.25881904510251974 0
    outer loop
      vertex -3.881182905103986 0.9676875823986709 -10.01
      vertex -3.8450467837532756 1.1025494232679969 0.009999999999999787
      vertex -3.8450467837532756 1.1025494232679969 -10.01
    endloop
  endfacet
  facet normal -0.9563047559630351 0.2923717047227382 0
    outer loop
      vertex -3.8450467837532756 1.1025494232679969 -10.01
      vertex -3.804226065180614 1.23606797749979 0.009999999999999787
      vertex -3.804226065180614 1.23606797749979 -10.01
    endloop
  endfacet
  facet normal -0.9455185755993167 0.32556815445715676 0
    outer loop
      vertex -3.804226065180614 1.23606797749979 -10.01
      vertex -3.7587704831436333 1.3680805733026755 0.009999999999999787
      vertex -3.7587704831436333 1.3680805733026755 -10.01
    endloop
  endfacet
  facet normal -0.9335804264972017 0.35836794954530016 0
    outer loop
      vertex -3.7587704831436333 1.3680805733026755 -10.01
      vertex -3.7087354182671493 1.498426373663649 0.009999999999999787
      vertex -3.7087354182671493 1.498426373663649 -10.01
    endloop
  endfacet
  facet normal -0.9205048534524399 0.3907311284892748 0
    outer loop
      vertex -3.7087354182671493 1.498426373663649 -10.01
      vertex -3.654181830570403 1.6269465723032017 0.009999999999999787
      vertex -3.654181830570403 1.6269465723032017 -10.01
    endloop
  endfacet
  facet normal -0.9063077870366502 0.4226182617406989 0
    outer loop
      vertex -3.654181830570403 1.6269465723032017 -10.01
      vertex -3.595176185196668 1.7534845871563092 0.009999999999999787
      vertex -3.595176185196668 1.7534845871563092 -10.01
    endloop
  endfacet
  facet normal -0.8910065241883682 0.45399049973954625 0
    outer loop
      vertex -3.595176185196668 1.7534845871563092 -10.01
      vertex -3.531790371435708 1.8778862511435628 0.009999999999999787
      vertex -3.531790371435708 1.8778862511435628 -10.01
    endloop
  endfacet
  facet normal -0.8746197071393962 0.48480962024633645 0
    outer loop
      vertex -3.531790371435708 1.8778862511435628 -10.01
      vertex -3.464101615137755 1.9999999999999998 0.009999999999999787
      vertex -3.464101615137755 1.9999999999999998 -10.01
    endloop
  endfacet
  facet normal -0.9998476951563914 0.01745240643728251 0
    outer loop
      vertex -4 0 -10.01
      vertex -4 0 0.009999999999999787
      vertex -3.997563308076383 0.13959798681000457 0.009999999999999787
    endloop
  endfacet
  facet normal -0.9986295347545736 0.052335956242946104 0
    outer loop
      vertex -3.997563308076383 0.13959798681000457 -10.01
      vertex -3.997563308076383 0.13959798681000457 0.009999999999999787
      vertex -3.990256201039297 0.2790258949765021 0.009999999999999787
    endloop
  endfacet
  facet normal -0.9961946980917455 0.08715574274765799 0
    outer loop
      vertex -3.990256201039297 0.2790258949765021 -10.01
      vertex -3.990256201039297 0.2790258949765021 0.009999999999999787
      vertex -3.978087581473093 0.41811385307061494 0.009999999999999787
    endloop
  endfacet
  facet normal -0.9925461516413222 0.12186934340514613 0
    outer loop
      vertex -3.978087581473093 0.41811385307061494 -10.01
      vertex -3.978087581473093 0.41811385307061494 0.009999999999999787
      vertex -3.9610722749662814 0.5566924038402613 0.009999999999999787
    endloop
  endfacet
  facet normal -0.9876883405951373 0.1564344650402331 0
    outer loop
      vertex -3.9610722749662814 0.5566924038402613 -10.01
      vertex -3.9610722749662814 0.5566924038402613 0.009999999999999787
      vertex -3.939231012048832 0.6945927106677211 0.009999999999999787
    endloop
  endfacet
  facet normal -0.9816271834476644 0.19080899537654206 0
    outer loop
      vertex -3.939231012048832 0.6945927106677211 -10.01
      vertex -3.939231012048832 0.6945927106677211 0.009999999999999787
      vertex -3.9125904029352228 0.8316467632710373 0.009999999999999787
    endloop
  endfacet
  facet normal -0.974370064785235 0.22495105434386622 0
    outer loop
      vertex -3.9125904029352228 0.8316467632710373 -10.01
      vertex -3.9125904029352228 0.8316467632710373 0.009999999999999787
      vertex -3.881182905103986 0.9676875823986709 0.009999999999999787
    endloop
  endfacet
  facet normal 0 0 1
    outer loop
      vertex -4 0 0.009999999999999787
      vertex -2.5 0 0.009999999999999787
      vertex -3.997563308076383 0.13959798681000457 0.009999999999999787
    endloop
  endfacet
  facet normal 0 0 1
    outer loop
      vertex -3.997563308076383 0.13959798681000457 0.009999999999999787
      vertex -2.4984770675477392 0.08724874175625286 0.009999999999999787
      vertex -3.990256201039297 0.2790258949765021 0.009999999999999787
    endloop
  endfacet
  facet normal 0 0 1
    outer loop
      vertex -3.990256201039297 0.2790258949765021 0.009999999999999787
      vertex -2.4939101256495606 0.1743911843603138 0.009999999999999787
      vertex -3.978087581473093 0.41811385307061494 0.009999999999999787
    endloop
  endfacet
  facet normal 0 0 1
    outer loop
      vertex -3.978087581473093 0.41811385307061494 0.009999999999999787
      vertex -2.4863047384206833 0.26132115816913437 0.009999999999999787
      vertex -3.9610722749662814 0.5566924038402613 0.009999999999999787
    endloop
  endfacet
  facet normal 0 0 1
    outer loop
      vertex -3.9610722749662814 0.5566924038402613 0.009999999999999787
      vertex -2.475670171853926 0.3479327524001636 0.009999999999999787
      vertex -3.939231012048832 0.6945927106677211 0.009999999999999787
    endloop
  endfacet
  facet normal 0 0 1
    outer loop
      vertex -3.939231012048832 0.6945927106677211 0.009999999999999787
      vertex -2.46201938253052 0.4341204441673258 0.009999999999999787
      vertex -3.9125904029352228 0.8316467632710373 0.009999999999999787
    endloop
  endfacet
  facet normal 0 0 1
    outer loop
      vertex -3.9125904029352228 0.8316467632710373 0.009999999999999787
      vertex -2.4453690018345142 0.5197792270443984 0.009999999999999787
      vertex -3.881182905103986 0.9676875823986709 0.009999999999999787
    endloop
  endfacet
  facet normal 0 0 1
    outer loop
      vertex -3.881182905103986 0.9676875823986709 0.009999999999999787
      vertex -2.425739315689991 0.6048047389991693 0.009999999999999787
      vertex -3.8450467837532756 1.1025494232679969 0.009999999999999787
    endloop
  endfacet
  facet normal -0.9659258262890685 0.25881904510251974 0
    outer loop
      vertex -3.881182905103986 0.9676875823986709 -10.01
      vertex -3.881182905103986 0.9676875823986709 0.009999999999999787
      vertex -3.8450467837532756 1.1025494232679969 0.009999999999999787
    endloop
  endfacet
  facet normal -0.9563047559630351 0.2923717047227382 0
    outer loop
      vertex -3.8450467837532756 1.1025494232679969 -10.01
      vertex -3.8450467837532756 1.1025494232679969 0.009999999999999787
      vertex -3.804226065180614 1.23606797749979 0.009999999999999787
    endloop
  endfacet
  facet normal -0.9455185755993167 0.32556815445715676 0
    outer loop
      vertex -3.804226065180614 1.23606797749979 -10.01
      vertex -3.804226065180614 1.23606797749979 0.009999999999999787
      vertex -3.7587704831436333 1.3680805733026755 0.009999999999999787
    endloop
  endfacet
  facet normal -0.9335804264972017 0.35836794954530016 0
    outer loop
      vertex -3.7587704831436333 1.3680805733026755 -10.01
      vertex -3.7587704831436333 1.3680805733026755 0.009999999999999787
      vertex -3.7087354182671493 1.498426373663649 0.009999999999999787
    endloop
  endfacet
  facet normal -0.9205048534524399 0.3907311284892748 0
    outer loop
      vertex -3.7087354182671493 1.498426373663649 -10.01
      vertex -3.7087354182671493 1.498426373663649 0.009999999999999787
      vertex -3.654181830570403 1.6269465723032017 0.009999999999999787
    endloop
  endfacet
  facet normal -0.9063077870366502 0.4226182617406989 0
    outer loop
      vertex -3.654181830570403 1.6269465723032017 -10.01
      vertex -3.654181830570403 1.6269465723032017 0.009999999999999787
      vertex -3.595176185196668 1.7534845871563092 0.009999999999999787
    endloop
  endfacet
  facet normal -0.8910065241883682 0.45399049973954625 0
    outer loop
      vertex -3.595176185196668 1.7534845871563092 -10.01
      vertex -3.595176185196668 1.7534845871563092 0.009999999999999787
      vertex -3.531790371435708 1.8778862511435628 0.009999999999999787
    endloop
  endfacet
  facet normal -0.8746197071393962 0.48480962024633645 0
    outer loop
      vertex -3.531790371435708 1.8778862511435628 -10.01
      vertex -3.531790371435708 1.8778862511435628 0.009999999999999787
      vertex -3.464101615137755 1.9999999999999998 0.009999999999999787
    endloop
  endfacet
  facet normal 0 0 1
    outer loop
      vertex -3.8450467837532756 1.1025494232679969 0.009999999999999787
      vertex -2.4031542398457972 0.689093389542498 0.009999999999999787
      vertex -3.804226065180614 1.23606797749979 0.009999999999999787
    endloop
  endfacet
  facet normal 0 0 1
    outer loop
      vertex -3.804226065180614 1.23606797749979 0.009999999999999787
      vertex -2.3776412907378837 0.7725424859373686 0.009999999999999787
      vertex -3.7587704831436333 1.3680805733026755 0.009999999999999787
    endloop
  endfacet
  facet normal 0 0 1
    outer loop
      vertex -3.7587704831436333 1.3680805733026755 0.009999999999999787
      vertex -2.3492315519647713 0.8550503583141722 0.009999999999999787
      vertex -3.7087354182671493 1.498426373663649 0.009999999999999787
    endloop
  endfacet
  facet normal 0 0 1
    outer loop
      vertex -3.7087354182671493 1.498426373663649 0.009999999999999787
      vertex -2.317959636416968 0.9365164835397806 0.009999999999999787
      vertex -3.654181830570403 1.6269465723032017 0.009999999999999787
    endloop
  endfacet
  facet normal 0 0 1
    outer loop
      vertex -3.654181830570403 1.6269465723032017 0.009999999999999787
      vertex -2.2838636441065017 1.016841607689501 0.009999999999999787
      vertex -3.595176185196668 1.7534845871563092 0.009999999999999787
    endloop
  endfacet
  facet normal 0 0 1
    outer loop
      vertex -3.595176185196668 1.7534845871563092 0.009999999999999787
      vertex -2.2469851157479175 1.0959278669726935 0.009999999999999787
      vertex -3.531790371435708 1.8778862511435628 0.009999999999999787
    endloop
  endfacet
  facet normal 0 0 1
    outer loop
      vertex -3.531790371435708 1.8778862511435628 0.009999999999999787
      vertex -2.2073689821473175 1.173678906964727 0.009999999999999787
      vertex -3.464101615137755 1.9999999999999998 0.009999999999999787
    endloop
  endfacet
  facet normal 0 0 1
    outer loop
      vertex -3.464101615137755 1.9999999999999998 0.009999999999999787
      vertex -2.1650635094610964 1.25 0.009999999999999787
      vertex -3.392192384625704 2.1196770569328196 0.009999999999999787
    endloop
  endfacet
  facet normal 0 0 1
    outer loop
      vertex -3.997563308076383 0.13959798681000457 0.009999999999999787
      vertex -2.5 0 0.009999999999999787
      vertex -2.4984770675477392 0.08724874175625286 0.009999999999999787
    endloop
  endfacet
  facet normal 0 0 1
    outer loop
      vertex -3.990256201039297 0.2790258949765021 0.009999999999999787
      vertex -2.4984770675477392 0.08724874175625286 0.009999999999999787
      vertex -2.4939101256495606 0.1743911843603138 0.009999999999999787
    endloop
  endfacet
  facet normal 0 0 1
    outer loop
      vertex -3.978087581473093 0.41811385307061494 0.009999999999999787
      vertex -2.4939101256495606 0.1743911843603138 0.009999999999999787
      vertex -2.4863047384206833 0.26132115816913437 0.009999999999999787
    endloop
  endfacet
  facet normal 0 0 1
    outer loop
      vertex -3.9610722749662814 0.5566924038402613 0.009999999999999787
      vertex -2.4863047384206833 0.26132115816913437 0.009999999999999787
      vertex -2.475670171853926 0.3479327524001636 0.009999999999999787
    endloop
  endfacet
  facet normal 0 0 1
    outer loop
      vertex -3.939231012048832 0.6945927106677211 0.009999999999999787
      vertex -2.475670171853926 0.3479327524001636 0.009999999999999787
      vertex -2.46201938253052 0.4341204441673258 0.009999999999999787
    endloop
  endfacet
  facet normal 0 0 1
    outer loop
      vertex -3.9125904029352228 0.8316467632710373 0.009999999999999787
      vertex -2.46201938253052 0.4341204441673258 0.009999999999999787
      vertex -2.4453690018345142 0.5197792270443984 0.009999999999999787
    endloop
  endfacet
  facet normal 0 0 1
    outer loop
      vertex -3.881182905103986 0.9676875823986709 0.009999999999999787
      vertex -2.4453690018345142 0.5197792270443984 0.009999999999999787
      vertex -2.425739315689991 0.6048047389991693 0.009999999999999787
    endloop
  endfacet
  facet normal 0 0 1
    outer loop
      vertex -3.8450467837532756 1.1025494232679969 0.009999999999999787
      vertex -2.425739315689991 0.6048047389991693 0.009999999999999787
      vertex -2.4031542398457972 0.689093389542498 0.009999999999999787
    endloop
  endfacet
  facet normal 0 0 1
    outer loop
      vertex -3.804226065180614 1.23606797749979 0.009999999999999787
      vertex -2.4031542398457972 0.689093389542498 0.009999999999999787
      vertex -2.3776412907378837 0.7725424859373686 0.009999999999999787
    endloop
  endfacet
  facet normal 0 0 1
    outer loop
      vertex -3.7587704831436333 1.3680805733026755 0.009999999999999787
      vertex -2.3776412907378837 0.7725424859373686 0.009999999999999787
      vertex -2.3492315519647713 0.8550503583141722 0.009999999999999787
    endloop
  endfacet
  facet normal 0 0 1
    outer loop
      vertex -3.7087354182671493 1.498426373663649 0.009999999999999787
      vertex -2.3492315519647713 0.8550503583141722 0.009999999999999787
      vertex -2.317959636416968 0.9365164835397806 0.009999999999999787
    endloop
  endfacet
  facet normal 0 0 1
    outer loop
      vertex -3.654181830570403 1.6269465723032017 0.009999999999999787
      vertex -2.317959636416968 0.9365164835397806 0.009999999999999787
      vertex -2.2838636441065017 1.016841607689501 0.009999999999999787
    endloop
  endfacet
  facet normal 0 0 1
    outer loop
      vertex -3.595176185196668 1.7534845871563092 0.009999999999999787
      vertex -2.2838636441065017 1.016841607689501 0.009999999999999787
      vertex -2.2469851157479175 1.0959278669726935 0.009999999999999787
    endloop
  endfacet
  facet normal 0 0 1
    outer loop
      vertex -3.531790371435708 1.8778862511435628 0.009999999999999787
      vertex -2.2469851157479175 1.0959278669726935 0.009999999999999787
      vertex -2.2073689821473175 1.173678906964727 0.009999999999999787
    endloop
  endfacet
  facet normal 0 0 1
    outer loop
      vertex -3.464101615137755 1.9999999999999998 0.009999999999999787
      vertex -2.2073689821473175 1.173678906964727 0.009999999999999787
      vertex -2.1650635094610964 1.25 0.009999999999999787
    endloop
  endfacet
  facet normal 0 0 1
    outer loop
      vertex -3.392192384625704 2.1196770569328196 0.009999999999999787
      vertex -2.120120240391065 1.3247981605830121 0.009999999999999787
      vertex -3.3161502902201665 2.2367716138829876 0.009999999999999787
    endloop
  endfacet
  facet normal 0 0 1
    outer loop
      vertex -3.3161502902201665 2.2367716138829876 0.009999999999999787
      vertex -2.072593931387604 1.3979822586768673 0.009999999999999787
      vertex -3.2360679774997894 2.351141009169893 0.009999999999999787
    endloop
  endfacet
  facet normal 0 0 1
    outer loop
      vertex -3.392192384625704 2.1196770569328196 0.009999999999999787
      vertex -2.1650635094610964 1.25 0.009999999999999787
      vertex -2.120120240391065 1.3247981605830121 0.009999999999999787
    endloop
  endfacet
  facet normal 0 0 1
    outer loop
      vertex -3.3161502902201665 2.2367716138829876 0.009999999999999787
      vertex -2.120120240391065 1.3247981605830121 0.009999999999999787
      vertex -2.072593931387604 1.3979822586768673 0.009999999999999787
    endloop
  endfacet
  facet normal 0 0 1
    outer loop
      vertex -3.2360679774997894 2.351141009169893 0.009999999999999787
      vertex -2.072593931387604 1.3979822586768673 0.009999999999999787
      vertex -2.0225424859373686 1.4694631307311832 0.009999999999999787
    endloop
  endfacet
  facet normal 0 0 1
    outer loop
      vertex -3.1520430144268876 2.4626459013026336 0.009999999999999787
      vertex -2.0225424859373686 1.4694631307311832 0.009999999999999787
      vertex -1.9700268840168047 1.539153688314146 0.009999999999999787
    endloop
  endfacet
  facet normal 0 0 1
    outer loop
      vertex -3.0641777724759116 2.571150438746158 0.009999999999999787
      vertex -1.9700268840168047 1.539153688314146 0.009999999999999787
      vertex -1.9151111077974445 1.6069690242163486 0.009999999999999787
    endloop
  endfacet
  facet normal 0 0 1
    outer loop
      vertex -2.9725793019095765 2.6765224254354334 0.009999999999999787
      vertex -1.9151111077974445 1.6069690242163486 0.009999999999999787
      vertex -1.8578620636934853 1.6728265158971458 0.009999999999999787
    endloop
  endfacet
  facet normal -0.8571673007021114 0.5150380749100558 0
    outer loop
      vertex -3.464101615137755 1.9999999999999998 -10.01
      vertex -3.392192384625704 2.1196770569328196 0.009999999999999787
      vertex -3.392192384625704 2.1196770569328196 -10.01
    endloop
  endfacet
  facet normal -0.8386705679454244 0.5446390350150264 0
    outer loop
      vertex -3.392192384625704 2.1196770569328196 -10.01
      vertex -3.3161502902201665 2.2367716138829876 0.009999999999999787
      vertex -3.3161502902201665 2.2367716138829876 -10.01
    endloop
  endfacet
  facet normal -0.819152044288992 0.5735764363510458 0
    outer loop
      vertex -3.3161502902201665 2.2367716138829876 -10.01
      vertex -3.2360679774997894 2.351141009169893 0.009999999999999787
      vertex -3.2360679774997894 2.351141009169893 -10.01
    endloop
  endfacet
  facet normal -0.7986355100472934 0.6018150231520476 0
    outer loop
      vertex -3.2360679774997894 2.351141009169893 -10.01
      vertex -3.1520430144268876 2.4626459013026336 0.009999999999999787
      vertex -3.1520430144268876 2.4626459013026336 -10.01
    endloop
  endfacet
  facet normal -0.77714596145697 0.6293203910498385 0
    outer loop
      vertex -3.1520430144268876 2.4626459013026336 -10.01
      vertex -3.0641777724759116 2.571150438746158 0.009999999999999787
      vertex -3.0641777724759116 2.571150438746158 -10.01
    endloop
  endfacet
  facet normal -0.7547095802227723 0.656059028990507 0
    outer loop
      vertex -3.0641777724759116 2.571150438746158 -10.01
      vertex -2.9725793019095765 2.6765224254354334 0.009999999999999787
      vertex -2.9725793019095765 2.6765224254354334 -10.01
    endloop
  endfacet
  facet normal -0.7313537016191705 0.6819983600624984 0
    outer loop
      vertex -2.9725793019095765 2.6765224254354334 -10.01
      vertex -2.877359201354605 2.7786334818359886 0.009999999999999787
      vertex -2.877359201354605 2.7786334818359886 -10.01
    endloop
  endfacet
  facet normal -0.7071067811865475 0.7071067811865475 0
    outer loop
      vertex -2.877359201354605 2.7786334818359886 -10.01
      vertex -2.7786334818359895 2.8773592013546043 0.009999999999999787
      vertex -2.7786334818359895 2.8773592013546043 -10.01
    endloop
  endfacet
  facet normal -0.6819983600624988 0.7313537016191702 0
    outer loop
      vertex -2.7786334818359895 2.8773592013546043 -10.01
      vertex -2.7786334818359895 2.8773592013546043 0.009999999999999787
      vertex -2.676522425435433 2.972579301909577 -10.01
    endloop
  endfacet
  facet normal -0.656059028990507 0.7547095802227723 0
    outer loop
      vertex -2.676522425435433 2.972579301909577 -10.01
      vertex -2.676522425435433 2.972579301909577 0.009999999999999787
      vertex -2.5711504387461575 3.064177772475912 -10.01
    endloop
  endfacet
  facet normal -0.6293203910498385 0.77714596145697 0
    outer loop
      vertex -2.5711504387461575 3.064177772475912 -10.01
      vertex -2.5711504387461575 3.064177772475912 0.009999999999999787
      vertex -2.462645901302633 3.152043014426888 -10.01
    endloop
  endfacet
  facet normal -0.6018150231520462 0.7986355100472945 0
    outer loop
      vertex -2.462645901302633 3.152043014426888 -10.01
      vertex -2.462645901302633 3.152043014426888 0.009999999999999787
      vertex -2.351141009169892 3.23606797749979 -10.01
    endloop
  endfacet
  facet normal -0.5735764363510458 0.819152044288992 0
    outer loop
      vertex -2.351141009169892 3.23606797749979 -10.01
      vertex -2.351141009169892 3.23606797749979 0.009999999999999787
      vertex -2.2367716138829867 3.316150290220167 -10.01
    endloop
  endfacet
  facet normal -0.544639035015028 0.8386705679454235 0
    outer loop
      vertex -2.2367716138829867 3.316150290220167 -10.01
      vertex -2.2367716138829867 3.316150290220167 0.009999999999999787
      vertex -2.119677056932819 3.3921923846257043 -10.01
    endloop
  endfacet
  facet normal -0.5150380749100527 0.8571673007021131 0
    outer loop
      vertex -2.119677056932819 3.3921923846257043 -10.01
      vertex -2.119677056932819 3.3921923846257043 0.009999999999999787
      vertex -1.9999999999999991 3.464101615137755 -10.01
    endloop
  endfacet
  facet normal -0.8571673007021114 0.5150380749100558 0
    outer loop
      vertex -3.464101615137755 1.9999999999999998 -10.01
      vertex -3.464101615137755 1.9999999999999998 0.009999999999999787
      vertex -3.392192384625704 2.1196770569328196 0.009999999999999787
    endloop
  endfacet
  facet normal -0.8386705679454244 0.5446390350150264 0
    outer loop
      vertex -3.392192384625704 2.1196770569328196 -10.01
      vertex -3.392192384625704 2.1196770569328196 0.009999999999999787
      vertex -3.3161502902201665 2.2367716138829876 0.009999999999999787
    endloop
  endfacet
  facet normal -0.819152044288992 0.5735764363510458 0
    outer loop
      vertex -3.3161502902201665 2.2367716138829876 -10.01
      vertex -3.3161502902201665 2.2367716138829876 0.009999999999999787
      vertex -3.2360679774997894 2.351141009169893 0.009999999999999787
    endloop
  endfacet
  facet normal -0.7986355100472934 0.6018150231520476 0
    outer loop
      vertex -3.2360679774997894 2.351141009169893 -10.01
      vertex -3.2360679774997894 2.351141009169893 0.009999999999999787
      vertex -3.1520430144268876 2.4626459013026336 0.009999999999999787
    endloop
  endfacet
  facet normal -0.77714596145697 0.6293203910498385 0
    outer loop
      vertex -3.1520430144268876 2.4626459013026336 -10.01
      vertex -3.1520430144268876 2.4626459013026336 0.009999999999999787
      vertex -3.0641777724759116 2.571150438746158 0.009999999999999787
    endloop
  endfacet
  facet normal -0.7547095802227723 0.656059028990507 0
    outer loop
      vertex -3.0641777724759116 2.571150438746158 -10.01
      vertex -3.0641777724759116 2.571150438746158 0.009999999999999787
      vertex -2.9725793019095765 2.6765224254354334 0.009999999999999787
    endloop
  endfacet
  facet normal -0.7313537016191705 0.6819983600624984 0
    outer loop
      vertex -2.9725793019095765 2.6765224254354334 -10.01
      vertex -2.9725793019095765 2.6765224254354334 0.009999999999999787
      vertex -2.877359201354605 2.7786334818359886 0.009999999999999787
    endloop
  endfacet
  facet normal -0.7071067811865475 0.7071067811865475 0
    outer loop
      vertex -2.877359201354605 2.7786334818359886 -10.01
      vertex -2.877359201354605 2.7786334818359886 0.009999999999999787
      vertex -2.7786334818359895 2.8773592013546043 0.009999999999999787
    endloop
  endfacet
  facet normal -0.6819983600624988 0.7313537016191702 0
    outer loop
      vertex -2.676522425435433 2.972579301909577 -10.01
      vertex -2.7786334818359895 2.8773592013546043 0.009999999999999787
      vertex -2.676522425435433 2.972579301909577 0.009999999999999787
    endloop
  endfacet
  facet normal 0 0 1
    outer loop
      vertex -3.2360679774997894 2.351141009169893 0.009999999999999787
      vertex -2.0225424859373686 1.4694631307311832 0.009999999999999787
      vertex -3.1520430144268876 2.4626459013026336 0.009999999999999787
    endloop
  endfacet
  facet normal 0 0 1
    outer loop
      vertex -3.1520430144268876 2.4626459013026336 0.009999999999999787
      vertex -1.9700268840168047 1.539153688314146 0.009999999999999787
      vertex -3.0641777724759116 2.571150438746158 0.009999999999999787
    endloop
  endfacet
  facet normal 0 0 1
    outer loop
      vertex -3.0641777724759116 2.571150438746158 0.009999999999999787
      vertex -1.9151111077974445 1.6069690242163486 0.009999999999999787
      vertex -2.9725793019095765 2.6765224254354334 0.009999999999999787
    endloop
  endfacet
  facet normal 0 0 1
    outer loop
      vertex -2.9725793019095765 2.6765224254354334 0.009999999999999787
      vertex -1.8578620636934853 1.6728265158971458 0.009999999999999787
      vertex -2.877359201354605 2.7786334818359886 0.009999999999999787
    endloop
  endfacet
  facet normal 0 0 1
    outer loop
      vertex -2.877359201354605 2.7786334818359886 0.009999999999999787
      vertex -1.798349500846628 1.7366459261474931 0.009999999999999787
      vertex -2.7786334818359895 2.8773592013546043 0.009999999999999787
    endloop
  endfacet
  facet normal 0 0 1
    outer loop
      vertex -2.877359201354605 2.7786334818359886 0.009999999999999787
      vertex -1.8578620636934853 1.6728265158971458 0.009999999999999787
      vertex -1.798349500846628 1.7366459261474931 0.009999999999999787
    endloop
  endfacet
  facet normal 0 0 1
    outer loop
      vertex -2.7786334818359895 2.8773592013546043 0.009999999999999787
      vertex -1.798349500846628 1.7366459261474931 0.009999999999999787
      vertex -1.7366459261474931 1.798349500846628 0.009999999999999787
    endloop
  endfacet
  facet normal 0 0 1
    outer loop
      vertex -2.7786334818359895 2.8773592013546043 0.009999999999999787
      vertex -1.7366459261474931 1.798349500846628 0.009999999999999787
      vertex -1.6728265158971456 1.8578620636934855 0.009999999999999787
    endloop
  endfacet
  facet normal 0 0 1
    outer loop
      vertex -2.7786334818359895 2.8773592013546043 0.009999999999999787
      vertex -1.6728265158971456 1.8578620636934855 0.009999999999999787
      vertex -2.676522425435433 2.972579301909577 0.009999999999999787
    endloop
  endfacet
  facet normal 0 0 1
    outer loop
      vertex -2.676522425435433 2.972579301909577 0.009999999999999787
      vertex -1.6069690242163481 1.915111107797445 0.009999999999999787
      vertex -2.5711504387461575 3.064177772475912 0.009999999999999787
    endloop
  endfacet
  facet normal 0 0 1
    outer loop
      vertex -2.5711504387461575 3.064177772475912 0.009999999999999787
      vertex -1.5391536883141457 1.9700268840168047 0.009999999999999787
      vertex -2.462645901302633 3.152043014426888 0.009999999999999787
    endloop
  endfacet
  facet normal 0 0 1
    outer loop
      vertex -2.462645901302633 3.152043014426888 0.009999999999999787
      vertex -1.4694631307311827 2.0225424859373686 0.009999999999999787
      vertex -2.351141009169892 3.23606797749979 0.009999999999999787
    endloop
  endfacet
  facet normal -0.656059028990507 0.7547095802227723 0
    outer loop
      vertex -2.5711504387461575 3.064177772475912 -10.01
      vertex -2.676522425435433 2.972579301909577 0.009999999999999787
      vertex -2.5711504387461575 3.064177772475912 0.009999999999999787
    endloop
  endfacet
  facet normal -0.6293203910498385 0.77714596145697 0
    outer loop
      vertex -2.462645901302633 3.152043014426888 -10.01
      vertex -2.5711504387461575 3.064177772475912 0.009999999999999787
      vertex -2.462645901302633 3.152043014426888 0.009999999999999787
    endloop
  endfacet
  facet normal -0.6018150231520462 0.7986355100472945 0
    outer loop
      vertex -2.351141009169892 3.23606797749979 -10.01
      vertex -2.462645901302633 3.152043014426888 0.009999999999999787
      vertex -2.351141009169892 3.23606797749979 0.009999999999999787
    endloop
  endfacet
  facet normal -0.5735764363510458 0.819152044288992 0
    outer loop
      vertex -2.2367716138829867 3.316150290220167 -10.01
      vertex -2.351141009169892 3.23606797749979 0.009999999999999787
      vertex -2.2367716138829867 3.316150290220167 0.009999999999999787
    endloop
  endfacet
  facet normal -0.544639035015028 0.8386705679454235 0
    outer loop
      vertex -2.119677056932819 3.3921923846257043 -10.01
      vertex -2.2367716138829867 3.316150290220167 0.009999999999999787
      vertex -2.119677056932819 3.3921923846257043 0.009999999999999787
    endloop
  endfacet
  facet normal -0.5150380749100527 0.8571673007021131 0
    outer loop
      vertex -1.9999999999999991 3.464101615137755 -10.01
      vertex -2.119677056932819 3.3921923846257043 0.009999999999999787
      vertex -1.9999999999999991 3.464101615137755 0.009999999999999787
    endloop
  endfacet
  facet normal -0.4848096202463387 0.874619707139395 0
    outer loop
      vertex -1.9999999999999991 3.464101615137755 -10.01
      vertex -1.9999999999999991 3.464101615137755 0.009999999999999787
      vertex -1.8778862511435637 3.5317903714357075 -10.01
    endloop
  endfacet
  facet normal -0.45399049973954625 0.8910065241883682 0
    outer loop
      vertex -1.8778862511435637 3.5317903714357075 -10.01
      vertex -1.8778862511435637 3.5317903714357075 0.009999999999999787
      vertex -1.75348458715631 3.5951761851966677 -10.01
    endloop
  endfacet
  facet normal -0.42261826174069983 0.9063077870366498 0
    outer loop
      vertex -1.75348458715631 3.5951761851966677 -10.01
      vertex -1.75348458715631 3.5951761851966677 0.009999999999999787
      vertex -1.626946572303201 3.6541818305704035 -10.01
    endloop
  endfacet
  facet normal -0.3907311284892748 0.9205048534524399 0
    outer loop
      vertex -1.626946572303201 3.6541818305704035 -10.01
      vertex -1.626946572303201 3.6541818305704035 0.009999999999999787
      vertex -1.4984263736636483 3.7087354182671497 -10.01
    endloop
  endfacet
  facet normal -0.35836794954530016 0.9335804264972017 0
    outer loop
      vertex -1.4984263736636483 3.7087354182671497 -10.01
      vertex -1.4984263736636483 3.7087354182671497 0.009999999999999787
      vertex -1.3680805733026749 3.7587704831436337 -10.01
    endloop
  endfacet
  facet normal -0.32556815445715676 0.9455185755993167 0
    outer loop
      vertex -1.3680805733026749 3.7587704831436337 -10.01
      vertex -1.3680805733026749 3.7587704831436337 0.009999999999999787
      vertex -1.2360679774997894 3.8042260651806146 -10.01
    endloop
  endfacet
  facet normal -0.2923717047227353 0.956304755963036 0
    outer loop
      vertex -1.2360679774997894 3.8042260651806146 -10.01
      vertex -1.2360679774997894 3.8042260651806146 0.009999999999999787
      vertex -1.1025494232679962 3.8450467837532756 -10.01
    endloop
  endfacet
  facet normal -0.2588190451025213 0.9659258262890681 0
    outer loop
      vertex -1.1025494232679962 3.8450467837532756 -10.01
      vertex -1.1025494232679962 3.8450467837532756 0.009999999999999787
      vertex -0.9676875823986711 3.881182905103986 -10.01
    endloop
  endfacet
  facet normal -0.224951054343866 0.974370064785235 0
    outer loop
      vertex -0.9676875823986711 3.881182905103986 -10.01
      vertex -0.9676875823986711 3.881182905103986 0.009999999999999787
      vertex -0.8316467632710374 3.9125904029352228 -10.01
    endloop
  endfacet
  facet normal -0.19080899537654206 0.9816271834476644 0
    outer loop
      vertex -0.8316467632710374 3.9125904029352228 -10.01
      vertex -0.8316467632710374 3.9125904029352228 0.009999999999999787
      vertex -0.6945927106677212 3.939231012048832 -10.01
    endloop
  endfacet
  facet normal -0.1564344650402331 0.9876883405951373 0
    outer loop
      vertex -0.6945927106677212 3.939231012048832 -10.01
      vertex -0.6945927106677212 3.939231012048832 0.009999999999999787
      vertex -0.5566924038402614 3.9610722749662814 -10.01
    endloop
  endfacet
  facet normal -0.12186934340514544 0.9925461516413223 0
    outer loop
      vertex -0.5566924038402614 3.9610722749662814 -10.01
      vertex -0.5566924038402614 3.9610722749662814 0.009999999999999787
      vertex -0.4181138530706142 3.978087581473093 -10.01
    endloop
  endfacet
  facet normal -0.08715574274765796 0.9961946980917455 0
    outer loop
      vertex -0.4181138530706142 3.978087581473093 -10.01
      vertex -0.4181138530706142 3.978087581473093 0.009999999999999787
      vertex -0.2790258949765013 3.990256201039297 -10.01
    endloop
  endfacet
  facet normal -0.05233595624294611 0.9986295347545736 0
    outer loop
      vertex -0.2790258949765013 3.990256201039297 -10.01
      vertex -0.2790258949765013 3.990256201039297 0.009999999999999787
      vertex -0.13959798681000382 3.997563308076383 -10.01
    endloop
  endfacet
  facet normal -0.017452406437282603 0.9998476951563914 0
    outer loop
      vertex -0.13959798681000382 3.997563308076383 -10.01
      vertex -0.13959798681000382 3.997563308076383 0.009999999999999787
      vertex 0 4 -10.01
    endloop
  endfacet
  facet normal 0 0 1
    outer loop
      vertex -2.676522425435433 2.972579301909577 0.009999999999999787
      vertex -1.6728265158971456 1.8578620636934855 0.009999999999999787
      vertex -1.6069690242163481 1.915111107797445 0.009999999999999787
    endloop
  endfacet
  facet normal 0 0 1
    outer loop
      vertex -2.5711504387461575 3.064177772475912 0.009999999999999787
      vertex -1.6069690242163481 1.915111107797445 0.009999999999999787
      vertex -1.5391536883141457 1.9700268840168047 0.009999999999999787
    endloop
  endfacet
  facet normal 0 0 1
    outer loop
      vertex -2.462645901302633 3.152043014426888 0.009999999999999787
      vertex -1.5391536883141457 1.9700268840168047 0.009999999999999787
      vertex -1.4694631307311827 2.0225424859373686 0.009999999999999787
    endloop
  endfacet
  facet normal 0 0 1
    outer loop
      vertex -2.351141009169892 3.23606797749979 0.009999999999999787
      vertex -1.4694631307311827 2.0225424859373686 0.009999999999999787
      vertex -1.3979822586768667 2.0725939313876043 0.009999999999999787
    endloop
  endfacet
  facet normal 0 0 1
    outer loop
      vertex -2.351141009169892 3.23606797749979 0.009999999999999787
      vertex -1.3979822586768667 2.0725939313876043 0.009999999999999787
      vertex -2.2367716138829867 3.316150290220167 0.009999999999999787
    endloop
  endfacet
  facet normal 0 0 1
    outer loop
      vertex -2.2367716138829867 3.316150290220167 0.009999999999999787
      vertex -1.324798160583012 2.120120240391065 0.009999999999999787
      vertex -2.119677056932819 3.3921923846257043 0.009999999999999787
    endloop
  endfacet
  facet normal 0 0 1
    outer loop
      vertex -2.2367716138829867 3.316150290220167 0.009999999999999787
      vertex -1.3979822586768667 2.0725939313876043 0.009999999999999787
      vertex -1.324798160583012 2.120120240391065 0.009999999999999787
    endloop
  endfacet
  facet normal 0 0 1
    outer loop
      vertex -2.119677056932819 3.3921923846257043 0.009999999999999787
      vertex -1.324798160583012 2.120120240391065 0.009999999999999787
      vertex -1.2499999999999993 2.165063509461097 0.009999999999999787
    endloop
  endfacet
  facet normal 0 0 1
    outer loop
      vertex -1.9999999999999991 3.464101615137755 0.009999999999999787
      vertex -1.2499999999999993 2.165063509461097 0.009999999999999787
      vertex -1.173678906964727 2.2073689821473175 0.009999999999999787
    endloop
  endfacet
  facet normal 0 0 1
    outer loop
      vertex -1.8778862511435637 3.5317903714357075 0.009999999999999787
      vertex -1.173678906964727 2.2073689821473175 0.009999999999999787
      vertex -1.0959278669726935 2.2469851157479175 0.009999999999999787
    endloop
  endfacet
  facet normal 0 0 1
    outer loop
      vertex -1.75348458715631 3.5951761851966677 0.009999999999999787
      vertex -1.0959278669726935 2.2469851157479175 0.009999999999999787
      vertex -1.0168416076895006 2.283863644106502 0.009999999999999787
    endloop
  endfacet
  facet normal 0 0 1
    outer loop
      vertex -1.626946572303201 3.6541818305704035 0.009999999999999787
      vertex -1.0168416076895006 2.283863644106502 0.009999999999999787
      vertex -0.93651648353978 2.3179596364169686 0.009999999999999787
    endloop
  endfacet
  facet normal 0 0 1
    outer loop
      vertex -1.4984263736636483 3.7087354182671497 0.009999999999999787
      vertex -0.93651648353978 2.3179596364169686 0.009999999999999787
      vertex -0.8550503583141718 2.3492315519647713 0.009999999999999787
    endloop
  endfacet
  facet normal -0.4848096202463387 0.874619707139395 0
    outer loop
      vertex -1.8778862511435637 3.5317903714357075 -10.01
      vertex -1.9999999999999991 3.464101615137755 0.009999999999999787
      vertex -1.8778862511435637 3.5317903714357075 0.009999999999999787
    endloop
  endfacet
  facet normal -0.45399049973954625 0.8910065241883682 0
    outer loop
      vertex -1.75348458715631 3.5951761851966677 -10.01
      vertex -1.8778862511435637 3.5317903714357075 0.009999999999999787
      vertex -1.75348458715631 3.5951761851966677 0.009999999999999787
    endloop
  endfacet
  facet normal -0.42261826174069983 0.9063077870366498 0
    outer loop
      vertex -1.626946572303201 3.6541818305704035 -10.01
      vertex -1.75348458715631 3.5951761851966677 0.009999999999999787
      vertex -1.626946572303201 3.6541818305704035 0.009999999999999787
    endloop
  endfacet
  facet normal -0.3907311284892748 0.9205048534524399 0
    outer loop
      vertex -1.4984263736636483 3.7087354182671497 -10.01
      vertex -1.626946572303201 3.6541818305704035 0.009999999999999787
      vertex -1.4984263736636483 3.7087354182671497 0.009999999999999787
    endloop
  endfacet
  facet normal -0.35836794954530016 0.9335804264972017 0
    outer loop
      vertex -1.3680805733026749 3.7587704831436337 -10.01
      vertex -1.4984263736636483 3.7087354182671497 0.009999999999999787
      vertex -1.3680805733026749 3.7587704831436337 0.009999999999999787
    endloop
  endfacet
  facet normal -0.32556815445715676 0.9455185755993167 0
    outer loop
      vertex -1.2360679774997894 3.8042260651806146 -10.01
      vertex -1.3680805733026749 3.7587704831436337 0.009999999999999787
      vertex -1.2360679774997894 3.8042260651806146 0.009999999999999787
    endloop
  endfacet
  facet normal -0.2923717047227353 0.956304755963036 0
    outer loop
      vertex -1.1025494232679962 3.8450467837532756 -10.01
      vertex -1.2360679774997894 3.8042260651806146 0.009999999999999787
      vertex -1.1025494232679962 3.8450467837532756 0.009999999999999787
    endloop
  endfacet
  facet normal -0.2588190451025213 0.9659258262890681 0
    outer loop
      vertex -0.9676875823986711 3.881182905103986 -10.01
      vertex -1.1025494232679962 3.8450467837532756 0.009999999999999787
      vertex -0.9676875823986711 3.881182905103986 0.009999999999999787
    endloop
  endfacet
  facet normal 0 0 1
    outer loop
      vertex -2.119677056932819 3.3921923846257043 0.009999999999999787
      vertex -1.2499999999999993 2.165063509461097 0.009999999999999787
      vertex -1.9999999999999991 3.464101615137755 0.009999999999999787
    endloop
  endfacet
  facet normal 0 0 1
    outer loop
      vertex -1.9999999999999991 3.464101615137755 0.009999999999999787
      vertex -1.173678906964727 2.2073689821473175 0.009999999999999787
      vertex -1.8778862511435637 3.5317903714357075 0.009999999999999787
    endloop
  endfacet
  facet normal 0 0 1
    outer loop
      vertex -1.8778862511435637 3.5317903714357075 0.009999999999999787
      vertex -1.0959278669726935 2.2469851157479175 0.009999999999999787
      vertex -1.75348458715631 3.5951761851966677 0.009999999999999787
    endloop
  endfacet
  facet normal 0 0 1
    outer loop
      vertex -1.75348458715631 3.5951761851966677 0.009999999999999787
      vertex -1.0168416076895006 2.283863644106502 0.009999999999999787
      vertex -1.626946572303201 3.6541818305704035 0.009999999999999787
    endloop
  endfacet
  facet normal 0 0 1
    outer loop
      vertex -1.626946572303201 3.6541818305704035 0.009999999999999787
      vertex -0.93651648353978 2.3179596364169686 0.009999999999999787
      vertex -1.4984263736636483 3.7087354182671497 0.009999999999999787
    endloop
  endfacet
  facet normal 0 0 1
    outer loop
      vertex -1.4984263736636483 3.7087354182671497 0.009999999999999787
      vertex -0.8550503583141718 2.3492315519647713 0.009999999999999787
      vertex -1.3680805733026749 3.7587704831436337 0.009999999999999787
    endloop
  endfacet
  facet normal 0 0 1
    outer loop
      vertex -1.3680805733026749 3.7587704831436337 0.009999999999999787
      vertex -0.7725424859373683 2.3776412907378837 0.009999999999999787
      vertex -1.2360679774997894 3.8042260651806146 0.009999999999999787
    endloop
  endfacet
  facet normal 0 0 1
    outer loop
      vertex -1.2360679774997894 3.8042260651806146 0.009999999999999787
      vertex -0.6890933895424977 2.4031542398457972 0.009999999999999787
      vertex -1.1025494232679962 3.8450467837532756 0.009999999999999787
    endloop
  endfacet
  facet normal 0 0 1
    outer loop
      vertex -1.3680805733026749 3.7587704831436337 0.009999999999999787
      vertex -0.8550503583141718 2.3492315519647713 0.009999999999999787
      vertex -0.7725424859373683 2.3776412907378837 0.009999999999999787
    endloop
  endfacet
  facet normal 0 0 1
    outer loop
      vertex -1.2360679774997894 3.8042260651806146 0.009999999999999787
      vertex -0.7725424859373683 2.3776412907378837 0.009999999999999787
      vertex -0.6890933895424977 2.4031542398457972 0.009999999999999787
    endloop
  endfacet
  facet normal 0 0 1
    outer loop
      vertex -1.1025494232679962 3.8450467837532756 0.009999999999999787
      vertex -0.6890933895424977 2.4031542398457972 0.009999999999999787
      vertex -0.6048047389991693 2.425739315689991 0.009999999999999787
    endloop
  endfacet
  facet normal 0 0 1
    outer loop
      vertex -0.9676875823986711 3.881182905103986 0.009999999999999787
      vertex -0.6048047389991693 2.425739315689991 0.009999999999999787
      vertex -0.5197792270443984 2.4453690018345142 0.009999999999999787
    endloop
  endfacet
  facet normal 0 0 1
    outer loop
      vertex -0.8316467632710374 3.9125904029352228 0.009999999999999787
      vertex -0.5197792270443984 2.4453690018345142 0.009999999999999787
      vertex -0.43412044416732576 2.46201938253052 0.009999999999999787
    endloop
  endfacet
  facet normal 0 0 1
    outer loop
      vertex -0.6945927106677212 3.939231012048832 0.009999999999999787
      vertex -0.43412044416732576 2.46201938253052 0.009999999999999787
      vertex -0.3479327524001634 2.475670171853926 0.009999999999999787
    endloop
  endfacet
  facet normal 0 0 1
    outer loop
      vertex -0.5566924038402614 3.9610722749662814 0.009999999999999787
      vertex -0.3479327524001634 2.475670171853926 0.009999999999999787
      vertex -0.2613211581691337 2.4863047384206833 0.009999999999999787
    endloop
  endfacet
  facet normal 0 0 1
    outer loop
      vertex -0.4181138530706142 3.978087581473093 0.009999999999999787
      vertex -0.2613211581691337 2.4863047384206833 0.009999999999999787
      vertex -0.17439118436031326 2.4939101256495606 0.009999999999999787
    endloop
  endfacet
  facet normal 0 0 1
    outer loop
      vertex -0.2790258949765013 3.990256201039297 0.009999999999999787
      vertex -0.17439118436031326 2.4939101256495606 0.009999999999999787
      vertex -0.08724874175625238 2.4984770675477392 0.009999999999999787
    endloop
  endfacet
  facet normal 0 0 1
    outer loop
      vertex -0.13959798681000382 3.997563308076383 0.009999999999999787
      vertex -0.08724874175625238 2.4984770675477392 0.009999999999999787
      vertex 0 2.5 0.009999999999999787
    endloop
  endfacet
  facet normal -0.224951054343866 0.974370064785235 0
    outer loop
      vertex -0.8316467632710374 3.9125904029352228 -10.01
      vertex -0.9676875823986711 3.881182905103986 0.009999999999999787
      vertex -0.8316467632710374 3.9125904029352228 0.009999999999999787
    endloop
  endfacet
  facet normal -0.19080899537654206 0.9816271834476644 0
    outer loop
      vertex -0.6945927106677212 3.939231012048832 -10.01
      vertex -0.8316467632710374 3.9125904029352228 0.009999999999999787
      vertex -0.6945927106677212 3.939231012048832 0.009999999999999787
    endloop
  endfacet
  facet normal -0.1564344650402331 0.9876883405951373 0
    outer loop
      vertex -0.5566924038402614 3.9610722749662814 -10.01
      vertex -0.6945927106677212 3.939231012048832 0.009999999999999787
      vertex -0.5566924038402614 3.9610722749662814 0.009999999999999787
    endloop
  endfacet
  facet normal -0.12186934340514544 0.9925461516413223 0
    outer loop
      vertex -0.4181138530706142 3.978087581473093 -10.01
      vertex -0.5566924038402614 3.9610722749662814 0.009999999999999787
      vertex -0.4181138530706142 3.978087581473093 0.009999999999999787
    endloop
  endfacet
  facet normal -0.08715574274765796 0.9961946980917455 0
    outer loop
      vertex -0.2790258949765013 3.990256201039297 -10.01
      vertex -0.4181138530706142 3.978087581473093 0.009999999999999787
      vertex -0.2790258949765013 3.990256201039297 0.009999999999999787
    endloop
  endfacet
  facet normal -0.05233595624294611 0.9986295347545736 0
    outer loop
      vertex -0.13959798681000382 3.997563308076383 -10.01
      vertex -0.2790258949765013 3.990256201039297 0.009999999999999787
      vertex -0.13959798681000382 3.997563308076383 0.009999999999999787
    endloop
  endfacet
  facet normal -0.017452406437282603 0.9998476951563914 0
    outer loop
      vertex -0.13959798681000382 3.997563308076383 0.009999999999999787
      vertex 0 4 0.009999999999999787
      vertex 0 4 -10.01
    endloop
  endfacet
  facet normal 0 0 1
    outer loop
      vertex -1.1025494232679962 3.8450467837532756 0.009999999999999787
      vertex -0.6048047389991693 2.425739315689991 0.009999999999999787
      vertex -0.9676875823986711 3.881182905103986 0.009999999999999787
    endloop
  endfacet
  facet normal 0 0 1
    outer loop
      vertex -0.9676875823986711 3.881182905103986 0.009999999999999787
      vertex -0.5197792270443984 2.4453690018345142 0.009999999999999787
      vertex -0.8316467632710374 3.9125904029352228 0.009999999999999787
    endloop
  endfacet
  facet normal 0 0 1
    outer loop
      vertex -0.8316467632710374 3.9125904029352228 0.009999999999999787
      vertex -0.43412044416732576 2.46201938253052 0.009999999999999787
      vertex -0.6945927106677212 3.939231012048832 0.009999999999999787
    endloop
  endfacet
  facet normal 0 0 1
    outer loop
      vertex -0.6945927106677212 3.939231012048832 0.009999999999999787
      vertex -0.3479327524001634 2.475670171853926 0.009999999999999787
      vertex -0.5566924038402614 3.9610722749662814 0.009999999999999787
    endloop
  endfacet
  facet normal 0 0 1
    outer loop
      vertex -0.5566924038402614 3.9610722749662814 0.009999999999999787
      vertex -0.2613211581691337 2.4863047384206833 0.009999999999999787
      vertex -0.4181138530706142 3.978087581473093 0.009999999999999787
    endloop
  endfacet
  facet normal 0 0 1
    outer loop
      vertex -0.4181138530706142 3.978087581473093 0.009999999999999787
      vertex -0.17439118436031326 2.4939101256495606 0.009999999999999787
      vertex -0.2790258949765013 3.990256201039297 0.009999999999999787
    endloop
  endfacet
  facet normal 0 0 1
    outer loop
      vertex -0.2790258949765013 3.990256201039297 0.009999999999999787
      vertex -0.08724874175625238 2.4984770675477392 0.009999999999999787
      vertex -0.13959798681000382 3.997563308076383 0.009999999999999787
    endloop
  endfacet
  facet normal 0 0 1
    outer loop
      vertex -0.13959798681000382 3.997563308076383 0.009999999999999787
      vertex 0 2.5 0.009999999999999787
      vertex 0 4 0.009999999999999787
    endloop
  endfacet
  facet normal 0.01745240643728244 -0.9998476951563914 0
    outer loop
      vertex 0 -4 -10.01
      vertex 0.13959798681000513 -3.997563308076383 -10.01
      vertex 0.13959798681000513 -3.997563308076383 0.009999999999999787
    endloop
  endfacet
  facet normal 0.0523359562429436 -0.9986295347545739 0
    outer loop
      vertex 0.13959798681000513 -3.997563308076383 -10.01
      vertex 0.2790258949765009 -3.9902562010392972 -10.01
      vertex 0.2790258949765009 -3.9902562010392972 0.009999999999999787
    endloop
  endfacet
  facet normal 0.08715574274765911 -0.9961946980917455 0
    outer loop
      vertex 0.2790258949765009 -3.9902562010392972 -10.01
      vertex 0.41811385307061194 -3.9780875814730936 -10.01
      vertex 0.41811385307061194 -3.9780875814730936 0.009999999999999787
    endloop
  endfacet
  facet normal 0.12186934340514621 -0.9925461516413222 0
    outer loop
      vertex 0.41811385307061194 -3.9780875814730936 -10.01
      vertex 0.5566924038402619 -3.9610722749662814 -10.01
      vertex 0.5566924038402619 -3.9610722749662814 0.009999999999999787
    endloop
  endfacet
  facet normal 0.15643446504023195 -0.9876883405951377 0
    outer loop
      vertex 0.5566924038402619 -3.9610722749662814 -10.01
      vertex 0.6945927106677199 -3.9392310120488325 -10.01
      vertex 0.6945927106677199 -3.9392310120488325 0.009999999999999787
    endloop
  endfacet
  facet normal 0.19080899537654594 -0.9816271834476638 0
    outer loop
      vertex 0.6945927106677199 -3.9392310120488325 -10.01
      vertex 0.8316467632710377 -3.9125904029352223 -10.01
      vertex 0.8316467632710377 -3.9125904029352223 0.009999999999999787
    endloop
  endfacet
  facet normal 0.22495105434386276 -0.9743700647852358 0
    outer loop
      vertex 0.8316467632710377 -3.9125904029352223 -10.01
      vertex 0.9676875823986697 -3.8811829051039863 -10.01
      vertex 0.9676875823986697 -3.8811829051039863 0.009999999999999787
    endloop
  endfacet
  facet normal 0.2588190451025223 -0.965925826289068 0
    outer loop
      vertex 0.9676875823986697 -3.8811829051039863 -10.01
      vertex 1.1025494232679975 -3.845046783753275 -10.01
      vertex 1.1025494232679975 -3.845046783753275 0.009999999999999787
    endloop
  endfacet
  facet normal 0.292371704722736 -0.9563047559630358 0
    outer loop
      vertex 1.1025494232679975 -3.845046783753275 -10.01
      vertex 1.236067977499789 -3.8042260651806146 -10.01
      vertex 1.236067977499789 -3.8042260651806146 0.009999999999999787
    endloop
  endfacet
  facet normal 0.3255681544571562 -0.9455185755993171 0
    outer loop
      vertex 1.236067977499789 -3.8042260651806146 -10.01
      vertex 1.368080573302676 -3.7587704831436333 -10.01
      vertex 1.368080573302676 -3.7587704831436333 0.009999999999999787
    endloop
  endfacet
  facet normal 0.3583679495453012 -0.9335804264972014 0
    outer loop
      vertex 1.368080573302676 -3.7587704831436333 -10.01
      vertex 1.4984263736636478 -3.7087354182671497 -10.01
      vertex 1.4984263736636478 -3.7087354182671497 0.009999999999999787
    endloop
  endfacet
  facet normal 0.3907311284892734 -0.9205048534524404 0
    outer loop
      vertex 1.4984263736636478 -3.7087354182671497 -10.01
      vertex 1.626946572303199 -3.6541818305704044 -10.01
      vertex 1.626946572303199 -3.6541818305704044 0.009999999999999787
    endloop
  endfacet
  facet normal 0.4226182617406982 -0.9063077870366505 0
    outer loop
      vertex 1.626946572303199 -3.6541818305704044 -10.01
      vertex 1.7534845871563096 -3.595176185196668 -10.01
      vertex 1.7534845871563096 -3.595176185196668 0.009999999999999787
    endloop
  endfacet
  facet normal 0.4539904997395482 -0.8910065241883671 0
    outer loop
      vertex 1.7534845871563096 -3.595176185196668 -10.01
      vertex 1.8778862511435617 -3.5317903714357084 -10.01
      vertex 1.8778862511435617 -3.5317903714357084 0.009999999999999787
    endloop
  endfacet
  facet normal 0.48480962024633595 -0.8746197071393965 0
    outer loop
      vertex 1.8778862511435617 -3.5317903714357084 -10.01
      vertex 2.0000000000000004 -3.4641016151377544 -10.01
      vertex 2.0000000000000004 -3.4641016151377544 0.009999999999999787
    endloop
  endfacet
  facet normal 0.01745240643728244 -0.9998476951563914 0
    outer loop
      vertex 0 -4 -10.01
      vertex 0.13959798681000513 -3.997563308076383 0.009999999999999787
      vertex 0 -4 0.009999999999999787
    endloop
  endfacet
  facet normal 0.0523359562429436 -0.9986295347545739 0
    outer loop
      vertex 0.13959798681000513 -3.997563308076383 -10.01
      vertex 0.2790258949765009 -3.9902562010392972 0.009999999999999787
      vertex 0.13959798681000513 -3.997563308076383 0.009999999999999787
    endloop
  endfacet
  facet normal 0.08715574274765911 -0.9961946980917455 0
    outer loop
      vertex 0.2790258949765009 -3.9902562010392972 -10.01
      vertex 0.41811385307061194 -3.9780875814730936 0.009999999999999787
      vertex 0.2790258949765009 -3.9902562010392972 0.009999999999999787
    endloop
  endfacet
  facet normal 0.12186934340514621 -0.9925461516413222 0
    outer loop
      vertex 0.41811385307061194 -3.9780875814730936 -10.01
      vertex 0.5566924038402619 -3.9610722749662814 0.009999999999999787
      vertex 0.41811385307061194 -3.9780875814730936 0.009999999999999787
    endloop
  endfacet
  facet normal 0.15643446504023195 -0.9876883405951377 0
    outer loop
      vertex 0.5566924038402619 -3.9610722749662814 -10.01
      vertex 0.6945927106677199 -3.9392310120488325 0.009999999999999787
      vertex 0.5566924038402619 -3.9610722749662814 0.009999999999999787
    endloop
  endfacet
  facet normal 0.19080899537654594 -0.9816271834476638 0
    outer loop
      vertex 0.6945927106677199 -3.9392310120488325 -10.01
      vertex 0.8316467632710377 -3.9125904029352223 0.009999999999999787
      vertex 0.6945927106677199 -3.9392310120488325 0.009999999999999787
    endloop
  endfacet
  facet normal 0.22495105434386276 -0.9743700647852358 0
    outer loop
      vertex 0.8316467632710377 -3.9125904029352223 -10.01
      vertex 0.9676875823986697 -3.8811829051039863 0.009999999999999787
      vertex 0.8316467632710377 -3.9125904029352223 0.009999999999999787
    endloop
  endfacet
  facet normal 0 0 1
    outer loop
      vertex 0 -4 0.009999999999999787
      vertex 0.13959798681000513 -3.997563308076383 0.009999999999999787
      vertex 0 -2.5 0.009999999999999787
    endloop
  endfacet
  facet normal 0 0 1
    outer loop
      vertex 0.13959798681000513 -3.997563308076383 0.009999999999999787
      vertex 0.2790258949765009 -3.9902562010392972 0.009999999999999787
      vertex 0.08724874175625243 -2.4984770675477392 0.009999999999999787
    endloop
  endfacet
  facet normal 0 0 1
    outer loop
      vertex 0.2790258949765009 -3.9902562010392972 0.009999999999999787
      vertex 0.41811385307061194 -3.9780875814730936 0.009999999999999787
      vertex 0.17439118436031303 -2.4939101256495606 0.009999999999999787
    endloop
  endfacet
  facet normal 0 0 1
    outer loop
      vertex 0.41811385307061194 -3.9780875814730936 0.009999999999999787
      vertex 0.5566924038402619 -3.9610722749662814 0.009999999999999787
      vertex 0.2613211581691325 -2.4863047384206833 0.009999999999999787
    endloop
  endfacet
  facet normal 0 0 1
    outer loop
      vertex 0.5566924038402619 -3.9610722749662814 0.009999999999999787
      vertex 0.6945927106677199 -3.9392310120488325 0.009999999999999787
      vertex 0.3479327524001636 -2.475670171853926 0.009999999999999787
    endloop
  endfacet
  facet normal 0 0 1
    outer loop
      vertex 0.6945927106677199 -3.9392310120488325 0.009999999999999787
      vertex 0.8316467632710377 -3.9125904029352223 0.009999999999999787
      vertex 0.4341204441673249 -2.46201938253052 0.009999999999999787
    endloop
  endfacet
  facet normal 0 0 1
    outer loop
      vertex 0.8316467632710377 -3.9125904029352223 0.009999999999999787
      vertex 0.9676875823986697 -3.8811829051039863 0.009999999999999787
      vertex 0.5197792270443984 -2.4453690018345142 0.009999999999999787
    endloop
  endfacet
  facet normal 0 0 1
    outer loop
      vertex 0.9676875823986697 -3.8811829051039863 0.009999999999999787
      vertex 1.1025494232679975 -3.845046783753275 0.009999999999999787
      vertex 0.6048047389991685 -2.425739315689991 0.009999999999999787
    endloop
  endfacet
  facet normal 0 0 1
    outer loop
      vertex 0.13959798681000513 -3.997563308076383 0.009999999999999787
      vertex 0.08724874175625243 -2.4984770675477392 0.009999999999999787
      vertex 0 -2.5 0.009999999999999787
    endloop
  endfacet
  facet normal 0 0 1
    outer loop
      vertex 0.2790258949765009 -3.9902562010392972 0.009999999999999787
      vertex 0.17439118436031303 -2.4939101256495606 0.009999999999999787
      vertex 0.08724874175625243 -2.4984770675477392 0.009999999999999787
    endloop
  endfacet
  facet normal 0 0 1
    outer loop
      vertex 0.41811385307061194 -3.9780875814730936 0.009999999999999787
      vertex 0.2613211581691325 -2.4863047384206833 0.009999999999999787
      vertex 0.17439118436031303 -2.4939101256495606 0.009999999999999787
    endloop
  endfacet
  facet normal 0 0 1
    outer loop
      vertex 0.5566924038402619 -3.9610722749662814 0.009999999999999787
      vertex 0.3479327524001636 -2.475670171853926 0.009999999999999787
      vertex 0.2613211581691325 -2.4863047384206833 0.009999999999999787
    endloop
  endfacet
  facet normal 0 0 1
    outer loop
      vertex 0.6945927106677199 -3.9392310120488325 0.009999999999999787
      vertex 0.4341204441673249 -2.46201938253052 0.009999999999999787
      vertex 0.3479327524001636 -2.475670171853926 0.009999999999999787
    endloop
  endfacet
  facet normal 0 0 1
    outer loop
      vertex 0.8316467632710377 -3.9125904029352223 0.009999999999999787
      vertex 0.5197792270443984 -2.4453690018345142 0.009999999999999787
      vertex 0.4341204441673249 -2.46201938253052 0.009999999999999787
    endloop
  endfacet
  facet normal 0 0 1
    outer loop
      vertex 0.9676875823986697 -3.8811829051039863 0.009999999999999787
      vertex 0.6048047389991685 -2.425739315689991 0.009999999999999787
      vertex 0.5197792270443984 -2.4453690018345142 0.009999999999999787
    endloop
  endfacet
  facet normal 0 0 1
    outer loop
      vertex 1.1025494232679975 -3.845046783753275 0.009999999999999787
      vertex 0.6890933895424979 -2.4031542398457972 0.009999999999999787
      vertex 0.6048047389991685 -2.425739315689991 0.009999999999999787
    endloop
  endfacet
  facet normal 0 0 1
    outer loop
      vertex 1.236067977499789 -3.8042260651806146 0.009999999999999787
      vertex 0.772542485937368 -2.3776412907378837 0.009999999999999787
      vertex 0.6890933895424979 -2.4031542398457972 0.009999999999999787
    endloop
  endfacet
  facet normal 0 0 1
    outer loop
      vertex 1.368080573302676 -3.7587704831436333 0.009999999999999787
      vertex 0.8550503583141718 -2.3492315519647713 0.009999999999999787
      vertex 0.772542485937368 -2.3776412907378837 0.009999999999999787
    endloop
  endfacet
  facet normal 0.2588190451025223 -0.965925826289068 0
    outer loop
      vertex 0.9676875823986697 -3.8811829051039863 -10.01
      vertex 1.1025494232679975 -3.845046783753275 0.009999999999999787
      vertex 0.9676875823986697 -3.8811829051039863 0.009999999999999787
    endloop
  endfacet
  facet normal 0.292371704722736 -0.9563047559630358 0
    outer loop
      vertex 1.1025494232679975 -3.845046783753275 -10.01
      vertex 1.236067977499789 -3.8042260651806146 0.009999999999999787
      vertex 1.1025494232679975 -3.845046783753275 0.009999999999999787
    endloop
  endfacet
  facet normal 0.3255681544571562 -0.9455185755993171 0
    outer loop
      vertex 1.236067977499789 -3.8042260651806146 -10.01
      vertex 1.368080573302676 -3.7587704831436333 0.009999999999999787
      vertex 1.236067977499789 -3.8042260651806146 0.009999999999999787
    endloop
  endfacet
  facet normal 0.3583679495453012 -0.9335804264972014 0
    outer loop
      vertex 1.368080573302676 -3.7587704831436333 -10.01
      vertex 1.4984263736636478 -3.7087354182671497 0.009999999999999787
      vertex 1.368080573302676 -3.7587704831436333 0.009999999999999787
    endloop
  endfacet
  facet normal 0.3907311284892734 -0.9205048534524404 0
    outer loop
      vertex 1.4984263736636478 -3.7087354182671497 -10.01
      vertex 1.626946572303199 -3.6541818305704044 0.009999999999999787
      vertex 1.4984263736636478 -3.7087354182671497 0.009999999999999787
    endloop
  endfacet
  facet normal 0.4226182617406982 -0.9063077870366505 0
    outer loop
      vertex 1.626946572303199 -3.6541818305704044 -10.01
      vertex 1.7534845871563096 -3.595176185196668 0.009999999999999787
      vertex 1.626946572303199 -3.6541818305704044 0.009999999999999787
    endloop
  endfacet
  facet normal 0.4539904997395482 -0.8910065241883671 0
    outer loop
      vertex 1.7534845871563096 -3.595176185196668 -10.01
      vertex 1.8778862511435617 -3.5317903714357084 0.009999999999999787
      vertex 1.7534845871563096 -3.595176185196668 0.009999999999999787
    endloop
  endfacet
  facet normal 0.48480962024633595 -0.8746197071393965 0
    outer loop
      vertex 1.8778862511435617 -3.5317903714357084 -10.01
      vertex 2.0000000000000004 -3.4641016151377544 0.009999999999999787
      vertex 1.8778862511435617 -3.5317903714357084 0.009999999999999787
    endloop
  endfacet
  facet normal 0 0 1
    outer loop
      vertex 1.1025494232679975 -3.845046783753275 0.009999999999999787
      vertex 1.236067977499789 -3.8042260651806146 0.009999999999999787
      vertex 0.6890933895424979 -2.4031542398457972 0.009999999999999787
    endloop
  endfacet
  facet normal 0 0 1
    outer loop
      vertex 1.236067977499789 -3.8042260651806146 0.009999999999999787
      vertex 1.368080573302676 -3.7587704831436333 0.009999999999999787
      vertex 0.772542485937368 -2.3776412907378837 0.009999999999999787
    endloop
  endfacet
  facet normal 0 0 1
    outer loop
      vertex 1.368080573302676 -3.7587704831436333 0.009999999999999787
      vertex 1.4984263736636478 -3.7087354182671497 0.009999999999999787
      vertex 0.8550503583141718 -2.3492315519647713 0.009999999999999787
    endloop
  endfacet
  facet normal 0 0 1
    outer loop
      vertex 1.4984263736636478 -3.7087354182671497 0.009999999999999787
      vertex 1.626946572303199 -3.6541818305704044 0.009999999999999787
      vertex 0.9365164835397799 -2.3179596364169686 0.009999999999999787
    endloop
  endfacet
  facet normal 0 0 1
    outer loop
      vertex 1.626946572303199 -3.6541818305704044 0.009999999999999787
      vertex 1.7534845871563096 -3.595176185196668 0.009999999999999787
      vertex 1.0168416076894995 -2.2838636441065026 0.009999999999999787
    endloop
  endfacet
  facet normal 0 0 1
    outer loop
      vertex 1.7534845871563096 -3.595176185196668 0.009999999999999787
      vertex 1.8778862511435617 -3.5317903714357084 0.009999999999999787
      vertex 1.0959278669726935 -2.2469851157479175 0.009999999999999787
    endloop
  endfacet
  facet normal 0 0 1
    outer loop
      vertex 1.8778862511435617 -3.5317903714357084 0.009999999999999787
      vertex 2.0000000000000004 -3.4641016151377544 0.009999999999999787
      vertex 1.1736789069647262 -2.207368982147318 0.009999999999999787
    endloop
  endfacet
  facet normal 0 0 1
    outer loop
      vertex 2.0000000000000004 -3.4641016151377544 0.009999999999999787
      vertex 2.1196770569328187 -3.3921923846257043 0.009999999999999787
      vertex 1.25 -2.1650635094610964 0.009999999999999787
    endloop
  endfacet
  facet normal 0 0 1
    outer loop
      vertex 1.4984263736636478 -3.7087354182671497 0.009999999999999787
      vertex 0.9365164835397799 -2.3179596364169686 0.009999999999999787
      vertex 0.8550503583141718 -2.3492315519647713 0.009999999999999787
    endloop
  endfacet
  facet normal 0 0 1
    outer loop
      vertex 1.626946572303199 -3.6541818305704044 0.009999999999999787
      vertex 1.0168416076894995 -2.2838636441065026 0.009999999999999787
      vertex 0.9365164835397799 -2.3179596364169686 0.009999999999999787
    endloop
  endfacet
  facet normal 0 0 1
    outer loop
      vertex 1.7534845871563096 -3.595176185196668 0.009999999999999787
      vertex 1.0959278669726935 -2.2469851157479175 0.009999999999999787
      vertex 1.0168416076894995 -2.2838636441065026 0.009999999999999787
    endloop
  endfacet
  facet normal 0 0 1
    outer loop
      vertex 1.8778862511435617 -3.5317903714357084 0.009999999999999787
      vertex 1.1736789069647262 -2.207368982147318 0.009999999999999787
      vertex 1.0959278669726935 -2.2469851157479175 0.009999999999999787
    endloop
  endfacet
  facet normal 0 0 1
    outer loop
      vertex 2.0000000000000004 -3.4641016151377544 0.009999999999999787
      vertex 1.25 -2.1650635094610964 0.009999999999999787
      vertex 1.1736789069647262 -2.207368982147318 0.009999999999999787
    endloop
  endfacet
  facet normal 0 0 1
    outer loop
      vertex 2.1196770569328187 -3.3921923846257043 0.009999999999999787
      vertex 1.3247981605830115 -2.1201202403910653 0.009999999999999787
      vertex 1.25 -2.1650635094610964 0.009999999999999787
    endloop
  endfacet
  facet normal 0 0 1
    outer loop
      vertex 2.236771613882988 -3.3161502902201665 0.009999999999999787
      vertex 1.3979822586768673 -2.072593931387604 0.009999999999999787
      vertex 1.3247981605830115 -2.1201202403910653 0.009999999999999787
    endloop
  endfacet
  facet normal 0 0 1
    outer loop
      vertex 2.1196770569328187 -3.3921923846257043 0.009999999999999787
      vertex 2.236771613882988 -3.3161502902201665 0.009999999999999787
      vertex 1.3247981605830115 -2.1201202403910653 0.009999999999999787
    endloop
  endfacet
  facet normal 0 0 1
    outer loop
      vertex 2.236771613882988 -3.3161502902201665 0.009999999999999787
      vertex 2.3511410091698917 -3.2360679774997902 0.009999999999999787
      vertex 1.3979822586768673 -2.072593931387604 0.009999999999999787
    endloop
  endfacet
  facet normal 0 0 1
    outer loop
      vertex 2.3511410091698917 -3.2360679774997902 0.009999999999999787
      vertex 1.4694631307311823 -2.022542485937369 0.009999999999999787
      vertex 1.3979822586768673 -2.072593931387604 0.009999999999999787
    endloop
  endfacet
  facet normal 0 0 1
    outer loop
      vertex 2.462645901302634 -3.152043014426887 0.009999999999999787
      vertex 1.5391536883141457 -1.9700268840168047 0.009999999999999787
      vertex 1.4694631307311823 -2.022542485937369 0.009999999999999787
    endloop
  endfacet
  facet normal 0 0 1
    outer loop
      vertex 2.571150438746157 -3.0641777724759125 0.009999999999999787
      vertex 1.6069690242163481 -1.915111107797445 0.009999999999999787
      vertex 1.5391536883141457 -1.9700268840168047 0.009999999999999787
    endloop
  endfacet
  facet normal 0 0 1
    outer loop
      vertex 2.676522425435431 -2.9725793019095783 0.009999999999999787
      vertex 1.6728265158971445 -1.8578620636934864 0.009999999999999787
      vertex 1.6069690242163481 -1.915111107797445 0.009999999999999787
    endloop
  endfacet
  facet normal 0.5150380749100559 -0.8571673007021113 0
    outer loop
      vertex 2.0000000000000004 -3.4641016151377544 -10.01
      vertex 2.1196770569328187 -3.3921923846257043 -10.01
      vertex 2.1196770569328187 -3.3921923846257043 0.009999999999999787
    endloop
  endfacet
  facet normal 0.5446390350150244 -0.8386705679454258 0
    outer loop
      vertex 2.1196770569328187 -3.3921923846257043 -10.01
      vertex 2.236771613882988 -3.3161502902201665 -10.01
      vertex 2.236771613882988 -3.3161502902201665 0.009999999999999787
    endloop
  endfacet
  facet normal 0.5735764363510475 -0.8191520442889908 0
    outer loop
      vertex 2.236771613882988 -3.3161502902201665 -10.01
      vertex 2.3511410091698917 -3.2360679774997902 -10.01
      vertex 2.3511410091698917 -3.2360679774997902 0.009999999999999787
    endloop
  endfacet
  facet normal 0.6018150231520477 -0.7986355100472934 0
    outer loop
      vertex 2.3511410091698917 -3.2360679774997902 -10.01
      vertex 2.462645901302634 -3.152043014426887 -10.01
      vertex 2.462645901302634 -3.152043014426887 0.009999999999999787
    endloop
  endfacet
  facet normal 0.6293203910498374 -0.7771459614569709 0
    outer loop
      vertex 2.462645901302634 -3.152043014426887 -10.01
      vertex 2.571150438746157 -3.0641777724759125 -10.01
      vertex 2.571150438746157 -3.0641777724759125 0.009999999999999787
    endloop
  endfacet
  facet normal 0.656059028990508 -0.7547095802227712 0
    outer loop
      vertex 2.571150438746157 -3.0641777724759125 -10.01
      vertex 2.676522425435431 -2.9725793019095783 -10.01
      vertex 2.676522425435431 -2.9725793019095783 0.009999999999999787
    endloop
  endfacet
  facet normal 0.6819983600624991 -0.7313537016191699 0
    outer loop
      vertex 2.676522425435431 -2.9725793019095783 -10.01
      vertex 2.778633481835989 -2.8773592013546043 -10.01
      vertex 2.778633481835989 -2.8773592013546043 0.009999999999999787
    endloop
  endfacet
  facet normal 0.7071067811865459 -0.7071067811865491 0
    outer loop
      vertex 2.778633481835989 -2.8773592013546043 -10.01
      vertex 2.8773592013546034 -2.7786334818359903 -10.01
      vertex 2.778633481835989 -2.8773592013546043 0.009999999999999787
    endloop
  endfacet
  facet normal 0.7313537016191716 -0.6819983600624975 0
    outer loop
      vertex 2.8773592013546034 -2.7786334818359903 -10.01
      vertex 2.972579301909577 -2.6765224254354325 -10.01
      vertex 2.8773592013546034 -2.7786334818359903 0.009999999999999787
    endloop
  endfacet
  facet normal 0.7547095802227712 -0.656059028990508 0
    outer loop
      vertex 2.972579301909577 -2.6765224254354325 -10.01
      vertex 3.064177772475911 -2.5711504387461583 -10.01
      vertex 2.972579301909577 -2.6765224254354325 0.009999999999999787
    endloop
  endfacet
  facet normal 0.7771459614569707 -0.6293203910498376 0
    outer loop
      vertex 3.064177772475911 -2.5711504387461583 -10.01
      vertex 3.152043014426888 -2.4626459013026327 -10.01
      vertex 3.064177772475911 -2.5711504387461583 0.009999999999999787
    endloop
  endfacet
  facet normal 0.7986355100472914 -0.6018150231520502 0
    outer loop
      vertex 3.152043014426888 -2.4626459013026327 -10.01
      vertex 3.2360679774997894 -2.3511410091698934 -10.01
      vertex 3.152043014426888 -2.4626459013026327 0.009999999999999787
    endloop
  endfacet
  facet normal 0.8191520442889932 -0.5735764363510442 0
    outer loop
      vertex 3.2360679774997894 -2.3511410091698934 -10.01
      vertex 3.3161502902201674 -2.2367716138829863 -10.01
      vertex 3.2360679774997894 -2.3511410091698934 0.009999999999999787
    endloop
  endfacet
  facet normal 0.8386705679454249 -0.5446390350150256 0
    outer loop
      vertex 3.3161502902201674 -2.2367716138829863 -10.01
      vertex 3.3921923846257034 -2.11967705693282 -10.01
      vertex 3.3161502902201674 -2.2367716138829863 0.009999999999999787
    endloop
  endfacet
  facet normal 0.8571673007021113 -0.5150380749100559 0
    outer loop
      vertex 3.3921923846257034 -2.11967705693282 -10.01
      vertex 3.4641016151377535 -2.0000000000000018 -10.01
      vertex 3.3921923846257034 -2.11967705693282 0.009999999999999787
    endloop
  endfacet
  facet normal 0.5150380749100559 -0.8571673007021113 0
    outer loop
      vertex 2.0000000000000004 -3.4641016151377544 -10.01
      vertex 2.1196770569328187 -3.3921923846257043 0.009999999999999787
      vertex 2.0000000000000004 -3.4641016151377544 0.009999999999999787
    endloop
  endfacet
  facet normal 0.5446390350150244 -0.8386705679454258 0
    outer loop
      vertex 2.1196770569328187 -3.3921923846257043 -10.01
      vertex 2.236771613882988 -3.3161502902201665 0.009999999999999787
      vertex 2.1196770569328187 -3.3921923846257043 0.009999999999999787
    endloop
  endfacet
  facet normal 0.5735764363510475 -0.8191520442889908 0
    outer loop
      vertex 2.236771613882988 -3.3161502902201665 -10.01
      vertex 2.3511410091698917 -3.2360679774997902 0.009999999999999787
      vertex 2.236771613882988 -3.3161502902201665 0.009999999999999787
    endloop
  endfacet
  facet normal 0.6018150231520477 -0.7986355100472934 0
    outer loop
      vertex 2.3511410091698917 -3.2360679774997902 -10.01
      vertex 2.462645901302634 -3.152043014426887 0.009999999999999787
      vertex 2.3511410091698917 -3.2360679774997902 0.009999999999999787
    endloop
  endfacet
  facet normal 0.6293203910498374 -0.7771459614569709 0
    outer loop
      vertex 2.462645901302634 -3.152043014426887 -10.01
      vertex 2.571150438746157 -3.0641777724759125 0.009999999999999787
      vertex 2.462645901302634 -3.152043014426887 0.009999999999999787
    endloop
  endfacet
  facet normal 0.656059028990508 -0.7547095802227712 0
    outer loop
      vertex 2.571150438746157 -3.0641777724759125 -10.01
      vertex 2.676522425435431 -2.9725793019095783 0.009999999999999787
      vertex 2.571150438746157 -3.0641777724759125 0.009999999999999787
    endloop
  endfacet
  facet normal 0.6819983600624991 -0.7313537016191699 0
    outer loop
      vertex 2.676522425435431 -2.9725793019095783 -10.01
      vertex 2.778633481835989 -2.8773592013546043 0.009999999999999787
      vertex 2.676522425435431 -2.9725793019095783 0.009999999999999787
    endloop
  endfacet
  facet normal 0.7071067811865459 -0.7071067811865491 0
    outer loop
      vertex 2.8773592013546034 -2.7786334818359903 -10.01
      vertex 2.8773592013546034 -2.7786334818359903 0.009999999999999787
      vertex 2.778633481835989 -2.8773592013546043 0.009999999999999787
    endloop
  endfacet
  facet normal 0.7313537016191716 -0.6819983600624975 0
    outer loop
      vertex 2.972579301909577 -2.6765224254354325 -10.01
      vertex 2.972579301909577 -2.6765224254354325 0.009999999999999787
      vertex 2.8773592013546034 -2.7786334818359903 0.009999999999999787
    endloop
  endfacet
  facet normal 0 0 1
    outer loop
      vertex 2.3511410091698917 -3.2360679774997902 0.009999999999999787
      vertex 2.462645901302634 -3.152043014426887 0.009999999999999787
      vertex 1.4694631307311823 -2.022542485937369 0.009999999999999787
    endloop
  endfacet
  facet normal 0 0 1
    outer loop
      vertex 2.462645901302634 -3.152043014426887 0.009999999999999787
      vertex 2.571150438746157 -3.0641777724759125 0.009999999999999787
      vertex 1.5391536883141457 -1.9700268840168047 0.009999999999999787
    endloop
  endfacet
  facet normal 0 0 1
    outer loop
      vertex 2.571150438746157 -3.0641777724759125 0.009999999999999787
      vertex 2.676522425435431 -2.9725793019095783 0.009999999999999787
      vertex 1.6069690242163481 -1.915111107797445 0.009999999999999787
    endloop
  endfacet
  facet normal 0 0 1
    outer loop
      vertex 2.676522425435431 -2.9725793019095783 0.009999999999999787
      vertex 2.778633481835989 -2.8773592013546043 0.009999999999999787
      vertex 1.6728265158971445 -1.8578620636934864 0.009999999999999787
    endloop
  endfacet
  facet normal 0 0 1
    outer loop
      vertex 2.778633481835989 -2.8773592013546043 0.009999999999999787
      vertex 1.7366459261474931 -1.798349500846628 0.009999999999999787
      vertex 1.6728265158971445 -1.8578620636934864 0.009999999999999787
    endloop
  endfacet
  facet normal 0 0 1
    outer loop
      vertex 2.778633481835989 -2.8773592013546043 0.009999999999999787
      vertex 1.798349500846627 -1.736645926147494 0.009999999999999787
      vertex 1.7366459261474931 -1.798349500846628 0.009999999999999787
    endloop
  endfacet
  facet normal 0 0 1
    outer loop
      vertex 2.8773592013546034 -2.7786334818359903 0.009999999999999787
      vertex 1.8578620636934855 -1.6728265158971456 0.009999999999999787
      vertex 1.798349500846627 -1.736645926147494 0.009999999999999787
    endloop
  endfacet
  facet normal 0 0 1
    outer loop
      vertex 2.778633481835989 -2.8773592013546043 0.009999999999999787
      vertex 2.8773592013546034 -2.7786334818359903 0.009999999999999787
      vertex 1.798349500846627 -1.736645926147494 0.009999999999999787
    endloop
  endfacet
  facet normal 0 0 1
    outer loop
      vertex 2.8773592013546034 -2.7786334818359903 0.009999999999999787
      vertex 2.972579301909577 -2.6765224254354325 0.009999999999999787
      vertex 1.8578620636934855 -1.6728265158971456 0.009999999999999787
    endloop
  endfacet
  facet normal 0 0 1
    outer loop
      vertex 2.972579301909577 -2.6765224254354325 0.009999999999999787
      vertex 3.064177772475911 -2.5711504387461583 0.009999999999999787
      vertex 1.9151111077974443 -1.6069690242163488 0.009999999999999787
    endloop
  endfacet
  facet normal 0 0 1
    outer loop
      vertex 3.064177772475911 -2.5711504387461583 0.009999999999999787
      vertex 3.152043014426888 -2.4626459013026327 0.009999999999999787
      vertex 1.9700268840168047 -1.5391536883141457 0.009999999999999787
    endloop
  endfacet
  facet normal 0 0 1
    outer loop
      vertex 3.152043014426888 -2.4626459013026327 0.009999999999999787
      vertex 3.2360679774997894 -2.3511410091698934 0.009999999999999787
      vertex 2.022542485937368 -1.4694631307311834 0.009999999999999787
    endloop
  endfacet
  facet normal 0.7547095802227712 -0.656059028990508 0
    outer loop
      vertex 3.064177772475911 -2.5711504387461583 -10.01
      vertex 3.064177772475911 -2.5711504387461583 0.009999999999999787
      vertex 2.972579301909577 -2.6765224254354325 0.009999999999999787
    endloop
  endfacet
  facet normal 0.7771459614569707 -0.6293203910498376 0
    outer loop
      vertex 3.152043014426888 -2.4626459013026327 -10.01
      vertex 3.152043014426888 -2.4626459013026327 0.009999999999999787
      vertex 3.064177772475911 -2.5711504387461583 0.009999999999999787
    endloop
  endfacet
  facet normal 0.7986355100472914 -0.6018150231520502 0
    outer loop
      vertex 3.2360679774997894 -2.3511410091698934 -10.01
      vertex 3.2360679774997894 -2.3511410091698934 0.009999999999999787
      vertex 3.152043014426888 -2.4626459013026327 0.009999999999999787
    endloop
  endfacet
  facet normal 0.8191520442889932 -0.5735764363510442 0
    outer loop
      vertex 3.3161502902201674 -2.2367716138829863 -10.01
      vertex 3.3161502902201674 -2.2367716138829863 0.009999999999999787
      vertex 3.2360679774997894 -2.3511410091698934 0.009999999999999787
    endloop
  endfacet
  facet normal 0.8386705679454249 -0.5446390350150256 0
    outer loop
      vertex 3.3921923846257034 -2.11967705693282 -10.01
      vertex 3.3921923846257034 -2.11967705693282 0.009999999999999787
      vertex 3.3161502902201674 -2.2367716138829863 0.009999999999999787
    endloop
  endfacet
  facet normal 0.8571673007021113 -0.5150380749100559 0
    outer loop
      vertex 3.4641016151377535 -2.0000000000000018 -10.01
      vertex 3.4641016151377535 -2.0000000000000018 0.009999999999999787
      vertex 3.3921923846257034 -2.11967705693282 0.009999999999999787
    endloop
  endfacet
  facet normal 0.8746197071393946 -0.48480962024633895 0
    outer loop
      vertex 3.4641016151377535 -2.0000000000000018 -10.01
      vertex 3.531790371435708 -1.8778862511435632 -10.01
      vertex 3.4641016151377535 -2.0000000000000018 0.009999999999999787
    endloop
  endfacet
  facet normal 0.8910065241883683 -0.4539904997395457 0
    outer loop
      vertex 3.531790371435708 -1.8778862511435632 -10.01
      vertex 3.5951761851966673 -1.7534845871563112 -10.01
      vertex 3.531790371435708 -1.8778862511435632 0.009999999999999787
    endloop
  endfacet
  facet normal 0.9063077870366494 -0.42261826174070083 0
    outer loop
      vertex 3.5951761851966673 -1.7534845871563112 -10.01
      vertex 3.654181830570404 -1.6269465723032006 -10.01
      vertex 3.5951761851966673 -1.7534845871563112 0.009999999999999787
    endloop
  endfacet
  facet normal 0.9205048534524404 -0.3907311284892734 0
    outer loop
      vertex 3.654181830570404 -1.6269465723032006 -10.01
      vertex 3.7087354182671493 -1.4984263736636494 -10.01
      vertex 3.654181830570404 -1.6269465723032006 0.009999999999999787
    endloop
  endfacet
  facet normal 0.9335804264972022 -0.3583679495452993 0
    outer loop
      vertex 3.7087354182671493 -1.4984263736636494 -10.01
      vertex 3.7587704831436337 -1.3680805733026744 -10.01
      vertex 3.7087354182671493 -1.4984263736636494 0.009999999999999787
    endloop
  endfacet
  facet normal 0.9455185755993163 -0.3255681544571578 0
    outer loop
      vertex 3.7587704831436337 -1.3680805733026744 -10.01
      vertex 3.804226065180614 -1.2360679774997907 -10.01
      vertex 3.7587704831436337 -1.3680805733026744 0.009999999999999787
    endloop
  endfacet
  facet normal 0.9563047559630361 -0.29237170472273466 0
    outer loop
      vertex 3.804226065180614 -1.2360679774997907 -10.01
      vertex 3.8450467837532756 -1.1025494232679958 -10.01
      vertex 3.804226065180614 -1.2360679774997907 0.009999999999999787
    endloop
  endfacet
  facet normal 0.9659258262890676 -0.2588190451025227 0
    outer loop
      vertex 3.8450467837532756 -1.1025494232679958 -10.01
      vertex 3.881182905103986 -0.9676875823986715 -10.01
      vertex 3.8450467837532756 -1.1025494232679958 0.009999999999999787
    endloop
  endfacet
  facet normal 0.974370064785235 -0.22495105434386575 0
    outer loop
      vertex 3.881182905103986 -0.9676875823986715 -10.01
      vertex 3.9125904029352223 -0.8316467632710395 -10.01
      vertex 3.881182905103986 -0.9676875823986715 0.009999999999999787
    endloop
  endfacet
  facet normal 0.9816271834476643 -0.19080899537654275 0
    outer loop
      vertex 3.9125904029352223 -0.8316467632710395 -10.01
      vertex 3.939231012048832 -0.6945927106677215 -10.01
      vertex 3.9125904029352223 -0.8316467632710395 0.009999999999999787
    endloop
  endfacet
  facet normal 0.9876883405951377 -0.15643446504023195 0
    outer loop
      vertex 3.939231012048832 -0.6945927106677215 -10.01
      vertex 3.961072274966281 -0.5566924038402635 -10.01
      vertex 3.939231012048832 -0.6945927106677215 0.009999999999999787
    endloop
  endfacet
  facet normal 0.9925461516413222 -0.12186934340514625 0
    outer loop
      vertex 3.961072274966281 -0.5566924038402635 -10.01
      vertex 3.978087581473093 -0.41811385307061366 -10.01
      vertex 3.961072274966281 -0.5566924038402635 0.009999999999999787
    endloop
  endfacet
  facet normal 0.9961946980917453 -0.08715574274765905 0
    outer loop
      vertex 3.978087581473093 -0.41811385307061366 -10.01
      vertex 3.990256201039297 -0.27902589497650254 -10.01
      vertex 3.978087581473093 -0.41811385307061366 0.009999999999999787
    endloop
  endfacet
  facet normal 0.9986295347545737 -0.05233595624294545 0
    outer loop
      vertex 3.990256201039297 -0.27902589497650254 -10.01
      vertex 3.997563308076383 -0.1395979868100033 -10.01
      vertex 3.990256201039297 -0.27902589497650254 0.009999999999999787
    endloop
  endfacet
  facet normal 0.9998476951563914 -0.01745240643728267 0
    outer loop
      vertex 3.997563308076383 -0.1395979868100033 -10.01
      vertex 4 0 -10.01
      vertex 3.997563308076383 -0.1395979868100033 0.009999999999999787
    endloop
  endfacet
  facet normal 0 0 1
    outer loop
      vertex 2.972579301909577 -2.6765224254354325 0.009999999999999787
      vertex 1.9151111077974443 -1.6069690242163488 0.009999999999999787
      vertex 1.8578620636934855 -1.6728265158971456 0.009999999999999787
    endloop
  endfacet
  facet normal 0 0 1
    outer loop
      vertex 3.064177772475911 -2.5711504387461583 0.009999999999999787
      vertex 1.9700268840168047 -1.5391536883141457 0.009999999999999787
      vertex 1.9151111077974443 -1.6069690242163488 0.009999999999999787
    endloop
  endfacet
  facet normal 0 0 1
    outer loop
      vertex 3.152043014426888 -2.4626459013026327 0.009999999999999787
      vertex 2.022542485937368 -1.4694631307311834 0.009999999999999787
      vertex 1.9700268840168047 -1.5391536883141457 0.009999999999999787
    endloop
  endfacet
  facet normal 0 0 1
    outer loop
      vertex 3.2360679774997894 -2.3511410091698934 0.009999999999999787
      vertex 2.072593931387604 -1.3979822586768673 0.009999999999999787
      vertex 2.022542485937368 -1.4694631307311834 0.009999999999999787
    endloop
  endfacet
  facet normal 0 0 1
    outer loop
      vertex 3.3161502902201674 -2.2367716138829863 0.009999999999999787
      vertex 2.120120240391065 -1.3247981605830124 0.009999999999999787
      vertex 2.072593931387604 -1.3979822586768673 0.009999999999999787
    endloop
  endfacet
  facet normal 0 0 1
    outer loop
      vertex 3.3921923846257034 -2.11967705693282 0.009999999999999787
      vertex 2.165063509461096 -1.2500000000000009 0.009999999999999787
      vertex 2.120120240391065 -1.3247981605830124 0.009999999999999787
    endloop
  endfacet
  facet normal 0 0 1
    outer loop
      vertex 3.2360679774997894 -2.3511410091698934 0.009999999999999787
      vertex 3.3161502902201674 -2.2367716138829863 0.009999999999999787
      vertex 2.072593931387604 -1.3979822586768673 0.009999999999999787
    endloop
  endfacet
  facet normal 0 0 1
    outer loop
      vertex 3.3161502902201674 -2.2367716138829863 0.009999999999999787
      vertex 3.3921923846257034 -2.11967705693282 0.009999999999999787
      vertex 2.120120240391065 -1.3247981605830124 0.009999999999999787
    endloop
  endfacet
  facet normal 0 0 1
    outer loop
      vertex 3.4641016151377535 -2.0000000000000018 0.009999999999999787
      vertex 2.2073689821473175 -1.173678906964727 0.009999999999999787
      vertex 2.165063509461096 -1.2500000000000009 0.009999999999999787
    endloop
  endfacet
  facet normal 0 0 1
    outer loop
      vertex 3.531790371435708 -1.8778862511435632 0.009999999999999787
      vertex 2.246985115747917 -1.0959278669726944 0.009999999999999787
      vertex 2.2073689821473175 -1.173678906964727 0.009999999999999787
    endloop
  endfacet
  facet normal 0 0 1
    outer loop
      vertex 3.5951761851966673 -1.7534845871563112 0.009999999999999787
      vertex 2.283863644106502 -1.0168416076895006 0.009999999999999787
      vertex 2.246985115747917 -1.0959278669726944 0.009999999999999787
    endloop
  endfacet
  facet normal 0 0 1
    outer loop
      vertex 3.654181830570404 -1.6269465723032006 0.009999999999999787
      vertex 2.317959636416968 -0.9365164835397808 0.009999999999999787
      vertex 2.283863644106502 -1.0168416076895006 0.009999999999999787
    endloop
  endfacet
  facet normal 0 0 1
    outer loop
      vertex 3.7087354182671493 -1.4984263736636494 0.009999999999999787
      vertex 2.3492315519647713 -0.8550503583141718 0.009999999999999787
      vertex 2.317959636416968 -0.9365164835397808 0.009999999999999787
    endloop
  endfacet
  facet normal 0 0 1
    outer loop
      vertex 3.7587704831436337 -1.3680805733026744 0.009999999999999787
      vertex 2.3776412907378837 -0.772542485937369 0.009999999999999787
      vertex 2.3492315519647713 -0.8550503583141718 0.009999999999999787
    endloop
  endfacet
  facet normal 0 0 1
    outer loop
      vertex 3.804226065180614 -1.2360679774997907 0.009999999999999787
      vertex 2.4031542398457972 -0.6890933895424979 0.009999999999999787
      vertex 2.3776412907378837 -0.772542485937369 0.009999999999999787
    endloop
  endfacet
  facet normal 0 0 1
    outer loop
      vertex 3.8450467837532756 -1.1025494232679958 0.009999999999999787
      vertex 2.425739315689991 -0.6048047389991696 0.009999999999999787
      vertex 2.4031542398457972 -0.6890933895424979 0.009999999999999787
    endloop
  endfacet
  facet normal 0 0 1
    outer loop
      vertex 3.881182905103986 -0.9676875823986715 0.009999999999999787
      vertex 2.445369001834514 -0.5197792270443996 0.009999999999999787
      vertex 2.425739315689991 -0.6048047389991696 0.009999999999999787
    endloop
  endfacet
  facet normal 0 0 1
    outer loop
      vertex 3.9125904029352223 -0.8316467632710395 0.009999999999999787
      vertex 2.46201938253052 -0.4341204441673259 0.009999999999999787
      vertex 2.445369001834514 -0.5197792270443996 0.009999999999999787
    endloop
  endfacet
  facet normal 0 0 1
    outer loop
      vertex 3.939231012048832 -0.6945927106677215 0.009999999999999787
      vertex 2.475670171853926 -0.34793275240016475 0.009999999999999787
      vertex 2.46201938253052 -0.4341204441673259 0.009999999999999787
    endloop
  endfacet
  facet normal 0 0 1
    outer loop
      vertex 3.961072274966281 -0.5566924038402635 0.009999999999999787
      vertex 2.4863047384206833 -0.2613211581691337 0.009999999999999787
      vertex 2.475670171853926 -0.34793275240016475 0.009999999999999787
    endloop
  endfacet
  facet normal 0 0 1
    outer loop
      vertex 3.978087581473093 -0.41811385307061366 0.009999999999999787
      vertex 2.4939101256495606 -0.1743911843603141 0.009999999999999787
      vertex 2.4863047384206833 -0.2613211581691337 0.009999999999999787
    endloop
  endfacet
  facet normal 0 0 1
    outer loop
      vertex 3.990256201039297 -0.27902589497650254 0.009999999999999787
      vertex 2.4984770675477392 -0.08724874175625243 0.009999999999999787
      vertex 2.4939101256495606 -0.1743911843603141 0.009999999999999787
    endloop
  endfacet
  facet normal 0 0 1
    outer loop
      vertex 3.997563308076383 -0.1395979868100033 0.009999999999999787
      vertex 2.5 0 0.009999999999999787
      vertex 2.4984770675477392 -0.08724874175625243 0.009999999999999787
    endloop
  endfacet
  facet normal 0.8746197071393946 -0.48480962024633895 0
    outer loop
      vertex 3.531790371435708 -1.8778862511435632 -10.01
      vertex 3.531790371435708 -1.8778862511435632 0.009999999999999787
      vertex 3.4641016151377535 -2.0000000000000018 0.009999999999999787
    endloop
  endfacet
  facet normal 0.8910065241883683 -0.4539904997395457 0
    outer loop
      vertex 3.5951761851966673 -1.7534845871563112 -10.01
      vertex 3.5951761851966673 -1.7534845871563112 0.009999999999999787
      vertex 3.531790371435708 -1.8778862511435632 0.009999999999999787
    endloop
  endfacet
  facet normal 0.9063077870366494 -0.42261826174070083 0
    outer loop
      vertex 3.654181830570404 -1.6269465723032006 -10.01
      vertex 3.654181830570404 -1.6269465723032006 0.009999999999999787
      vertex 3.5951761851966673 -1.7534845871563112 0.009999999999999787
    endloop
  endfacet
  facet normal 0.9205048534524404 -0.3907311284892734 0
    outer loop
      vertex 3.7087354182671493 -1.4984263736636494 -10.01
      vertex 3.7087354182671493 -1.4984263736636494 0.009999999999999787
      vertex 3.654181830570404 -1.6269465723032006 0.009999999999999787
    endloop
  endfacet
  facet normal 0.9335804264972022 -0.3583679495452993 0
    outer loop
      vertex 3.7587704831436337 -1.3680805733026744 -10.01
      vertex 3.7587704831436337 -1.3680805733026744 0.009999999999999787
      vertex 3.7087354182671493 -1.4984263736636494 0.009999999999999787
    endloop
  endfacet
  facet normal 0.9455185755993163 -0.3255681544571578 0
    outer loop
      vertex 3.804226065180614 -1.2360679774997907 -10.01
      vertex 3.804226065180614 -1.2360679774997907 0.009999999999999787
      vertex 3.7587704831436337 -1.3680805733026744 0.009999999999999787
    endloop
  endfacet
  facet normal 0.9563047559630361 -0.29237170472273466 0
    outer loop
      vertex 3.8450467837532756 -1.1025494232679958 -10.01
      vertex 3.8450467837532756 -1.1025494232679958 0.009999999999999787
      vertex 3.804226065180614 -1.2360679774997907 0.009999999999999787
    endloop
  endfacet
  facet normal 0.9659258262890676 -0.2588190451025227 0
    outer loop
      vertex 3.881182905103986 -0.9676875823986715 -10.01
      vertex 3.881182905103986 -0.9676875823986715 0.009999999999999787
      vertex 3.8450467837532756 -1.1025494232679958 0.009999999999999787
    endloop
  endfacet
  facet normal 0 0 1
    outer loop
      vertex 3.3921923846257034 -2.11967705693282 0.009999999999999787
      vertex 3.4641016151377535 -2.0000000000000018 0.009999999999999787
      vertex 2.165063509461096 -1.2500000000000009 0.009999999999999787
    endloop
  endfacet
  facet normal 0 0 1
    outer loop
      vertex 3.4641016151377535 -2.0000000000000018 0.009999999999999787
      vertex 3.531790371435708 -1.8778862511435632 0.009999999999999787
      vertex 2.2073689821473175 -1.173678906964727 0.009999999999999787
    endloop
  endfacet
  facet normal 0 0 1
    outer loop
      vertex 3.531790371435708 -1.8778862511435632 0.009999999999999787
      vertex 3.5951761851966673 -1.7534845871563112 0.009999999999999787
      vertex 2.246985115747917 -1.0959278669726944 0.009999999999999787
    endloop
  endfacet
  facet normal 0 0 1
    outer loop
      vertex 3.5951761851966673 -1.7534845871563112 0.009999999999999787
      vertex 3.654181830570404 -1.6269465723032006 0.009999999999999787
      vertex 2.283863644106502 -1.0168416076895006 0.009999999999999787
    endloop
  endfacet
  facet normal 0 0 1
    outer loop
      vertex 3.654181830570404 -1.6269465723032006 0.009999999999999787
      vertex 3.7087354182671493 -1.4984263736636494 0.009999999999999787
      vertex 2.317959636416968 -0.9365164835397808 0.009999999999999787
    endloop
  endfacet
  facet normal 0 0 1
    outer loop
      vertex 3.7087354182671493 -1.4984263736636494 0.009999999999999787
      vertex 3.7587704831436337 -1.3680805733026744 0.009999999999999787
      vertex 2.3492315519647713 -0.8550503583141718 0.009999999999999787
    endloop
  endfacet
  facet normal 0 0 1
    outer loop
      vertex 3.7587704831436337 -1.3680805733026744 0.009999999999999787
      vertex 3.804226065180614 -1.2360679774997907 0.009999999999999787
      vertex 2.3776412907378837 -0.772542485937369 0.009999999999999787
    endloop
  endfacet
  facet normal 0 0 1
    outer loop
      vertex 3.804226065180614 -1.2360679774997907 0.009999999999999787
      vertex 3.8450467837532756 -1.1025494232679958 0.009999999999999787
      vertex 2.4031542398457972 -0.6890933895424979 0.009999999999999787
    endloop
  endfacet
  facet normal 0.974370064785235 -0.22495105434386575 0
    outer loop
      vertex 3.9125904029352223 -0.8316467632710395 -10.01
      vertex 3.9125904029352223 -0.8316467632710395 0.009999999999999787
      vertex 3.881182905103986 -0.9676875823986715 0.009999999999999787
    endloop
  endfacet
  facet normal 0.9816271834476643 -0.19080899537654275 0
    outer loop
      vertex 3.939231012048832 -0.6945927106677215 -10.01
      vertex 3.939231012048832 -0.6945927106677215 0.009999999999999787
      vertex 3.9125904029352223 -0.8316467632710395 0.009999999999999787
    endloop
  endfacet
  facet normal 0.9876883405951377 -0.15643446504023195 0
    outer loop
      vertex 3.961072274966281 -0.5566924038402635 -10.01
      vertex 3.961072274966281 -0.5566924038402635 0.009999999999999787
      vertex 3.939231012048832 -0.6945927106677215 0.009999999999999787
    endloop
  endfacet
  facet normal 0.9925461516413222 -0.12186934340514625 0
    outer loop
      vertex 3.978087581473093 -0.41811385307061366 -10.01
      vertex 3.978087581473093 -0.41811385307061366 0.009999999999999787
      vertex 3.961072274966281 -0.5566924038402635 0.009999999999999787
    endloop
  endfacet
  facet normal 0.9961946980917453 -0.08715574274765905 0
    outer loop
      vertex 3.990256201039297 -0.27902589497650254 -10.01
      vertex 3.990256201039297 -0.27902589497650254 0.009999999999999787
      vertex 3.978087581473093 -0.41811385307061366 0.009999999999999787
    endloop
  endfacet
  facet normal 0.9986295347545737 -0.05233595624294545 0
    outer loop
      vertex 3.997563308076383 -0.1395979868100033 -10.01
      vertex 3.997563308076383 -0.1395979868100033 0.009999999999999787
      vertex 3.990256201039297 -0.27902589497650254 0.009999999999999787
    endloop
  endfacet
  facet normal 0.9998476951563914 -0.01745240643728267 0
    outer loop
      vertex 3.997563308076383 -0.1395979868100033 0.009999999999999787
      vertex 4 0 -10.01
      vertex 4 0 0.009999999999999787
    endloop
  endfacet
  facet normal 0 0 1
    outer loop
      vertex 3.8450467837532756 -1.1025494232679958 0.009999999999999787
      vertex 3.881182905103986 -0.9676875823986715 0.009999999999999787
      vertex 2.425739315689991 -0.6048047389991696 0.009999999999999787
    endloop
  endfacet
  facet normal 0 0 1
    outer loop
      vertex 3.881182905103986 -0.9676875823986715 0.009999999999999787
      vertex 3.9125904029352223 -0.8316467632710395 0.009999999999999787
      vertex 2.445369001834514 -0.5197792270443996 0.009999999999999787
    endloop
  endfacet
  facet normal 0 0 1
    outer loop
      vertex 3.9125904029352223 -0.8316467632710395 0.009999999999999787
      vertex 3.939231012048832 -0.6945927106677215 0.009999999999999787
      vertex 2.46201938253052 -0.4341204441673259 0.009999999999999787
    endloop
  endfacet
  facet normal 0 0 1
    outer loop
      vertex 3.939231012048832 -0.6945927106677215 0.009999999999999787
      vertex 3.961072274966281 -0.5566924038402635 0.009999999999999787
      vertex 2.475670171853926 -0.34793275240016475 0.009999999999999787
    endloop
  endfacet
  facet normal 0 0 1
    outer loop
      vertex 3.961072274966281 -0.5566924038402635 0.009999999999999787
      vertex 3.978087581473093 -0.41811385307061366 0.009999999999999787
      vertex 2.4863047384206833 -0.2613211581691337 0.009999999999999787
    endloop
  endfacet
  facet normal 0 0 1
    outer loop
      vertex 3.978087581473093 -0.41811385307061366 0.009999999999999787
      vertex 3.990256201039297 -0.27902589497650254 0.009999999999999787
      vertex 2.4939101256495606 -0.1743911843603141 0.009999999999999787
    endloop
  endfacet
  facet normal 0 0 1
    outer loop
      vertex 3.990256201039297 -0.27902589497650254 0.009999999999999787
      vertex 3.997563308076383 -0.1395979868100033 0.009999999999999787
      vertex 2.4984770675477392 -0.08724874175625243 0.009999999999999787
    endloop
  endfacet
  facet normal 0 0 1
    outer loop
      vertex 3.997563308076383 -0.1395979868100033 0.009999999999999787
      vertex 4 0 0.009999999999999787
      vertex 2.5 0 0.009999999999999787
    endloop
  endfacet
  facet normal 0.01745240643728254 0.9998476951563914 0
    outer loop
      vertex 0 4 -10.01
      vertex 0 4 0.009999999999999787
      vertex 0.13959798681000432 3.997563308076383 -10.01
    endloop
  endfacet
  facet normal 0.052335956242946444 0.9986295347545736 0
    outer loop
      vertex 0.13959798681000432 3.997563308076383 -10.01
      vertex 0.13959798681000432 3.997563308076383 0.009999999999999787
      vertex 0.27902589497650093 3.990256201039297 -10.01
    endloop
  endfacet
  facet normal 0.08715574274765796 0.9961946980917455 0
    outer loop
      vertex 0.27902589497650093 3.990256201039297 -10.01
      vertex 0.27902589497650093 3.990256201039297 0.009999999999999787
      vertex 0.41811385307061383 3.978087581473093 -10.01
    endloop
  endfacet
  facet normal 0.1218693434051447 0.9925461516413224 0
    outer loop
      vertex 0.41811385307061383 3.978087581473093 -10.01
      vertex 0.41811385307061383 3.978087581473093 0.009999999999999787
      vertex 0.5566924038402619 3.9610722749662814 -10.01
    endloop
  endfacet
  facet normal 0.1564344650402331 0.9876883405951373 0
    outer loop
      vertex 0.5566924038402619 3.9610722749662814 -10.01
      vertex 0.5566924038402619 3.9610722749662814 0.009999999999999787
      vertex 0.6945927106677217 3.939231012048832 -10.01
    endloop
  endfacet
  facet normal 0.1908089953765451 0.9816271834476638 0
    outer loop
      vertex 0.6945927106677217 3.939231012048832 -10.01
      vertex 0.6945927106677217 3.939231012048832 0.009999999999999787
      vertex 0.8316467632710378 3.9125904029352223 -10.01
    endloop
  endfacet
  facet normal 0.22495105434386437 0.9743700647852354 0
    outer loop
      vertex 0.8316467632710378 3.9125904029352223 -10.01
      vertex 0.8316467632710378 3.9125904029352223 0.009999999999999787
      vertex 0.9676875823986707 3.881182905103986 -10.01
    endloop
  endfacet
  facet normal 0.25881904510251974 0.9659258262890685 0
    outer loop
      vertex 0.9676875823986707 3.881182905103986 -10.01
      vertex 0.9676875823986707 3.881182905103986 0.009999999999999787
      vertex 1.1025494232679967 3.8450467837532756 -10.01
    endloop
  endfacet
  facet normal 0.2923717047227382 0.9563047559630351 0
    outer loop
      vertex 1.1025494232679967 3.8450467837532756 -10.01
      vertex 1.1025494232679967 3.8450467837532756 0.009999999999999787
      vertex 1.2360679774997898 3.804226065180614 -10.01
    endloop
  endfacet
  facet normal 0.3583679495452996 0.933580426497202 0
    outer loop
      vertex 1.4984263736636478 3.7087354182671497 -10.01
      vertex 1.3680805733026753 3.7587704831436333 -10.01
      vertex 1.3680805733026753 3.7587704831436333 0.009999999999999787
    endloop
  endfacet
  facet normal 0.32556815445715676 0.9455185755993167 0
    outer loop
      vertex 1.2360679774997898 3.804226065180614 -10.01
      vertex 1.2360679774997898 3.804226065180614 0.009999999999999787
      vertex 1.3680805733026753 3.7587704831436333 -10.01
    endloop
  endfacet
  facet normal 0.3907311284892742 0.92050485345244 0
    outer loop
      vertex 1.4984263736636478 3.7087354182671497 -10.01
      vertex 1.4984263736636478 3.7087354182671497 0.009999999999999787
      vertex 1.6269465723032008 3.6541818305704035 -10.01
    endloop
  endfacet
  facet normal 0.4226182617406972 0.9063077870366509 0
    outer loop
      vertex 1.6269465723032008 3.6541818305704035 -10.01
      vertex 1.6269465723032008 3.6541818305704035 0.009999999999999787
      vertex 1.7534845871563098 3.595176185196668 -10.01
    endloop
  endfacet
  facet normal 0.45399049973954875 0.8910065241883668 0
    outer loop
      vertex 1.7534845871563098 3.595176185196668 -10.01
      vertex 1.7534845871563098 3.595176185196668 0.009999999999999787
      vertex 1.8778862511435634 3.5317903714357075 -10.01
    endloop
  endfacet
  facet normal 0.48480962024633645 0.8746197071393962 0
    outer loop
      vertex 1.8778862511435634 3.5317903714357075 -10.01
      vertex 1.8778862511435634 3.5317903714357075 0.009999999999999787
      vertex 2.0000000000000004 3.4641016151377544 -10.01
    endloop
  endfacet
  facet normal 0 0 1
    outer loop
      vertex 0 4 0.009999999999999787
      vertex 0 2.5 0.009999999999999787
      vertex 0.08724874175625269 2.4984770675477392 0.009999999999999787
    endloop
  endfacet
  facet normal 0 0 1
    outer loop
      vertex 0.13959798681000432 3.997563308076383 0.009999999999999787
      vertex 0.08724874175625269 2.4984770675477392 0.009999999999999787
      vertex 0.17439118436031326 2.4939101256495606 0.009999999999999787
    endloop
  endfacet
  facet normal 0 0 1
    outer loop
      vertex 0.27902589497650093 3.990256201039297 0.009999999999999787
      vertex 0.17439118436031326 2.4939101256495606 0.009999999999999787
      vertex 0.2613211581691337 2.4863047384206833 0.009999999999999787
    endloop
  endfacet
  facet normal 0 0 1
    outer loop
      vertex 0.41811385307061383 3.978087581473093 0.009999999999999787
      vertex 0.2613211581691337 2.4863047384206833 0.009999999999999787
      vertex 0.34793275240016364 2.475670171853926 0.009999999999999787
    endloop
  endfacet
  facet normal 0 0 1
    outer loop
      vertex 0.5566924038402619 3.9610722749662814 0.009999999999999787
      vertex 0.34793275240016364 2.475670171853926 0.009999999999999787
      vertex 0.434120444167326 2.46201938253052 0.009999999999999787
    endloop
  endfacet
  facet normal 0 0 1
    outer loop
      vertex 0.6945927106677217 3.939231012048832 0.009999999999999787
      vertex 0.434120444167326 2.46201938253052 0.009999999999999787
      vertex 0.5197792270443986 2.4453690018345142 0.009999999999999787
    endloop
  endfacet
  facet normal 0 0 1
    outer loop
      vertex 0.8316467632710378 3.9125904029352223 0.009999999999999787
      vertex 0.5197792270443986 2.4453690018345142 0.009999999999999787
      vertex 0.6048047389991693 2.425739315689991 0.009999999999999787
    endloop
  endfacet
  facet normal 0 0 1
    outer loop
      vertex 0.9676875823986707 3.881182905103986 0.009999999999999787
      vertex 0.6048047389991693 2.425739315689991 0.009999999999999787
      vertex 0.6890933895424979 2.4031542398457972 0.009999999999999787
    endloop
  endfacet
  facet normal 0 0 1
    outer loop
      vertex 1.1025494232679967 3.8450467837532756 0.009999999999999787
      vertex 0.6890933895424979 2.4031542398457972 0.009999999999999787
      vertex 0.7725424859373686 2.3776412907378837 0.009999999999999787
    endloop
  endfacet
  facet normal 0 0 1
    outer loop
      vertex 1.2360679774997898 3.804226065180614 0.009999999999999787
      vertex 0.7725424859373686 2.3776412907378837 0.009999999999999787
      vertex 0.8550503583141722 2.3492315519647713 0.009999999999999787
    endloop
  endfacet
  facet normal 0.01745240643728254 0.9998476951563914 0
    outer loop
      vertex 0.13959798681000432 3.997563308076383 -10.01
      vertex 0 4 0.009999999999999787
      vertex 0.13959798681000432 3.997563308076383 0.009999999999999787
    endloop
  endfacet
  facet normal 0.052335956242946444 0.9986295347545736 0
    outer loop
      vertex 0.27902589497650093 3.990256201039297 -10.01
      vertex 0.13959798681000432 3.997563308076383 0.009999999999999787
      vertex 0.27902589497650093 3.990256201039297 0.009999999999999787
    endloop
  endfacet
  facet normal 0.08715574274765796 0.9961946980917455 0
    outer loop
      vertex 0.41811385307061383 3.978087581473093 -10.01
      vertex 0.27902589497650093 3.990256201039297 0.009999999999999787
      vertex 0.41811385307061383 3.978087581473093 0.009999999999999787
    endloop
  endfacet
  facet normal 0.1218693434051447 0.9925461516413224 0
    outer loop
      vertex 0.5566924038402619 3.9610722749662814 -10.01
      vertex 0.41811385307061383 3.978087581473093 0.009999999999999787
      vertex 0.5566924038402619 3.9610722749662814 0.009999999999999787
    endloop
  endfacet
  facet normal 0.1564344650402331 0.9876883405951373 0
    outer loop
      vertex 0.6945927106677217 3.939231012048832 -10.01
      vertex 0.5566924038402619 3.9610722749662814 0.009999999999999787
      vertex 0.6945927106677217 3.939231012048832 0.009999999999999787
    endloop
  endfacet
  facet normal 0.1908089953765451 0.9816271834476638 0
    outer loop
      vertex 0.8316467632710378 3.9125904029352223 -10.01
      vertex 0.6945927106677217 3.939231012048832 0.009999999999999787
      vertex 0.8316467632710378 3.9125904029352223 0.009999999999999787
    endloop
  endfacet
  facet normal 0.22495105434386437 0.9743700647852354 0
    outer loop
      vertex 0.9676875823986707 3.881182905103986 -10.01
      vertex 0.8316467632710378 3.9125904029352223 0.009999999999999787
      vertex 0.9676875823986707 3.881182905103986 0.009999999999999787
    endloop
  endfacet
  facet normal 0 0 1
    outer loop
      vertex 0 4 0.009999999999999787
      vertex 0.08724874175625269 2.4984770675477392 0.009999999999999787
      vertex 0.13959798681000432 3.997563308076383 0.009999999999999787
    endloop
  endfacet
  facet normal 0 0 1
    outer loop
      vertex 0.13959798681000432 3.997563308076383 0.009999999999999787
      vertex 0.17439118436031326 2.4939101256495606 0.009999999999999787
      vertex 0.27902589497650093 3.990256201039297 0.009999999999999787
    endloop
  endfacet
  facet normal 0 0 1
    outer loop
      vertex 0.27902589497650093 3.990256201039297 0.009999999999999787
      vertex 0.2613211581691337 2.4863047384206833 0.009999999999999787
      vertex 0.41811385307061383 3.978087581473093 0.009999999999999787
    endloop
  endfacet
  facet normal 0 0 1
    outer loop
      vertex 0.41811385307061383 3.978087581473093 0.009999999999999787
      vertex 0.34793275240016364 2.475670171853926 0.009999999999999787
      vertex 0.5566924038402619 3.9610722749662814 0.009999999999999787
    endloop
  endfacet
  facet normal 0 0 1
    outer loop
      vertex 0.5566924038402619 3.9610722749662814 0.009999999999999787
      vertex 0.434120444167326 2.46201938253052 0.009999999999999787
      vertex 0.6945927106677217 3.939231012048832 0.009999999999999787
    endloop
  endfacet
  facet normal 0 0 1
    outer loop
      vertex 0.6945927106677217 3.939231012048832 0.009999999999999787
      vertex 0.5197792270443986 2.4453690018345142 0.009999999999999787
      vertex 0.8316467632710378 3.9125904029352223 0.009999999999999787
    endloop
  endfacet
  facet normal 0 0 1
    outer loop
      vertex 0.8316467632710378 3.9125904029352223 0.009999999999999787
      vertex 0.6048047389991693 2.425739315689991 0.009999999999999787
      vertex 0.9676875823986707 3.881182905103986 0.009999999999999787
    endloop
  endfacet
  facet normal 0 0 1
    outer loop
      vertex 0.9676875823986707 3.881182905103986 0.009999999999999787
      vertex 0.6890933895424979 2.4031542398457972 0.009999999999999787
      vertex 1.1025494232679967 3.8450467837532756 0.009999999999999787
    endloop
  endfacet
  facet normal 0 0 1
    outer loop
      vertex 1.6269465723032008 3.6541818305704035 0.009999999999999787
      vertex 1.0168416076895006 2.283863644106502 0.009999999999999787
      vertex 1.0959278669726935 2.2469851157479175 0.009999999999999787
    endloop
  endfacet
  facet normal 0 0 1
    outer loop
      vertex 1.3680805733026753 3.7587704831436333 0.009999999999999787
      vertex 0.8550503583141722 2.3492315519647713 0.009999999999999787
      vertex 0.93651648353978 2.3179596364169686 0.009999999999999787
    endloop
  endfacet
  facet normal 0 0 1
    outer loop
      vertex 1.4984263736636478 3.7087354182671497 0.009999999999999787
      vertex 0.93651648353978 2.3179596364169686 0.009999999999999787
      vertex 1.0168416076895006 2.283863644106502 0.009999999999999787
    endloop
  endfacet
  facet normal 0 0 1
    outer loop
      vertex 1.7534845871563098 3.595176185196668 0.009999999999999787
      vertex 1.0959278669726935 2.2469851157479175 0.009999999999999787
      vertex 1.1736789069647273 2.2073689821473175 0.009999999999999787
    endloop
  endfacet
  facet normal 0 0 1
    outer loop
      vertex 1.8778862511435634 3.5317903714357075 0.009999999999999787
      vertex 1.1736789069647273 2.2073689821473175 0.009999999999999787
      vertex 1.25 2.1650635094610964 0.009999999999999787
    endloop
  endfacet
  facet normal 0 0 1
    outer loop
      vertex 2.236771613882987 3.316150290220167 0.009999999999999787
      vertex 1.3979822586768673 2.072593931387604 0.009999999999999787
      vertex 1.469463130731183 2.0225424859373686 0.009999999999999787
    endloop
  endfacet
  facet normal 0 0 1
    outer loop
      vertex 2.462645901302633 3.152043014426888 0.009999999999999787
      vertex 1.5391536883141457 1.9700268840168047 0.009999999999999787
      vertex 1.6069690242163481 1.915111107797445 0.009999999999999787
    endloop
  endfacet
  facet normal 0 0 1
    outer loop
      vertex 2.3511410091698925 3.23606797749979 0.009999999999999787
      vertex 1.469463130731183 2.0225424859373686 0.009999999999999787
      vertex 1.5391536883141457 1.9700268840168047 0.009999999999999787
    endloop
  endfacet
  facet normal 0 0 1
    outer loop
      vertex 2.5711504387461575 3.064177772475912 0.009999999999999787
      vertex 1.6069690242163481 1.915111107797445 0.009999999999999787
      vertex 1.6728265158971456 1.8578620636934855 0.009999999999999787
    endloop
  endfacet
  facet normal 0 0 1
    outer loop
      vertex 2.0000000000000004 3.4641016151377544 0.009999999999999787
      vertex 1.25 2.1650635094610964 0.009999999999999787
      vertex 1.3247981605830121 2.120120240391065 0.009999999999999787
    endloop
  endfacet
  facet normal 0 0 1
    outer loop
      vertex 2.1196770569328196 3.3921923846257043 0.009999999999999787
      vertex 1.3247981605830121 2.120120240391065 0.009999999999999787
      vertex 1.3979822586768673 2.072593931387604 0.009999999999999787
    endloop
  endfacet
  facet normal 0 0 1
    outer loop
      vertex 2.0000000000000004 3.4641016151377544 0.009999999999999787
      vertex 1.3247981605830121 2.120120240391065 0.009999999999999787
      vertex 2.1196770569328196 3.3921923846257043 0.009999999999999787
    endloop
  endfacet
  facet normal 0 0 1
    outer loop
      vertex 2.1196770569328196 3.3921923846257043 0.009999999999999787
      vertex 1.3979822586768673 2.072593931387604 0.009999999999999787
      vertex 2.236771613882987 3.316150290220167 0.009999999999999787
    endloop
  endfacet
  facet normal 0.25881904510251974 0.9659258262890685 0
    outer loop
      vertex 1.1025494232679967 3.8450467837532756 -10.01
      vertex 0.9676875823986707 3.881182905103986 0.009999999999999787
      vertex 1.1025494232679967 3.8450467837532756 0.009999999999999787
    endloop
  endfacet
  facet normal 0.2923717047227382 0.9563047559630351 0
    outer loop
      vertex 1.2360679774997898 3.804226065180614 -10.01
      vertex 1.1025494232679967 3.8450467837532756 0.009999999999999787
      vertex 1.2360679774997898 3.804226065180614 0.009999999999999787
    endloop
  endfacet
  facet normal 0.3583679495452996 0.933580426497202 0
    outer loop
      vertex 1.4984263736636478 3.7087354182671497 -10.01
      vertex 1.3680805733026753 3.7587704831436333 0.009999999999999787
      vertex 1.4984263736636478 3.7087354182671497 0.009999999999999787
    endloop
  endfacet
  facet normal 0.32556815445715676 0.9455185755993167 0
    outer loop
      vertex 1.3680805733026753 3.7587704831436333 -10.01
      vertex 1.2360679774997898 3.804226065180614 0.009999999999999787
      vertex 1.3680805733026753 3.7587704831436333 0.009999999999999787
    endloop
  endfacet
  facet normal 0.48480962024633645 0.8746197071393962 0
    outer loop
      vertex 2.0000000000000004 3.4641016151377544 -10.01
      vertex 1.8778862511435634 3.5317903714357075 0.009999999999999787
      vertex 2.0000000000000004 3.4641016151377544 0.009999999999999787
    endloop
  endfacet
  facet normal 0.3907311284892742 0.92050485345244 0
    outer loop
      vertex 1.6269465723032008 3.6541818305704035 -10.01
      vertex 1.4984263736636478 3.7087354182671497 0.009999999999999787
      vertex 1.6269465723032008 3.6541818305704035 0.009999999999999787
    endloop
  endfacet
  facet normal 0.4226182617406972 0.9063077870366509 0
    outer loop
      vertex 1.7534845871563098 3.595176185196668 -10.01
      vertex 1.6269465723032008 3.6541818305704035 0.009999999999999787
      vertex 1.7534845871563098 3.595176185196668 0.009999999999999787
    endloop
  endfacet
  facet normal 0.45399049973954875 0.8910065241883668 0
    outer loop
      vertex 1.8778862511435634 3.5317903714357075 -10.01
      vertex 1.7534845871563098 3.595176185196668 0.009999999999999787
      vertex 1.8778862511435634 3.5317903714357075 0.009999999999999787
    endloop
  endfacet
  facet normal 0 0 1
    outer loop
      vertex 1.1025494232679967 3.8450467837532756 0.009999999999999787
      vertex 0.7725424859373686 2.3776412907378837 0.009999999999999787
      vertex 1.2360679774997898 3.804226065180614 0.009999999999999787
    endloop
  endfacet
  facet normal 0 0 1
    outer loop
      vertex 1.2360679774997898 3.804226065180614 0.009999999999999787
      vertex 0.8550503583141722 2.3492315519647713 0.009999999999999787
      vertex 1.3680805733026753 3.7587704831436333 0.009999999999999787
    endloop
  endfacet
  facet normal 0 0 1
    outer loop
      vertex 1.4984263736636478 3.7087354182671497 0.009999999999999787
      vertex 1.0168416076895006 2.283863644106502 0.009999999999999787
      vertex 1.6269465723032008 3.6541818305704035 0.009999999999999787
    endloop
  endfacet
  facet normal 0 0 1
    outer loop
      vertex 1.6269465723032008 3.6541818305704035 0.009999999999999787
      vertex 1.0959278669726935 2.2469851157479175 0.009999999999999787
      vertex 1.7534845871563098 3.595176185196668 0.009999999999999787
    endloop
  endfacet
  facet normal 0 0 1
    outer loop
      vertex 1.4984263736636478 3.7087354182671497 0.009999999999999787
      vertex 1.3680805733026753 3.7587704831436333 0.009999999999999787
      vertex 0.93651648353978 2.3179596364169686 0.009999999999999787
    endloop
  endfacet
  facet normal 0 0 1
    outer loop
      vertex 1.7534845871563098 3.595176185196668 0.009999999999999787
      vertex 1.1736789069647273 2.2073689821473175 0.009999999999999787
      vertex 1.8778862511435634 3.5317903714357075 0.009999999999999787
    endloop
  endfacet
  facet normal 0 0 1
    outer loop
      vertex 1.8778862511435634 3.5317903714357075 0.009999999999999787
      vertex 1.25 2.1650635094610964 0.009999999999999787
      vertex 2.0000000000000004 3.4641016151377544 0.009999999999999787
    endloop
  endfacet
  facet normal 0.9998476951563914 0.017452406437282596 0
    outer loop
      vertex 4 0 -10.01
      vertex 3.997563308076383 0.13959798681000388 -10.01
      vertex 4 0 0.009999999999999787
    endloop
  endfacet
  facet normal 0.9986295347545738 0.05233595624294617 0
    outer loop
      vertex 3.997563308076383 0.13959798681000388 -10.01
      vertex 3.990256201039297 0.2790258949765012 -10.01
      vertex 3.997563308076383 0.13959798681000388 0.009999999999999787
    endloop
  endfacet
  facet normal 0.9961946980917455 0.0871557427476581 0
    outer loop
      vertex 3.990256201039297 0.2790258949765012 -10.01
      vertex 3.978087581473093 0.4181138530706139 -10.01
      vertex 3.990256201039297 0.2790258949765012 0.009999999999999787
    endloop
  endfacet
  facet normal 0.9925461516413224 0.12186934340514485 0
    outer loop
      vertex 3.978087581473093 0.4181138530706139 -10.01
      vertex 3.9610722749662814 0.5566924038402618 -10.01
      vertex 3.978087581473093 0.4181138530706139 0.009999999999999787
    endloop
  endfacet
  facet normal 0.9876883405951373 0.1564344650402333 0
    outer loop
      vertex 3.9610722749662814 0.5566924038402618 -10.01
      vertex 3.939231012048832 0.6945927106677213 -10.01
      vertex 3.9610722749662814 0.5566924038402618 0.009999999999999787
    endloop
  endfacet
  facet normal 0.9816271834476644 0.1908089953765422 0
    outer loop
      vertex 3.939231012048832 0.6945927106677213 -10.01
      vertex 3.9125904029352228 0.8316467632710374 -10.01
      vertex 3.939231012048832 0.6945927106677213 0.009999999999999787
    endloop
  endfacet
  facet normal 0.9743700647852348 0.22495105434386636 0
    outer loop
      vertex 3.9125904029352228 0.8316467632710374 -10.01
      vertex 3.881182905103986 0.9676875823986709 -10.01
      vertex 3.9125904029352228 0.8316467632710374 0.009999999999999787
    endloop
  endfacet
  facet normal 0.9335804264972016 0.3583679495453007 0
    outer loop
      vertex 3.7087354182671497 1.498426373663648 -10.01
      vertex 3.7587704831436337 1.3680805733026749 0.009999999999999787
      vertex 3.7587704831436337 1.3680805733026749 -10.01
    endloop
  endfacet
  facet normal 0.9659258262890683 0.25881904510252013 0
    outer loop
      vertex 3.881182905103986 0.9676875823986709 -10.01
      vertex 3.8450467837532756 1.1025494232679967 -10.01
      vertex 3.881182905103986 0.9676875823986709 0.009999999999999787
    endloop
  endfacet
  facet normal 0.956304755963035 0.2923717047227387 0
    outer loop
      vertex 3.8450467837532756 1.1025494232679967 -10.01
      vertex 3.804226065180614 1.2360679774997896 -10.01
      vertex 3.8450467837532756 1.1025494232679967 0.009999999999999787
    endloop
  endfacet
  facet normal 0.9455185755993175 0.3255681544571544 0
    outer loop
      vertex 3.804226065180614 1.2360679774997896 -10.01
      vertex 3.7587704831436337 1.3680805733026749 -10.01
      vertex 3.804226065180614 1.2360679774997896 0.009999999999999787
    endloop
  endfacet
  facet normal 0.9205048534524399 0.3907311284892748 0
    outer loop
      vertex 3.7087354182671497 1.498426373663648 -10.01
      vertex 3.6541818305704035 1.6269465723032008 -10.01
      vertex 3.7087354182671497 1.498426373663648 0.009999999999999787
    endloop
  endfacet
  facet normal 0.9063077870366508 0.4226182617406979 0
    outer loop
      vertex 3.6541818305704035 1.6269465723032008 -10.01
      vertex 3.595176185196668 1.7534845871563096 -10.01
      vertex 3.6541818305704035 1.6269465723032008 0.009999999999999787
    endloop
  endfacet
  facet normal 0.8910065241883682 0.45399049973954625 0
    outer loop
      vertex 3.595176185196668 1.7534845871563096 -10.01
      vertex 3.531790371435708 1.8778862511435632 -10.01
      vertex 3.595176185196668 1.7534845871563096 0.009999999999999787
    endloop
  endfacet
  facet normal 0.8746197071393954 0.4848096202463377 0
    outer loop
      vertex 3.531790371435708 1.8778862511435632 -10.01
      vertex 3.464101615137755 1.9999999999999998 -10.01
      vertex 3.531790371435708 1.8778862511435632 0.009999999999999787
    endloop
  endfacet
  facet normal 0 0 1
    outer loop
      vertex 4 0 0.009999999999999787
      vertex 2.4984770675477392 0.08724874175625241 0.009999999999999787
      vertex 2.5 0 0.009999999999999787
    endloop
  endfacet
  facet normal 0 0 1
    outer loop
      vertex 3.997563308076383 0.13959798681000388 0.009999999999999787
      vertex 2.4939101256495606 0.17439118436031326 0.009999999999999787
      vertex 2.4984770675477392 0.08724874175625241 0.009999999999999787
    endloop
  endfacet
  facet normal 0 0 1
    outer loop
      vertex 3.990256201039297 0.2790258949765012 0.009999999999999787
      vertex 2.4863047384206833 0.2613211581691337 0.009999999999999787
      vertex 2.4939101256495606 0.17439118436031326 0.009999999999999787
    endloop
  endfacet
  facet normal 0 0 1
    outer loop
      vertex 3.978087581473093 0.4181138530706139 0.009999999999999787
      vertex 2.475670171853926 0.3479327524001635 0.009999999999999787
      vertex 2.4863047384206833 0.2613211581691337 0.009999999999999787
    endloop
  endfacet
  facet normal 0 0 1
    outer loop
      vertex 3.9610722749662814 0.5566924038402618 0.009999999999999787
      vertex 2.46201938253052 0.4341204441673258 0.009999999999999787
      vertex 2.475670171853926 0.3479327524001635 0.009999999999999787
    endloop
  endfacet
  facet normal 0 0 1
    outer loop
      vertex 3.939231012048832 0.6945927106677213 0.009999999999999787
      vertex 2.4453690018345142 0.5197792270443984 0.009999999999999787
      vertex 2.46201938253052 0.4341204441673258 0.009999999999999787
    endloop
  endfacet
  facet normal 0 0 1
    outer loop
      vertex 3.9125904029352228 0.8316467632710374 0.009999999999999787
      vertex 2.425739315689991 0.6048047389991693 0.009999999999999787
      vertex 2.4453690018345142 0.5197792270443984 0.009999999999999787
    endloop
  endfacet
  facet normal 0 0 1
    outer loop
      vertex 3.804226065180614 1.2360679774997896 0.009999999999999787
      vertex 2.3492315519647713 0.8550503583141718 0.009999999999999787
      vertex 2.3776412907378837 0.7725424859373684 0.009999999999999787
    endloop
  endfacet
  facet normal 0 0 1
    outer loop
      vertex 3.881182905103986 0.9676875823986709 0.009999999999999787
      vertex 2.4031542398457972 0.6890933895424979 0.009999999999999787
      vertex 2.425739315689991 0.6048047389991693 0.009999999999999787
    endloop
  endfacet
  facet normal 0 0 1
    outer loop
      vertex 3.8450467837532756 1.1025494232679967 0.009999999999999787
      vertex 2.3776412907378837 0.7725424859373684 0.009999999999999787
      vertex 2.4031542398457972 0.6890933895424979 0.009999999999999787
    endloop
  endfacet
  facet normal 0 0 1
    outer loop
      vertex 3.316150290220167 2.2367716138829876 0.009999999999999787
      vertex 2.0225424859373686 1.469463130731183 0.009999999999999787
      vertex 2.072593931387604 1.397982258676867 0.009999999999999787
    endloop
  endfacet
  facet normal 0 0 1
    outer loop
      vertex 3.1520430144268876 2.462645901302633 0.009999999999999787
      vertex 1.915111107797445 1.6069690242163481 0.009999999999999787
      vertex 1.9700268840168047 1.5391536883141457 0.009999999999999787
    endloop
  endfacet
  facet normal 0 0 1
    outer loop
      vertex 3.064177772475912 2.571150438746157 0.009999999999999787
      vertex 1.8578620636934855 1.6728265158971454 0.009999999999999787
      vertex 1.915111107797445 1.6069690242163481 0.009999999999999787
    endloop
  endfacet
  facet normal 0 0 1
    outer loop
      vertex 3.23606797749979 2.3511410091698925 0.009999999999999787
      vertex 1.9700268840168047 1.5391536883141457 0.009999999999999787
      vertex 2.0225424859373686 1.469463130731183 0.009999999999999787
    endloop
  endfacet
  facet normal 0 0 1
    outer loop
      vertex 3.6541818305704035 1.6269465723032008 0.009999999999999787
      vertex 2.2469851157479175 1.0959278669726933 0.009999999999999787
      vertex 2.283863644106502 1.0168416076895004 0.009999999999999787
    endloop
  endfacet
  facet normal 0 0 1
    outer loop
      vertex 3.595176185196668 1.7534845871563096 0.009999999999999787
      vertex 2.2073689821473175 1.173678906964727 0.009999999999999787
      vertex 2.2469851157479175 1.0959278669726933 0.009999999999999787
    endloop
  endfacet
  facet normal 0 0 1
    outer loop
      vertex 3.531790371435708 1.8778862511435632 0.009999999999999787
      vertex 2.1650635094610964 1.2499999999999996 0.009999999999999787
      vertex 2.2073689821473175 1.173678906964727 0.009999999999999787
    endloop
  endfacet
  facet normal 0 0 1
    outer loop
      vertex 3.7587704831436337 1.3680805733026749 0.009999999999999787
      vertex 2.3179596364169686 0.93651648353978 0.009999999999999787
      vertex 2.3492315519647713 0.8550503583141718 0.009999999999999787
    endloop
  endfacet
  facet normal 0 0 1
    outer loop
      vertex 3.7087354182671497 1.498426373663648 0.009999999999999787
      vertex 2.283863644106502 1.0168416076895004 0.009999999999999787
      vertex 2.3179596364169686 0.93651648353978 0.009999999999999787
    endloop
  endfacet
  facet normal 0 0 1
    outer loop
      vertex 3.392192384625704 2.1196770569328196 0.009999999999999787
      vertex 2.072593931387604 1.397982258676867 0.009999999999999787
      vertex 2.120120240391065 1.3247981605830121 0.009999999999999787
    endloop
  endfacet
  facet normal 0 0 1
    outer loop
      vertex 3.464101615137755 1.9999999999999998 0.009999999999999787
      vertex 2.120120240391065 1.3247981605830121 0.009999999999999787
      vertex 2.1650635094610964 1.2499999999999996 0.009999999999999787
    endloop
  endfacet
  facet normal 0 0 1
    outer loop
      vertex 3.392192384625704 2.1196770569328196 0.009999999999999787
      vertex 2.120120240391065 1.3247981605830121 0.009999999999999787
      vertex 3.464101615137755 1.9999999999999998 0.009999999999999787
    endloop
  endfacet
  facet normal 0 0 1
    outer loop
      vertex 3.316150290220167 2.2367716138829876 0.009999999999999787
      vertex 2.072593931387604 1.397982258676867 0.009999999999999787
      vertex 3.392192384625704 2.1196770569328196 0.009999999999999787
    endloop
  endfacet
  facet normal 0.9998476951563914 0.017452406437282596 0
    outer loop
      vertex 3.997563308076383 0.13959798681000388 -10.01
      vertex 3.997563308076383 0.13959798681000388 0.009999999999999787
      vertex 4 0 0.009999999999999787
    endloop
  endfacet
  facet normal 0.9986295347545738 0.05233595624294617 0
    outer loop
      vertex 3.990256201039297 0.2790258949765012 -10.01
      vertex 3.990256201039297 0.2790258949765012 0.009999999999999787
      vertex 3.997563308076383 0.13959798681000388 0.009999999999999787
    endloop
  endfacet
  facet normal 0.9961946980917455 0.0871557427476581 0
    outer loop
      vertex 3.978087581473093 0.4181138530706139 -10.01
      vertex 3.978087581473093 0.4181138530706139 0.009999999999999787
      vertex 3.990256201039297 0.2790258949765012 0.009999999999999787
    endloop
  endfacet
  facet normal 0.9925461516413224 0.12186934340514485 0
    outer loop
      vertex 3.9610722749662814 0.5566924038402618 -10.01
      vertex 3.9610722749662814 0.5566924038402618 0.009999999999999787
      vertex 3.978087581473093 0.4181138530706139 0.009999999999999787
    endloop
  endfacet
  facet normal 0.9876883405951373 0.1564344650402333 0
    outer loop
      vertex 3.939231012048832 0.6945927106677213 -10.01
      vertex 3.939231012048832 0.6945927106677213 0.009999999999999787
      vertex 3.9610722749662814 0.5566924038402618 0.009999999999999787
    endloop
  endfacet
  facet normal 0.9816271834476644 0.1908089953765422 0
    outer loop
      vertex 3.9125904029352228 0.8316467632710374 -10.01
      vertex 3.9125904029352228 0.8316467632710374 0.009999999999999787
      vertex 3.939231012048832 0.6945927106677213 0.009999999999999787
    endloop
  endfacet
  facet normal 0.9743700647852348 0.22495105434386636 0
    outer loop
      vertex 3.881182905103986 0.9676875823986709 -10.01
      vertex 3.881182905103986 0.9676875823986709 0.009999999999999787
      vertex 3.9125904029352228 0.8316467632710374 0.009999999999999787
    endloop
  endfacet
  facet normal 0 0 1
    outer loop
      vertex 4 0 0.009999999999999787
      vertex 3.997563308076383 0.13959798681000388 0.009999999999999787
      vertex 2.4984770675477392 0.08724874175625241 0.009999999999999787
    endloop
  endfacet
  facet normal 0 0 1
    outer loop
      vertex 3.997563308076383 0.13959798681000388 0.009999999999999787
      vertex 3.990256201039297 0.2790258949765012 0.009999999999999787
      vertex 2.4939101256495606 0.17439118436031326 0.009999999999999787
    endloop
  endfacet
  facet normal 0 0 1
    outer loop
      vertex 3.990256201039297 0.2790258949765012 0.009999999999999787
      vertex 3.978087581473093 0.4181138530706139 0.009999999999999787
      vertex 2.4863047384206833 0.2613211581691337 0.009999999999999787
    endloop
  endfacet
  facet normal 0 0 1
    outer loop
      vertex 3.978087581473093 0.4181138530706139 0.009999999999999787
      vertex 3.9610722749662814 0.5566924038402618 0.009999999999999787
      vertex 2.475670171853926 0.3479327524001635 0.009999999999999787
    endloop
  endfacet
  facet normal 0 0 1
    outer loop
      vertex 3.9610722749662814 0.5566924038402618 0.009999999999999787
      vertex 3.939231012048832 0.6945927106677213 0.009999999999999787
      vertex 2.46201938253052 0.4341204441673258 0.009999999999999787
    endloop
  endfacet
  facet normal 0 0 1
    outer loop
      vertex 3.939231012048832 0.6945927106677213 0.009999999999999787
      vertex 3.9125904029352228 0.8316467632710374 0.009999999999999787
      vertex 2.4453690018345142 0.5197792270443984 0.009999999999999787
    endloop
  endfacet
  facet normal 0 0 1
    outer loop
      vertex 3.9125904029352228 0.8316467632710374 0.009999999999999787
      vertex 3.881182905103986 0.9676875823986709 0.009999999999999787
      vertex 2.425739315689991 0.6048047389991693 0.009999999999999787
    endloop
  endfacet
  facet normal 0 0 1
    outer loop
      vertex 3.881182905103986 0.9676875823986709 0.009999999999999787
      vertex 3.8450467837532756 1.1025494232679967 0.009999999999999787
      vertex 2.4031542398457972 0.6890933895424979 0.009999999999999787
    endloop
  endfacet
  facet normal 0.8746197071393954 0.4848096202463377 0
    outer loop
      vertex 3.464101615137755 1.9999999999999998 -10.01
      vertex 3.464101615137755 1.9999999999999998 0.009999999999999787
      vertex 3.531790371435708 1.8778862511435632 0.009999999999999787
    endloop
  endfacet
  facet normal 0.9335804264972016 0.3583679495453007 0
    outer loop
      vertex 3.7087354182671497 1.498426373663648 -10.01
      vertex 3.7087354182671497 1.498426373663648 0.009999999999999787
      vertex 3.7587704831436337 1.3680805733026749 0.009999999999999787
    endloop
  endfacet
  facet normal 0.9659258262890683 0.25881904510252013 0
    outer loop
      vertex 3.8450467837532756 1.1025494232679967 -10.01
      vertex 3.8450467837532756 1.1025494232679967 0.009999999999999787
      vertex 3.881182905103986 0.9676875823986709 0.009999999999999787
    endloop
  endfacet
  facet normal 0.956304755963035 0.2923717047227387 0
    outer loop
      vertex 3.804226065180614 1.2360679774997896 -10.01
      vertex 3.804226065180614 1.2360679774997896 0.009999999999999787
      vertex 3.8450467837532756 1.1025494232679967 0.009999999999999787
    endloop
  endfacet
  facet normal 0.9455185755993175 0.3255681544571544 0
    outer loop
      vertex 3.7587704831436337 1.3680805733026749 -10.01
      vertex 3.7587704831436337 1.3680805733026749 0.009999999999999787
      vertex 3.804226065180614 1.2360679774997896 0.009999999999999787
    endloop
  endfacet
  facet normal 0.9063077870366508 0.4226182617406979 0
    outer loop
      vertex 3.595176185196668 1.7534845871563096 -10.01
      vertex 3.595176185196668 1.7534845871563096 0.009999999999999787
      vertex 3.6541818305704035 1.6269465723032008 0.009999999999999787
    endloop
  endfacet
  facet normal 0.9205048534524399 0.3907311284892748 0
    outer loop
      vertex 3.6541818305704035 1.6269465723032008 -10.01
      vertex 3.6541818305704035 1.6269465723032008 0.009999999999999787
      vertex 3.7087354182671497 1.498426373663648 0.009999999999999787
    endloop
  endfacet
  facet normal 0.8910065241883682 0.45399049973954625 0
    outer loop
      vertex 3.531790371435708 1.8778862511435632 -10.01
      vertex 3.531790371435708 1.8778862511435632 0.009999999999999787
      vertex 3.595176185196668 1.7534845871563096 0.009999999999999787
    endloop
  endfacet
  facet normal 0 0 1
    outer loop
      vertex 3.6541818305704035 1.6269465723032008 0.009999999999999787
      vertex 3.595176185196668 1.7534845871563096 0.009999999999999787
      vertex 2.2469851157479175 1.0959278669726933 0.009999999999999787
    endloop
  endfacet
  facet normal 0 0 1
    outer loop
      vertex 3.7087354182671497 1.498426373663648 0.009999999999999787
      vertex 3.6541818305704035 1.6269465723032008 0.009999999999999787
      vertex 2.283863644106502 1.0168416076895004 0.009999999999999787
    endloop
  endfacet
  facet normal 0 0 1
    outer loop
      vertex 3.8450467837532756 1.1025494232679967 0.009999999999999787
      vertex 3.804226065180614 1.2360679774997896 0.009999999999999787
      vertex 2.3776412907378837 0.7725424859373684 0.009999999999999787
    endloop
  endfacet
  facet normal 0 0 1
    outer loop
      vertex 3.804226065180614 1.2360679774997896 0.009999999999999787
      vertex 3.7587704831436337 1.3680805733026749 0.009999999999999787
      vertex 2.3492315519647713 0.8550503583141718 0.009999999999999787
    endloop
  endfacet
  facet normal 0 0 1
    outer loop
      vertex 3.7087354182671497 1.498426373663648 0.009999999999999787
      vertex 2.3179596364169686 0.93651648353978 0.009999999999999787
      vertex 3.7587704831436337 1.3680805733026749 0.009999999999999787
    endloop
  endfacet
  facet normal 0 0 1
    outer loop
      vertex 3.595176185196668 1.7534845871563096 0.009999999999999787
      vertex 3.531790371435708 1.8778862511435632 0.009999999999999787
      vertex 2.2073689821473175 1.173678906964727 0.009999999999999787
    endloop
  endfacet
  facet normal 0 0 1
    outer loop
      vertex 3.531790371435708 1.8778862511435632 0.009999999999999787
      vertex 3.464101615137755 1.9999999999999998 0.009999999999999787
      vertex 2.1650635094610964 1.2499999999999996 0.009999999999999787
    endloop
  endfacet
  facet normal 0.6819983600624986 0.7313537016191703 0
    outer loop
      vertex 2.676522425435433 2.972579301909577 -10.01
      vertex 2.676522425435433 2.972579301909577 0.009999999999999787
      vertex 2.778633481835989 2.8773592013546048 -10.01
    endloop
  endfacet
  facet normal 0.7313537016191703 0.6819983600624986 0
    outer loop
      vertex 2.972579301909577 2.676522425435433 -10.01
      vertex 2.8773592013546048 2.778633481835989 -10.01
      vertex 2.972579301909577 2.676522425435433 0.009999999999999787
    endloop
  endfacet
  facet normal 0.7071067811865475 0.7071067811865475 0
    outer loop
      vertex 2.778633481835989 2.8773592013546048 -10.01
      vertex 2.8773592013546048 2.778633481835989 0.009999999999999787
      vertex 2.8773592013546048 2.778633481835989 -10.01
    endloop
  endfacet
  facet normal 0.5150380749100532 0.8571673007021129 0
    outer loop
      vertex 2.0000000000000004 3.4641016151377544 -10.01
      vertex 2.0000000000000004 3.4641016151377544 0.009999999999999787
      vertex 2.1196770569328196 3.3921923846257043 -10.01
    endloop
  endfacet
  facet normal 0.544639035015028 0.8386705679454235 0
    outer loop
      vertex 2.1196770569328196 3.3921923846257043 -10.01
      vertex 2.1196770569328196 3.3921923846257043 0.009999999999999787
      vertex 2.236771613882987 3.316150290220167 -10.01
    endloop
  endfacet
  facet normal 0.6293203910498385 0.77714596145697 0
    outer loop
      vertex 2.462645901302633 3.152043014426888 -10.01
      vertex 2.462645901302633 3.152043014426888 0.009999999999999787
      vertex 2.5711504387461575 3.064177772475912 -10.01
    endloop
  endfacet
  facet normal 0.6018150231520476 0.7986355100472934 0
    outer loop
      vertex 2.3511410091698925 3.23606797749979 -10.01
      vertex 2.3511410091698925 3.23606797749979 0.009999999999999787
      vertex 2.462645901302633 3.152043014426888 -10.01
    endloop
  endfacet
  facet normal 0.5735764363510458 0.819152044288992 0
    outer loop
      vertex 2.236771613882987 3.316150290220167 -10.01
      vertex 2.236771613882987 3.316150290220167 0.009999999999999787
      vertex 2.3511410091698925 3.23606797749979 -10.01
    endloop
  endfacet
  facet normal 0.656059028990507 0.7547095802227723 0
    outer loop
      vertex 2.676522425435433 2.972579301909577 -10.01
      vertex 2.5711504387461575 3.064177772475912 -10.01
      vertex 2.5711504387461575 3.064177772475912 0.009999999999999787
    endloop
  endfacet
  facet normal 0.7771459614569703 0.6293203910498381 0
    outer loop
      vertex 3.1520430144268876 2.462645901302633 -10.01
      vertex 3.064177772475912 2.571150438746157 -10.01
      vertex 3.1520430144268876 2.462645901302633 0.009999999999999787
    endloop
  endfacet
  facet normal 0.7986355100472918 0.6018150231520497 0
    outer loop
      vertex 3.23606797749979 2.3511410091698925 -10.01
      vertex 3.1520430144268876 2.462645901302633 -10.01
      vertex 3.23606797749979 2.3511410091698925 0.009999999999999787
    endloop
  endfacet
  facet normal 0.8386705679454258 0.5446390350150242 0
    outer loop
      vertex 3.316150290220167 2.2367716138829876 -10.01
      vertex 3.392192384625704 2.1196770569328196 0.009999999999999787
      vertex 3.392192384625704 2.1196770569328196 -10.01
    endloop
  endfacet
  facet normal 0.8571673007021114 0.5150380749100558 0
    outer loop
      vertex 3.392192384625704 2.1196770569328196 -10.01
      vertex 3.464101615137755 1.9999999999999998 0.009999999999999787
      vertex 3.464101615137755 1.9999999999999998 -10.01
    endloop
  endfacet
  facet normal 0.819152044288991 0.5735764363510474 0
    outer loop
      vertex 3.23606797749979 2.3511410091698925 -10.01
      vertex 3.316150290220167 2.2367716138829876 0.009999999999999787
      vertex 3.316150290220167 2.2367716138829876 -10.01
    endloop
  endfacet
  facet normal 0.7547095802227737 0.6560590289905054 0
    outer loop
      vertex 2.972579301909577 2.676522425435433 -10.01
      vertex 3.064177772475912 2.571150438746157 0.009999999999999787
      vertex 3.064177772475912 2.571150438746157 -10.01
    endloop
  endfacet
  facet normal 0.6819983600624986 0.7313537016191703 0
    outer loop
      vertex 2.778633481835989 2.8773592013546048 -10.01
      vertex 2.676522425435433 2.972579301909577 0.009999999999999787
      vertex 2.778633481835989 2.8773592013546048 0.009999999999999787
    endloop
  endfacet
  facet normal 0.7313537016191703 0.6819983600624986 0
    outer loop
      vertex 2.8773592013546048 2.778633481835989 -10.01
      vertex 2.8773592013546048 2.778633481835989 0.009999999999999787
      vertex 2.972579301909577 2.676522425435433 0.009999999999999787
    endloop
  endfacet
  facet normal 0.7071067811865475 0.7071067811865475 0
    outer loop
      vertex 2.778633481835989 2.8773592013546048 -10.01
      vertex 2.778633481835989 2.8773592013546048 0.009999999999999787
      vertex 2.8773592013546048 2.778633481835989 0.009999999999999787
    endloop
  endfacet
  facet normal 0 0 1
    outer loop
      vertex 2.676522425435433 2.972579301909577 0.009999999999999787
      vertex 1.6728265158971456 1.8578620636934855 0.009999999999999787
      vertex 1.7366459261474931 1.798349500846628 0.009999999999999787
    endloop
  endfacet
  facet normal 0 0 1
    outer loop
      vertex 2.8773592013546048 2.778633481835989 0.009999999999999787
      vertex 1.7366459261474931 1.798349500846628 0.009999999999999787
      vertex 1.798349500846628 1.7366459261474931 0.009999999999999787
    endloop
  endfacet
  facet normal 0 0 1
    outer loop
      vertex 2.972579301909577 2.676522425435433 0.009999999999999787
      vertex 1.798349500846628 1.7366459261474931 0.009999999999999787
      vertex 1.8578620636934855 1.6728265158971454 0.009999999999999787
    endloop
  endfacet
  facet normal 0 0 1
    outer loop
      vertex 2.778633481835989 2.8773592013546048 0.009999999999999787
      vertex 1.7366459261474931 1.798349500846628 0.009999999999999787
      vertex 2.8773592013546048 2.778633481835989 0.009999999999999787
    endloop
  endfacet
  facet normal 0 0 1
    outer loop
      vertex 2.462645901302633 3.152043014426888 0.009999999999999787
      vertex 1.6069690242163481 1.915111107797445 0.009999999999999787
      vertex 2.5711504387461575 3.064177772475912 0.009999999999999787
    endloop
  endfacet
  facet normal 0 0 1
    outer loop
      vertex 2.236771613882987 3.316150290220167 0.009999999999999787
      vertex 1.469463130731183 2.0225424859373686 0.009999999999999787
      vertex 2.3511410091698925 3.23606797749979 0.009999999999999787
    endloop
  endfacet
  facet normal 0 0 1
    outer loop
      vertex 2.3511410091698925 3.23606797749979 0.009999999999999787
      vertex 1.5391536883141457 1.9700268840168047 0.009999999999999787
      vertex 2.462645901302633 3.152043014426888 0.009999999999999787
    endloop
  endfacet
  facet normal 0 0 1
    outer loop
      vertex 2.676522425435433 2.972579301909577 0.009999999999999787
      vertex 2.5711504387461575 3.064177772475912 0.009999999999999787
      vertex 1.6728265158971456 1.8578620636934855 0.009999999999999787
    endloop
  endfacet
  facet normal 0 0 1
    outer loop
      vertex 2.676522425435433 2.972579301909577 0.009999999999999787
      vertex 1.7366459261474931 1.798349500846628 0.009999999999999787
      vertex 2.778633481835989 2.8773592013546048 0.009999999999999787
    endloop
  endfacet
  facet normal 0 0 1
    outer loop
      vertex 3.1520430144268876 2.462645901302633 0.009999999999999787
      vertex 3.064177772475912 2.571150438746157 0.009999999999999787
      vertex 1.915111107797445 1.6069690242163481 0.009999999999999787
    endloop
  endfacet
  facet normal 0 0 1
    outer loop
      vertex 2.972579301909577 2.676522425435433 0.009999999999999787
      vertex 2.8773592013546048 2.778633481835989 0.009999999999999787
      vertex 1.798349500846628 1.7366459261474931 0.009999999999999787
    endloop
  endfacet
  facet normal 0 0 1
    outer loop
      vertex 2.972579301909577 2.676522425435433 0.009999999999999787
      vertex 1.8578620636934855 1.6728265158971454 0.009999999999999787
      vertex 3.064177772475912 2.571150438746157 0.009999999999999787
    endloop
  endfacet
  facet normal 0 0 1
    outer loop
      vertex 3.23606797749979 2.3511410091698925 0.009999999999999787
      vertex 3.1520430144268876 2.462645901302633 0.009999999999999787
      vertex 1.9700268840168047 1.5391536883141457 0.009999999999999787
    endloop
  endfacet
  facet normal 0 0 1
    outer loop
      vertex 3.23606797749979 2.3511410091698925 0.009999999999999787
      vertex 2.0225424859373686 1.469463130731183 0.009999999999999787
      vertex 3.316150290220167 2.2367716138829876 0.009999999999999787
    endloop
  endfacet
  facet normal 0.5150380749100532 0.8571673007021129 0
    outer loop
      vertex 2.1196770569328196 3.3921923846257043 -10.01
      vertex 2.0000000000000004 3.4641016151377544 0.009999999999999787
      vertex 2.1196770569328196 3.3921923846257043 0.009999999999999787
    endloop
  endfacet
  facet normal 0.544639035015028 0.8386705679454235 0
    outer loop
      vertex 2.236771613882987 3.316150290220167 -10.01
      vertex 2.1196770569328196 3.3921923846257043 0.009999999999999787
      vertex 2.236771613882987 3.316150290220167 0.009999999999999787
    endloop
  endfacet
  facet normal 0.6018150231520476 0.7986355100472934 0
    outer loop
      vertex 2.462645901302633 3.152043014426888 -10.01
      vertex 2.3511410091698925 3.23606797749979 0.009999999999999787
      vertex 2.462645901302633 3.152043014426888 0.009999999999999787
    endloop
  endfacet
  facet normal 0.5735764363510458 0.819152044288992 0
    outer loop
      vertex 2.3511410091698925 3.23606797749979 -10.01
      vertex 2.236771613882987 3.316150290220167 0.009999999999999787
      vertex 2.3511410091698925 3.23606797749979 0.009999999999999787
    endloop
  endfacet
  facet normal 0.6293203910498385 0.77714596145697 0
    outer loop
      vertex 2.5711504387461575 3.064177772475912 -10.01
      vertex 2.462645901302633 3.152043014426888 0.009999999999999787
      vertex 2.5711504387461575 3.064177772475912 0.009999999999999787
    endloop
  endfacet
  facet normal 0.656059028990507 0.7547095802227723 0
    outer loop
      vertex 2.676522425435433 2.972579301909577 -10.01
      vertex 2.5711504387461575 3.064177772475912 0.009999999999999787
      vertex 2.676522425435433 2.972579301909577 0.009999999999999787
    endloop
  endfacet
  facet normal 0.7986355100472918 0.6018150231520497 0
    outer loop
      vertex 3.1520430144268876 2.462645901302633 -10.01
      vertex 3.1520430144268876 2.462645901302633 0.009999999999999787
      vertex 3.23606797749979 2.3511410091698925 0.009999999999999787
    endloop
  endfacet
  facet normal 0.8386705679454258 0.5446390350150242 0
    outer loop
      vertex 3.316150290220167 2.2367716138829876 -10.01
      vertex 3.316150290220167 2.2367716138829876 0.009999999999999787
      vertex 3.392192384625704 2.1196770569328196 0.009999999999999787
    endloop
  endfacet
  facet normal 0.8571673007021114 0.5150380749100558 0
    outer loop
      vertex 3.392192384625704 2.1196770569328196 -10.01
      vertex 3.392192384625704 2.1196770569328196 0.009999999999999787
      vertex 3.464101615137755 1.9999999999999998 0.009999999999999787
    endloop
  endfacet
  facet normal 0.819152044288991 0.5735764363510474 0
    outer loop
      vertex 3.23606797749979 2.3511410091698925 -10.01
      vertex 3.23606797749979 2.3511410091698925 0.009999999999999787
      vertex 3.316150290220167 2.2367716138829876 0.009999999999999787
    endloop
  endfacet
  facet normal 0.7771459614569703 0.6293203910498381 0
    outer loop
      vertex 3.064177772475912 2.571150438746157 -10.01
      vertex 3.064177772475912 2.571150438746157 0.009999999999999787
      vertex 3.1520430144268876 2.462645901302633 0.009999999999999787
    endloop
  endfacet
  facet normal 0.7547095802227737 0.6560590289905054 0
    outer loop
      vertex 2.972579301909577 2.676522425435433 -10.01
      vertex 2.972579301909577 2.676522425435433 0.009999999999999787
      vertex 3.064177772475912 2.571150438746157 0.009999999999999787
    endloop
  endfacet
  facet normal -0.7547095802227737 -0.6560590289905054 0
    outer loop
      vertex -3.064177772475912 -2.571150438746157 -14.99
      vertex -2.972579301909577 -2.676522425435433 -14.99
      vertex -2.972579301909577 -2.676522425435433 -10.01
    endloop
  endfacet
  facet normal -0.77714596145697 -0.6293203910498385 0
    outer loop
      vertex -3.064177772475912 -2.571150438746157 -14.99
      vertex -3.064177772475912 -2.571150438746157 -10.01
      vertex -3.152043014426888 -2.4626459013026327 -14.99
    endloop
  endfacet
  facet normal -0.819152044288992 -0.5735764363510458 0
    outer loop
      vertex -3.316150290220167 -2.2367716138829867 -14.99
      vertex -3.23606797749979 -2.351141009169892 -14.99
      vertex -3.23606797749979 -2.351141009169892 -10.01
    endloop
  endfacet
  facet normal -0.857167300702112 -0.5150380749100545 0
    outer loop
      vertex -3.4641016151377544 -2.0000000000000004 -14.99
      vertex -3.3921923846257043 -2.119677056932819 -14.99
      vertex -3.3921923846257043 -2.119677056932819 -10.01
    endloop
  endfacet
  facet normal -0.8386705679454234 -0.544639035015028 0
    outer loop
      vertex -3.3921923846257043 -2.119677056932819 -14.99
      vertex -3.316150290220167 -2.2367716138829867 -14.99
      vertex -3.316150290220167 -2.2367716138829867 -10.01
    endloop
  endfacet
  facet normal -0.7986355100472934 -0.6018150231520476 0
    outer loop
      vertex -3.152043014426888 -2.4626459013026327 -14.99
      vertex -3.152043014426888 -2.4626459013026327 -10.01
      vertex -3.23606797749979 -2.351141009169892 -14.99
    endloop
  endfacet
  facet normal -0.7547095802227737 -0.6560590289905054 0
    outer loop
      vertex -3.064177772475912 -2.571150438746157 -14.99
      vertex -2.972579301909577 -2.676522425435433 -10.01
      vertex -3.064177772475912 -2.571150438746157 -10.01
    endloop
  endfacet
  facet normal -0.819152044288992 -0.5735764363510458 0
    outer loop
      vertex -3.316150290220167 -2.2367716138829867 -14.99
      vertex -3.23606797749979 -2.351141009169892 -10.01
      vertex -3.316150290220167 -2.2367716138829867 -10.01
    endloop
  endfacet
  facet normal -0.857167300702112 -0.5150380749100545 0
    outer loop
      vertex -3.4641016151377544 -2.0000000000000004 -14.99
      vertex -3.3921923846257043 -2.119677056932819 -10.01
      vertex -3.4641016151377544 -2.0000000000000004 -10.01
    endloop
  endfacet
  facet normal -0.8386705679454234 -0.544639035015028 0
    outer loop
      vertex -3.3921923846257043 -2.119677056932819 -14.99
      vertex -3.316150290220167 -2.2367716138829867 -10.01
      vertex -3.3921923846257043 -2.119677056932819 -10.01
    endloop
  endfacet
  facet normal -0.7986355100472934 -0.6018150231520476 0
    outer loop
      vertex -3.23606797749979 -2.351141009169892 -14.99
      vertex -3.152043014426888 -2.4626459013026327 -10.01
      vertex -3.23606797749979 -2.351141009169892 -10.01
    endloop
  endfacet
  facet normal -0.77714596145697 -0.6293203910498385 0
    outer loop
      vertex -3.152043014426888 -2.4626459013026327 -14.99
      vertex -3.064177772475912 -2.571150438746157 -10.01
      vertex -3.152043014426888 -2.4626459013026327 -10.01
    endloop
  endfacet
  facet normal -0.6560590289905065 -0.7547095802227727 0
    outer loop
      vertex -2.571150438746158 -3.0641777724759116 -14.99
      vertex -2.571150438746158 -3.0641777724759116 -10.01
      vertex -2.6765224254354325 -2.9725793019095774 -14.99
    endloop
  endfacet
  facet normal -0.5735764363510456 -0.819152044288992 0
    outer loop
      vertex -2.351141009169893 -3.2360679774997894 -14.99
      vertex -2.2367716138829863 -3.3161502902201674 -14.99
      vertex -2.2367716138829863 -3.3161502902201674 -10.01
    endloop
  endfacet
  facet normal -0.6018150231520482 -0.7986355100472928 0
    outer loop
      vertex -2.4626459013026323 -3.1520430144268885 -14.99
      vertex -2.351141009169893 -3.2360679774997894 -14.99
      vertex -2.351141009169893 -3.2360679774997894 -10.01
    endloop
  endfacet
  facet normal -0.6293203910498376 -0.7771459614569707 0
    outer loop
      vertex -2.571150438746158 -3.0641777724759116 -14.99
      vertex -2.4626459013026323 -3.1520430144268885 -14.99
      vertex -2.4626459013026323 -3.1520430144268885 -10.01
    endloop
  endfacet
  facet normal -0.5446390350150279 -0.8386705679454236 0
    outer loop
      vertex -2.2367716138829863 -3.3161502902201674 -14.99
      vertex -2.11967705693282 -3.392192384625704 -14.99
      vertex -2.11967705693282 -3.392192384625704 -10.01
    endloop
  endfacet
  facet normal -0.515038074910056 -0.8571673007021113 0
    outer loop
      vertex -2.11967705693282 -3.392192384625704 -14.99
      vertex -2.0000000000000018 -3.464101615137754 -14.99
      vertex -2.0000000000000018 -3.464101615137754 -10.01
    endloop
  endfacet
  facet normal -0.6560590289905065 -0.7547095802227727 0
    outer loop
      vertex -2.6765224254354325 -2.9725793019095774 -14.99
      vertex -2.571150438746158 -3.0641777724759116 -10.01
      vertex -2.6765224254354325 -2.9725793019095774 -10.01
    endloop
  endfacet
  facet normal -0.6293203910498376 -0.7771459614569707 0
    outer loop
      vertex -2.571150438746158 -3.0641777724759116 -14.99
      vertex -2.4626459013026323 -3.1520430144268885 -10.01
      vertex -2.571150438746158 -3.0641777724759116 -10.01
    endloop
  endfacet
  facet normal -0.5735764363510456 -0.819152044288992 0
    outer loop
      vertex -2.351141009169893 -3.2360679774997894 -14.99
      vertex -2.2367716138829863 -3.3161502902201674 -10.01
      vertex -2.351141009169893 -3.2360679774997894 -10.01
    endloop
  endfacet
  facet normal -0.6018150231520482 -0.7986355100472928 0
    outer loop
      vertex -2.4626459013026323 -3.1520430144268885 -14.99
      vertex -2.351141009169893 -3.2360679774997894 -10.01
      vertex -2.4626459013026323 -3.1520430144268885 -10.01
    endloop
  endfacet
  facet normal -0.5446390350150279 -0.8386705679454236 0
    outer loop
      vertex -2.2367716138829863 -3.3161502902201674 -14.99
      vertex -2.11967705693282 -3.392192384625704 -10.01
      vertex -2.2367716138829863 -3.3161502902201674 -10.01
    endloop
  endfacet
  facet normal -0.515038074910056 -0.8571673007021113 0
    outer loop
      vertex -2.11967705693282 -3.392192384625704 -14.99
      vertex -2.0000000000000018 -3.464101615137754 -10.01
      vertex -2.11967705693282 -3.392192384625704 -10.01
    endloop
  endfacet
  facet normal -0.7071067811865491 -0.7071067811865459 0
    outer loop
      vertex -2.8773592013546043 -2.778633481835989 -14.99
      vertex -2.778633481835989 -2.8773592013546048 -14.99
      vertex -2.778633481835989 -2.8773592013546048 -10.01
    endloop
  endfacet
  facet normal -0.7313537016191688 -0.6819983600625004 0
    outer loop
      vertex -2.8773592013546043 -2.778633481835989 -14.99
      vertex -2.8773592013546043 -2.778633481835989 -10.01
      vertex -2.972579301909577 -2.676522425435433 -14.99
    endloop
  endfacet
  facet normal -0.6819983600624987 -0.7313537016191702 0
    outer loop
      vertex -2.778633481835989 -2.8773592013546048 -14.99
      vertex -2.6765224254354325 -2.9725793019095774 -14.99
      vertex -2.6765224254354325 -2.9725793019095774 -10.01
    endloop
  endfacet
  facet normal 0 0 -1
    outer loop
      vertex -2.8773592013546043 -2.778633481835989 -14.99
      vertex -2.972579301909577 -2.676522425435433 -14.99
      vertex -0.9603186334520991 -0.9273689245627613 -14.99
    endloop
  endfacet
  facet normal 0 0 -1
    outer loop
      vertex -3.064177772475912 -2.571150438746157 -14.99
      vertex -0.9920983420123213 -0.8932893594890757 -14.99
      vertex -2.972579301909577 -2.676522425435433 -14.99
    endloop
  endfacet
  facet normal 0 0 -1
    outer loop
      vertex -2.778633481835989 -2.8773592013546048 -14.99
      vertex -0.8932893594890756 -0.9920983420123214 -14.99
      vertex -2.6765224254354325 -2.9725793019095774 -14.99
    endloop
  endfacet
  facet normal 0 0 -1
    outer loop
      vertex -2.571150438746158 -3.0641777724759116 -14.99
      vertex -2.6765224254354325 -2.9725793019095774 -14.99
      vertex -0.8581214589315301 -1.0226693315638355 -14.99
    endloop
  endfacet
  facet normal 0 0 -1
    outer loop
      vertex -2.8773592013546043 -2.778633481835989 -14.99
      vertex -0.9273689245627613 -0.9603186334520993 -14.99
      vertex -2.778633481835989 -2.8773592013546048 -14.99
    endloop
  endfacet
  facet normal -0.7071067811865491 -0.7071067811865459 0
    outer loop
      vertex -2.8773592013546043 -2.778633481835989 -14.99
      vertex -2.778633481835989 -2.8773592013546048 -10.01
      vertex -2.8773592013546043 -2.778633481835989 -10.01
    endloop
  endfacet
  facet normal -0.7313537016191688 -0.6819983600625004 0
    outer loop
      vertex -2.972579301909577 -2.676522425435433 -14.99
      vertex -2.8773592013546043 -2.778633481835989 -10.01
      vertex -2.972579301909577 -2.676522425435433 -10.01
    endloop
  endfacet
  facet normal -0.6819983600624987 -0.7313537016191702 0
    outer loop
      vertex -2.778633481835989 -2.8773592013546048 -14.99
      vertex -2.6765224254354325 -2.9725793019095774 -10.01
      vertex -2.778633481835989 -2.8773592013546048 -10.01
    endloop
  endfacet
  facet normal -0.8910065241883681 -0.45399049973954625 0
    outer loop
      vertex -3.5317903714357075 -1.8778862511435634 -14.99
      vertex -3.5317903714357075 -1.8778862511435634 -10.01
      vertex -3.5951761851966677 -1.7534845871563098 -14.99
    endloop
  endfacet
  facet normal -0.9205048534524399 -0.39073112848927477 0
    outer loop
      vertex -3.6541818305704035 -1.6269465723032008 -14.99
      vertex -3.6541818305704035 -1.6269465723032008 -10.01
      vertex -3.7087354182671497 -1.498426373663648 -14.99
    endloop
  endfacet
  facet normal -0.9063077870366498 -0.42261826174069983 0
    outer loop
      vertex -3.5951761851966677 -1.7534845871563098 -14.99
      vertex -3.5951761851966677 -1.7534845871563098 -10.01
      vertex -3.6541818305704035 -1.6269465723032008 -14.99
    endloop
  endfacet
  facet normal -0.9455185755993167 -0.3255681544571568 0
    outer loop
      vertex -3.7587704831436337 -1.3680805733026746 -14.99
      vertex -3.7587704831436337 -1.3680805733026746 -10.01
      vertex -3.8042260651806146 -1.2360679774997891 -14.99
    endloop
  endfacet
  facet normal -0.9563047559630359 -0.2923717047227354 0
    outer loop
      vertex -3.8042260651806146 -1.2360679774997891 -14.99
      vertex -3.8042260651806146 -1.2360679774997891 -10.01
      vertex -3.8450467837532756 -1.102549423267996 -14.99
    endloop
  endfacet
  facet normal -0.9659258262890685 -0.25881904510251974 0
    outer loop
      vertex -3.8450467837532756 -1.102549423267996 -14.99
      vertex -3.8450467837532756 -1.102549423267996 -10.01
      vertex -3.881182905103986 -0.96768758239867 -14.99
    endloop
  endfacet
  facet normal -0.9335804264972017 -0.35836794954530027 0
    outer loop
      vertex -3.7587704831436337 -1.3680805733026746 -14.99
      vertex -3.7087354182671497 -1.498426373663648 -14.99
      vertex -3.7087354182671497 -1.498426373663648 -10.01
    endloop
  endfacet
  facet normal -0.8746197071393962 -0.48480962024633645 0
    outer loop
      vertex -3.4641016151377544 -2.0000000000000004 -14.99
      vertex -3.4641016151377544 -2.0000000000000004 -10.01
      vertex -3.5317903714357075 -1.8778862511435634 -14.99
    endloop
  endfacet
  facet normal -0.8746197071393962 -0.48480962024633645 0
    outer loop
      vertex -3.4641016151377544 -2.0000000000000004 -10.01
      vertex -3.5317903714357075 -1.8778862511435634 -10.01
      vertex -3.5317903714357075 -1.8778862511435634 -14.99
    endloop
  endfacet
  facet normal -0.8910065241883681 -0.45399049973954625 0
    outer loop
      vertex -3.5951761851966677 -1.7534845871563098 -14.99
      vertex -3.5317903714357075 -1.8778862511435634 -10.01
      vertex -3.5951761851966677 -1.7534845871563098 -10.01
    endloop
  endfacet
  facet normal -0.9063077870366498 -0.42261826174069983 0
    outer loop
      vertex -3.6541818305704035 -1.6269465723032008 -14.99
      vertex -3.5951761851966677 -1.7534845871563098 -10.01
      vertex -3.6541818305704035 -1.6269465723032008 -10.01
    endloop
  endfacet
  facet normal -0.9205048534524399 -0.39073112848927477 0
    outer loop
      vertex -3.7087354182671497 -1.498426373663648 -14.99
      vertex -3.6541818305704035 -1.6269465723032008 -10.01
      vertex -3.7087354182671497 -1.498426373663648 -10.01
    endloop
  endfacet
  facet normal -0.9455185755993167 -0.3255681544571568 0
    outer loop
      vertex -3.8042260651806146 -1.2360679774997891 -14.99
      vertex -3.7587704831436337 -1.3680805733026746 -10.01
      vertex -3.8042260651806146 -1.2360679774997891 -10.01
    endloop
  endfacet
  facet normal -0.9563047559630359 -0.2923717047227354 0
    outer loop
      vertex -3.8450467837532756 -1.102549423267996 -14.99
      vertex -3.8042260651806146 -1.2360679774997891 -10.01
      vertex -3.8450467837532756 -1.102549423267996 -10.01
    endloop
  endfacet
  facet normal -0.9659258262890685 -0.25881904510251974 0
    outer loop
      vertex -3.881182905103986 -0.96768758239867 -14.99
      vertex -3.8450467837532756 -1.102549423267996 -10.01
      vertex -3.881182905103986 -0.96768758239867 -10.01
    endloop
  endfacet
  facet normal -0.9335804264972017 -0.35836794954530027 0
    outer loop
      vertex -3.7587704831436337 -1.3680805733026746 -14.99
      vertex -3.7087354182671497 -1.498426373663648 -10.01
      vertex -3.7587704831436337 -1.3680805733026746 -10.01
    endloop
  endfacet
  facet normal -0.9743700647852351 -0.22495105434386578 0
    outer loop
      vertex -3.881182905103986 -0.96768758239867 -14.99
      vertex -3.881182905103986 -0.96768758239867 -10.01
      vertex -3.9125904029352223 -0.831646763271038 -14.99
    endloop
  endfacet
  facet normal -0.9816271834476639 -0.1908089953765451 0
    outer loop
      vertex -3.9125904029352223 -0.831646763271038 -14.99
      vertex -3.9125904029352223 -0.831646763271038 -10.01
      vertex -3.939231012048832 -0.6945927106677219 -14.99
    endloop
  endfacet
  facet normal -0.9876883405951379 -0.15643446504022995 0
    outer loop
      vertex -3.939231012048832 -0.6945927106677219 -14.99
      vertex -3.939231012048832 -0.6945927106677219 -10.01
      vertex -3.961072274966281 -0.5566924038402621 -14.99
    endloop
  endfacet
  facet normal -0.9925461516413221 -0.12186934340514781 0
    outer loop
      vertex -3.961072274966281 -0.5566924038402621 -14.99
      vertex -3.961072274966281 -0.5566924038402621 -10.01
      vertex -3.978087581473093 -0.418113853070614 -14.99
    endloop
  endfacet
  facet normal -0.9961946980917455 -0.08715574274765796 0
    outer loop
      vertex -3.978087581473093 -0.418113853070614 -14.99
      vertex -3.978087581473093 -0.418113853070614 -10.01
      vertex -3.990256201039297 -0.2790258949765011 -14.99
    endloop
  endfacet
  facet normal -0.9986295347545737 -0.05233595624294611 0
    outer loop
      vertex -3.990256201039297 -0.2790258949765011 -14.99
      vertex -3.990256201039297 -0.2790258949765011 -10.01
      vertex -3.997563308076383 -0.1395979868100036 -14.99
    endloop
  endfacet
  facet normal -0.9998476951563913 -0.01745240643728263 0
    outer loop
      vertex -3.997563308076383 -0.1395979868100036 -14.99
      vertex -3.997563308076383 -0.1395979868100036 -10.01
      vertex -4 0 -14.99
    endloop
  endfacet
  facet normal 0 0 -1
    outer loop
      vertex -3.8450467837532756 -1.102549423267996 -14.99
      vertex -3.881182905103986 -0.96768758239867 -14.99
      vertex -1.2832843640776557 -0.36797587001569365 -14.99
    endloop
  endfacet
  facet normal 0 0 -1
    outer loop
      vertex -3.881182905103986 -0.96768758239867 -14.99
      vertex -3.9125904029352223 -0.831646763271038 -14.99
      vertex -1.2953447945784553 -0.3229657306255561 -14.99
    endloop
  endfacet
  facet normal 0 0 -1
    outer loop
      vertex -3.9125904029352223 -0.831646763271038 -14.99
      vertex -3.939231012048832 -0.6945927106677219 -14.99
      vertex -1.3058270469796305 -0.27756210724170893 -14.99
    endloop
  endfacet
  facet normal 0 0 -1
    outer loop
      vertex -3.939231012048832 -0.6945927106677219 -14.99
      vertex -3.961072274966281 -0.5566924038402621 -14.99
      vertex -1.3147183502712976 -0.23182031718535218 -14.99
    endloop
  endfacet
  facet normal 0 0 -1
    outer loop
      vertex -3.961072274966281 -0.5566924038402621 -14.99
      vertex -3.978087581473093 -0.418113853070614 -14.99
      vertex -1.3220078717699963 -0.18579608978168746 -14.99
    endloop
  endfacet
  facet normal 0 0 -1
    outer loop
      vertex -3.978087581473093 -0.418113853070614 -14.99
      vertex -3.990256201039297 -0.2790258949765011 -14.99
      vertex -1.3276867303166449 -0.13954549846231742 -14.99
    endloop
  endfacet
  facet normal 0 0 -1
    outer loop
      vertex -3.990256201039297 -0.2790258949765011 -14.99
      vertex -3.997563308076383 -0.1395979868100036 -14.99
      vertex -1.3317480070968652 -0.09312489244840724 -14.99
    endloop
  endfacet
  facet normal 0 0 -1
    outer loop
      vertex -3.997563308076383 -0.1395979868100036 -14.99
      vertex -4 0 -14.99
      vertex -1.3341867540704928 -0.0465908280978387 -14.99
    endloop
  endfacet
  facet normal -0.9743700647852351 -0.22495105434386578 0
    outer loop
      vertex -3.9125904029352223 -0.831646763271038 -14.99
      vertex -3.881182905103986 -0.96768758239867 -10.01
      vertex -3.9125904029352223 -0.831646763271038 -10.01
    endloop
  endfacet
  facet normal -0.9816271834476639 -0.1908089953765451 0
    outer loop
      vertex -3.939231012048832 -0.6945927106677219 -14.99
      vertex -3.9125904029352223 -0.831646763271038 -10.01
      vertex -3.939231012048832 -0.6945927106677219 -10.01
    endloop
  endfacet
  facet normal -0.9876883405951379 -0.15643446504022995 0
    outer loop
      vertex -3.961072274966281 -0.5566924038402621 -14.99
      vertex -3.939231012048832 -0.6945927106677219 -10.01
      vertex -3.961072274966281 -0.5566924038402621 -10.01
    endloop
  endfacet
  facet normal -0.9925461516413221 -0.12186934340514781 0
    outer loop
      vertex -3.978087581473093 -0.418113853070614 -14.99
      vertex -3.961072274966281 -0.5566924038402621 -10.01
      vertex -3.978087581473093 -0.418113853070614 -10.01
    endloop
  endfacet
  facet normal -0.9961946980917455 -0.08715574274765796 0
    outer loop
      vertex -3.990256201039297 -0.2790258949765011 -14.99
      vertex -3.978087581473093 -0.418113853070614 -10.01
      vertex -3.990256201039297 -0.2790258949765011 -10.01
    endloop
  endfacet
  facet normal -0.9986295347545737 -0.05233595624294611 0
    outer loop
      vertex -3.997563308076383 -0.1395979868100036 -14.99
      vertex -3.990256201039297 -0.2790258949765011 -10.01
      vertex -3.997563308076383 -0.1395979868100036 -10.01
    endloop
  endfacet
  facet normal -0.9998476951563913 -0.01745240643728263 0
    outer loop
      vertex -3.997563308076383 -0.1395979868100036 -10.01
      vertex -4 0 -10.01
      vertex -4 0 -14.99
    endloop
  endfacet
  facet normal 0 0 -1
    outer loop
      vertex -3.316150290220167 -2.2367716138829867 -14.99
      vertex -1.0800376874905548 -0.7846933118104514 -14.99
      vertex -3.23606797749979 -2.351141009169892 -14.99
    endloop
  endfacet
  facet normal 0 0 -1
    outer loop
      vertex -3.4641016151377544 -2.0000000000000004 -14.99
      vertex -3.5317903714357075 -1.8778862511435634 -14.99
      vertex -1.1561439140522254 -0.6675000000000001 -14.99
    endloop
  endfacet
  facet normal 0 0 -1
    outer loop
      vertex -3.4641016151377544 -2.0000000000000004 -14.99
      vertex -1.1321442083688287 -0.7074422177513284 -14.99
      vertex -3.3921923846257043 -2.119677056932819 -14.99
    endloop
  endfacet
  facet normal 0 0 -1
    outer loop
      vertex -3.3921923846257043 -2.119677056932819 -14.99
      vertex -1.1067651593609806 -0.7465225261334468 -14.99
      vertex -3.316150290220167 -2.2367716138829867 -14.99
    endloop
  endfacet
  facet normal 0 0 -1
    outer loop
      vertex -3.5317903714357075 -1.8778862511435634 -14.99
      vertex -3.5951761851966677 -1.7534845871563098 -14.99
      vertex -1.1787350364666673 -0.6267445363191643 -14.99
    endloop
  endfacet
  facet normal 0 0 -1
    outer loop
      vertex -3.5951761851966677 -1.7534845871563098 -14.99
      vertex -3.6541818305704035 -1.6269465723032008 -14.99
      vertex -1.1998900518093878 -0.5852254809634184 -14.99
    endloop
  endfacet
  facet normal 0 0 -1
    outer loop
      vertex -3.7587704831436337 -1.3680805733026746 -14.99
      vertex -3.8042260651806146 -1.2360679774997891 -14.99
      vertex -1.2544896487491877 -0.45659689133976766 -14.99
    endloop
  endfacet
  facet normal 0 0 -1
    outer loop
      vertex -3.7587704831436337 -1.3680805733026746 -14.99
      vertex -1.237790445846661 -0.5000998022102425 -14.99
      vertex -3.7087354182671497 -1.498426373663648 -14.99
    endloop
  endfacet
  facet normal 0 0 -1
    outer loop
      vertex -3.6541818305704035 -1.6269465723032008 -14.99
      vertex -3.7087354182671497 -1.498426373663648 -14.99
      vertex -1.219583185952872 -0.5429934185061933 -14.99
    endloop
  endfacet
  facet normal 0 0 -1
    outer loop
      vertex -3.152043014426888 -2.4626459013026327 -14.99
      vertex -3.23606797749979 -2.351141009169892 -14.99
      vertex -1.0519943560649738 -0.8219080695597536 -14.99
    endloop
  endfacet
  facet normal 0 0 -1
    outer loop
      vertex -3.064177772475912 -2.571150438746157 -14.99
      vertex -3.152043014426888 -2.4626459013026327 -14.99
      vertex -1.0226693315638355 -0.8581214589315299 -14.99
    endloop
  endfacet
  facet normal 0 0 -1
    outer loop
      vertex -3.8042260651806146 -1.2360679774997891 -14.99
      vertex -3.8450467837532756 -1.102549423267996 -14.99
      vertex -1.26966044925403 -0.41253768749055464 -14.99
    endloop
  endfacet
  facet normal 0 0 -1
    outer loop
      vertex -3.6541818305704035 -1.6269465723032008 -14.99
      vertex -1.219583185952872 -0.5429934185061933 -14.99
      vertex -1.1998900518093878 -0.5852254809634184 -14.99
    endloop
  endfacet
  facet normal 0 0 -1
    outer loop
      vertex -3.7587704831436337 -1.3680805733026746 -14.99
      vertex -1.2544896487491877 -0.45659689133976766 -14.99
      vertex -1.237790445846661 -0.5000998022102425 -14.99
    endloop
  endfacet
  facet normal 0 0 -1
    outer loop
      vertex -3.7087354182671497 -1.498426373663648 -14.99
      vertex -1.237790445846661 -0.5000998022102425 -14.99
      vertex -1.219583185952872 -0.5429934185061933 -14.99
    endloop
  endfacet
  facet normal 0 0 -1
    outer loop
      vertex -3.8450467837532756 -1.102549423267996 -14.99
      vertex -1.2832843640776557 -0.36797587001569365 -14.99
      vertex -1.26966044925403 -0.41253768749055464 -14.99
    endloop
  endfacet
  facet normal 0 0 -1
    outer loop
      vertex -3.881182905103986 -0.96768758239867 -14.99
      vertex -1.2953447945784553 -0.3229657306255561 -14.99
      vertex -1.2832843640776557 -0.36797587001569365 -14.99
    endloop
  endfacet
  facet normal 0 0 -1
    outer loop
      vertex -3.8042260651806146 -1.2360679774997891 -14.99
      vertex -1.26966044925403 -0.41253768749055464 -14.99
      vertex -1.2544896487491877 -0.45659689133976766 -14.99
    endloop
  endfacet
  facet normal 0 0 -1
    outer loop
      vertex -3.9125904029352223 -0.831646763271038 -14.99
      vertex -1.3058270469796305 -0.27756210724170893 -14.99
      vertex -1.2953447945784553 -0.3229657306255561 -14.99
    endloop
  endfacet
  facet normal 0 0 -1
    outer loop
      vertex -3.939231012048832 -0.6945927106677219 -14.99
      vertex -1.3147183502712976 -0.23182031718535218 -14.99
      vertex -1.3058270469796305 -0.27756210724170893 -14.99
    endloop
  endfacet
  facet normal 0 0 -1
    outer loop
      vertex -3.961072274966281 -0.5566924038402621 -14.99
      vertex -1.3220078717699963 -0.18579608978168746 -14.99
      vertex -1.3147183502712976 -0.23182031718535218 -14.99
    endloop
  endfacet
  facet normal 0 0 -1
    outer loop
      vertex -3.978087581473093 -0.418113853070614 -14.99
      vertex -1.3276867303166449 -0.13954549846231742 -14.99
      vertex -1.3220078717699963 -0.18579608978168746 -14.99
    endloop
  endfacet
  facet normal 0 0 -1
    outer loop
      vertex -3.990256201039297 -0.2790258949765011 -14.99
      vertex -1.3317480070968652 -0.09312489244840724 -14.99
      vertex -1.3276867303166449 -0.13954549846231742 -14.99
    endloop
  endfacet
  facet normal 0 0 -1
    outer loop
      vertex -3.997563308076383 -0.1395979868100036 -14.99
      vertex -1.3341867540704928 -0.0465908280978387 -14.99
      vertex -1.3317480070968652 -0.09312489244840724 -14.99
    endloop
  endfacet
  facet normal 0 0 -1
    outer loop
      vertex -4 0 -14.99
      vertex -1.335 0 -14.99
      vertex -1.3341867540704928 -0.0465908280978387 -14.99
    endloop
  endfacet
  facet normal -0.4848096202463358 -0.8746197071393964 0
    outer loop
      vertex -2.0000000000000018 -3.464101615137754 -14.99
      vertex -1.877886251143563 -3.531790371435708 -14.99
      vertex -1.877886251143563 -3.531790371435708 -10.01
    endloop
  endfacet
  facet normal -0.45399049973954575 -0.8910065241883685 0
    outer loop
      vertex -1.877886251143563 -3.531790371435708 -14.99
      vertex -1.753484587156311 -3.5951761851966673 -14.99
      vertex -1.753484587156311 -3.5951761851966673 -10.01
    endloop
  endfacet
  facet normal -0.42261826174070083 -0.9063077870366494 0
    outer loop
      vertex -1.753484587156311 -3.5951761851966673 -14.99
      vertex -1.6269465723032004 -3.654181830570404 -14.99
      vertex -1.6269465723032004 -3.654181830570404 -10.01
    endloop
  endfacet
  facet normal -0.39073112848927344 -0.9205048534524405 0
    outer loop
      vertex -1.6269465723032004 -3.654181830570404 -14.99
      vertex -1.4984263736636492 -3.7087354182671493 -14.99
      vertex -1.4984263736636492 -3.7087354182671493 -10.01
    endloop
  endfacet
  facet normal -0.32556815445715737 -0.9455185755993166 0
    outer loop
      vertex -1.3680805733026742 -3.7587704831436337 -14.99
      vertex -1.2360679774997902 -3.804226065180614 -14.99
      vertex -1.2360679774997902 -3.804226065180614 -10.01
    endloop
  endfacet
  facet normal -0.3583679495452993 -0.9335804264972022 0
    outer loop
      vertex -1.3680805733026742 -3.7587704831436337 -14.99
      vertex -1.3680805733026742 -3.7587704831436337 -10.01
      vertex -1.4984263736636492 -3.7087354182671493 -14.99
    endloop
  endfacet
  facet normal -0.29237170472273805 -0.9563047559630351 0
    outer loop
      vertex -1.2360679774997902 -3.804226065180614 -14.99
      vertex -1.1025494232679955 -3.845046783753276 -14.99
      vertex -1.1025494232679955 -3.845046783753276 -10.01
    endloop
  endfacet
  facet normal -0.2588190451025196 -0.9659258262890686 0
    outer loop
      vertex -1.1025494232679955 -3.845046783753276 -14.99
      vertex -0.9676875823986711 -3.881182905103986 -14.99
      vertex -0.9676875823986711 -3.881182905103986 -10.01
    endloop
  endfacet
  facet normal -0.45399049973954575 -0.8910065241883685 0
    outer loop
      vertex -1.877886251143563 -3.531790371435708 -14.99
      vertex -1.753484587156311 -3.5951761851966673 -10.01
      vertex -1.877886251143563 -3.531790371435708 -10.01
    endloop
  endfacet
  facet normal -0.42261826174070083 -0.9063077870366494 0
    outer loop
      vertex -1.753484587156311 -3.5951761851966673 -14.99
      vertex -1.6269465723032004 -3.654181830570404 -10.01
      vertex -1.753484587156311 -3.5951761851966673 -10.01
    endloop
  endfacet
  facet normal -0.39073112848927344 -0.9205048534524405 0
    outer loop
      vertex -1.6269465723032004 -3.654181830570404 -14.99
      vertex -1.4984263736636492 -3.7087354182671493 -10.01
      vertex -1.6269465723032004 -3.654181830570404 -10.01
    endloop
  endfacet
  facet normal -0.4848096202463358 -0.8746197071393964 0
    outer loop
      vertex -2.0000000000000018 -3.464101615137754 -14.99
      vertex -1.877886251143563 -3.531790371435708 -10.01
      vertex -2.0000000000000018 -3.464101615137754 -10.01
    endloop
  endfacet
  facet normal -0.32556815445715737 -0.9455185755993166 0
    outer loop
      vertex -1.3680805733026742 -3.7587704831436337 -14.99
      vertex -1.2360679774997902 -3.804226065180614 -10.01
      vertex -1.3680805733026742 -3.7587704831436337 -10.01
    endloop
  endfacet
  facet normal -0.3583679495452993 -0.9335804264972022 0
    outer loop
      vertex -1.4984263736636492 -3.7087354182671493 -14.99
      vertex -1.3680805733026742 -3.7587704831436337 -10.01
      vertex -1.4984263736636492 -3.7087354182671493 -10.01
    endloop
  endfacet
  facet normal -0.29237170472273805 -0.9563047559630351 0
    outer loop
      vertex -1.2360679774997902 -3.804226065180614 -14.99
      vertex -1.1025494232679955 -3.845046783753276 -10.01
      vertex -1.2360679774997902 -3.804226065180614 -10.01
    endloop
  endfacet
  facet normal -0.2588190451025196 -0.9659258262890686 0
    outer loop
      vertex -1.1025494232679955 -3.845046783753276 -14.99
      vertex -0.9676875823986711 -3.881182905103986 -10.01
      vertex -1.1025494232679955 -3.845046783753276 -10.01
    endloop
  endfacet
  facet normal 0 0 -1
    outer loop
      vertex -2.351141009169893 -3.2360679774997894 -14.99
      vertex -0.7465225261334466 -1.1067651593609809 -14.99
      vertex -2.2367716138829863 -3.3161502902201674 -14.99
    endloop
  endfacet
  facet normal 0 0 -1
    outer loop
      vertex -2.2367716138829863 -3.3161502902201674 -14.99
      vertex -0.7074422177513287 -1.1321442083688287 -14.99
      vertex -2.11967705693282 -3.392192384625704 -14.99
    endloop
  endfacet
  facet normal 0 0 -1
    outer loop
      vertex -2.11967705693282 -3.392192384625704 -14.99
      vertex -0.6675000000000005 -1.1561439140522254 -14.99
      vertex -2.0000000000000018 -3.464101615137754 -14.99
    endloop
  endfacet
  facet normal 0 0 -1
    outer loop
      vertex -2.0000000000000018 -3.464101615137754 -14.99
      vertex -0.6267445363191642 -1.1787350364666676 -14.99
      vertex -1.877886251143563 -3.531790371435708 -14.99
    endloop
  endfacet
  facet normal 0 0 -1
    outer loop
      vertex -2.571150438746158 -3.0641777724759116 -14.99
      vertex -0.8219080695597535 -1.051994356064974 -14.99
      vertex -2.4626459013026323 -3.1520430144268885 -14.99
    endloop
  endfacet
  facet normal 0 0 -1
    outer loop
      vertex -2.4626459013026323 -3.1520430144268885 -14.99
      vertex -0.7846933118104518 -1.0800376874905546 -14.99
      vertex -2.351141009169893 -3.2360679774997894 -14.99
    endloop
  endfacet
  facet normal 0 0 -1
    outer loop
      vertex -1.877886251143563 -3.531790371435708 -14.99
      vertex -0.5852254809634188 -1.1998900518093876 -14.99
      vertex -1.753484587156311 -3.5951761851966673 -14.99
    endloop
  endfacet
  facet normal 0 0 -1
    outer loop
      vertex -1.753484587156311 -3.5951761851966673 -14.99
      vertex -0.5429934185061931 -1.2195831859528723 -14.99
      vertex -1.6269465723032004 -3.654181830570404 -14.99
    endloop
  endfacet
  facet normal 0 0 -1
    outer loop
      vertex -1.6269465723032004 -3.654181830570404 -14.99
      vertex -0.5000998022102429 -1.237790445846661 -14.99
      vertex -1.4984263736636492 -3.7087354182671493 -14.99
    endloop
  endfacet
  facet normal 0 0 -1
    outer loop
      vertex -1.3680805733026742 -3.7587704831436337 -14.99
      vertex -1.4984263736636492 -3.7087354182671493 -14.99
      vertex -0.4565968913397675 -1.2544896487491877 -14.99
    endloop
  endfacet
  facet normal 0 0 -1
    outer loop
      vertex -1.3680805733026742 -3.7587704831436337 -14.99
      vertex -0.41253768749055497 -1.26966044925403 -14.99
      vertex -1.2360679774997902 -3.804226065180614 -14.99
    endloop
  endfacet
  facet normal -0.22495105434386578 -0.9743700647852351 0
    outer loop
      vertex -0.9676875823986711 -3.881182905103986 -14.99
      vertex -0.8316467632710391 -3.9125904029352223 -14.99
      vertex -0.8316467632710391 -3.9125904029352223 -10.01
    endloop
  endfacet
  facet normal -0.1908089953765429 -0.9816271834476644 0
    outer loop
      vertex -0.8316467632710391 -3.9125904029352223 -14.99
      vertex -0.6945927106677213 -3.939231012048832 -14.99
      vertex -0.6945927106677213 -3.939231012048832 -10.01
    endloop
  endfacet
  facet normal -0.15643446504023195 -0.9876883405951375 0
    outer loop
      vertex -0.6945927106677213 -3.939231012048832 -14.99
      vertex -0.5566924038402633 -3.961072274966281 -14.99
      vertex -0.5566924038402633 -3.961072274966281 -10.01
    endloop
  endfacet
  facet normal 0 0 -1
    outer loop
      vertex -1.1025494232679955 -3.845046783753276 -14.99
      vertex -0.3229657306255565 -1.2953447945784553 -14.99
      vertex -0.9676875823986711 -3.881182905103986 -14.99
    endloop
  endfacet
  facet normal 0 0 -1
    outer loop
      vertex -0.9676875823986711 -3.881182905103986 -14.99
      vertex -0.2775621072417093 -1.3058270469796305 -14.99
      vertex -0.8316467632710391 -3.9125904029352223 -14.99
    endloop
  endfacet
  facet normal 0 0 -1
    outer loop
      vertex -0.8316467632710391 -3.9125904029352223 -14.99
      vertex -0.23182031718535198 -1.3147183502712976 -14.99
      vertex -0.6945927106677213 -3.939231012048832 -14.99
    endloop
  endfacet
  facet normal -0.12186934340514939 -0.9925461516413219 0
    outer loop
      vertex -0.5566924038402633 -3.961072274966281 -14.99
      vertex -0.41811385307061344 -3.9780875814730936 -14.99
      vertex -0.41811385307061344 -3.9780875814730936 -10.01
    endloop
  endfacet
  facet normal -0.0871557427476559 -0.9961946980917457 0
    outer loop
      vertex -0.41811385307061344 -3.9780875814730936 -14.99
      vertex -0.2790258949765023 -3.990256201039297 -14.99
      vertex -0.2790258949765023 -3.990256201039297 -10.01
    endloop
  endfacet
  facet normal -0.052335956242945444 -0.9986295347545737 0
    outer loop
      vertex -0.2790258949765023 -3.990256201039297 -14.99
      vertex -0.13959798681000304 -3.997563308076383 -14.99
      vertex -0.13959798681000304 -3.997563308076383 -10.01
    endloop
  endfacet
  facet normal -0.0174524064372827 -0.9998476951563913 0
    outer loop
      vertex -0.13959798681000304 -3.997563308076383 -14.99
      vertex 0 -4 -14.99
      vertex 0 -4 -10.01
    endloop
  endfacet
  facet normal 0 0 -1
    outer loop
      vertex -0.6945927106677213 -3.939231012048832 -14.99
      vertex -0.18579608978168788 -1.3220078717699963 -14.99
      vertex -0.5566924038402633 -3.961072274966281 -14.99
    endloop
  endfacet
  facet normal 0 0 -1
    outer loop
      vertex -0.5566924038402633 -3.961072274966281 -14.99
      vertex -0.13954549846231723 -1.3276867303166449 -14.99
      vertex -0.41811385307061344 -3.9780875814730936 -14.99
    endloop
  endfacet
  facet normal 0 0 -1
    outer loop
      vertex -0.41811385307061344 -3.9780875814730936 -14.99
      vertex -0.09312489244840765 -1.3317480070968652 -14.99
      vertex -0.2790258949765023 -3.990256201039297 -14.99
    endloop
  endfacet
  facet normal 0 0 -1
    outer loop
      vertex -0.2790258949765023 -3.990256201039297 -14.99
      vertex -0.046590828097838516 -1.3341867540704928 -14.99
      vertex -0.13959798681000304 -3.997563308076383 -14.99
    endloop
  endfacet
  facet normal 0 0 -1
    outer loop
      vertex -0.13959798681000304 -3.997563308076383 -14.99
      vertex 0 -1.335 -14.99
      vertex 0 -4 -14.99
    endloop
  endfacet
  facet normal -0.22495105434386578 -0.9743700647852351 0
    outer loop
      vertex -0.9676875823986711 -3.881182905103986 -14.99
      vertex -0.8316467632710391 -3.9125904029352223 -10.01
      vertex -0.9676875823986711 -3.881182905103986 -10.01
    endloop
  endfacet
  facet normal -0.1908089953765429 -0.9816271834476644 0
    outer loop
      vertex -0.8316467632710391 -3.9125904029352223 -14.99
      vertex -0.6945927106677213 -3.939231012048832 -10.01
      vertex -0.8316467632710391 -3.9125904029352223 -10.01
    endloop
  endfacet
  facet normal -0.15643446504023195 -0.9876883405951375 0
    outer loop
      vertex -0.6945927106677213 -3.939231012048832 -14.99
      vertex -0.5566924038402633 -3.961072274966281 -10.01
      vertex -0.6945927106677213 -3.939231012048832 -10.01
    endloop
  endfacet
  facet normal -0.12186934340514939 -0.9925461516413219 0
    outer loop
      vertex -0.5566924038402633 -3.961072274966281 -14.99
      vertex -0.41811385307061344 -3.9780875814730936 -10.01
      vertex -0.5566924038402633 -3.961072274966281 -10.01
    endloop
  endfacet
  facet normal -0.0871557427476559 -0.9961946980917457 0
    outer loop
      vertex -0.41811385307061344 -3.9780875814730936 -14.99
      vertex -0.2790258949765023 -3.990256201039297 -10.01
      vertex -0.41811385307061344 -3.9780875814730936 -10.01
    endloop
  endfacet
  facet normal -0.052335956242945444 -0.9986295347545737 0
    outer loop
      vertex -0.2790258949765023 -3.990256201039297 -14.99
      vertex -0.13959798681000304 -3.997563308076383 -10.01
      vertex -0.2790258949765023 -3.990256201039297 -10.01
    endloop
  endfacet
  facet normal -0.0174524064372827 -0.9998476951563913 0
    outer loop
      vertex -0.13959798681000304 -3.997563308076383 -14.99
      vertex 0 -4 -10.01
      vertex -0.13959798681000304 -3.997563308076383 -10.01
    endloop
  endfacet
  facet normal 0 0 -1
    outer loop
      vertex -1.2360679774997902 -3.804226065180614 -14.99
      vertex -0.3679758700156935 -1.283284364077656 -14.99
      vertex -1.1025494232679955 -3.845046783753276 -14.99
    endloop
  endfacet
  facet normal 0 0 -1
    outer loop
      vertex -1.753484587156311 -3.5951761851966673 -14.99
      vertex -0.5852254809634188 -1.1998900518093876 -14.99
      vertex -0.5429934185061931 -1.2195831859528723 -14.99
    endloop
  endfacet
  facet normal 0 0 -1
    outer loop
      vertex -1.6269465723032004 -3.654181830570404 -14.99
      vertex -0.5429934185061931 -1.2195831859528723 -14.99
      vertex -0.5000998022102429 -1.237790445846661 -14.99
    endloop
  endfacet
  facet normal 0 0 -1
    outer loop
      vertex -1.4984263736636492 -3.7087354182671493 -14.99
      vertex -0.5000998022102429 -1.237790445846661 -14.99
      vertex -0.4565968913397675 -1.2544896487491877 -14.99
    endloop
  endfacet
  facet normal 0 0 -1
    outer loop
      vertex -1.3680805733026742 -3.7587704831436337 -14.99
      vertex -0.4565968913397675 -1.2544896487491877 -14.99
      vertex -0.41253768749055497 -1.26966044925403 -14.99
    endloop
  endfacet
  facet normal 0 0 -1
    outer loop
      vertex -1.2360679774997902 -3.804226065180614 -14.99
      vertex -0.41253768749055497 -1.26966044925403 -14.99
      vertex -0.3679758700156935 -1.283284364077656 -14.99
    endloop
  endfacet
  facet normal 0 0 -1
    outer loop
      vertex -1.1025494232679955 -3.845046783753276 -14.99
      vertex -0.3679758700156935 -1.283284364077656 -14.99
      vertex -0.3229657306255565 -1.2953447945784553 -14.99
    endloop
  endfacet
  facet normal 0 0 -1
    outer loop
      vertex -0.9676875823986711 -3.881182905103986 -14.99
      vertex -0.3229657306255565 -1.2953447945784553 -14.99
      vertex -0.2775621072417093 -1.3058270469796305 -14.99
    endloop
  endfacet
  facet normal 0 0 -1
    outer loop
      vertex -0.8316467632710391 -3.9125904029352223 -14.99
      vertex -0.2775621072417093 -1.3058270469796305 -14.99
      vertex -0.23182031718535198 -1.3147183502712976 -14.99
    endloop
  endfacet
  facet normal 0 0 -1
    outer loop
      vertex -0.6945927106677213 -3.939231012048832 -14.99
      vertex -0.23182031718535198 -1.3147183502712976 -14.99
      vertex -0.18579608978168788 -1.3220078717699963 -14.99
    endloop
  endfacet
  facet normal 0 0 -1
    outer loop
      vertex -0.5566924038402633 -3.961072274966281 -14.99
      vertex -0.18579608978168788 -1.3220078717699963 -14.99
      vertex -0.13954549846231723 -1.3276867303166449 -14.99
    endloop
  endfacet
  facet normal 0 0 -1
    outer loop
      vertex -0.41811385307061344 -3.9780875814730936 -14.99
      vertex -0.13954549846231723 -1.3276867303166449 -14.99
      vertex -0.09312489244840765 -1.3317480070968652 -14.99
    endloop
  endfacet
  facet normal 0 0 -1
    outer loop
      vertex -0.2790258949765023 -3.990256201039297 -14.99
      vertex -0.09312489244840765 -1.3317480070968652 -14.99
      vertex -0.046590828097838516 -1.3341867540704928 -14.99
    endloop
  endfacet
  facet normal 0 0 -1
    outer loop
      vertex -0.13959798681000304 -3.997563308076383 -14.99
      vertex -0.046590828097838516 -1.3341867540704928 -14.99
      vertex 0 -1.335 -14.99
    endloop
  endfacet
  facet normal 0 0 -1
    outer loop
      vertex -2.8773592013546043 -2.778633481835989 -14.99
      vertex -0.9603186334520991 -0.9273689245627613 -14.99
      vertex -0.9273689245627613 -0.9603186334520993 -14.99
    endloop
  endfacet
  facet normal 0 0 -1
    outer loop
      vertex -2.778633481835989 -2.8773592013546048 -14.99
      vertex -0.9273689245627613 -0.9603186334520993 -14.99
      vertex -0.8932893594890756 -0.9920983420123214 -14.99
    endloop
  endfacet
  facet normal 0 0 -1
    outer loop
      vertex -3.316150290220167 -2.2367716138829867 -14.99
      vertex -1.1067651593609806 -0.7465225261334468 -14.99
      vertex -1.0800376874905548 -0.7846933118104514 -14.99
    endloop
  endfacet
  facet normal 0 0 -1
    outer loop
      vertex -3.23606797749979 -2.351141009169892 -14.99
      vertex -1.0800376874905548 -0.7846933118104514 -14.99
      vertex -1.0519943560649738 -0.8219080695597536 -14.99
    endloop
  endfacet
  facet normal 0 0 -1
    outer loop
      vertex -3.3921923846257043 -2.119677056932819 -14.99
      vertex -1.1321442083688287 -0.7074422177513284 -14.99
      vertex -1.1067651593609806 -0.7465225261334468 -14.99
    endloop
  endfacet
  facet normal 0 0 -1
    outer loop
      vertex -3.5317903714357075 -1.8778862511435634 -14.99
      vertex -1.1787350364666673 -0.6267445363191643 -14.99
      vertex -1.1561439140522254 -0.6675000000000001 -14.99
    endloop
  endfacet
  facet normal 0 0 -1
    outer loop
      vertex -3.4641016151377544 -2.0000000000000004 -14.99
      vertex -1.1561439140522254 -0.6675000000000001 -14.99
      vertex -1.1321442083688287 -0.7074422177513284 -14.99
    endloop
  endfacet
  facet normal 0 0 -1
    outer loop
      vertex -3.064177772475912 -2.571150438746157 -14.99
      vertex -1.0226693315638355 -0.8581214589315299 -14.99
      vertex -0.9920983420123213 -0.8932893594890757 -14.99
    endloop
  endfacet
  facet normal 0 0 -1
    outer loop
      vertex -3.152043014426888 -2.4626459013026327 -14.99
      vertex -1.0519943560649738 -0.8219080695597536 -14.99
      vertex -1.0226693315638355 -0.8581214589315299 -14.99
    endloop
  endfacet
  facet normal 0 0 -1
    outer loop
      vertex -2.972579301909577 -2.676522425435433 -14.99
      vertex -0.9920983420123213 -0.8932893594890757 -14.99
      vertex -0.9603186334520991 -0.9273689245627613 -14.99
    endloop
  endfacet
  facet normal 0 0 -1
    outer loop
      vertex -2.4626459013026323 -3.1520430144268885 -14.99
      vertex -0.8219080695597535 -1.051994356064974 -14.99
      vertex -0.7846933118104518 -1.0800376874905546 -14.99
    endloop
  endfacet
  facet normal 0 0 -1
    outer loop
      vertex -2.351141009169893 -3.2360679774997894 -14.99
      vertex -0.7846933118104518 -1.0800376874905546 -14.99
      vertex -0.7465225261334466 -1.1067651593609809 -14.99
    endloop
  endfacet
  facet normal 0 0 -1
    outer loop
      vertex -2.6765224254354325 -2.9725793019095774 -14.99
      vertex -0.8932893594890756 -0.9920983420123214 -14.99
      vertex -0.8581214589315301 -1.0226693315638355 -14.99
    endloop
  endfacet
  facet normal 0 0 -1
    outer loop
      vertex -2.571150438746158 -3.0641777724759116 -14.99
      vertex -0.8581214589315301 -1.0226693315638355 -14.99
      vertex -0.8219080695597535 -1.051994356064974 -14.99
    endloop
  endfacet
  facet normal 0 0 -1
    outer loop
      vertex -2.11967705693282 -3.392192384625704 -14.99
      vertex -0.7074422177513287 -1.1321442083688287 -14.99
      vertex -0.6675000000000005 -1.1561439140522254 -14.99
    endloop
  endfacet
  facet normal 0 0 -1
    outer loop
      vertex -2.2367716138829863 -3.3161502902201674 -14.99
      vertex -0.7465225261334466 -1.1067651593609809 -14.99
      vertex -0.7074422177513287 -1.1321442083688287 -14.99
    endloop
  endfacet
  facet normal 0 0 -1
    outer loop
      vertex -2.0000000000000018 -3.464101615137754 -14.99
      vertex -0.6675000000000005 -1.1561439140522254 -14.99
      vertex -0.6267445363191642 -1.1787350364666676 -14.99
    endloop
  endfacet
  facet normal 0 0 -1
    outer loop
      vertex -1.877886251143563 -3.531790371435708 -14.99
      vertex -0.6267445363191642 -1.1787350364666676 -14.99
      vertex -0.5852254809634188 -1.1998900518093876 -14.99
    endloop
  endfacet
  facet normal 0 0 -1
    outer loop
      vertex -3.5951761851966677 -1.7534845871563098 -14.99
      vertex -1.1998900518093878 -0.5852254809634184 -14.99
      vertex -1.1787350364666673 -0.6267445363191643 -14.99
    endloop
  endfacet
  facet normal -0.9998476951563913 0.01745240643728251 0
    outer loop
      vertex -4 0 -14.99
      vertex -4 0 -10.01
      vertex -3.997563308076383 0.13959798681000457 -14.99
    endloop
  endfacet
  facet normal -0.9986295347545737 0.052335956242946104 0
    outer loop
      vertex -3.997563308076383 0.13959798681000457 -14.99
      vertex -3.997563308076383 0.13959798681000457 -10.01
      vertex -3.990256201039297 0.2790258949765021 -14.99
    endloop
  endfacet
  facet normal -0.9961946980917455 0.087155742747658 0
    outer loop
      vertex -3.990256201039297 0.2790258949765021 -14.99
      vertex -3.990256201039297 0.2790258949765021 -10.01
      vertex -3.978087581473093 0.41811385307061494 -14.99
    endloop
  endfacet
  facet normal -0.9925461516413221 0.12186934340514613 0
    outer loop
      vertex -3.978087581473093 0.41811385307061494 -14.99
      vertex -3.978087581473093 0.41811385307061494 -10.01
      vertex -3.9610722749662814 0.5566924038402613 -14.99
    endloop
  endfacet
  facet normal -0.9876883405951372 0.15643446504023303 0
    outer loop
      vertex -3.9610722749662814 0.5566924038402613 -14.99
      vertex -3.9610722749662814 0.5566924038402613 -10.01
      vertex -3.939231012048832 0.6945927106677211 -14.99
    endloop
  endfacet
  facet normal -0.9816271834476644 0.19080899537654206 0
    outer loop
      vertex -3.939231012048832 0.6945927106677211 -14.99
      vertex -3.939231012048832 0.6945927106677211 -10.01
      vertex -3.9125904029352228 0.8316467632710373 -14.99
    endloop
  endfacet
  facet normal -0.9743700647852349 0.22495105434386617 0
    outer loop
      vertex -3.9125904029352228 0.8316467632710373 -14.99
      vertex -3.9125904029352228 0.8316467632710373 -10.01
      vertex -3.881182905103986 0.9676875823986709 -14.99
    endloop
  endfacet
  facet normal 0 0 -1
    outer loop
      vertex -4 0 -14.99
      vertex -3.997563308076383 0.13959798681000457 -14.99
      vertex -1.335 0 -14.99
    endloop
  endfacet
  facet normal 0 0 -1
    outer loop
      vertex -3.997563308076383 0.13959798681000457 -14.99
      vertex -3.990256201039297 0.2790258949765021 -14.99
      vertex -1.3341867540704928 0.04659082809783902 -14.99
    endloop
  endfacet
  facet normal 0 0 -1
    outer loop
      vertex -3.990256201039297 0.2790258949765021 -14.99
      vertex -3.978087581473093 0.41811385307061494 -14.99
      vertex -1.3317480070968652 0.09312489244840758 -14.99
    endloop
  endfacet
  facet normal 0 0 -1
    outer loop
      vertex -3.978087581473093 0.41811385307061494 -14.99
      vertex -3.9610722749662814 0.5566924038402613 -14.99
      vertex -1.3276867303166449 0.13954549846231773 -14.99
    endloop
  endfacet
  facet normal 0 0 -1
    outer loop
      vertex -3.9610722749662814 0.5566924038402613 -14.99
      vertex -3.939231012048832 0.6945927106677211 -14.99
      vertex -1.3220078717699963 0.1857960897816872 -14.99
    endloop
  endfacet
  facet normal 0 0 -1
    outer loop
      vertex -3.939231012048832 0.6945927106677211 -14.99
      vertex -3.9125904029352228 0.8316467632710373 -14.99
      vertex -1.3147183502712976 0.2318203171853519 -14.99
    endloop
  endfacet
  facet normal 0 0 -1
    outer loop
      vertex -3.9125904029352228 0.8316467632710373 -14.99
      vertex -3.881182905103986 0.9676875823986709 -14.99
      vertex -1.3058270469796305 0.27756210724170866 -14.99
    endloop
  endfacet
  facet normal 0 0 -1
    outer loop
      vertex -3.881182905103986 0.9676875823986709 -14.99
      vertex -3.8450467837532756 1.1025494232679969 -14.99
      vertex -1.2953447945784553 0.3229657306255564 -14.99
    endloop
  endfacet
  facet normal -0.9998476951563913 0.01745240643728251 0
    outer loop
      vertex -3.997563308076383 0.13959798681000457 -14.99
      vertex -4 0 -10.01
      vertex -3.997563308076383 0.13959798681000457 -10.01
    endloop
  endfacet
  facet normal -0.9986295347545737 0.052335956242946104 0
    outer loop
      vertex -3.990256201039297 0.2790258949765021 -14.99
      vertex -3.997563308076383 0.13959798681000457 -10.01
      vertex -3.990256201039297 0.2790258949765021 -10.01
    endloop
  endfacet
  facet normal -0.9961946980917455 0.087155742747658 0
    outer loop
      vertex -3.978087581473093 0.41811385307061494 -14.99
      vertex -3.990256201039297 0.2790258949765021 -10.01
      vertex -3.978087581473093 0.41811385307061494 -10.01
    endloop
  endfacet
  facet normal -0.9925461516413221 0.12186934340514613 0
    outer loop
      vertex -3.9610722749662814 0.5566924038402613 -14.99
      vertex -3.978087581473093 0.41811385307061494 -10.01
      vertex -3.9610722749662814 0.5566924038402613 -10.01
    endloop
  endfacet
  facet normal -0.9876883405951372 0.15643446504023303 0
    outer loop
      vertex -3.939231012048832 0.6945927106677211 -14.99
      vertex -3.9610722749662814 0.5566924038402613 -10.01
      vertex -3.939231012048832 0.6945927106677211 -10.01
    endloop
  endfacet
  facet normal -0.9816271834476644 0.19080899537654206 0
    outer loop
      vertex -3.9125904029352228 0.8316467632710373 -14.99
      vertex -3.939231012048832 0.6945927106677211 -10.01
      vertex -3.9125904029352228 0.8316467632710373 -10.01
    endloop
  endfacet
  facet normal -0.9743700647852349 0.22495105434386617 0
    outer loop
      vertex -3.881182905103986 0.9676875823986709 -14.99
      vertex -3.9125904029352228 0.8316467632710373 -10.01
      vertex -3.881182905103986 0.9676875823986709 -10.01
    endloop
  endfacet
  facet normal -0.9659258262890685 0.25881904510251974 0
    outer loop
      vertex -3.881182905103986 0.9676875823986709 -14.99
      vertex -3.881182905103986 0.9676875823986709 -10.01
      vertex -3.8450467837532756 1.1025494232679969 -14.99
    endloop
  endfacet
  facet normal -0.9563047559630349 0.2923717047227382 0
    outer loop
      vertex -3.8450467837532756 1.1025494232679969 -14.99
      vertex -3.8450467837532756 1.1025494232679969 -10.01
      vertex -3.804226065180614 1.23606797749979 -14.99
    endloop
  endfacet
  facet normal -0.9455185755993167 0.3255681544571568 0
    outer loop
      vertex -3.804226065180614 1.23606797749979 -14.99
      vertex -3.804226065180614 1.23606797749979 -10.01
      vertex -3.7587704831436333 1.3680805733026755 -14.99
    endloop
  endfacet
  facet normal -0.9335804264972017 0.35836794954530027 0
    outer loop
      vertex -3.7587704831436333 1.3680805733026755 -14.99
      vertex -3.7587704831436333 1.3680805733026755 -10.01
      vertex -3.7087354182671493 1.498426373663649 -14.99
    endloop
  endfacet
  facet normal -0.9205048534524399 0.39073112848927477 0
    outer loop
      vertex -3.7087354182671493 1.498426373663649 -14.99
      vertex -3.7087354182671493 1.498426373663649 -10.01
      vertex -3.654181830570403 1.6269465723032017 -14.99
    endloop
  endfacet
  facet normal -0.9063077870366502 0.42261826174069894 0
    outer loop
      vertex -3.654181830570403 1.6269465723032017 -14.99
      vertex -3.654181830570403 1.6269465723032017 -10.01
      vertex -3.595176185196668 1.7534845871563092 -14.99
    endloop
  endfacet
  facet normal -0.8910065241883681 0.45399049973954625 0
    outer loop
      vertex -3.595176185196668 1.7534845871563092 -14.99
      vertex -3.595176185196668 1.7534845871563092 -10.01
      vertex -3.531790371435708 1.8778862511435628 -14.99
    endloop
  endfacet
  facet normal -0.8746197071393962 0.48480962024633645 0
    outer loop
      vertex -3.531790371435708 1.8778862511435628 -14.99
      vertex -3.531790371435708 1.8778862511435628 -10.01
      vertex -3.464101615137755 1.9999999999999998 -14.99
    endloop
  endfacet
  facet normal -0.9659258262890685 0.25881904510251974 0
    outer loop
      vertex -3.8450467837532756 1.1025494232679969 -14.99
      vertex -3.881182905103986 0.9676875823986709 -10.01
      vertex -3.8450467837532756 1.1025494232679969 -10.01
    endloop
  endfacet
  facet normal -0.9563047559630349 0.2923717047227382 0
    outer loop
      vertex -3.804226065180614 1.23606797749979 -14.99
      vertex -3.8450467837532756 1.1025494232679969 -10.01
      vertex -3.804226065180614 1.23606797749979 -10.01
    endloop
  endfacet
  facet normal -0.9455185755993167 0.3255681544571568 0
    outer loop
      vertex -3.7587704831436333 1.3680805733026755 -14.99
      vertex -3.804226065180614 1.23606797749979 -10.01
      vertex -3.7587704831436333 1.3680805733026755 -10.01
    endloop
  endfacet
  facet normal -0.9335804264972017 0.35836794954530027 0
    outer loop
      vertex -3.7087354182671493 1.498426373663649 -14.99
      vertex -3.7587704831436333 1.3680805733026755 -10.01
      vertex -3.7087354182671493 1.498426373663649 -10.01
    endloop
  endfacet
  facet normal -0.9205048534524399 0.39073112848927477 0
    outer loop
      vertex -3.654181830570403 1.6269465723032017 -14.99
      vertex -3.7087354182671493 1.498426373663649 -10.01
      vertex -3.654181830570403 1.6269465723032017 -10.01
    endloop
  endfacet
  facet normal -0.9063077870366502 0.42261826174069894 0
    outer loop
      vertex -3.595176185196668 1.7534845871563092 -14.99
      vertex -3.654181830570403 1.6269465723032017 -10.01
      vertex -3.595176185196668 1.7534845871563092 -10.01
    endloop
  endfacet
  facet normal -0.8910065241883681 0.45399049973954625 0
    outer loop
      vertex -3.531790371435708 1.8778862511435628 -14.99
      vertex -3.595176185196668 1.7534845871563092 -10.01
      vertex -3.531790371435708 1.8778862511435628 -10.01
    endloop
  endfacet
  facet normal -0.8746197071393962 0.48480962024633645 0
    outer loop
      vertex -3.531790371435708 1.8778862511435628 -10.01
      vertex -3.464101615137755 1.9999999999999998 -10.01
      vertex -3.464101615137755 1.9999999999999998 -14.99
    endloop
  endfacet
  facet normal 0 0 -1
    outer loop
      vertex -3.8450467837532756 1.1025494232679969 -14.99
      vertex -3.804226065180614 1.23606797749979 -14.99
      vertex -1.2832843640776557 0.36797587001569393 -14.99
    endloop
  endfacet
  facet normal 0 0 -1
    outer loop
      vertex -3.997563308076383 0.13959798681000457 -14.99
      vertex -1.3341867540704928 0.04659082809783902 -14.99
      vertex -1.335 0 -14.99
    endloop
  endfacet
  facet normal 0 0 -1
    outer loop
      vertex -3.990256201039297 0.2790258949765021 -14.99
      vertex -1.3317480070968652 0.09312489244840758 -14.99
      vertex -1.3341867540704928 0.04659082809783902 -14.99
    endloop
  endfacet
  facet normal 0 0 -1
    outer loop
      vertex -3.978087581473093 0.41811385307061494 -14.99
      vertex -1.3276867303166449 0.13954549846231773 -14.99
      vertex -1.3317480070968652 0.09312489244840758 -14.99
    endloop
  endfacet
  facet normal 0 0 -1
    outer loop
      vertex -3.9610722749662814 0.5566924038402613 -14.99
      vertex -1.3220078717699963 0.1857960897816872 -14.99
      vertex -1.3276867303166449 0.13954549846231773 -14.99
    endloop
  endfacet
  facet normal 0 0 -1
    outer loop
      vertex -3.939231012048832 0.6945927106677211 -14.99
      vertex -1.3147183502712976 0.2318203171853519 -14.99
      vertex -1.3220078717699963 0.1857960897816872 -14.99
    endloop
  endfacet
  facet normal 0 0 -1
    outer loop
      vertex -3.9125904029352228 0.8316467632710373 -14.99
      vertex -1.3058270469796305 0.27756210724170866 -14.99
      vertex -1.3147183502712976 0.2318203171853519 -14.99
    endloop
  endfacet
  facet normal 0 0 -1
    outer loop
      vertex -3.881182905103986 0.9676875823986709 -14.99
      vertex -1.2953447945784553 0.3229657306255564 -14.99
      vertex -1.3058270469796305 0.27756210724170866 -14.99
    endloop
  endfacet
  facet normal 0 0 -1
    outer loop
      vertex -3.8450467837532756 1.1025494232679969 -14.99
      vertex -1.2832843640776557 0.36797587001569393 -14.99
      vertex -1.2953447945784553 0.3229657306255564 -14.99
    endloop
  endfacet
  facet normal 0 0 -1
    outer loop
      vertex -3.804226065180614 1.23606797749979 -14.99
      vertex -1.26966044925403 0.4125376874905549 -14.99
      vertex -1.2832843640776557 0.36797587001569393 -14.99
    endloop
  endfacet
  facet normal 0 0 -1
    outer loop
      vertex -3.7587704831436333 1.3680805733026755 -14.99
      vertex -1.2544896487491877 0.45659689133976794 -14.99
      vertex -1.26966044925403 0.4125376874905549 -14.99
    endloop
  endfacet
  facet normal 0 0 -1
    outer loop
      vertex -3.7087354182671493 1.498426373663649 -14.99
      vertex -1.237790445846661 0.5000998022102429 -14.99
      vertex -1.2544896487491877 0.45659689133976794 -14.99
    endloop
  endfacet
  facet normal 0 0 -1
    outer loop
      vertex -3.654181830570403 1.6269465723032017 -14.99
      vertex -1.219583185952872 0.5429934185061935 -14.99
      vertex -1.237790445846661 0.5000998022102429 -14.99
    endloop
  endfacet
  facet normal 0 0 -1
    outer loop
      vertex -3.595176185196668 1.7534845871563092 -14.99
      vertex -1.199890051809388 0.5852254809634182 -14.99
      vertex -1.219583185952872 0.5429934185061935 -14.99
    endloop
  endfacet
  facet normal 0 0 -1
    outer loop
      vertex -3.804226065180614 1.23606797749979 -14.99
      vertex -3.7587704831436333 1.3680805733026755 -14.99
      vertex -1.26966044925403 0.4125376874905549 -14.99
    endloop
  endfacet
  facet normal 0 0 -1
    outer loop
      vertex -3.7587704831436333 1.3680805733026755 -14.99
      vertex -3.7087354182671493 1.498426373663649 -14.99
      vertex -1.2544896487491877 0.45659689133976794 -14.99
    endloop
  endfacet
  facet normal 0 0 -1
    outer loop
      vertex -3.7087354182671493 1.498426373663649 -14.99
      vertex -3.654181830570403 1.6269465723032017 -14.99
      vertex -1.237790445846661 0.5000998022102429 -14.99
    endloop
  endfacet
  facet normal 0 0 -1
    outer loop
      vertex -3.654181830570403 1.6269465723032017 -14.99
      vertex -3.595176185196668 1.7534845871563092 -14.99
      vertex -1.219583185952872 0.5429934185061935 -14.99
    endloop
  endfacet
  facet normal 0 0 -1
    outer loop
      vertex -3.595176185196668 1.7534845871563092 -14.99
      vertex -3.531790371435708 1.8778862511435628 -14.99
      vertex -1.199890051809388 0.5852254809634182 -14.99
    endloop
  endfacet
  facet normal 0 0 -1
    outer loop
      vertex -3.531790371435708 1.8778862511435628 -14.99
      vertex -3.464101615137755 1.9999999999999998 -14.99
      vertex -1.1787350364666676 0.626744536319164 -14.99
    endloop
  endfacet
  facet normal 0 0 -1
    outer loop
      vertex -3.464101615137755 1.9999999999999998 -14.99
      vertex -3.392192384625704 2.1196770569328196 -14.99
      vertex -1.1561439140522256 0.6674999999999999 -14.99
    endloop
  endfacet
  facet normal 0 0 -1
    outer loop
      vertex -3.392192384625704 2.1196770569328196 -14.99
      vertex -3.3161502902201665 2.2367716138829876 -14.99
      vertex -1.1321442083688287 0.7074422177513285 -14.99
    endloop
  endfacet
  facet normal 0 0 -1
    outer loop
      vertex -3.3161502902201665 2.2367716138829876 -14.99
      vertex -3.2360679774997894 2.351141009169893 -14.99
      vertex -1.1067651593609806 0.746522526133447 -14.99
    endloop
  endfacet
  facet normal 0 0 -1
    outer loop
      vertex -3.2360679774997894 2.351141009169893 -14.99
      vertex -3.1520430144268876 2.4626459013026336 -14.99
      vertex -1.0800376874905546 0.7846933118104518 -14.99
    endloop
  endfacet
  facet normal 0 0 -1
    outer loop
      vertex -3.1520430144268876 2.4626459013026336 -14.99
      vertex -3.0641777724759116 2.571150438746158 -14.99
      vertex -1.0519943560649738 0.8219080695597539 -14.99
    endloop
  endfacet
  facet normal -0.8571673007021113 0.5150380749100557 0
    outer loop
      vertex -3.464101615137755 1.9999999999999998 -14.99
      vertex -3.464101615137755 1.9999999999999998 -10.01
      vertex -3.392192384625704 2.1196770569328196 -14.99
    endloop
  endfacet
  facet normal -0.8386705679454245 0.5446390350150265 0
    outer loop
      vertex -3.392192384625704 2.1196770569328196 -14.99
      vertex -3.392192384625704 2.1196770569328196 -10.01
      vertex -3.3161502902201665 2.2367716138829876 -14.99
    endloop
  endfacet
  facet normal -0.819152044288992 0.5735764363510458 0
    outer loop
      vertex -3.3161502902201665 2.2367716138829876 -14.99
      vertex -3.3161502902201665 2.2367716138829876 -10.01
      vertex -3.2360679774997894 2.351141009169893 -14.99
    endloop
  endfacet
  facet normal -0.7986355100472934 0.6018150231520476 0
    outer loop
      vertex -3.2360679774997894 2.351141009169893 -14.99
      vertex -3.2360679774997894 2.351141009169893 -10.01
      vertex -3.1520430144268876 2.4626459013026336 -14.99
    endloop
  endfacet
  facet normal -0.77714596145697 0.6293203910498385 0
    outer loop
      vertex -3.1520430144268876 2.4626459013026336 -14.99
      vertex -3.1520430144268876 2.4626459013026336 -10.01
      vertex -3.0641777724759116 2.571150438746158 -14.99
    endloop
  endfacet
  facet normal -0.7547095802227723 0.6560590289905069 0
    outer loop
      vertex -3.0641777724759116 2.571150438746158 -14.99
      vertex -3.0641777724759116 2.571150438746158 -10.01
      vertex -2.9725793019095765 2.6765224254354334 -14.99
    endloop
  endfacet
  facet normal -0.8571673007021113 0.5150380749100557 0
    outer loop
      vertex -3.392192384625704 2.1196770569328196 -14.99
      vertex -3.464101615137755 1.9999999999999998 -10.01
      vertex -3.392192384625704 2.1196770569328196 -10.01
    endloop
  endfacet
  facet normal -0.8386705679454245 0.5446390350150265 0
    outer loop
      vertex -3.3161502902201665 2.2367716138829876 -14.99
      vertex -3.392192384625704 2.1196770569328196 -10.01
      vertex -3.3161502902201665 2.2367716138829876 -10.01
    endloop
  endfacet
  facet normal -0.819152044288992 0.5735764363510458 0
    outer loop
      vertex -3.2360679774997894 2.351141009169893 -14.99
      vertex -3.3161502902201665 2.2367716138829876 -10.01
      vertex -3.2360679774997894 2.351141009169893 -10.01
    endloop
  endfacet
  facet normal -0.7986355100472934 0.6018150231520476 0
    outer loop
      vertex -3.1520430144268876 2.4626459013026336 -14.99
      vertex -3.2360679774997894 2.351141009169893 -10.01
      vertex -3.1520430144268876 2.4626459013026336 -10.01
    endloop
  endfacet
  facet normal -0.77714596145697 0.6293203910498385 0
    outer loop
      vertex -3.0641777724759116 2.571150438746158 -14.99
      vertex -3.1520430144268876 2.4626459013026336 -10.01
      vertex -3.0641777724759116 2.571150438746158 -10.01
    endloop
  endfacet
  facet normal -0.7547095802227723 0.6560590289905069 0
    outer loop
      vertex -2.9725793019095765 2.6765224254354334 -14.99
      vertex -3.0641777724759116 2.571150438746158 -10.01
      vertex -2.9725793019095765 2.6765224254354334 -10.01
    endloop
  endfacet
  facet normal -0.7313537016191706 0.6819983600624985 0
    outer loop
      vertex -2.9725793019095765 2.6765224254354334 -14.99
      vertex -2.9725793019095765 2.6765224254354334 -10.01
      vertex -2.877359201354605 2.7786334818359886 -14.99
    endloop
  endfacet
  facet normal -0.7071067811865476 0.7071067811865476 0
    outer loop
      vertex -2.877359201354605 2.7786334818359886 -14.99
      vertex -2.877359201354605 2.7786334818359886 -10.01
      vertex -2.7786334818359895 2.8773592013546043 -14.99
    endloop
  endfacet
  facet normal -0.6819983600624987 0.7313537016191702 0
    outer loop
      vertex -2.7786334818359895 2.8773592013546043 -14.99
      vertex -2.7786334818359895 2.8773592013546043 -10.01
      vertex -2.676522425435433 2.972579301909577 -14.99
    endloop
  endfacet
  facet normal 0 0 -1
    outer loop
      vertex -3.0641777724759116 2.571150438746158 -14.99
      vertex -2.9725793019095765 2.6765224254354334 -14.99
      vertex -1.0226693315638355 0.8581214589315301 -14.99
    endloop
  endfacet
  facet normal 0 0 -1
    outer loop
      vertex -2.9725793019095765 2.6765224254354334 -14.99
      vertex -2.877359201354605 2.7786334818359886 -14.99
      vertex -0.9920983420123212 0.8932893594890758 -14.99
    endloop
  endfacet
  facet normal 0 0 -1
    outer loop
      vertex -2.877359201354605 2.7786334818359886 -14.99
      vertex -2.7786334818359895 2.8773592013546043 -14.99
      vertex -0.9603186334520994 0.9273689245627612 -14.99
    endloop
  endfacet
  facet normal 0 0 -1
    outer loop
      vertex -2.7786334818359895 2.8773592013546043 -14.99
      vertex -2.676522425435433 2.972579301909577 -14.99
      vertex -0.9273689245627614 0.9603186334520991 -14.99
    endloop
  endfacet
  facet normal 0 0 -1
    outer loop
      vertex -2.676522425435433 2.972579301909577 -14.99
      vertex -2.5711504387461575 3.064177772475912 -14.99
      vertex -0.8932893594890757 0.9920983420123213 -14.99
    endloop
  endfacet
  facet normal -0.7313537016191706 0.6819983600624985 0
    outer loop
      vertex -2.877359201354605 2.7786334818359886 -14.99
      vertex -2.9725793019095765 2.6765224254354334 -10.01
      vertex -2.877359201354605 2.7786334818359886 -10.01
    endloop
  endfacet
  facet normal -0.7071067811865476 0.7071067811865476 0
    outer loop
      vertex -2.7786334818359895 2.8773592013546043 -14.99
      vertex -2.877359201354605 2.7786334818359886 -10.01
      vertex -2.7786334818359895 2.8773592013546043 -10.01
    endloop
  endfacet
  facet normal -0.6819983600624987 0.7313537016191702 0
    outer loop
      vertex -2.676522425435433 2.972579301909577 -14.99
      vertex -2.7786334818359895 2.8773592013546043 -10.01
      vertex -2.676522425435433 2.972579301909577 -10.01
    endloop
  endfacet
  facet normal -0.6560590289905069 0.7547095802227723 0
    outer loop
      vertex -2.676522425435433 2.972579301909577 -14.99
      vertex -2.676522425435433 2.972579301909577 -10.01
      vertex -2.5711504387461575 3.064177772475912 -14.99
    endloop
  endfacet
  facet normal -0.6293203910498385 0.77714596145697 0
    outer loop
      vertex -2.5711504387461575 3.064177772475912 -14.99
      vertex -2.5711504387461575 3.064177772475912 -10.01
      vertex -2.462645901302633 3.152043014426888 -14.99
    endloop
  endfacet
  facet normal -0.6018150231520462 0.7986355100472945 0
    outer loop
      vertex -2.462645901302633 3.152043014426888 -14.99
      vertex -2.462645901302633 3.152043014426888 -10.01
      vertex -2.351141009169892 3.23606797749979 -14.99
    endloop
  endfacet
  facet normal -0.5735764363510458 0.819152044288992 0
    outer loop
      vertex -2.351141009169892 3.23606797749979 -14.99
      vertex -2.351141009169892 3.23606797749979 -10.01
      vertex -2.2367716138829867 3.316150290220167 -14.99
    endloop
  endfacet
  facet normal -0.544639035015028 0.8386705679454234 0
    outer loop
      vertex -2.2367716138829867 3.316150290220167 -14.99
      vertex -2.2367716138829867 3.316150290220167 -10.01
      vertex -2.119677056932819 3.3921923846257043 -14.99
    endloop
  endfacet
  facet normal -0.5150380749100527 0.8571673007021132 0
    outer loop
      vertex -2.119677056932819 3.3921923846257043 -14.99
      vertex -2.119677056932819 3.3921923846257043 -10.01
      vertex -1.9999999999999991 3.464101615137755 -14.99
    endloop
  endfacet
  facet normal -0.6560590289905069 0.7547095802227723 0
    outer loop
      vertex -2.5711504387461575 3.064177772475912 -14.99
      vertex -2.676522425435433 2.972579301909577 -10.01
      vertex -2.5711504387461575 3.064177772475912 -10.01
    endloop
  endfacet
  facet normal -0.6293203910498385 0.77714596145697 0
    outer loop
      vertex -2.462645901302633 3.152043014426888 -14.99
      vertex -2.5711504387461575 3.064177772475912 -10.01
      vertex -2.462645901302633 3.152043014426888 -10.01
    endloop
  endfacet
  facet normal -0.6018150231520462 0.7986355100472945 0
    outer loop
      vertex -2.351141009169892 3.23606797749979 -14.99
      vertex -2.462645901302633 3.152043014426888 -10.01
      vertex -2.351141009169892 3.23606797749979 -10.01
    endloop
  endfacet
  facet normal -0.5735764363510458 0.819152044288992 0
    outer loop
      vertex -2.2367716138829867 3.316150290220167 -14.99
      vertex -2.351141009169892 3.23606797749979 -10.01
      vertex -2.2367716138829867 3.316150290220167 -10.01
    endloop
  endfacet
  facet normal -0.544639035015028 0.8386705679454234 0
    outer loop
      vertex -2.119677056932819 3.3921923846257043 -14.99
      vertex -2.2367716138829867 3.316150290220167 -10.01
      vertex -2.119677056932819 3.3921923846257043 -10.01
    endloop
  endfacet
  facet normal -0.5150380749100527 0.8571673007021132 0
    outer loop
      vertex -2.119677056932819 3.3921923846257043 -10.01
      vertex -1.9999999999999991 3.464101615137755 -10.01
      vertex -1.9999999999999991 3.464101615137755 -14.99
    endloop
  endfacet
  facet normal 0 0 -1
    outer loop
      vertex -3.531790371435708 1.8778862511435628 -14.99
      vertex -1.1787350364666676 0.626744536319164 -14.99
      vertex -1.199890051809388 0.5852254809634182 -14.99
    endloop
  endfacet
  facet normal 0 0 -1
    outer loop
      vertex -3.464101615137755 1.9999999999999998 -14.99
      vertex -1.1561439140522256 0.6674999999999999 -14.99
      vertex -1.1787350364666676 0.626744536319164 -14.99
    endloop
  endfacet
  facet normal 0 0 -1
    outer loop
      vertex -3.392192384625704 2.1196770569328196 -14.99
      vertex -1.1321442083688287 0.7074422177513285 -14.99
      vertex -1.1561439140522256 0.6674999999999999 -14.99
    endloop
  endfacet
  facet normal 0 0 -1
    outer loop
      vertex -3.3161502902201665 2.2367716138829876 -14.99
      vertex -1.1067651593609806 0.746522526133447 -14.99
      vertex -1.1321442083688287 0.7074422177513285 -14.99
    endloop
  endfacet
  facet normal 0 0 -1
    outer loop
      vertex -3.2360679774997894 2.351141009169893 -14.99
      vertex -1.0800376874905546 0.7846933118104518 -14.99
      vertex -1.1067651593609806 0.746522526133447 -14.99
    endloop
  endfacet
  facet normal 0 0 -1
    outer loop
      vertex -3.1520430144268876 2.4626459013026336 -14.99
      vertex -1.0519943560649738 0.8219080695597539 -14.99
      vertex -1.0800376874905546 0.7846933118104518 -14.99
    endloop
  endfacet
  facet normal 0 0 -1
    outer loop
      vertex -3.0641777724759116 2.571150438746158 -14.99
      vertex -1.0226693315638355 0.8581214589315301 -14.99
      vertex -1.0519943560649738 0.8219080695597539 -14.99
    endloop
  endfacet
  facet normal 0 0 -1
    outer loop
      vertex -2.9725793019095765 2.6765224254354334 -14.99
      vertex -0.9920983420123212 0.8932893594890758 -14.99
      vertex -1.0226693315638355 0.8581214589315301 -14.99
    endloop
  endfacet
  facet normal 0 0 -1
    outer loop
      vertex -2.877359201354605 2.7786334818359886 -14.99
      vertex -0.9603186334520994 0.9273689245627612 -14.99
      vertex -0.9920983420123212 0.8932893594890758 -14.99
    endloop
  endfacet
  facet normal 0 0 -1
    outer loop
      vertex -2.7786334818359895 2.8773592013546043 -14.99
      vertex -0.9273689245627614 0.9603186334520991 -14.99
      vertex -0.9603186334520994 0.9273689245627612 -14.99
    endloop
  endfacet
  facet normal 0 0 -1
    outer loop
      vertex -2.676522425435433 2.972579301909577 -14.99
      vertex -0.8932893594890757 0.9920983420123213 -14.99
      vertex -0.9273689245627614 0.9603186334520991 -14.99
    endloop
  endfacet
  facet normal 0 0 -1
    outer loop
      vertex -2.5711504387461575 3.064177772475912 -14.99
      vertex -0.85812145893153 1.0226693315638355 -14.99
      vertex -0.8932893594890757 0.9920983420123213 -14.99
    endloop
  endfacet
  facet normal 0 0 -1
    outer loop
      vertex -2.462645901302633 3.152043014426888 -14.99
      vertex -0.8219080695597538 1.0519943560649738 -14.99
      vertex -0.85812145893153 1.0226693315638355 -14.99
    endloop
  endfacet
  facet normal 0 0 -1
    outer loop
      vertex -2.351141009169892 3.23606797749979 -14.99
      vertex -0.7846933118104514 1.0800376874905548 -14.99
      vertex -0.8219080695597538 1.0519943560649738 -14.99
    endloop
  endfacet
  facet normal 0 0 -1
    outer loop
      vertex -2.2367716138829867 3.316150290220167 -14.99
      vertex -0.7465225261334468 1.1067651593609806 -14.99
      vertex -0.7846933118104514 1.0800376874905548 -14.99
    endloop
  endfacet
  facet normal 0 0 -1
    outer loop
      vertex -2.119677056932819 3.3921923846257043 -14.99
      vertex -0.7074422177513284 1.1321442083688287 -14.99
      vertex -0.7465225261334468 1.1067651593609806 -14.99
    endloop
  endfacet
  facet normal 0 0 -1
    outer loop
      vertex -1.9999999999999991 3.464101615137755 -14.99
      vertex -0.6674999999999996 1.1561439140522256 -14.99
      vertex -0.7074422177513284 1.1321442083688287 -14.99
    endloop
  endfacet
  facet normal 0 0 -1
    outer loop
      vertex -1.8778862511435637 3.5317903714357075 -14.99
      vertex -0.6267445363191644 1.1787350364666673 -14.99
      vertex -0.6674999999999996 1.1561439140522256 -14.99
    endloop
  endfacet
  facet normal 0 0 -1
    outer loop
      vertex -1.75348458715631 3.5951761851966677 -14.99
      vertex -0.5852254809634184 1.1998900518093878 -14.99
      vertex -0.6267445363191644 1.1787350364666673 -14.99
    endloop
  endfacet
  facet normal 0 0 -1
    outer loop
      vertex -2.5711504387461575 3.064177772475912 -14.99
      vertex -2.462645901302633 3.152043014426888 -14.99
      vertex -0.85812145893153 1.0226693315638355 -14.99
    endloop
  endfacet
  facet normal 0 0 -1
    outer loop
      vertex -2.462645901302633 3.152043014426888 -14.99
      vertex -2.351141009169892 3.23606797749979 -14.99
      vertex -0.8219080695597538 1.0519943560649738 -14.99
    endloop
  endfacet
  facet normal 0 0 -1
    outer loop
      vertex -2.351141009169892 3.23606797749979 -14.99
      vertex -2.2367716138829867 3.316150290220167 -14.99
      vertex -0.7846933118104514 1.0800376874905548 -14.99
    endloop
  endfacet
  facet normal 0 0 -1
    outer loop
      vertex -2.2367716138829867 3.316150290220167 -14.99
      vertex -2.119677056932819 3.3921923846257043 -14.99
      vertex -0.7465225261334468 1.1067651593609806 -14.99
    endloop
  endfacet
  facet normal 0 0 -1
    outer loop
      vertex -2.119677056932819 3.3921923846257043 -14.99
      vertex -1.9999999999999991 3.464101615137755 -14.99
      vertex -0.7074422177513284 1.1321442083688287 -14.99
    endloop
  endfacet
  facet normal 0 0 -1
    outer loop
      vertex -1.9999999999999991 3.464101615137755 -14.99
      vertex -1.8778862511435637 3.5317903714357075 -14.99
      vertex -0.6674999999999996 1.1561439140522256 -14.99
    endloop
  endfacet
  facet normal 0 0 -1
    outer loop
      vertex -1.8778862511435637 3.5317903714357075 -14.99
      vertex -1.75348458715631 3.5951761851966677 -14.99
      vertex -0.6267445363191644 1.1787350364666673 -14.99
    endloop
  endfacet
  facet normal 0 0 -1
    outer loop
      vertex -1.75348458715631 3.5951761851966677 -14.99
      vertex -1.626946572303201 3.6541818305704035 -14.99
      vertex -0.5852254809634184 1.1998900518093878 -14.99
    endloop
  endfacet
  facet normal 0 0 -1
    outer loop
      vertex -1.626946572303201 3.6541818305704035 -14.99
      vertex -1.4984263736636483 3.7087354182671497 -14.99
      vertex -0.5429934185061933 1.219583185952872 -14.99
    endloop
  endfacet
  facet normal 0 0 -1
    outer loop
      vertex -1.4984263736636483 3.7087354182671497 -14.99
      vertex -1.3680805733026749 3.7587704831436337 -14.99
      vertex -0.5000998022102426 1.237790445846661 -14.99
    endloop
  endfacet
  facet normal 0 0 -1
    outer loop
      vertex -1.3680805733026749 3.7587704831436337 -14.99
      vertex -1.2360679774997894 3.8042260651806146 -14.99
      vertex -0.4565968913397677 1.2544896487491877 -14.99
    endloop
  endfacet
  facet normal -0.4848096202463387 0.874619707139395 0
    outer loop
      vertex -1.9999999999999991 3.464101615137755 -14.99
      vertex -1.9999999999999991 3.464101615137755 -10.01
      vertex -1.8778862511435637 3.5317903714357075 -14.99
    endloop
  endfacet
  facet normal -0.45399049973954625 0.8910065241883681 0
    outer loop
      vertex -1.8778862511435637 3.5317903714357075 -14.99
      vertex -1.8778862511435637 3.5317903714357075 -10.01
      vertex -1.75348458715631 3.5951761851966677 -14.99
    endloop
  endfacet
  facet normal -0.42261826174069983 0.9063077870366498 0
    outer loop
      vertex -1.75348458715631 3.5951761851966677 -14.99
      vertex -1.75348458715631 3.5951761851966677 -10.01
      vertex -1.626946572303201 3.6541818305704035 -14.99
    endloop
  endfacet
  facet normal -0.39073112848927477 0.9205048534524399 0
    outer loop
      vertex -1.626946572303201 3.6541818305704035 -14.99
      vertex -1.626946572303201 3.6541818305704035 -10.01
      vertex -1.4984263736636483 3.7087354182671497 -14.99
    endloop
  endfacet
  facet normal -0.35836794954530027 0.9335804264972017 0
    outer loop
      vertex -1.4984263736636483 3.7087354182671497 -14.99
      vertex -1.4984263736636483 3.7087354182671497 -10.01
      vertex -1.3680805733026749 3.7587704831436337 -14.99
    endloop
  endfacet
  facet normal -0.3255681544571568 0.9455185755993167 0
    outer loop
      vertex -1.3680805733026749 3.7587704831436337 -14.99
      vertex -1.3680805733026749 3.7587704831436337 -10.01
      vertex -1.2360679774997894 3.8042260651806146 -14.99
    endloop
  endfacet
  facet normal -0.2923717047227354 0.9563047559630359 0
    outer loop
      vertex -1.2360679774997894 3.8042260651806146 -14.99
      vertex -1.2360679774997894 3.8042260651806146 -10.01
      vertex -1.1025494232679962 3.8450467837532756 -14.99
    endloop
  endfacet
  facet normal -0.25881904510252135 0.9659258262890682 0
    outer loop
      vertex -1.1025494232679962 3.8450467837532756 -14.99
      vertex -1.1025494232679962 3.8450467837532756 -10.01
      vertex -0.9676875823986711 3.881182905103986 -14.99
    endloop
  endfacet
  facet normal -0.4848096202463387 0.874619707139395 0
    outer loop
      vertex -1.8778862511435637 3.5317903714357075 -14.99
      vertex -1.9999999999999991 3.464101615137755 -10.01
      vertex -1.8778862511435637 3.5317903714357075 -10.01
    endloop
  endfacet
  facet normal -0.45399049973954625 0.8910065241883681 0
    outer loop
      vertex -1.75348458715631 3.5951761851966677 -14.99
      vertex -1.8778862511435637 3.5317903714357075 -10.01
      vertex -1.75348458715631 3.5951761851966677 -10.01
    endloop
  endfacet
  facet normal -0.42261826174069983 0.9063077870366498 0
    outer loop
      vertex -1.626946572303201 3.6541818305704035 -14.99
      vertex -1.75348458715631 3.5951761851966677 -10.01
      vertex -1.626946572303201 3.6541818305704035 -10.01
    endloop
  endfacet
  facet normal -0.39073112848927477 0.9205048534524399 0
    outer loop
      vertex -1.4984263736636483 3.7087354182671497 -14.99
      vertex -1.626946572303201 3.6541818305704035 -10.01
      vertex -1.4984263736636483 3.7087354182671497 -10.01
    endloop
  endfacet
  facet normal -0.35836794954530027 0.9335804264972017 0
    outer loop
      vertex -1.3680805733026749 3.7587704831436337 -14.99
      vertex -1.4984263736636483 3.7087354182671497 -10.01
      vertex -1.3680805733026749 3.7587704831436337 -10.01
    endloop
  endfacet
  facet normal -0.3255681544571568 0.9455185755993167 0
    outer loop
      vertex -1.2360679774997894 3.8042260651806146 -14.99
      vertex -1.3680805733026749 3.7587704831436337 -10.01
      vertex -1.2360679774997894 3.8042260651806146 -10.01
    endloop
  endfacet
  facet normal -0.2923717047227354 0.9563047559630359 0
    outer loop
      vertex -1.1025494232679962 3.8450467837532756 -14.99
      vertex -1.2360679774997894 3.8042260651806146 -10.01
      vertex -1.1025494232679962 3.8450467837532756 -10.01
    endloop
  endfacet
  facet normal -0.25881904510252135 0.9659258262890682 0
    outer loop
      vertex -0.9676875823986711 3.881182905103986 -14.99
      vertex -1.1025494232679962 3.8450467837532756 -10.01
      vertex -0.9676875823986711 3.881182905103986 -10.01
    endloop
  endfacet
  facet normal 0 0 -1
    outer loop
      vertex -1.626946572303201 3.6541818305704035 -14.99
      vertex -0.5429934185061933 1.219583185952872 -14.99
      vertex -0.5852254809634184 1.1998900518093878 -14.99
    endloop
  endfacet
  facet normal 0 0 -1
    outer loop
      vertex -1.4984263736636483 3.7087354182671497 -14.99
      vertex -0.5000998022102426 1.237790445846661 -14.99
      vertex -0.5429934185061933 1.219583185952872 -14.99
    endloop
  endfacet
  facet normal 0 0 -1
    outer loop
      vertex -1.3680805733026749 3.7587704831436337 -14.99
      vertex -0.4565968913397677 1.2544896487491877 -14.99
      vertex -0.5000998022102426 1.237790445846661 -14.99
    endloop
  endfacet
  facet normal 0 0 -1
    outer loop
      vertex -1.2360679774997894 3.8042260651806146 -14.99
      vertex -0.4125376874905547 1.26966044925403 -14.99
      vertex -0.4565968913397677 1.2544896487491877 -14.99
    endloop
  endfacet
  facet normal 0 0 -1
    outer loop
      vertex -1.1025494232679962 3.8450467837532756 -14.99
      vertex -0.3679758700156937 1.2832843640776557 -14.99
      vertex -0.4125376874905547 1.26966044925403 -14.99
    endloop
  endfacet
  facet normal 0 0 -1
    outer loop
      vertex -0.9676875823986711 3.881182905103986 -14.99
      vertex -0.3229657306255565 1.2953447945784553 -14.99
      vertex -0.3679758700156937 1.2832843640776557 -14.99
    endloop
  endfacet
  facet normal 0 0 -1
    outer loop
      vertex -1.2360679774997894 3.8042260651806146 -14.99
      vertex -1.1025494232679962 3.8450467837532756 -14.99
      vertex -0.4125376874905547 1.26966044925403 -14.99
    endloop
  endfacet
  facet normal 0 0 -1
    outer loop
      vertex -0.8316467632710374 3.9125904029352228 -14.99
      vertex -0.2775621072417087 1.3058270469796305 -14.99
      vertex -0.3229657306255565 1.2953447945784553 -14.99
    endloop
  endfacet
  facet normal 0 0 -1
    outer loop
      vertex -0.6945927106677212 3.939231012048832 -14.99
      vertex -0.23182031718535195 1.3147183502712976 -14.99
      vertex -0.2775621072417087 1.3058270469796305 -14.99
    endloop
  endfacet
  facet normal 0 0 -1
    outer loop
      vertex -0.5566924038402614 3.9610722749662814 -14.99
      vertex -0.18579608978168724 1.3220078717699963 -14.99
      vertex -0.23182031718535195 1.3147183502712976 -14.99
    endloop
  endfacet
  facet normal 0 0 -1
    outer loop
      vertex -0.4181138530706142 3.978087581473093 -14.99
      vertex -0.13954549846231748 1.3276867303166449 -14.99
      vertex -0.18579608978168724 1.3220078717699963 -14.99
    endloop
  endfacet
  facet normal 0 0 -1
    outer loop
      vertex -0.2790258949765013 3.990256201039297 -14.99
      vertex -0.09312489244840731 1.3317480070968652 -14.99
      vertex -0.13954549846231748 1.3276867303166449 -14.99
    endloop
  endfacet
  facet normal 0 0 -1
    outer loop
      vertex -0.13959798681000382 3.997563308076383 -14.99
      vertex -0.04659082809783877 1.3341867540704928 -14.99
      vertex -0.09312489244840731 1.3317480070968652 -14.99
    endloop
  endfacet
  facet normal 0 0 -1
    outer loop
      vertex 0 4 -14.99
      vertex 0 1.335 -14.99
      vertex -0.04659082809783877 1.3341867540704928 -14.99
    endloop
  endfacet
  facet normal 0 0 -1
    outer loop
      vertex -1.1025494232679962 3.8450467837532756 -14.99
      vertex -0.9676875823986711 3.881182905103986 -14.99
      vertex -0.3679758700156937 1.2832843640776557 -14.99
    endloop
  endfacet
  facet normal 0 0 -1
    outer loop
      vertex -0.9676875823986711 3.881182905103986 -14.99
      vertex -0.8316467632710374 3.9125904029352228 -14.99
      vertex -0.3229657306255565 1.2953447945784553 -14.99
    endloop
  endfacet
  facet normal 0 0 -1
    outer loop
      vertex -0.8316467632710374 3.9125904029352228 -14.99
      vertex -0.6945927106677212 3.939231012048832 -14.99
      vertex -0.2775621072417087 1.3058270469796305 -14.99
    endloop
  endfacet
  facet normal -0.224951054343866 0.9743700647852349 0
    outer loop
      vertex -0.9676875823986711 3.881182905103986 -14.99
      vertex -0.9676875823986711 3.881182905103986 -10.01
      vertex -0.8316467632710374 3.9125904029352228 -14.99
    endloop
  endfacet
  facet normal -0.19080899537654206 0.9816271834476644 0
    outer loop
      vertex -0.8316467632710374 3.9125904029352228 -14.99
      vertex -0.8316467632710374 3.9125904029352228 -10.01
      vertex -0.6945927106677212 3.939231012048832 -14.99
    endloop
  endfacet
  facet normal -0.15643446504023303 0.9876883405951372 0
    outer loop
      vertex -0.6945927106677212 3.939231012048832 -14.99
      vertex -0.6945927106677212 3.939231012048832 -10.01
      vertex -0.5566924038402614 3.9610722749662814 -14.99
    endloop
  endfacet
  facet normal -0.12186934340514544 0.9925461516413223 0
    outer loop
      vertex -0.5566924038402614 3.9610722749662814 -14.99
      vertex -0.5566924038402614 3.9610722749662814 -10.01
      vertex -0.4181138530706142 3.978087581473093 -14.99
    endloop
  endfacet
  facet normal 0 0 -1
    outer loop
      vertex -0.6945927106677212 3.939231012048832 -14.99
      vertex -0.5566924038402614 3.9610722749662814 -14.99
      vertex -0.23182031718535195 1.3147183502712976 -14.99
    endloop
  endfacet
  facet normal 0 0 -1
    outer loop
      vertex -0.5566924038402614 3.9610722749662814 -14.99
      vertex -0.4181138530706142 3.978087581473093 -14.99
      vertex -0.18579608978168724 1.3220078717699963 -14.99
    endloop
  endfacet
  facet normal 0 0 -1
    outer loop
      vertex -0.4181138530706142 3.978087581473093 -14.99
      vertex -0.2790258949765013 3.990256201039297 -14.99
      vertex -0.13954549846231748 1.3276867303166449 -14.99
    endloop
  endfacet
  facet normal 0 0 -1
    outer loop
      vertex -0.2790258949765013 3.990256201039297 -14.99
      vertex -0.13959798681000382 3.997563308076383 -14.99
      vertex -0.09312489244840731 1.3317480070968652 -14.99
    endloop
  endfacet
  facet normal 0 0 -1
    outer loop
      vertex -0.13959798681000382 3.997563308076383 -14.99
      vertex 0 4 -14.99
      vertex -0.04659082809783877 1.3341867540704928 -14.99
    endloop
  endfacet
  facet normal -0.08715574274765796 0.9961946980917455 0
    outer loop
      vertex -0.4181138530706142 3.978087581473093 -14.99
      vertex -0.4181138530706142 3.978087581473093 -10.01
      vertex -0.2790258949765013 3.990256201039297 -14.99
    endloop
  endfacet
  facet normal -0.05233595624294611 0.9986295347545737 0
    outer loop
      vertex -0.2790258949765013 3.990256201039297 -14.99
      vertex -0.2790258949765013 3.990256201039297 -10.01
      vertex -0.13959798681000382 3.997563308076383 -14.99
    endloop
  endfacet
  facet normal -0.017452406437282603 0.9998476951563913 0
    outer loop
      vertex -0.13959798681000382 3.997563308076383 -14.99
      vertex -0.13959798681000382 3.997563308076383 -10.01
      vertex 0 4 -14.99
    endloop
  endfacet
  facet normal -0.224951054343866 0.9743700647852349 0
    outer loop
      vertex -0.8316467632710374 3.9125904029352228 -14.99
      vertex -0.9676875823986711 3.881182905103986 -10.01
      vertex -0.8316467632710374 3.9125904029352228 -10.01
    endloop
  endfacet
  facet normal -0.19080899537654206 0.9816271834476644 0
    outer loop
      vertex -0.6945927106677212 3.939231012048832 -14.99
      vertex -0.8316467632710374 3.9125904029352228 -10.01
      vertex -0.6945927106677212 3.939231012048832 -10.01
    endloop
  endfacet
  facet normal -0.15643446504023303 0.9876883405951372 0
    outer loop
      vertex -0.5566924038402614 3.9610722749662814 -14.99
      vertex -0.6945927106677212 3.939231012048832 -10.01
      vertex -0.5566924038402614 3.9610722749662814 -10.01
    endloop
  endfacet
  facet normal -0.12186934340514544 0.9925461516413223 0
    outer loop
      vertex -0.4181138530706142 3.978087581473093 -14.99
      vertex -0.5566924038402614 3.9610722749662814 -10.01
      vertex -0.4181138530706142 3.978087581473093 -10.01
    endloop
  endfacet
  facet normal -0.08715574274765796 0.9961946980917455 0
    outer loop
      vertex -0.2790258949765013 3.990256201039297 -14.99
      vertex -0.4181138530706142 3.978087581473093 -10.01
      vertex -0.2790258949765013 3.990256201039297 -10.01
    endloop
  endfacet
  facet normal -0.05233595624294611 0.9986295347545737 0
    outer loop
      vertex -0.13959798681000382 3.997563308076383 -14.99
      vertex -0.2790258949765013 3.990256201039297 -10.01
      vertex -0.13959798681000382 3.997563308076383 -10.01
    endloop
  endfacet
  facet normal -0.017452406437282603 0.9998476951563913 0
    outer loop
      vertex -0.13959798681000382 3.997563308076383 -10.01
      vertex 0 4 -10.01
      vertex 0 4 -14.99
    endloop
  endfacet
  facet normal 0.01745240643728244 -0.9998476951563913 0
    outer loop
      vertex 0 -4 -14.99
      vertex 0.13959798681000513 -3.997563308076383 -14.99
      vertex 0.13959798681000513 -3.997563308076383 -10.01
    endloop
  endfacet
  facet normal 0.05233595624294359 -0.9986295347545738 0
    outer loop
      vertex 0.13959798681000513 -3.997563308076383 -14.99
      vertex 0.2790258949765009 -3.9902562010392972 -14.99
      vertex 0.2790258949765009 -3.9902562010392972 -10.01
    endloop
  endfacet
  facet normal 0.08715574274765908 -0.9961946980917454 0
    outer loop
      vertex 0.2790258949765009 -3.9902562010392972 -14.99
      vertex 0.41811385307061194 -3.9780875814730936 -14.99
      vertex 0.41811385307061194 -3.9780875814730936 -10.01
    endloop
  endfacet
  facet normal 0 0 -1
    outer loop
      vertex 0 -4 -14.99
      vertex 0.04659082809783921 -1.3341867540704928 -14.99
      vertex 0.13959798681000513 -3.997563308076383 -14.99
    endloop
  endfacet
  facet normal 0 0 -1
    outer loop
      vertex 0.13959798681000513 -3.997563308076383 -14.99
      vertex 0.09312489244840716 -1.3317480070968655 -14.99
      vertex 0.2790258949765009 -3.9902562010392972 -14.99
    endloop
  endfacet
  facet normal 0 0 -1
    outer loop
      vertex 0.2790258949765009 -3.9902562010392972 -14.99
      vertex 0.13954549846231673 -1.3276867303166449 -14.99
      vertex 0.41811385307061194 -3.9780875814730936 -14.99
    endloop
  endfacet
  facet normal 0 0 -1
    outer loop
      vertex 0.41811385307061194 -3.9780875814730936 -14.99
      vertex 0.18579608978168738 -1.3220078717699963 -14.99
      vertex 0.5566924038402619 -3.9610722749662814 -14.99
    endloop
  endfacet
  facet normal 0 0 -1
    outer loop
      vertex 0.5566924038402619 -3.9610722749662814 -14.99
      vertex 0.2318203171853515 -1.3147183502712978 -14.99
      vertex 0.6945927106677199 -3.9392310120488325 -14.99
    endloop
  endfacet
  facet normal 0.12186934340514621 -0.9925461516413222 0
    outer loop
      vertex 0.41811385307061194 -3.9780875814730936 -14.99
      vertex 0.5566924038402619 -3.9610722749662814 -14.99
      vertex 0.5566924038402619 -3.9610722749662814 -10.01
    endloop
  endfacet
  facet normal 0.15643446504023195 -0.9876883405951375 0
    outer loop
      vertex 0.5566924038402619 -3.9610722749662814 -14.99
      vertex 0.6945927106677199 -3.9392310120488325 -14.99
      vertex 0.6945927106677199 -3.9392310120488325 -10.01
    endloop
  endfacet
  facet normal 0.19080899537654597 -0.9816271834476639 0
    outer loop
      vertex 0.6945927106677199 -3.9392310120488325 -14.99
      vertex 0.8316467632710377 -3.9125904029352223 -14.99
      vertex 0.8316467632710377 -3.9125904029352223 -10.01
    endloop
  endfacet
  facet normal 0.22495105434386273 -0.9743700647852357 0
    outer loop
      vertex 0.8316467632710377 -3.9125904029352223 -14.99
      vertex 0.9676875823986697 -3.8811829051039863 -14.99
      vertex 0.9676875823986697 -3.8811829051039863 -10.01
    endloop
  endfacet
  facet normal 0 0 -1
    outer loop
      vertex 0.6945927106677199 -3.9392310120488325 -14.99
      vertex 0.2775621072417088 -1.3058270469796305 -14.99
      vertex 0.8316467632710377 -3.9125904029352223 -14.99
    endloop
  endfacet
  facet normal 0 0 -1
    outer loop
      vertex 0.8316467632710377 -3.9125904029352223 -14.99
      vertex 0.322965730625556 -1.2953447945784553 -14.99
      vertex 0.9676875823986697 -3.8811829051039863 -14.99
    endloop
  endfacet
  facet normal 0 0 -1
    outer loop
      vertex 0.9676875823986697 -3.8811829051039863 -14.99
      vertex 0.36797587001569415 -1.2832843640776554 -14.99
      vertex 1.1025494232679975 -3.845046783753275 -14.99
    endloop
  endfacet
  facet normal 0.01745240643728244 -0.9998476951563913 0
    outer loop
      vertex 0 -4 -14.99
      vertex 0.13959798681000513 -3.997563308076383 -10.01
      vertex 0 -4 -10.01
    endloop
  endfacet
  facet normal 0.05233595624294359 -0.9986295347545738 0
    outer loop
      vertex 0.13959798681000513 -3.997563308076383 -14.99
      vertex 0.2790258949765009 -3.9902562010392972 -10.01
      vertex 0.13959798681000513 -3.997563308076383 -10.01
    endloop
  endfacet
  facet normal 0.08715574274765908 -0.9961946980917454 0
    outer loop
      vertex 0.2790258949765009 -3.9902562010392972 -14.99
      vertex 0.41811385307061194 -3.9780875814730936 -10.01
      vertex 0.2790258949765009 -3.9902562010392972 -10.01
    endloop
  endfacet
  facet normal 0.12186934340514621 -0.9925461516413222 0
    outer loop
      vertex 0.41811385307061194 -3.9780875814730936 -14.99
      vertex 0.5566924038402619 -3.9610722749662814 -10.01
      vertex 0.41811385307061194 -3.9780875814730936 -10.01
    endloop
  endfacet
  facet normal 0.15643446504023195 -0.9876883405951375 0
    outer loop
      vertex 0.5566924038402619 -3.9610722749662814 -14.99
      vertex 0.6945927106677199 -3.9392310120488325 -10.01
      vertex 0.5566924038402619 -3.9610722749662814 -10.01
    endloop
  endfacet
  facet normal 0.19080899537654597 -0.9816271834476639 0
    outer loop
      vertex 0.6945927106677199 -3.9392310120488325 -14.99
      vertex 0.8316467632710377 -3.9125904029352223 -10.01
      vertex 0.6945927106677199 -3.9392310120488325 -10.01
    endloop
  endfacet
  facet normal 0.22495105434386273 -0.9743700647852357 0
    outer loop
      vertex 0.8316467632710377 -3.9125904029352223 -14.99
      vertex 0.9676875823986697 -3.8811829051039863 -10.01
      vertex 0.8316467632710377 -3.9125904029352223 -10.01
    endloop
  endfacet
  facet normal 0 0 -1
    outer loop
      vertex 0 -4 -14.99
      vertex 0 -1.335 -14.99
      vertex 0.04659082809783921 -1.3341867540704928 -14.99
    endloop
  endfacet
  facet normal 0 0 -1
    outer loop
      vertex 0.13959798681000513 -3.997563308076383 -14.99
      vertex 0.04659082809783921 -1.3341867540704928 -14.99
      vertex 0.09312489244840716 -1.3317480070968655 -14.99
    endloop
  endfacet
  facet normal 0 0 -1
    outer loop
      vertex 0.2790258949765009 -3.9902562010392972 -14.99
      vertex 0.09312489244840716 -1.3317480070968655 -14.99
      vertex 0.13954549846231673 -1.3276867303166449 -14.99
    endloop
  endfacet
  facet normal 0 0 -1
    outer loop
      vertex 0.41811385307061194 -3.9780875814730936 -14.99
      vertex 0.13954549846231673 -1.3276867303166449 -14.99
      vertex 0.18579608978168738 -1.3220078717699963 -14.99
    endloop
  endfacet
  facet normal 0 0 -1
    outer loop
      vertex 0.5566924038402619 -3.9610722749662814 -14.99
      vertex 0.18579608978168738 -1.3220078717699963 -14.99
      vertex 0.2318203171853515 -1.3147183502712978 -14.99
    endloop
  endfacet
  facet normal 0 0 -1
    outer loop
      vertex 0.6945927106677199 -3.9392310120488325 -14.99
      vertex 0.2318203171853515 -1.3147183502712978 -14.99
      vertex 0.2775621072417088 -1.3058270469796305 -14.99
    endloop
  endfacet
  facet normal 0 0 -1
    outer loop
      vertex 0.8316467632710377 -3.9125904029352223 -14.99
      vertex 0.2775621072417088 -1.3058270469796305 -14.99
      vertex 0.322965730625556 -1.2953447945784553 -14.99
    endloop
  endfacet
  facet normal 0 0 -1
    outer loop
      vertex 1.1025494232679975 -3.845046783753275 -14.99
      vertex 0.4125376874905545 -1.26966044925403 -14.99
      vertex 1.236067977499789 -3.8042260651806146 -14.99
    endloop
  endfacet
  facet normal 0 0 -1
    outer loop
      vertex 0.9676875823986697 -3.8811829051039863 -14.99
      vertex 0.322965730625556 -1.2953447945784553 -14.99
      vertex 0.36797587001569415 -1.2832843640776554 -14.99
    endloop
  endfacet
  facet normal 0 0 -1
    outer loop
      vertex 1.1025494232679975 -3.845046783753275 -14.99
      vertex 0.36797587001569415 -1.2832843640776554 -14.99
      vertex 0.4125376874905545 -1.26966044925403 -14.99
    endloop
  endfacet
  facet normal 0 0 -1
    outer loop
      vertex 1.236067977499789 -3.8042260651806146 -14.99
      vertex 0.4125376874905545 -1.26966044925403 -14.99
      vertex 0.4565968913397681 -1.2544896487491877 -14.99
    endloop
  endfacet
  facet normal 0 0 -1
    outer loop
      vertex 1.368080573302676 -3.7587704831436333 -14.99
      vertex 0.4565968913397681 -1.2544896487491877 -14.99
      vertex 0.5000998022102424 -1.237790445846661 -14.99
    endloop
  endfacet
  facet normal 0 0 -1
    outer loop
      vertex 1.4984263736636478 -3.7087354182671497 -14.99
      vertex 0.5000998022102424 -1.237790445846661 -14.99
      vertex 0.5429934185061926 -1.2195831859528725 -14.99
    endloop
  endfacet
  facet normal 0 0 -1
    outer loop
      vertex 1.626946572303199 -3.6541818305704044 -14.99
      vertex 0.5429934185061926 -1.2195831859528725 -14.99
      vertex 0.5852254809634183 -1.199890051809388 -14.99
    endloop
  endfacet
  facet normal 0.2588190451025223 -0.9659258262890679 0
    outer loop
      vertex 0.9676875823986697 -3.8811829051039863 -14.99
      vertex 1.1025494232679975 -3.845046783753275 -14.99
      vertex 1.1025494232679975 -3.845046783753275 -10.01
    endloop
  endfacet
  facet normal 0.292371704722736 -0.9563047559630358 0
    outer loop
      vertex 1.1025494232679975 -3.845046783753275 -14.99
      vertex 1.236067977499789 -3.8042260651806146 -14.99
      vertex 1.236067977499789 -3.8042260651806146 -10.01
    endloop
  endfacet
  facet normal 0.32556815445715614 -0.945518575599317 0
    outer loop
      vertex 1.236067977499789 -3.8042260651806146 -14.99
      vertex 1.368080573302676 -3.7587704831436333 -14.99
      vertex 1.368080573302676 -3.7587704831436333 -10.01
    endloop
  endfacet
  facet normal 0.35836794954530116 -0.9335804264972013 0
    outer loop
      vertex 1.368080573302676 -3.7587704831436333 -14.99
      vertex 1.4984263736636478 -3.7087354182671497 -14.99
      vertex 1.4984263736636478 -3.7087354182671497 -10.01
    endloop
  endfacet
  facet normal 0.39073112848927344 -0.9205048534524405 0
    outer loop
      vertex 1.4984263736636478 -3.7087354182671497 -14.99
      vertex 1.626946572303199 -3.6541818305704044 -14.99
      vertex 1.626946572303199 -3.6541818305704044 -10.01
    endloop
  endfacet
  facet normal 0.42261826174069816 -0.9063077870366506 0
    outer loop
      vertex 1.626946572303199 -3.6541818305704044 -14.99
      vertex 1.7534845871563096 -3.595176185196668 -14.99
      vertex 1.7534845871563096 -3.595176185196668 -10.01
    endloop
  endfacet
  facet normal 0.45399049973954825 -0.8910065241883671 0
    outer loop
      vertex 1.7534845871563096 -3.595176185196668 -14.99
      vertex 1.8778862511435617 -3.5317903714357084 -14.99
      vertex 1.8778862511435617 -3.5317903714357084 -10.01
    endloop
  endfacet
  facet normal 0.4848096202463358 -0.8746197071393964 0
    outer loop
      vertex 1.8778862511435617 -3.5317903714357084 -14.99
      vertex 2.0000000000000004 -3.4641016151377544 -14.99
      vertex 2.0000000000000004 -3.4641016151377544 -10.01
    endloop
  endfacet
  facet normal 0.2588190451025223 -0.9659258262890679 0
    outer loop
      vertex 0.9676875823986697 -3.8811829051039863 -14.99
      vertex 1.1025494232679975 -3.845046783753275 -10.01
      vertex 0.9676875823986697 -3.8811829051039863 -10.01
    endloop
  endfacet
  facet normal 0.292371704722736 -0.9563047559630358 0
    outer loop
      vertex 1.1025494232679975 -3.845046783753275 -14.99
      vertex 1.236067977499789 -3.8042260651806146 -10.01
      vertex 1.1025494232679975 -3.845046783753275 -10.01
    endloop
  endfacet
  facet normal 0.32556815445715614 -0.945518575599317 0
    outer loop
      vertex 1.236067977499789 -3.8042260651806146 -14.99
      vertex 1.368080573302676 -3.7587704831436333 -10.01
      vertex 1.236067977499789 -3.8042260651806146 -10.01
    endloop
  endfacet
  facet normal 0.35836794954530116 -0.9335804264972013 0
    outer loop
      vertex 1.368080573302676 -3.7587704831436333 -14.99
      vertex 1.4984263736636478 -3.7087354182671497 -10.01
      vertex 1.368080573302676 -3.7587704831436333 -10.01
    endloop
  endfacet
  facet normal 0.39073112848927344 -0.9205048534524405 0
    outer loop
      vertex 1.4984263736636478 -3.7087354182671497 -14.99
      vertex 1.626946572303199 -3.6541818305704044 -10.01
      vertex 1.4984263736636478 -3.7087354182671497 -10.01
    endloop
  endfacet
  facet normal 0.42261826174069816 -0.9063077870366506 0
    outer loop
      vertex 1.626946572303199 -3.6541818305704044 -14.99
      vertex 1.7534845871563096 -3.595176185196668 -10.01
      vertex 1.626946572303199 -3.6541818305704044 -10.01
    endloop
  endfacet
  facet normal 0.45399049973954825 -0.8910065241883671 0
    outer loop
      vertex 1.7534845871563096 -3.595176185196668 -14.99
      vertex 1.8778862511435617 -3.5317903714357084 -10.01
      vertex 1.7534845871563096 -3.595176185196668 -10.01
    endloop
  endfacet
  facet normal 0.4848096202463358 -0.8746197071393964 0
    outer loop
      vertex 1.8778862511435617 -3.5317903714357084 -14.99
      vertex 2.0000000000000004 -3.4641016151377544 -10.01
      vertex 1.8778862511435617 -3.5317903714357084 -10.01
    endloop
  endfacet
  facet normal 0 0 -1
    outer loop
      vertex 1.236067977499789 -3.8042260651806146 -14.99
      vertex 0.4565968913397681 -1.2544896487491877 -14.99
      vertex 1.368080573302676 -3.7587704831436333 -14.99
    endloop
  endfacet
  facet normal 0 0 -1
    outer loop
      vertex 1.368080573302676 -3.7587704831436333 -14.99
      vertex 0.5000998022102424 -1.237790445846661 -14.99
      vertex 1.4984263736636478 -3.7087354182671497 -14.99
    endloop
  endfacet
  facet normal 0 0 -1
    outer loop
      vertex 1.4984263736636478 -3.7087354182671497 -14.99
      vertex 0.5429934185061926 -1.2195831859528725 -14.99
      vertex 1.626946572303199 -3.6541818305704044 -14.99
    endloop
  endfacet
  facet normal 0 0 -1
    outer loop
      vertex 1.626946572303199 -3.6541818305704044 -14.99
      vertex 0.5852254809634183 -1.199890051809388 -14.99
      vertex 1.7534845871563096 -3.595176185196668 -14.99
    endloop
  endfacet
  facet normal 0 0 -1
    outer loop
      vertex 1.7534845871563096 -3.595176185196668 -14.99
      vertex 0.6267445363191637 -1.1787350364666676 -14.99
      vertex 1.8778862511435617 -3.5317903714357084 -14.99
    endloop
  endfacet
  facet normal 0 0 -1
    outer loop
      vertex 1.8778862511435617 -3.5317903714357084 -14.99
      vertex 0.6675000000000001 -1.1561439140522254 -14.99
      vertex 2.0000000000000004 -3.4641016151377544 -14.99
    endloop
  endfacet
  facet normal 0 0 -1
    outer loop
      vertex 2.0000000000000004 -3.4641016151377544 -14.99
      vertex 0.7074422177513282 -1.1321442083688287 -14.99
      vertex 2.1196770569328187 -3.3921923846257043 -14.99
    endloop
  endfacet
  facet normal 0 0 -1
    outer loop
      vertex 2.1196770569328187 -3.3921923846257043 -14.99
      vertex 0.7465225261334473 -1.1067651593609806 -14.99
      vertex 2.236771613882988 -3.3161502902201665 -14.99
    endloop
  endfacet
  facet normal 0 0 -1
    outer loop
      vertex 2.236771613882988 -3.3161502902201665 -14.99
      vertex 0.7846933118104513 -1.080037687490555 -14.99
      vertex 2.3511410091698917 -3.2360679774997902 -14.99
    endloop
  endfacet
  facet normal 0 0 -1
    outer loop
      vertex 2.3511410091698917 -3.2360679774997902 -14.99
      vertex 0.821908069559754 -1.0519943560649736 -14.99
      vertex 2.462645901302634 -3.152043014426887 -14.99
    endloop
  endfacet
  facet normal 0 0 -1
    outer loop
      vertex 2.462645901302634 -3.152043014426887 -14.99
      vertex 0.8581214589315299 -1.0226693315638358 -14.99
      vertex 2.571150438746157 -3.0641777724759125 -14.99
    endloop
  endfacet
  facet normal 0 0 -1
    outer loop
      vertex 1.7534845871563096 -3.595176185196668 -14.99
      vertex 0.5852254809634183 -1.199890051809388 -14.99
      vertex 0.6267445363191637 -1.1787350364666676 -14.99
    endloop
  endfacet
  facet normal 0 0 -1
    outer loop
      vertex 1.8778862511435617 -3.5317903714357084 -14.99
      vertex 0.6267445363191637 -1.1787350364666676 -14.99
      vertex 0.6675000000000001 -1.1561439140522254 -14.99
    endloop
  endfacet
  facet normal 0 0 -1
    outer loop
      vertex 2.0000000000000004 -3.4641016151377544 -14.99
      vertex 0.6675000000000001 -1.1561439140522254 -14.99
      vertex 0.7074422177513282 -1.1321442083688287 -14.99
    endloop
  endfacet
  facet normal 0 0 -1
    outer loop
      vertex 2.1196770569328187 -3.3921923846257043 -14.99
      vertex 0.7074422177513282 -1.1321442083688287 -14.99
      vertex 0.7465225261334473 -1.1067651593609806 -14.99
    endloop
  endfacet
  facet normal 0 0 -1
    outer loop
      vertex 2.236771613882988 -3.3161502902201665 -14.99
      vertex 0.7465225261334473 -1.1067651593609806 -14.99
      vertex 0.7846933118104513 -1.080037687490555 -14.99
    endloop
  endfacet
  facet normal 0 0 -1
    outer loop
      vertex 2.3511410091698917 -3.2360679774997902 -14.99
      vertex 0.7846933118104513 -1.080037687490555 -14.99
      vertex 0.821908069559754 -1.0519943560649736 -14.99
    endloop
  endfacet
  facet normal 0 0 -1
    outer loop
      vertex 2.462645901302634 -3.152043014426887 -14.99
      vertex 0.821908069559754 -1.0519943560649736 -14.99
      vertex 0.8581214589315299 -1.0226693315638358 -14.99
    endloop
  endfacet
  facet normal 0 0 -1
    outer loop
      vertex 2.571150438746157 -3.0641777724759125 -14.99
      vertex 0.8581214589315299 -1.0226693315638358 -14.99
      vertex 0.8932893594890752 -0.9920983420123217 -14.99
    endloop
  endfacet
  facet normal 0 0 -1
    outer loop
      vertex 2.676522425435431 -2.9725793019095783 -14.99
      vertex 0.8932893594890752 -0.9920983420123217 -14.99
      vertex 0.9273689245627613 -0.9603186334520991 -14.99
    endloop
  endfacet
  facet normal 0 0 -1
    outer loop
      vertex 2.778633481835989 -2.8773592013546043 -14.99
      vertex 0.9273689245627613 -0.9603186334520991 -14.99
      vertex 0.9603186334520989 -0.9273689245627618 -14.99
    endloop
  endfacet
  facet normal 0 0 -1
    outer loop
      vertex 2.8773592013546034 -2.7786334818359903 -14.99
      vertex 0.9603186334520989 -0.9273689245627618 -14.99
      vertex 0.9920983420123213 -0.8932893594890756 -14.99
    endloop
  endfacet
  facet normal 0 0 -1
    outer loop
      vertex 2.972579301909577 -2.6765224254354325 -14.99
      vertex 0.9920983420123213 -0.8932893594890756 -14.99
      vertex 1.0226693315638353 -0.8581214589315304 -14.99
    endloop
  endfacet
  facet normal 0 0 -1
    outer loop
      vertex 3.064177772475911 -2.5711504387461583 -14.99
      vertex 1.0226693315638353 -0.8581214589315304 -14.99
      vertex 1.0519943560649738 -0.8219080695597536 -14.99
    endloop
  endfacet
  facet normal 0 0 -1
    outer loop
      vertex 3.152043014426888 -2.4626459013026327 -14.99
      vertex 1.0519943560649738 -0.8219080695597536 -14.99
      vertex 1.0800376874905546 -0.7846933118104519 -14.99
    endloop
  endfacet
  facet normal 0 0 -1
    outer loop
      vertex 3.2360679774997894 -2.3511410091698934 -14.99
      vertex 1.0800376874905546 -0.7846933118104519 -14.99
      vertex 1.1067651593609809 -0.7465225261334466 -14.99
    endloop
  endfacet
  facet normal 0 0 -1
    outer loop
      vertex 3.3161502902201674 -2.2367716138829863 -14.99
      vertex 1.1067651593609809 -0.7465225261334466 -14.99
      vertex 1.1321442083688285 -0.7074422177513287 -14.99
    endloop
  endfacet
  facet normal 0 0 -1
    outer loop
      vertex 3.3921923846257034 -2.11967705693282 -14.99
      vertex 1.1321442083688285 -0.7074422177513287 -14.99
      vertex 1.1561439140522252 -0.6675000000000005 -14.99
    endloop
  endfacet
  facet normal 0 0 -1
    outer loop
      vertex 3.4641016151377535 -2.0000000000000018 -14.99
      vertex 1.1561439140522252 -0.6675000000000005 -14.99
      vertex 1.1787350364666676 -0.6267445363191642 -14.99
    endloop
  endfacet
  facet normal 0 0 -1
    outer loop
      vertex 3.531790371435708 -1.8778862511435632 -14.99
      vertex 1.1787350364666676 -0.6267445363191642 -14.99
      vertex 1.1998900518093876 -0.5852254809634189 -14.99
    endloop
  endfacet
  facet normal 0.515038074910056 -0.8571673007021113 0
    outer loop
      vertex 2.0000000000000004 -3.4641016151377544 -14.99
      vertex 2.1196770569328187 -3.3921923846257043 -14.99
      vertex 2.1196770569328187 -3.3921923846257043 -10.01
    endloop
  endfacet
  facet normal 0.5446390350150243 -0.8386705679454258 0
    outer loop
      vertex 2.1196770569328187 -3.3921923846257043 -14.99
      vertex 2.236771613882988 -3.3161502902201665 -14.99
      vertex 2.236771613882988 -3.3161502902201665 -10.01
    endloop
  endfacet
  facet normal 0.5735764363510475 -0.8191520442889909 0
    outer loop
      vertex 2.236771613882988 -3.3161502902201665 -14.99
      vertex 2.3511410091698917 -3.2360679774997902 -14.99
      vertex 2.3511410091698917 -3.2360679774997902 -10.01
    endloop
  endfacet
  facet normal 0.6018150231520477 -0.7986355100472934 0
    outer loop
      vertex 2.3511410091698917 -3.2360679774997902 -14.99
      vertex 2.462645901302634 -3.152043014426887 -14.99
      vertex 2.462645901302634 -3.152043014426887 -10.01
    endloop
  endfacet
  facet normal 0.6293203910498374 -0.7771459614569709 0
    outer loop
      vertex 2.462645901302634 -3.152043014426887 -14.99
      vertex 2.571150438746157 -3.0641777724759125 -14.99
      vertex 2.571150438746157 -3.0641777724759125 -10.01
    endloop
  endfacet
  facet normal 0.656059028990508 -0.7547095802227712 0
    outer loop
      vertex 2.571150438746157 -3.0641777724759125 -14.99
      vertex 2.676522425435431 -2.9725793019095783 -14.99
      vertex 2.676522425435431 -2.9725793019095783 -10.01
    endloop
  endfacet
  facet normal 0.515038074910056 -0.8571673007021113 0
    outer loop
      vertex 2.0000000000000004 -3.4641016151377544 -14.99
      vertex 2.1196770569328187 -3.3921923846257043 -10.01
      vertex 2.0000000000000004 -3.4641016151377544 -10.01
    endloop
  endfacet
  facet normal 0.5446390350150243 -0.8386705679454258 0
    outer loop
      vertex 2.1196770569328187 -3.3921923846257043 -14.99
      vertex 2.236771613882988 -3.3161502902201665 -10.01
      vertex 2.1196770569328187 -3.3921923846257043 -10.01
    endloop
  endfacet
  facet normal 0.5735764363510475 -0.8191520442889909 0
    outer loop
      vertex 2.236771613882988 -3.3161502902201665 -14.99
      vertex 2.3511410091698917 -3.2360679774997902 -10.01
      vertex 2.236771613882988 -3.3161502902201665 -10.01
    endloop
  endfacet
  facet normal 0.6018150231520477 -0.7986355100472934 0
    outer loop
      vertex 2.3511410091698917 -3.2360679774997902 -14.99
      vertex 2.462645901302634 -3.152043014426887 -10.01
      vertex 2.3511410091698917 -3.2360679774997902 -10.01
    endloop
  endfacet
  facet normal 0.6293203910498374 -0.7771459614569709 0
    outer loop
      vertex 2.462645901302634 -3.152043014426887 -14.99
      vertex 2.571150438746157 -3.0641777724759125 -10.01
      vertex 2.462645901302634 -3.152043014426887 -10.01
    endloop
  endfacet
  facet normal 0.656059028990508 -0.7547095802227712 0
    outer loop
      vertex 2.571150438746157 -3.0641777724759125 -14.99
      vertex 2.676522425435431 -2.9725793019095783 -10.01
      vertex 2.571150438746157 -3.0641777724759125 -10.01
    endloop
  endfacet
  facet normal 0 0 -1
    outer loop
      vertex 2.571150438746157 -3.0641777724759125 -14.99
      vertex 0.8932893594890752 -0.9920983420123217 -14.99
      vertex 2.676522425435431 -2.9725793019095783 -14.99
    endloop
  endfacet
  facet normal 0 0 -1
    outer loop
      vertex 2.676522425435431 -2.9725793019095783 -14.99
      vertex 0.9273689245627613 -0.9603186334520991 -14.99
      vertex 2.778633481835989 -2.8773592013546043 -14.99
    endloop
  endfacet
  facet normal 0 0 -1
    outer loop
      vertex 2.778633481835989 -2.8773592013546043 -14.99
      vertex 0.9603186334520989 -0.9273689245627618 -14.99
      vertex 2.8773592013546034 -2.7786334818359903 -14.99
    endloop
  endfacet
  facet normal 0 0 -1
    outer loop
      vertex 2.8773592013546034 -2.7786334818359903 -14.99
      vertex 0.9920983420123213 -0.8932893594890756 -14.99
      vertex 2.972579301909577 -2.6765224254354325 -14.99
    endloop
  endfacet
  facet normal 0 0 -1
    outer loop
      vertex 2.972579301909577 -2.6765224254354325 -14.99
      vertex 1.0226693315638353 -0.8581214589315304 -14.99
      vertex 3.064177772475911 -2.5711504387461583 -14.99
    endloop
  endfacet
  facet normal 0.681998360062499 -0.7313537016191699 0
    outer loop
      vertex 2.676522425435431 -2.9725793019095783 -14.99
      vertex 2.778633481835989 -2.8773592013546043 -14.99
      vertex 2.778633481835989 -2.8773592013546043 -10.01
    endloop
  endfacet
  facet normal 0.707106781186546 -0.7071067811865491 0
    outer loop
      vertex 2.778633481835989 -2.8773592013546043 -14.99
      vertex 2.8773592013546034 -2.7786334818359903 -14.99
      vertex 2.8773592013546034 -2.7786334818359903 -10.01
    endloop
  endfacet
  facet normal 0.7313537016191715 -0.6819983600624974 0
    outer loop
      vertex 2.8773592013546034 -2.7786334818359903 -14.99
      vertex 2.972579301909577 -2.6765224254354325 -14.99
      vertex 2.972579301909577 -2.6765224254354325 -10.01
    endloop
  endfacet
  facet normal 0.681998360062499 -0.7313537016191699 0
    outer loop
      vertex 2.676522425435431 -2.9725793019095783 -14.99
      vertex 2.778633481835989 -2.8773592013546043 -10.01
      vertex 2.676522425435431 -2.9725793019095783 -10.01
    endloop
  endfacet
  facet normal 0.707106781186546 -0.7071067811865491 0
    outer loop
      vertex 2.778633481835989 -2.8773592013546043 -14.99
      vertex 2.8773592013546034 -2.7786334818359903 -10.01
      vertex 2.778633481835989 -2.8773592013546043 -10.01
    endloop
  endfacet
  facet normal 0.7313537016191715 -0.6819983600624974 0
    outer loop
      vertex 2.8773592013546034 -2.7786334818359903 -14.99
      vertex 2.972579301909577 -2.6765224254354325 -10.01
      vertex 2.8773592013546034 -2.7786334818359903 -10.01
    endloop
  endfacet
  facet normal 0.7547095802227712 -0.656059028990508 0
    outer loop
      vertex 2.972579301909577 -2.6765224254354325 -14.99
      vertex 3.064177772475911 -2.5711504387461583 -14.99
      vertex 3.064177772475911 -2.5711504387461583 -10.01
    endloop
  endfacet
  facet normal 0.7771459614569707 -0.6293203910498376 0
    outer loop
      vertex 3.064177772475911 -2.5711504387461583 -14.99
      vertex 3.152043014426888 -2.4626459013026327 -14.99
      vertex 3.152043014426888 -2.4626459013026327 -10.01
    endloop
  endfacet
  facet normal 0.7986355100472913 -0.6018150231520502 0
    outer loop
      vertex 3.152043014426888 -2.4626459013026327 -14.99
      vertex 3.2360679774997894 -2.3511410091698934 -14.99
      vertex 3.2360679774997894 -2.3511410091698934 -10.01
    endloop
  endfacet
  facet normal 0.8191520442889932 -0.5735764363510442 0
    outer loop
      vertex 3.2360679774997894 -2.3511410091698934 -14.99
      vertex 3.3161502902201674 -2.2367716138829863 -14.99
      vertex 3.3161502902201674 -2.2367716138829863 -10.01
    endloop
  endfacet
  facet normal 0.838670567945425 -0.5446390350150256 0
    outer loop
      vertex 3.3161502902201674 -2.2367716138829863 -14.99
      vertex 3.3921923846257034 -2.11967705693282 -14.99
      vertex 3.3921923846257034 -2.11967705693282 -10.01
    endloop
  endfacet
  facet normal 0.8571673007021113 -0.515038074910056 0
    outer loop
      vertex 3.3921923846257034 -2.11967705693282 -14.99
      vertex 3.4641016151377535 -2.0000000000000018 -14.99
      vertex 3.4641016151377535 -2.0000000000000018 -10.01
    endloop
  endfacet
  facet normal 0.7547095802227712 -0.656059028990508 0
    outer loop
      vertex 2.972579301909577 -2.6765224254354325 -14.99
      vertex 3.064177772475911 -2.5711504387461583 -10.01
      vertex 2.972579301909577 -2.6765224254354325 -10.01
    endloop
  endfacet
  facet normal 0.7771459614569707 -0.6293203910498376 0
    outer loop
      vertex 3.064177772475911 -2.5711504387461583 -14.99
      vertex 3.152043014426888 -2.4626459013026327 -10.01
      vertex 3.064177772475911 -2.5711504387461583 -10.01
    endloop
  endfacet
  facet normal 0.7986355100472913 -0.6018150231520502 0
    outer loop
      vertex 3.152043014426888 -2.4626459013026327 -14.99
      vertex 3.2360679774997894 -2.3511410091698934 -10.01
      vertex 3.152043014426888 -2.4626459013026327 -10.01
    endloop
  endfacet
  facet normal 0.8191520442889932 -0.5735764363510442 0
    outer loop
      vertex 3.2360679774997894 -2.3511410091698934 -14.99
      vertex 3.3161502902201674 -2.2367716138829863 -10.01
      vertex 3.2360679774997894 -2.3511410091698934 -10.01
    endloop
  endfacet
  facet normal 0.838670567945425 -0.5446390350150256 0
    outer loop
      vertex 3.3161502902201674 -2.2367716138829863 -14.99
      vertex 3.3921923846257034 -2.11967705693282 -10.01
      vertex 3.3161502902201674 -2.2367716138829863 -10.01
    endloop
  endfacet
  facet normal 0.8571673007021113 -0.515038074910056 0
    outer loop
      vertex 3.3921923846257034 -2.11967705693282 -14.99
      vertex 3.4641016151377535 -2.0000000000000018 -10.01
      vertex 3.3921923846257034 -2.11967705693282 -10.01
    endloop
  endfacet
  facet normal 0 0 -1
    outer loop
      vertex 3.064177772475911 -2.5711504387461583 -14.99
      vertex 1.0519943560649738 -0.8219080695597536 -14.99
      vertex 3.152043014426888 -2.4626459013026327 -14.99
    endloop
  endfacet
  facet normal 0 0 -1
    outer loop
      vertex 3.152043014426888 -2.4626459013026327 -14.99
      vertex 1.0800376874905546 -0.7846933118104519 -14.99
      vertex 3.2360679774997894 -2.3511410091698934 -14.99
    endloop
  endfacet
  facet normal 0 0 -1
    outer loop
      vertex 3.2360679774997894 -2.3511410091698934 -14.99
      vertex 1.1067651593609809 -0.7465225261334466 -14.99
      vertex 3.3161502902201674 -2.2367716138829863 -14.99
    endloop
  endfacet
  facet normal 0 0 -1
    outer loop
      vertex 3.3161502902201674 -2.2367716138829863 -14.99
      vertex 1.1321442083688285 -0.7074422177513287 -14.99
      vertex 3.3921923846257034 -2.11967705693282 -14.99
    endloop
  endfacet
  facet normal 0 0 -1
    outer loop
      vertex 3.3921923846257034 -2.11967705693282 -14.99
      vertex 1.1561439140522252 -0.6675000000000005 -14.99
      vertex 3.4641016151377535 -2.0000000000000018 -14.99
    endloop
  endfacet
  facet normal 0 0 -1
    outer loop
      vertex 3.4641016151377535 -2.0000000000000018 -14.99
      vertex 1.1787350364666676 -0.6267445363191642 -14.99
      vertex 3.531790371435708 -1.8778862511435632 -14.99
    endloop
  endfacet
  facet normal 0 0 -1
    outer loop
      vertex 3.531790371435708 -1.8778862511435632 -14.99
      vertex 1.1998900518093876 -0.5852254809634189 -14.99
      vertex 3.5951761851966673 -1.7534845871563112 -14.99
    endloop
  endfacet
  facet normal 0 0 -1
    outer loop
      vertex 3.5951761851966673 -1.7534845871563112 -14.99
      vertex 1.2195831859528723 -0.5429934185061932 -14.99
      vertex 3.654181830570404 -1.6269465723032006 -14.99
    endloop
  endfacet
  facet normal 0 0 -1
    outer loop
      vertex 3.654181830570404 -1.6269465723032006 -14.99
      vertex 1.237790445846661 -0.500099802210243 -14.99
      vertex 3.7087354182671493 -1.4984263736636494 -14.99
    endloop
  endfacet
  facet normal 0 0 -1
    outer loop
      vertex 3.7087354182671493 -1.4984263736636494 -14.99
      vertex 1.2544896487491877 -0.45659689133976755 -14.99
      vertex 3.7587704831436337 -1.3680805733026744 -14.99
    endloop
  endfacet
  facet normal 0 0 -1
    outer loop
      vertex 3.7587704831436337 -1.3680805733026744 -14.99
      vertex 1.26966044925403 -0.41253768749055514 -14.99
      vertex 3.804226065180614 -1.2360679774997907 -14.99
    endloop
  endfacet
  facet normal 0 0 -1
    outer loop
      vertex 3.5951761851966673 -1.7534845871563112 -14.99
      vertex 1.1998900518093876 -0.5852254809634189 -14.99
      vertex 1.2195831859528723 -0.5429934185061932 -14.99
    endloop
  endfacet
  facet normal 0 0 -1
    outer loop
      vertex 3.654181830570404 -1.6269465723032006 -14.99
      vertex 1.2195831859528723 -0.5429934185061932 -14.99
      vertex 1.237790445846661 -0.500099802210243 -14.99
    endloop
  endfacet
  facet normal 0 0 -1
    outer loop
      vertex 3.7087354182671493 -1.4984263736636494 -14.99
      vertex 1.237790445846661 -0.500099802210243 -14.99
      vertex 1.2544896487491877 -0.45659689133976755 -14.99
    endloop
  endfacet
  facet normal 0 0 -1
    outer loop
      vertex 3.7587704831436337 -1.3680805733026744 -14.99
      vertex 1.2544896487491877 -0.45659689133976755 -14.99
      vertex 1.26966044925403 -0.41253768749055514 -14.99
    endloop
  endfacet
  facet normal 0 0 -1
    outer loop
      vertex 3.804226065180614 -1.2360679774997907 -14.99
      vertex 1.26966044925403 -0.41253768749055514 -14.99
      vertex 1.2832843640776557 -0.3679758700156936 -14.99
    endloop
  endfacet
  facet normal 0 0 -1
    outer loop
      vertex 3.8450467837532756 -1.1025494232679958 -14.99
      vertex 1.2832843640776557 -0.3679758700156936 -14.99
      vertex 1.2953447945784553 -0.3229657306255566 -14.99
    endloop
  endfacet
  facet normal 0 0 -1
    outer loop
      vertex 3.881182905103986 -0.9676875823986715 -14.99
      vertex 1.2953447945784553 -0.3229657306255566 -14.99
      vertex 1.3058270469796305 -0.27756210724170943 -14.99
    endloop
  endfacet
  facet normal 0 0 -1
    outer loop
      vertex 3.9125904029352223 -0.8316467632710395 -14.99
      vertex 1.3058270469796305 -0.27756210724170943 -14.99
      vertex 1.3147183502712976 -0.23182031718535206 -14.99
    endloop
  endfacet
  facet normal 0 0 -1
    outer loop
      vertex 3.939231012048832 -0.6945927106677215 -14.99
      vertex 1.3147183502712976 -0.23182031718535206 -14.99
      vertex 1.3220078717699963 -0.18579608978168793 -14.99
    endloop
  endfacet
  facet normal 0 0 -1
    outer loop
      vertex 3.961072274966281 -0.5566924038402635 -14.99
      vertex 1.3220078717699963 -0.18579608978168793 -14.99
      vertex 1.3276867303166449 -0.1395454984623173 -14.99
    endloop
  endfacet
  facet normal 0 0 -1
    outer loop
      vertex 3.978087581473093 -0.41811385307061366 -14.99
      vertex 1.3276867303166449 -0.1395454984623173 -14.99
      vertex 1.3317480070968652 -0.09312489244840771 -14.99
    endloop
  endfacet
  facet normal 0 0 -1
    outer loop
      vertex 3.990256201039297 -0.27902589497650254 -14.99
      vertex 1.3317480070968652 -0.09312489244840771 -14.99
      vertex 1.3341867540704928 -0.0465908280978386 -14.99
    endloop
  endfacet
  facet normal 0 0 -1
    outer loop
      vertex 3.997563308076383 -0.1395979868100033 -14.99
      vertex 1.3341867540704928 -0.0465908280978386 -14.99
      vertex 1.335 0 -14.99
    endloop
  endfacet
  facet normal 0 0 -1
    outer loop
      vertex 3.804226065180614 -1.2360679774997907 -14.99
      vertex 1.2832843640776557 -0.3679758700156936 -14.99
      vertex 3.8450467837532756 -1.1025494232679958 -14.99
    endloop
  endfacet
  facet normal 0.8746197071393946 -0.4848096202463389 0
    outer loop
      vertex 3.4641016151377535 -2.0000000000000018 -14.99
      vertex 3.531790371435708 -1.8778862511435632 -14.99
      vertex 3.531790371435708 -1.8778862511435632 -10.01
    endloop
  endfacet
  facet normal 0.8910065241883685 -0.45399049973954575 0
    outer loop
      vertex 3.531790371435708 -1.8778862511435632 -14.99
      vertex 3.5951761851966673 -1.7534845871563112 -14.99
      vertex 3.5951761851966673 -1.7534845871563112 -10.01
    endloop
  endfacet
  facet normal 0.9063077870366494 -0.42261826174070083 0
    outer loop
      vertex 3.5951761851966673 -1.7534845871563112 -14.99
      vertex 3.654181830570404 -1.6269465723032006 -14.99
      vertex 3.654181830570404 -1.6269465723032006 -10.01
    endloop
  endfacet
  facet normal 0.9205048534524405 -0.39073112848927344 0
    outer loop
      vertex 3.654181830570404 -1.6269465723032006 -14.99
      vertex 3.7087354182671493 -1.4984263736636494 -14.99
      vertex 3.7087354182671493 -1.4984263736636494 -10.01
    endloop
  endfacet
  facet normal 0.9335804264972022 -0.3583679495452993 0
    outer loop
      vertex 3.7087354182671493 -1.4984263736636494 -14.99
      vertex 3.7587704831436337 -1.3680805733026744 -14.99
      vertex 3.7587704831436337 -1.3680805733026744 -10.01
    endloop
  endfacet
  facet normal 0.9455185755993164 -0.32556815445715787 0
    outer loop
      vertex 3.7587704831436337 -1.3680805733026744 -14.99
      vertex 3.804226065180614 -1.2360679774997907 -14.99
      vertex 3.804226065180614 -1.2360679774997907 -10.01
    endloop
  endfacet
  facet normal 0.9563047559630361 -0.29237170472273466 0
    outer loop
      vertex 3.804226065180614 -1.2360679774997907 -14.99
      vertex 3.8450467837532756 -1.1025494232679958 -14.99
      vertex 3.8450467837532756 -1.1025494232679958 -10.01
    endloop
  endfacet
  facet normal 0.9659258262890679 -0.25881904510252274 0
    outer loop
      vertex 3.8450467837532756 -1.1025494232679958 -14.99
      vertex 3.881182905103986 -0.9676875823986715 -14.99
      vertex 3.881182905103986 -0.9676875823986715 -10.01
    endloop
  endfacet
  facet normal 0.8746197071393946 -0.4848096202463389 0
    outer loop
      vertex 3.4641016151377535 -2.0000000000000018 -14.99
      vertex 3.531790371435708 -1.8778862511435632 -10.01
      vertex 3.4641016151377535 -2.0000000000000018 -10.01
    endloop
  endfacet
  facet normal 0.8910065241883685 -0.45399049973954575 0
    outer loop
      vertex 3.531790371435708 -1.8778862511435632 -14.99
      vertex 3.5951761851966673 -1.7534845871563112 -10.01
      vertex 3.531790371435708 -1.8778862511435632 -10.01
    endloop
  endfacet
  facet normal 0.9063077870366494 -0.42261826174070083 0
    outer loop
      vertex 3.5951761851966673 -1.7534845871563112 -14.99
      vertex 3.654181830570404 -1.6269465723032006 -10.01
      vertex 3.5951761851966673 -1.7534845871563112 -10.01
    endloop
  endfacet
  facet normal 0.9205048534524405 -0.39073112848927344 0
    outer loop
      vertex 3.654181830570404 -1.6269465723032006 -14.99
      vertex 3.7087354182671493 -1.4984263736636494 -10.01
      vertex 3.654181830570404 -1.6269465723032006 -10.01
    endloop
  endfacet
  facet normal 0.9335804264972022 -0.3583679495452993 0
    outer loop
      vertex 3.7087354182671493 -1.4984263736636494 -14.99
      vertex 3.7587704831436337 -1.3680805733026744 -10.01
      vertex 3.7087354182671493 -1.4984263736636494 -10.01
    endloop
  endfacet
  facet normal 0.9455185755993164 -0.32556815445715787 0
    outer loop
      vertex 3.7587704831436337 -1.3680805733026744 -14.99
      vertex 3.804226065180614 -1.2360679774997907 -10.01
      vertex 3.7587704831436337 -1.3680805733026744 -10.01
    endloop
  endfacet
  facet normal 0.9563047559630361 -0.29237170472273466 0
    outer loop
      vertex 3.804226065180614 -1.2360679774997907 -14.99
      vertex 3.8450467837532756 -1.1025494232679958 -10.01
      vertex 3.804226065180614 -1.2360679774997907 -10.01
    endloop
  endfacet
  facet normal 0.9659258262890679 -0.25881904510252274 0
    outer loop
      vertex 3.8450467837532756 -1.1025494232679958 -14.99
      vertex 3.881182905103986 -0.9676875823986715 -10.01
      vertex 3.8450467837532756 -1.1025494232679958 -10.01
    endloop
  endfacet
  facet normal 0 0 -1
    outer loop
      vertex 3.8450467837532756 -1.1025494232679958 -14.99
      vertex 1.2953447945784553 -0.3229657306255566 -14.99
      vertex 3.881182905103986 -0.9676875823986715 -14.99
    endloop
  endfacet
  facet normal 0 0 -1
    outer loop
      vertex 3.881182905103986 -0.9676875823986715 -14.99
      vertex 1.3058270469796305 -0.27756210724170943 -14.99
      vertex 3.9125904029352223 -0.8316467632710395 -14.99
    endloop
  endfacet
  facet normal 0 0 -1
    outer loop
      vertex 3.9125904029352223 -0.8316467632710395 -14.99
      vertex 1.3147183502712976 -0.23182031718535206 -14.99
      vertex 3.939231012048832 -0.6945927106677215 -14.99
    endloop
  endfacet
  facet normal 0 0 -1
    outer loop
      vertex 3.939231012048832 -0.6945927106677215 -14.99
      vertex 1.3220078717699963 -0.18579608978168793 -14.99
      vertex 3.961072274966281 -0.5566924038402635 -14.99
    endloop
  endfacet
  facet normal 0 0 -1
    outer loop
      vertex 3.961072274966281 -0.5566924038402635 -14.99
      vertex 1.3276867303166449 -0.1395454984623173 -14.99
      vertex 3.978087581473093 -0.41811385307061366 -14.99
    endloop
  endfacet
  facet normal 0 0 -1
    outer loop
      vertex 3.978087581473093 -0.41811385307061366 -14.99
      vertex 1.3317480070968652 -0.09312489244840771 -14.99
      vertex 3.990256201039297 -0.27902589497650254 -14.99
    endloop
  endfacet
  facet normal 0 0 -1
    outer loop
      vertex 3.990256201039297 -0.27902589497650254 -14.99
      vertex 1.3341867540704928 -0.0465908280978386 -14.99
      vertex 3.997563308076383 -0.1395979868100033 -14.99
    endloop
  endfacet
  facet normal 0 0 -1
    outer loop
      vertex 3.997563308076383 -0.1395979868100033 -14.99
      vertex 1.335 0 -14.99
      vertex 4 0 -14.99
    endloop
  endfacet
  facet normal 0.9743700647852351 -0.22495105434386578 0
    outer loop
      vertex 3.881182905103986 -0.9676875823986715 -14.99
      vertex 3.9125904029352223 -0.8316467632710395 -14.99
      vertex 3.9125904029352223 -0.8316467632710395 -10.01
    endloop
  endfacet
  facet normal 0.9816271834476643 -0.19080899537654272 0
    outer loop
      vertex 3.9125904029352223 -0.8316467632710395 -14.99
      vertex 3.939231012048832 -0.6945927106677215 -14.99
      vertex 3.939231012048832 -0.6945927106677215 -10.01
    endloop
  endfacet
  facet normal 0.9876883405951375 -0.15643446504023195 0
    outer loop
      vertex 3.939231012048832 -0.6945927106677215 -14.99
      vertex 3.961072274966281 -0.5566924038402635 -14.99
      vertex 3.961072274966281 -0.5566924038402635 -10.01
    endloop
  endfacet
  facet normal 0.9925461516413222 -0.12186934340514625 0
    outer loop
      vertex 3.961072274966281 -0.5566924038402635 -14.99
      vertex 3.978087581473093 -0.41811385307061366 -14.99
      vertex 3.978087581473093 -0.41811385307061366 -10.01
    endloop
  endfacet
  facet normal 0.9961946980917454 -0.08715574274765905 0
    outer loop
      vertex 3.978087581473093 -0.41811385307061366 -14.99
      vertex 3.990256201039297 -0.27902589497650254 -14.99
      vertex 3.990256201039297 -0.27902589497650254 -10.01
    endloop
  endfacet
  facet normal 0.9986295347545738 -0.052335956242945465 0
    outer loop
      vertex 3.990256201039297 -0.27902589497650254 -14.99
      vertex 3.997563308076383 -0.1395979868100033 -14.99
      vertex 3.997563308076383 -0.1395979868100033 -10.01
    endloop
  endfacet
  facet normal 0.9998476951563913 -0.01745240643728267 0
    outer loop
      vertex 3.997563308076383 -0.1395979868100033 -14.99
      vertex 4 0 -14.99
      vertex 4 0 -10.01
    endloop
  endfacet
  facet normal 0.9743700647852351 -0.22495105434386578 0
    outer loop
      vertex 3.881182905103986 -0.9676875823986715 -14.99
      vertex 3.9125904029352223 -0.8316467632710395 -10.01
      vertex 3.881182905103986 -0.9676875823986715 -10.01
    endloop
  endfacet
  facet normal 0.9816271834476643 -0.19080899537654272 0
    outer loop
      vertex 3.9125904029352223 -0.8316467632710395 -14.99
      vertex 3.939231012048832 -0.6945927106677215 -10.01
      vertex 3.9125904029352223 -0.8316467632710395 -10.01
    endloop
  endfacet
  facet normal 0.9876883405951375 -0.15643446504023195 0
    outer loop
      vertex 3.939231012048832 -0.6945927106677215 -14.99
      vertex 3.961072274966281 -0.5566924038402635 -10.01
      vertex 3.939231012048832 -0.6945927106677215 -10.01
    endloop
  endfacet
  facet normal 0.9925461516413222 -0.12186934340514625 0
    outer loop
      vertex 3.961072274966281 -0.5566924038402635 -14.99
      vertex 3.978087581473093 -0.41811385307061366 -10.01
      vertex 3.961072274966281 -0.5566924038402635 -10.01
    endloop
  endfacet
  facet normal 0.9961946980917454 -0.08715574274765905 0
    outer loop
      vertex 3.978087581473093 -0.41811385307061366 -14.99
      vertex 3.990256201039297 -0.27902589497650254 -10.01
      vertex 3.978087581473093 -0.41811385307061366 -10.01
    endloop
  endfacet
  facet normal 0.9986295347545738 -0.052335956242945465 0
    outer loop
      vertex 3.990256201039297 -0.27902589497650254 -14.99
      vertex 3.997563308076383 -0.1395979868100033 -10.01
      vertex 3.990256201039297 -0.27902589497650254 -10.01
    endloop
  endfacet
  facet normal 0.9998476951563913 -0.01745240643728267 0
    outer loop
      vertex 3.997563308076383 -0.1395979868100033 -14.99
      vertex 4 0 -10.01
      vertex 3.997563308076383 -0.1395979868100033 -10.01
    endloop
  endfacet
  facet normal 0 0 -1
    outer loop
      vertex 3.595176185196668 1.7534845871563096 -14.99
      vertex 1.199890051809388 0.5852254809634183 -14.99
      vertex 1.1787350364666676 0.6267445363191642 -14.99
    endloop
  endfacet
  facet normal 0 0 -1
    outer loop
      vertex 1.8778862511435634 3.5317903714357075 -14.99
      vertex 0.6267445363191643 1.1787350364666673 -14.99
      vertex 0.5852254809634184 1.199890051809388 -14.99
    endloop
  endfacet
  facet normal 0 0 -1
    outer loop
      vertex 2.0000000000000004 3.4641016151377544 -14.99
      vertex 0.6675000000000001 1.1561439140522254 -14.99
      vertex 0.6267445363191643 1.1787350364666673 -14.99
    endloop
  endfacet
  facet normal 0 0 -1
    outer loop
      vertex 2.236771613882987 3.316150290220167 -14.99
      vertex 0.7465225261334469 1.1067651593609806 -14.99
      vertex 0.7074422177513285 1.1321442083688287 -14.99
    endloop
  endfacet
  facet normal 0 0 -1
    outer loop
      vertex 2.1196770569328196 3.3921923846257043 -14.99
      vertex 0.7074422177513285 1.1321442083688287 -14.99
      vertex 0.6675000000000001 1.1561439140522254 -14.99
    endloop
  endfacet
  facet normal 0 0 -1
    outer loop
      vertex 2.5711504387461575 3.064177772475912 -14.99
      vertex 0.85812145893153 1.0226693315638355 -14.99
      vertex 0.8219080695597538 1.0519943560649738 -14.99
    endloop
  endfacet
  facet normal 0 0 -1
    outer loop
      vertex 2.676522425435433 2.972579301909577 -14.99
      vertex 0.8932893594890757 0.9920983420123213 -14.99
      vertex 0.85812145893153 1.0226693315638355 -14.99
    endloop
  endfacet
  facet normal 0 0 -1
    outer loop
      vertex 2.3511410091698925 3.23606797749979 -14.99
      vertex 0.7846933118104517 1.0800376874905548 -14.99
      vertex 0.7465225261334469 1.1067651593609806 -14.99
    endloop
  endfacet
  facet normal 0 0 -1
    outer loop
      vertex 2.462645901302633 3.152043014426888 -14.99
      vertex 0.8219080695597538 1.0519943560649738 -14.99
      vertex 0.7846933118104517 1.0800376874905548 -14.99
    endloop
  endfacet
  facet normal 0 0 -1
    outer loop
      vertex 2.972579301909577 2.676522425435433 -14.99
      vertex 0.9920983420123213 0.8932893594890757 -14.99
      vertex 0.9603186334520993 0.9273689245627613 -14.99
    endloop
  endfacet
  facet normal 0 0 -1
    outer loop
      vertex 3.1520430144268876 2.462645901302633 -14.99
      vertex 1.0519943560649738 0.8219080695597539 -14.99
      vertex 1.0226693315638355 0.8581214589315299 -14.99
    endloop
  endfacet
  facet normal 0 0 -1
    outer loop
      vertex 3.064177772475912 2.571150438746157 -14.99
      vertex 1.0226693315638355 0.8581214589315299 -14.99
      vertex 0.9920983420123213 0.8932893594890757 -14.99
    endloop
  endfacet
  facet normal 0 0 -1
    outer loop
      vertex 3.464101615137755 1.9999999999999998 -14.99
      vertex 1.1561439140522256 0.6674999999999999 -14.99
      vertex 1.1321442083688287 0.7074422177513285 -14.99
    endloop
  endfacet
  facet normal 0 0 -1
    outer loop
      vertex 3.531790371435708 1.8778862511435632 -14.99
      vertex 1.1787350364666676 0.6267445363191642 -14.99
      vertex 1.1561439140522256 0.6674999999999999 -14.99
    endloop
  endfacet
  facet normal 0 0 -1
    outer loop
      vertex 3.392192384625704 2.1196770569328196 -14.99
      vertex 1.1321442083688287 0.7074422177513285 -14.99
      vertex 1.1067651593609806 0.746522526133447 -14.99
    endloop
  endfacet
  facet normal 0 0 -1
    outer loop
      vertex 3.23606797749979 2.3511410091698925 -14.99
      vertex 1.0800376874905548 0.7846933118104517 -14.99
      vertex 1.0519943560649738 0.8219080695597539 -14.99
    endloop
  endfacet
  facet normal 0 0 -1
    outer loop
      vertex 3.316150290220167 2.2367716138829876 -14.99
      vertex 1.1067651593609806 0.746522526133447 -14.99
      vertex 1.0800376874905548 0.7846933118104517 -14.99
    endloop
  endfacet
  facet normal 0 0 -1
    outer loop
      vertex 2.778633481835989 2.8773592013546048 -14.99
      vertex 0.9273689245627613 0.9603186334520993 -14.99
      vertex 0.8932893594890757 0.9920983420123213 -14.99
    endloop
  endfacet
  facet normal 0 0 -1
    outer loop
      vertex 2.8773592013546048 2.778633481835989 -14.99
      vertex 0.9603186334520993 0.9273689245627613 -14.99
      vertex 0.9273689245627613 0.9603186334520993 -14.99
    endloop
  endfacet
  facet normal 0 0 -1
    outer loop
      vertex 0.13959798681000432 3.997563308076383 -14.99
      vertex 0.04659082809783894 1.3341867540704928 -14.99
      vertex 0 1.335 -14.99
    endloop
  endfacet
  facet normal 0 0 -1
    outer loop
      vertex 0.27902589497650093 3.990256201039297 -14.99
      vertex 0.09312489244840719 1.3317480070968652 -14.99
      vertex 0.04659082809783894 1.3341867540704928 -14.99
    endloop
  endfacet
  facet normal 0 0 -1
    outer loop
      vertex 0.41811385307061383 3.978087581473093 -14.99
      vertex 0.13954549846231737 1.3276867303166449 -14.99
      vertex 0.09312489244840719 1.3317480070968652 -14.99
    endloop
  endfacet
  facet normal 0 0 -1
    outer loop
      vertex 0.5566924038402619 3.9610722749662814 -14.99
      vertex 0.18579608978168738 1.3220078717699963 -14.99
      vertex 0.13954549846231737 1.3276867303166449 -14.99
    endloop
  endfacet
  facet normal 0 0 -1
    outer loop
      vertex 0.6945927106677217 3.939231012048832 -14.99
      vertex 0.2318203171853521 1.3147183502712976 -14.99
      vertex 0.18579608978168738 1.3220078717699963 -14.99
    endloop
  endfacet
  facet normal 0 0 -1
    outer loop
      vertex 0.8316467632710378 3.9125904029352223 -14.99
      vertex 0.2775621072417089 1.3058270469796305 -14.99
      vertex 0.2318203171853521 1.3147183502712976 -14.99
    endloop
  endfacet
  facet normal 0 0 -1
    outer loop
      vertex 0.9676875823986707 3.881182905103986 -14.99
      vertex 0.32296573062555634 1.2953447945784553 -14.99
      vertex 0.2775621072417089 1.3058270469796305 -14.99
    endloop
  endfacet
  facet normal 0 0 -1
    outer loop
      vertex 1.1025494232679967 3.8450467837532756 -14.99
      vertex 0.3679758700156939 1.2832843640776557 -14.99
      vertex 0.32296573062555634 1.2953447945784553 -14.99
    endloop
  endfacet
  facet normal 0 0 -1
    outer loop
      vertex 1.2360679774997898 3.804226065180614 -14.99
      vertex 0.41253768749055486 1.26966044925403 -14.99
      vertex 0.3679758700156939 1.2832843640776557 -14.99
    endloop
  endfacet
  facet normal 0 0 -1
    outer loop
      vertex 1.3680805733026753 3.7587704831436333 -14.99
      vertex 0.4565968913397679 1.2544896487491877 -14.99
      vertex 0.41253768749055486 1.26966044925403 -14.99
    endloop
  endfacet
  facet normal 0 0 -1
    outer loop
      vertex 1.4984263736636478 3.7087354182671497 -14.99
      vertex 0.5000998022102424 1.237790445846661 -14.99
      vertex 0.4565968913397679 1.2544896487491877 -14.99
    endloop
  endfacet
  facet normal 0 0 -1
    outer loop
      vertex 1.6269465723032008 3.6541818305704035 -14.99
      vertex 0.5429934185061932 1.219583185952872 -14.99
      vertex 0.5000998022102424 1.237790445846661 -14.99
    endloop
  endfacet
  facet normal 0 0 -1
    outer loop
      vertex 1.7534845871563098 3.595176185196668 -14.99
      vertex 0.5852254809634184 1.199890051809388 -14.99
      vertex 0.5429934185061932 1.219583185952872 -14.99
    endloop
  endfacet
  facet normal 0 0 -1
    outer loop
      vertex 1.1025494232679967 3.8450467837532756 -14.99
      vertex 1.2360679774997898 3.804226065180614 -14.99
      vertex 0.3679758700156939 1.2832843640776557 -14.99
    endloop
  endfacet
  facet normal 0 0 -1
    outer loop
      vertex 0 4 -14.99
      vertex 0.13959798681000432 3.997563308076383 -14.99
      vertex 0 1.335 -14.99
    endloop
  endfacet
  facet normal 0 0 -1
    outer loop
      vertex 0.13959798681000432 3.997563308076383 -14.99
      vertex 0.27902589497650093 3.990256201039297 -14.99
      vertex 0.04659082809783894 1.3341867540704928 -14.99
    endloop
  endfacet
  facet normal 0 0 -1
    outer loop
      vertex 0.27902589497650093 3.990256201039297 -14.99
      vertex 0.41811385307061383 3.978087581473093 -14.99
      vertex 0.09312489244840719 1.3317480070968652 -14.99
    endloop
  endfacet
  facet normal 0 0 -1
    outer loop
      vertex 0.41811385307061383 3.978087581473093 -14.99
      vertex 0.5566924038402619 3.9610722749662814 -14.99
      vertex 0.13954549846231737 1.3276867303166449 -14.99
    endloop
  endfacet
  facet normal 0 0 -1
    outer loop
      vertex 0.5566924038402619 3.9610722749662814 -14.99
      vertex 0.6945927106677217 3.939231012048832 -14.99
      vertex 0.18579608978168738 1.3220078717699963 -14.99
    endloop
  endfacet
  facet normal 0.01745240643728254 0.9998476951563913 0
    outer loop
      vertex 0 4 -14.99
      vertex 0 4 -10.01
      vertex 0.13959798681000432 3.997563308076383 -14.99
    endloop
  endfacet
  facet normal 0.052335956242946444 0.9986295347545737 0
    outer loop
      vertex 0.13959798681000432 3.997563308076383 -14.99
      vertex 0.13959798681000432 3.997563308076383 -10.01
      vertex 0.27902589497650093 3.990256201039297 -14.99
    endloop
  endfacet
  facet normal 0.08715574274765796 0.9961946980917455 0
    outer loop
      vertex 0.27902589497650093 3.990256201039297 -14.99
      vertex 0.27902589497650093 3.990256201039297 -10.01
      vertex 0.41811385307061383 3.978087581473093 -14.99
    endloop
  endfacet
  facet normal 0.12186934340514469 0.9925461516413224 0
    outer loop
      vertex 0.41811385307061383 3.978087581473093 -14.99
      vertex 0.41811385307061383 3.978087581473093 -10.01
      vertex 0.5566924038402619 3.9610722749662814 -14.99
    endloop
  endfacet
  facet normal 0 0 -1
    outer loop
      vertex 0.6945927106677217 3.939231012048832 -14.99
      vertex 0.8316467632710378 3.9125904029352223 -14.99
      vertex 0.2318203171853521 1.3147183502712976 -14.99
    endloop
  endfacet
  facet normal 0 0 -1
    outer loop
      vertex 0.8316467632710378 3.9125904029352223 -14.99
      vertex 0.9676875823986707 3.881182905103986 -14.99
      vertex 0.2775621072417089 1.3058270469796305 -14.99
    endloop
  endfacet
  facet normal 0 0 -1
    outer loop
      vertex 0.9676875823986707 3.881182905103986 -14.99
      vertex 1.1025494232679967 3.8450467837532756 -14.99
      vertex 0.32296573062555634 1.2953447945784553 -14.99
    endloop
  endfacet
  facet normal 0.15643446504023303 0.9876883405951372 0
    outer loop
      vertex 0.5566924038402619 3.9610722749662814 -14.99
      vertex 0.5566924038402619 3.9610722749662814 -10.01
      vertex 0.6945927106677217 3.939231012048832 -14.99
    endloop
  endfacet
  facet normal 0.1908089953765451 0.9816271834476639 0
    outer loop
      vertex 0.6945927106677217 3.939231012048832 -14.99
      vertex 0.6945927106677217 3.939231012048832 -10.01
      vertex 0.8316467632710378 3.9125904029352223 -14.99
    endloop
  endfacet
  facet normal 0.2249510543438644 0.9743700647852354 0
    outer loop
      vertex 0.8316467632710378 3.9125904029352223 -14.99
      vertex 0.8316467632710378 3.9125904029352223 -10.01
      vertex 0.9676875823986707 3.881182905103986 -14.99
    endloop
  endfacet
  facet normal 0.01745240643728254 0.9998476951563913 0
    outer loop
      vertex 0.13959798681000432 3.997563308076383 -14.99
      vertex 0 4 -10.01
      vertex 0.13959798681000432 3.997563308076383 -10.01
    endloop
  endfacet
  facet normal 0.052335956242946444 0.9986295347545737 0
    outer loop
      vertex 0.27902589497650093 3.990256201039297 -14.99
      vertex 0.13959798681000432 3.997563308076383 -10.01
      vertex 0.27902589497650093 3.990256201039297 -10.01
    endloop
  endfacet
  facet normal 0.08715574274765796 0.9961946980917455 0
    outer loop
      vertex 0.41811385307061383 3.978087581473093 -14.99
      vertex 0.27902589497650093 3.990256201039297 -10.01
      vertex 0.41811385307061383 3.978087581473093 -10.01
    endloop
  endfacet
  facet normal 0.12186934340514469 0.9925461516413224 0
    outer loop
      vertex 0.5566924038402619 3.9610722749662814 -14.99
      vertex 0.41811385307061383 3.978087581473093 -10.01
      vertex 0.5566924038402619 3.9610722749662814 -10.01
    endloop
  endfacet
  facet normal 0.15643446504023303 0.9876883405951372 0
    outer loop
      vertex 0.6945927106677217 3.939231012048832 -14.99
      vertex 0.5566924038402619 3.9610722749662814 -10.01
      vertex 0.6945927106677217 3.939231012048832 -10.01
    endloop
  endfacet
  facet normal 0.1908089953765451 0.9816271834476639 0
    outer loop
      vertex 0.8316467632710378 3.9125904029352223 -14.99
      vertex 0.6945927106677217 3.939231012048832 -10.01
      vertex 0.8316467632710378 3.9125904029352223 -10.01
    endloop
  endfacet
  facet normal 0.2249510543438644 0.9743700647852354 0
    outer loop
      vertex 0.9676875823986707 3.881182905103986 -14.99
      vertex 0.8316467632710378 3.9125904029352223 -10.01
      vertex 0.9676875823986707 3.881182905103986 -10.01
    endloop
  endfacet
  facet normal 0 0 -1
    outer loop
      vertex 1.2360679774997898 3.804226065180614 -14.99
      vertex 1.3680805733026753 3.7587704831436333 -14.99
      vertex 0.41253768749055486 1.26966044925403 -14.99
    endloop
  endfacet
  facet normal 0 0 -1
    outer loop
      vertex 1.4984263736636478 3.7087354182671497 -14.99
      vertex 0.4565968913397679 1.2544896487491877 -14.99
      vertex 1.3680805733026753 3.7587704831436333 -14.99
    endloop
  endfacet
  facet normal 0 0 -1
    outer loop
      vertex 1.4984263736636478 3.7087354182671497 -14.99
      vertex 1.6269465723032008 3.6541818305704035 -14.99
      vertex 0.5000998022102424 1.237790445846661 -14.99
    endloop
  endfacet
  facet normal 0 0 -1
    outer loop
      vertex 1.6269465723032008 3.6541818305704035 -14.99
      vertex 1.7534845871563098 3.595176185196668 -14.99
      vertex 0.5429934185061932 1.219583185952872 -14.99
    endloop
  endfacet
  facet normal 0 0 -1
    outer loop
      vertex 1.7534845871563098 3.595176185196668 -14.99
      vertex 1.8778862511435634 3.5317903714357075 -14.99
      vertex 0.5852254809634184 1.199890051809388 -14.99
    endloop
  endfacet
  facet normal 0 0 -1
    outer loop
      vertex 2.3511410091698925 3.23606797749979 -14.99
      vertex 2.462645901302633 3.152043014426888 -14.99
      vertex 0.7846933118104517 1.0800376874905548 -14.99
    endloop
  endfacet
  facet normal 0 0 -1
    outer loop
      vertex 2.462645901302633 3.152043014426888 -14.99
      vertex 2.5711504387461575 3.064177772475912 -14.99
      vertex 0.8219080695597538 1.0519943560649738 -14.99
    endloop
  endfacet
  facet normal 0 0 -1
    outer loop
      vertex 1.8778862511435634 3.5317903714357075 -14.99
      vertex 2.0000000000000004 3.4641016151377544 -14.99
      vertex 0.6267445363191643 1.1787350364666673 -14.99
    endloop
  endfacet
  facet normal 0 0 -1
    outer loop
      vertex 2.0000000000000004 3.4641016151377544 -14.99
      vertex 2.1196770569328196 3.3921923846257043 -14.99
      vertex 0.6675000000000001 1.1561439140522254 -14.99
    endloop
  endfacet
  facet normal 0 0 -1
    outer loop
      vertex 2.1196770569328196 3.3921923846257043 -14.99
      vertex 2.236771613882987 3.316150290220167 -14.99
      vertex 0.7074422177513285 1.1321442083688287 -14.99
    endloop
  endfacet
  facet normal 0 0 -1
    outer loop
      vertex 2.236771613882987 3.316150290220167 -14.99
      vertex 2.3511410091698925 3.23606797749979 -14.99
      vertex 0.7465225261334469 1.1067651593609806 -14.99
    endloop
  endfacet
  facet normal 0.25881904510251974 0.9659258262890685 0
    outer loop
      vertex 0.9676875823986707 3.881182905103986 -14.99
      vertex 0.9676875823986707 3.881182905103986 -10.01
      vertex 1.1025494232679967 3.8450467837532756 -14.99
    endloop
  endfacet
  facet normal 0.2923717047227382 0.9563047559630349 0
    outer loop
      vertex 1.1025494232679967 3.8450467837532756 -14.99
      vertex 1.1025494232679967 3.8450467837532756 -10.01
      vertex 1.2360679774997898 3.804226065180614 -14.99
    endloop
  endfacet
  facet normal 0.3583679495452996 0.933580426497202 0
    outer loop
      vertex 1.4984263736636478 3.7087354182671497 -14.99
      vertex 1.3680805733026753 3.7587704831436333 -14.99
      vertex 1.3680805733026753 3.7587704831436333 -10.01
    endloop
  endfacet
  facet normal 0.3255681544571568 0.9455185755993167 0
    outer loop
      vertex 1.2360679774997898 3.804226065180614 -14.99
      vertex 1.2360679774997898 3.804226065180614 -10.01
      vertex 1.3680805733026753 3.7587704831436333 -14.99
    endloop
  endfacet
  facet normal 0.3907311284892742 0.9205048534524402 0
    outer loop
      vertex 1.4984263736636478 3.7087354182671497 -14.99
      vertex 1.4984263736636478 3.7087354182671497 -10.01
      vertex 1.6269465723032008 3.6541818305704035 -14.99
    endloop
  endfacet
  facet normal 0.4226182617406973 0.9063077870366509 0
    outer loop
      vertex 1.6269465723032008 3.6541818305704035 -14.99
      vertex 1.6269465723032008 3.6541818305704035 -10.01
      vertex 1.7534845871563098 3.595176185196668 -14.99
    endloop
  endfacet
  facet normal 0.4539904997395487 0.8910065241883668 0
    outer loop
      vertex 1.7534845871563098 3.595176185196668 -14.99
      vertex 1.7534845871563098 3.595176185196668 -10.01
      vertex 1.8778862511435634 3.5317903714357075 -14.99
    endloop
  endfacet
  facet normal 0.48480962024633645 0.8746197071393962 0
    outer loop
      vertex 1.8778862511435634 3.5317903714357075 -14.99
      vertex 1.8778862511435634 3.5317903714357075 -10.01
      vertex 2.0000000000000004 3.4641016151377544 -14.99
    endloop
  endfacet
  facet normal 0.25881904510251974 0.9659258262890685 0
    outer loop
      vertex 1.1025494232679967 3.8450467837532756 -14.99
      vertex 0.9676875823986707 3.881182905103986 -10.01
      vertex 1.1025494232679967 3.8450467837532756 -10.01
    endloop
  endfacet
  facet normal 0.2923717047227382 0.9563047559630349 0
    outer loop
      vertex 1.2360679774997898 3.804226065180614 -14.99
      vertex 1.1025494232679967 3.8450467837532756 -10.01
      vertex 1.2360679774997898 3.804226065180614 -10.01
    endloop
  endfacet
  facet normal 0.3583679495452996 0.933580426497202 0
    outer loop
      vertex 1.4984263736636478 3.7087354182671497 -14.99
      vertex 1.3680805733026753 3.7587704831436333 -10.01
      vertex 1.4984263736636478 3.7087354182671497 -10.01
    endloop
  endfacet
  facet normal 0.3255681544571568 0.9455185755993167 0
    outer loop
      vertex 1.3680805733026753 3.7587704831436333 -14.99
      vertex 1.2360679774997898 3.804226065180614 -10.01
      vertex 1.3680805733026753 3.7587704831436333 -10.01
    endloop
  endfacet
  facet normal 0.48480962024633645 0.8746197071393962 0
    outer loop
      vertex 1.8778862511435634 3.5317903714357075 -10.01
      vertex 2.0000000000000004 3.4641016151377544 -10.01
      vertex 2.0000000000000004 3.4641016151377544 -14.99
    endloop
  endfacet
  facet normal 0.3907311284892742 0.9205048534524402 0
    outer loop
      vertex 1.6269465723032008 3.6541818305704035 -14.99
      vertex 1.4984263736636478 3.7087354182671497 -10.01
      vertex 1.6269465723032008 3.6541818305704035 -10.01
    endloop
  endfacet
  facet normal 0.4226182617406973 0.9063077870366509 0
    outer loop
      vertex 1.7534845871563098 3.595176185196668 -14.99
      vertex 1.6269465723032008 3.6541818305704035 -10.01
      vertex 1.7534845871563098 3.595176185196668 -10.01
    endloop
  endfacet
  facet normal 0.4539904997395487 0.8910065241883668 0
    outer loop
      vertex 1.8778862511435634 3.5317903714357075 -14.99
      vertex 1.7534845871563098 3.595176185196668 -10.01
      vertex 1.8778862511435634 3.5317903714357075 -10.01
    endloop
  endfacet
  facet normal 0 0 -1
    outer loop
      vertex 4 0 -14.99
      vertex 1.335 0 -14.99
      vertex 1.3341867540704928 0.04659082809783879 -14.99
    endloop
  endfacet
  facet normal 0 0 -1
    outer loop
      vertex 3.997563308076383 0.13959798681000388 -14.99
      vertex 1.3341867540704928 0.04659082809783879 -14.99
      vertex 1.3317480070968652 0.09312489244840727 -14.99
    endloop
  endfacet
  facet normal 0 0 -1
    outer loop
      vertex 3.990256201039297 0.2790258949765012 -14.99
      vertex 1.3317480070968652 0.09312489244840727 -14.99
      vertex 1.3276867303166449 0.13954549846231737 -14.99
    endloop
  endfacet
  facet normal 0 0 -1
    outer loop
      vertex 3.978087581473093 0.4181138530706139 -14.99
      vertex 1.3276867303166449 0.13954549846231737 -14.99
      vertex 1.3220078717699963 0.18579608978168735 -14.99
    endloop
  endfacet
  facet normal 0 0 -1
    outer loop
      vertex 3.9610722749662814 0.5566924038402618 -14.99
      vertex 1.3220078717699963 0.18579608978168735 -14.99
      vertex 1.3147183502712976 0.23182031718535198 -14.99
    endloop
  endfacet
  facet normal 0 0 -1
    outer loop
      vertex 3.939231012048832 0.6945927106677213 -14.99
      vertex 1.3147183502712976 0.23182031718535198 -14.99
      vertex 1.3058270469796305 0.2775621072417087 -14.99
    endloop
  endfacet
  facet normal 0 0 -1
    outer loop
      vertex 3.9125904029352228 0.8316467632710374 -14.99
      vertex 1.3058270469796305 0.2775621072417087 -14.99
      vertex 1.2953447945784553 0.3229657306255564 -14.99
    endloop
  endfacet
  facet normal 0 0 -1
    outer loop
      vertex 3.804226065180614 1.2360679774997896 -14.99
      vertex 1.26966044925403 0.41253768749055475 -14.99
      vertex 1.2544896487491877 0.4565968913397677 -14.99
    endloop
  endfacet
  facet normal 0 0 -1
    outer loop
      vertex 3.881182905103986 0.9676875823986709 -14.99
      vertex 1.2953447945784553 0.3229657306255564 -14.99
      vertex 1.2832843640776557 0.3679758700156939 -14.99
    endloop
  endfacet
  facet normal 0 0 -1
    outer loop
      vertex 3.8450467837532756 1.1025494232679967 -14.99
      vertex 1.2832843640776557 0.3679758700156939 -14.99
      vertex 1.26966044925403 0.41253768749055475 -14.99
    endloop
  endfacet
  facet normal 0 0 -1
    outer loop
      vertex 3.7087354182671497 1.498426373663648 -14.99
      vertex 1.237790445846661 0.5000998022102425 -14.99
      vertex 1.219583185952872 0.5429934185061933 -14.99
    endloop
  endfacet
  facet normal 0 0 -1
    outer loop
      vertex 3.7587704831436337 1.3680805733026749 -14.99
      vertex 1.2544896487491877 0.4565968913397677 -14.99
      vertex 1.237790445846661 0.5000998022102425 -14.99
    endloop
  endfacet
  facet normal 0 0 -1
    outer loop
      vertex 3.6541818305704035 1.6269465723032008 -14.99
      vertex 1.219583185952872 0.5429934185061933 -14.99
      vertex 1.199890051809388 0.5852254809634183 -14.99
    endloop
  endfacet
  facet normal 0 0 -1
    outer loop
      vertex 3.8450467837532756 1.1025494232679967 -14.99
      vertex 1.26966044925403 0.41253768749055475 -14.99
      vertex 3.804226065180614 1.2360679774997896 -14.99
    endloop
  endfacet
  facet normal 0 0 -1
    outer loop
      vertex 3.1520430144268876 2.462645901302633 -14.99
      vertex 1.0226693315638355 0.8581214589315299 -14.99
      vertex 3.064177772475912 2.571150438746157 -14.99
    endloop
  endfacet
  facet normal 0 0 -1
    outer loop
      vertex 3.23606797749979 2.3511410091698925 -14.99
      vertex 1.0519943560649738 0.8219080695597539 -14.99
      vertex 3.1520430144268876 2.462645901302633 -14.99
    endloop
  endfacet
  facet normal 0 0 -1
    outer loop
      vertex 3.7087354182671497 1.498426373663648 -14.99
      vertex 1.219583185952872 0.5429934185061933 -14.99
      vertex 3.6541818305704035 1.6269465723032008 -14.99
    endloop
  endfacet
  facet normal 0 0 -1
    outer loop
      vertex 3.7087354182671497 1.498426373663648 -14.99
      vertex 3.7587704831436337 1.3680805733026749 -14.99
      vertex 1.237790445846661 0.5000998022102425 -14.99
    endloop
  endfacet
  facet normal 0 0 -1
    outer loop
      vertex 3.804226065180614 1.2360679774997896 -14.99
      vertex 1.2544896487491877 0.4565968913397677 -14.99
      vertex 3.7587704831436337 1.3680805733026749 -14.99
    endloop
  endfacet
  facet normal 0 0 -1
    outer loop
      vertex 3.6541818305704035 1.6269465723032008 -14.99
      vertex 1.199890051809388 0.5852254809634183 -14.99
      vertex 3.595176185196668 1.7534845871563096 -14.99
    endloop
  endfacet
  facet normal 0 0 -1
    outer loop
      vertex 3.595176185196668 1.7534845871563096 -14.99
      vertex 1.1787350364666676 0.6267445363191642 -14.99
      vertex 3.531790371435708 1.8778862511435632 -14.99
    endloop
  endfacet
  facet normal 0 0 -1
    outer loop
      vertex 3.316150290220167 2.2367716138829876 -14.99
      vertex 3.392192384625704 2.1196770569328196 -14.99
      vertex 1.1067651593609806 0.746522526133447 -14.99
    endloop
  endfacet
  facet normal 0 0 -1
    outer loop
      vertex 3.392192384625704 2.1196770569328196 -14.99
      vertex 3.464101615137755 1.9999999999999998 -14.99
      vertex 1.1321442083688287 0.7074422177513285 -14.99
    endloop
  endfacet
  facet normal 0 0 -1
    outer loop
      vertex 3.531790371435708 1.8778862511435632 -14.99
      vertex 1.1561439140522256 0.6674999999999999 -14.99
      vertex 3.464101615137755 1.9999999999999998 -14.99
    endloop
  endfacet
  facet normal 0 0 -1
    outer loop
      vertex 3.23606797749979 2.3511410091698925 -14.99
      vertex 3.316150290220167 2.2367716138829876 -14.99
      vertex 1.0800376874905548 0.7846933118104517 -14.99
    endloop
  endfacet
  facet normal 0 0 -1
    outer loop
      vertex 4 0 -14.99
      vertex 1.3341867540704928 0.04659082809783879 -14.99
      vertex 3.997563308076383 0.13959798681000388 -14.99
    endloop
  endfacet
  facet normal 0 0 -1
    outer loop
      vertex 3.997563308076383 0.13959798681000388 -14.99
      vertex 1.3317480070968652 0.09312489244840727 -14.99
      vertex 3.990256201039297 0.2790258949765012 -14.99
    endloop
  endfacet
  facet normal 0 0 -1
    outer loop
      vertex 3.990256201039297 0.2790258949765012 -14.99
      vertex 1.3276867303166449 0.13954549846231737 -14.99
      vertex 3.978087581473093 0.4181138530706139 -14.99
    endloop
  endfacet
  facet normal 0 0 -1
    outer loop
      vertex 3.978087581473093 0.4181138530706139 -14.99
      vertex 1.3220078717699963 0.18579608978168735 -14.99
      vertex 3.9610722749662814 0.5566924038402618 -14.99
    endloop
  endfacet
  facet normal 0 0 -1
    outer loop
      vertex 3.9610722749662814 0.5566924038402618 -14.99
      vertex 1.3147183502712976 0.23182031718535198 -14.99
      vertex 3.939231012048832 0.6945927106677213 -14.99
    endloop
  endfacet
  facet normal 0 0 -1
    outer loop
      vertex 3.939231012048832 0.6945927106677213 -14.99
      vertex 1.3058270469796305 0.2775621072417087 -14.99
      vertex 3.9125904029352228 0.8316467632710374 -14.99
    endloop
  endfacet
  facet normal 0 0 -1
    outer loop
      vertex 3.9125904029352228 0.8316467632710374 -14.99
      vertex 1.2953447945784553 0.3229657306255564 -14.99
      vertex 3.881182905103986 0.9676875823986709 -14.99
    endloop
  endfacet
  facet normal 0 0 -1
    outer loop
      vertex 3.881182905103986 0.9676875823986709 -14.99
      vertex 1.2832843640776557 0.3679758700156939 -14.99
      vertex 3.8450467837532756 1.1025494232679967 -14.99
    endloop
  endfacet
  facet normal 0.9998476951563913 0.017452406437282596 0
    outer loop
      vertex 4 0 -14.99
      vertex 3.997563308076383 0.13959798681000388 -14.99
      vertex 3.997563308076383 0.13959798681000388 -10.01
    endloop
  endfacet
  facet normal 0.9986295347545737 0.05233595624294618 0
    outer loop
      vertex 3.997563308076383 0.13959798681000388 -14.99
      vertex 3.990256201039297 0.2790258949765012 -14.99
      vertex 3.990256201039297 0.2790258949765012 -10.01
    endloop
  endfacet
  facet normal 0.9961946980917455 0.0871557427476581 0
    outer loop
      vertex 3.990256201039297 0.2790258949765012 -14.99
      vertex 3.978087581473093 0.4181138530706139 -14.99
      vertex 3.978087581473093 0.4181138530706139 -10.01
    endloop
  endfacet
  facet normal 0.9925461516413224 0.12186934340514485 0
    outer loop
      vertex 3.978087581473093 0.4181138530706139 -14.99
      vertex 3.9610722749662814 0.5566924038402618 -14.99
      vertex 3.9610722749662814 0.5566924038402618 -10.01
    endloop
  endfacet
  facet normal 0.9876883405951374 0.1564344650402333 0
    outer loop
      vertex 3.9610722749662814 0.5566924038402618 -14.99
      vertex 3.939231012048832 0.6945927106677213 -14.99
      vertex 3.939231012048832 0.6945927106677213 -10.01
    endloop
  endfacet
  facet normal 0.9816271834476645 0.19080899537654225 0
    outer loop
      vertex 3.939231012048832 0.6945927106677213 -14.99
      vertex 3.9125904029352228 0.8316467632710374 -14.99
      vertex 3.9125904029352228 0.8316467632710374 -10.01
    endloop
  endfacet
  facet normal 0.9743700647852349 0.22495105434386636 0
    outer loop
      vertex 3.9125904029352228 0.8316467632710374 -14.99
      vertex 3.881182905103986 0.9676875823986709 -14.99
      vertex 3.881182905103986 0.9676875823986709 -10.01
    endloop
  endfacet
  facet normal 0.9998476951563913 0.017452406437282596 0
    outer loop
      vertex 4 0 -14.99
      vertex 3.997563308076383 0.13959798681000388 -10.01
      vertex 4 0 -10.01
    endloop
  endfacet
  facet normal 0.9986295347545737 0.05233595624294618 0
    outer loop
      vertex 3.997563308076383 0.13959798681000388 -14.99
      vertex 3.990256201039297 0.2790258949765012 -10.01
      vertex 3.997563308076383 0.13959798681000388 -10.01
    endloop
  endfacet
  facet normal 0.9961946980917455 0.0871557427476581 0
    outer loop
      vertex 3.990256201039297 0.2790258949765012 -14.99
      vertex 3.978087581473093 0.4181138530706139 -10.01
      vertex 3.990256201039297 0.2790258949765012 -10.01
    endloop
  endfacet
  facet normal 0.9925461516413224 0.12186934340514485 0
    outer loop
      vertex 3.978087581473093 0.4181138530706139 -14.99
      vertex 3.9610722749662814 0.5566924038402618 -10.01
      vertex 3.978087581473093 0.4181138530706139 -10.01
    endloop
  endfacet
  facet normal 0.9876883405951374 0.1564344650402333 0
    outer loop
      vertex 3.9610722749662814 0.5566924038402618 -14.99
      vertex 3.939231012048832 0.6945927106677213 -10.01
      vertex 3.9610722749662814 0.5566924038402618 -10.01
    endloop
  endfacet
  facet normal 0.9816271834476645 0.19080899537654225 0
    outer loop
      vertex 3.939231012048832 0.6945927106677213 -14.99
      vertex 3.9125904029352228 0.8316467632710374 -10.01
      vertex 3.939231012048832 0.6945927106677213 -10.01
    endloop
  endfacet
  facet normal 0.9743700647852349 0.22495105434386636 0
    outer loop
      vertex 3.9125904029352228 0.8316467632710374 -14.99
      vertex 3.881182905103986 0.9676875823986709 -10.01
      vertex 3.9125904029352228 0.8316467632710374 -10.01
    endloop
  endfacet
  facet normal 0.8746197071393954 0.4848096202463378 0
    outer loop
      vertex 3.531790371435708 1.8778862511435632 -14.99
      vertex 3.464101615137755 1.9999999999999998 -14.99
      vertex 3.464101615137755 1.9999999999999998 -10.01
    endloop
  endfacet
  facet normal 0.9335804264972016 0.3583679495453008 0
    outer loop
      vertex 3.7087354182671497 1.498426373663648 -14.99
      vertex 3.7087354182671497 1.498426373663648 -10.01
      vertex 3.7587704831436337 1.3680805733026749 -14.99
    endloop
  endfacet
  facet normal 0.9659258262890685 0.25881904510252013 0
    outer loop
      vertex 3.881182905103986 0.9676875823986709 -14.99
      vertex 3.8450467837532756 1.1025494232679967 -14.99
      vertex 3.8450467837532756 1.1025494232679967 -10.01
    endloop
  endfacet
  facet normal 0.9563047559630349 0.29237170472273866 0
    outer loop
      vertex 3.8450467837532756 1.1025494232679967 -14.99
      vertex 3.804226065180614 1.2360679774997896 -14.99
      vertex 3.804226065180614 1.2360679774997896 -10.01
    endloop
  endfacet
  facet normal 0.9455185755993176 0.3255681544571544 0
    outer loop
      vertex 3.804226065180614 1.2360679774997896 -14.99
      vertex 3.7587704831436337 1.3680805733026749 -14.99
      vertex 3.7587704831436337 1.3680805733026749 -10.01
    endloop
  endfacet
  facet normal 0.9063077870366506 0.4226182617406979 0
    outer loop
      vertex 3.6541818305704035 1.6269465723032008 -14.99
      vertex 3.595176185196668 1.7534845871563096 -14.99
      vertex 3.595176185196668 1.7534845871563096 -10.01
    endloop
  endfacet
  facet normal 0.9205048534524399 0.39073112848927477 0
    outer loop
      vertex 3.7087354182671497 1.498426373663648 -14.99
      vertex 3.6541818305704035 1.6269465723032008 -14.99
      vertex 3.6541818305704035 1.6269465723032008 -10.01
    endloop
  endfacet
  facet normal 0.8910065241883681 0.45399049973954625 0
    outer loop
      vertex 3.595176185196668 1.7534845871563096 -14.99
      vertex 3.531790371435708 1.8778862511435632 -14.99
      vertex 3.531790371435708 1.8778862511435632 -10.01
    endloop
  endfacet
  facet normal 0.9335804264972016 0.3583679495453008 0
    outer loop
      vertex 3.7587704831436337 1.3680805733026749 -14.99
      vertex 3.7087354182671497 1.498426373663648 -10.01
      vertex 3.7587704831436337 1.3680805733026749 -10.01
    endloop
  endfacet
  facet normal 0.9659258262890685 0.25881904510252013 0
    outer loop
      vertex 3.881182905103986 0.9676875823986709 -14.99
      vertex 3.8450467837532756 1.1025494232679967 -10.01
      vertex 3.881182905103986 0.9676875823986709 -10.01
    endloop
  endfacet
  facet normal 0.9563047559630349 0.29237170472273866 0
    outer loop
      vertex 3.8450467837532756 1.1025494232679967 -14.99
      vertex 3.804226065180614 1.2360679774997896 -10.01
      vertex 3.8450467837532756 1.1025494232679967 -10.01
    endloop
  endfacet
  facet normal 0.9455185755993176 0.3255681544571544 0
    outer loop
      vertex 3.804226065180614 1.2360679774997896 -14.99
      vertex 3.7587704831436337 1.3680805733026749 -10.01
      vertex 3.804226065180614 1.2360679774997896 -10.01
    endloop
  endfacet
  facet normal 0.9205048534524399 0.39073112848927477 0
    outer loop
      vertex 3.7087354182671497 1.498426373663648 -14.99
      vertex 3.6541818305704035 1.6269465723032008 -10.01
      vertex 3.7087354182671497 1.498426373663648 -10.01
    endloop
  endfacet
  facet normal 0.9063077870366506 0.4226182617406979 0
    outer loop
      vertex 3.6541818305704035 1.6269465723032008 -14.99
      vertex 3.595176185196668 1.7534845871563096 -10.01
      vertex 3.6541818305704035 1.6269465723032008 -10.01
    endloop
  endfacet
  facet normal 0.8910065241883681 0.45399049973954625 0
    outer loop
      vertex 3.595176185196668 1.7534845871563096 -14.99
      vertex 3.531790371435708 1.8778862511435632 -10.01
      vertex 3.595176185196668 1.7534845871563096 -10.01
    endloop
  endfacet
  facet normal 0.8746197071393954 0.4848096202463378 0
    outer loop
      vertex 3.531790371435708 1.8778862511435632 -14.99
      vertex 3.464101615137755 1.9999999999999998 -10.01
      vertex 3.531790371435708 1.8778862511435632 -10.01
    endloop
  endfacet
  facet normal 0 0 -1
    outer loop
      vertex 2.778633481835989 2.8773592013546048 -14.99
      vertex 2.8773592013546048 2.778633481835989 -14.99
      vertex 0.9273689245627613 0.9603186334520993 -14.99
    endloop
  endfacet
  facet normal 0 0 -1
    outer loop
      vertex 2.676522425435433 2.972579301909577 -14.99
      vertex 0.85812145893153 1.0226693315638355 -14.99
      vertex 2.5711504387461575 3.064177772475912 -14.99
    endloop
  endfacet
  facet normal 0 0 -1
    outer loop
      vertex 2.676522425435433 2.972579301909577 -14.99
      vertex 2.778633481835989 2.8773592013546048 -14.99
      vertex 0.8932893594890757 0.9920983420123213 -14.99
    endloop
  endfacet
  facet normal 0 0 -1
    outer loop
      vertex 2.972579301909577 2.676522425435433 -14.99
      vertex 3.064177772475912 2.571150438746157 -14.99
      vertex 0.9920983420123213 0.8932893594890757 -14.99
    endloop
  endfacet
  facet normal 0 0 -1
    outer loop
      vertex 2.972579301909577 2.676522425435433 -14.99
      vertex 0.9603186334520993 0.9273689245627613 -14.99
      vertex 2.8773592013546048 2.778633481835989 -14.99
    endloop
  endfacet
  facet normal 0.6819983600624987 0.7313537016191703 0
    outer loop
      vertex 2.676522425435433 2.972579301909577 -14.99
      vertex 2.676522425435433 2.972579301909577 -10.01
      vertex 2.778633481835989 2.8773592013546048 -14.99
    endloop
  endfacet
  facet normal 0.7313537016191703 0.6819983600624987 0
    outer loop
      vertex 2.972579301909577 2.676522425435433 -14.99
      vertex 2.8773592013546048 2.778633481835989 -14.99
      vertex 2.8773592013546048 2.778633481835989 -10.01
    endloop
  endfacet
  facet normal 0.7071067811865476 0.7071067811865476 0
    outer loop
      vertex 2.778633481835989 2.8773592013546048 -14.99
      vertex 2.778633481835989 2.8773592013546048 -10.01
      vertex 2.8773592013546048 2.778633481835989 -14.99
    endloop
  endfacet
  facet normal 0.6819983600624987 0.7313537016191703 0
    outer loop
      vertex 2.778633481835989 2.8773592013546048 -14.99
      vertex 2.676522425435433 2.972579301909577 -10.01
      vertex 2.778633481835989 2.8773592013546048 -10.01
    endloop
  endfacet
  facet normal 0.7313537016191703 0.6819983600624987 0
    outer loop
      vertex 2.972579301909577 2.676522425435433 -14.99
      vertex 2.8773592013546048 2.778633481835989 -10.01
      vertex 2.972579301909577 2.676522425435433 -10.01
    endloop
  endfacet
  facet normal 0.7071067811865476 0.7071067811865476 0
    outer loop
      vertex 2.8773592013546048 2.778633481835989 -14.99
      vertex 2.778633481835989 2.8773592013546048 -10.01
      vertex 2.8773592013546048 2.778633481835989 -10.01
    endloop
  endfacet
  facet normal 0.5150380749100532 0.8571673007021129 0
    outer loop
      vertex 2.0000000000000004 3.4641016151377544 -14.99
      vertex 2.0000000000000004 3.4641016151377544 -10.01
      vertex 2.1196770569328196 3.3921923846257043 -14.99
    endloop
  endfacet
  facet normal 0.544639035015028 0.8386705679454234 0
    outer loop
      vertex 2.1196770569328196 3.3921923846257043 -14.99
      vertex 2.1196770569328196 3.3921923846257043 -10.01
      vertex 2.236771613882987 3.316150290220167 -14.99
    endloop
  endfacet
  facet normal 0.6293203910498385 0.77714596145697 0
    outer loop
      vertex 2.462645901302633 3.152043014426888 -14.99
      vertex 2.462645901302633 3.152043014426888 -10.01
      vertex 2.5711504387461575 3.064177772475912 -14.99
    endloop
  endfacet
  facet normal 0.6018150231520476 0.7986355100472934 0
    outer loop
      vertex 2.3511410091698925 3.23606797749979 -14.99
      vertex 2.3511410091698925 3.23606797749979 -10.01
      vertex 2.462645901302633 3.152043014426888 -14.99
    endloop
  endfacet
  facet normal 0.5735764363510458 0.819152044288992 0
    outer loop
      vertex 2.236771613882987 3.316150290220167 -14.99
      vertex 2.236771613882987 3.316150290220167 -10.01
      vertex 2.3511410091698925 3.23606797749979 -14.99
    endloop
  endfacet
  facet normal 0.6560590289905069 0.7547095802227723 0
    outer loop
      vertex 2.676522425435433 2.972579301909577 -14.99
      vertex 2.5711504387461575 3.064177772475912 -14.99
      vertex 2.5711504387461575 3.064177772475912 -10.01
    endloop
  endfacet
  facet normal 0.5150380749100532 0.8571673007021129 0
    outer loop
      vertex 2.1196770569328196 3.3921923846257043 -14.99
      vertex 2.0000000000000004 3.4641016151377544 -10.01
      vertex 2.1196770569328196 3.3921923846257043 -10.01
    endloop
  endfacet
  facet normal 0.544639035015028 0.8386705679454234 0
    outer loop
      vertex 2.236771613882987 3.316150290220167 -14.99
      vertex 2.1196770569328196 3.3921923846257043 -10.01
      vertex 2.236771613882987 3.316150290220167 -10.01
    endloop
  endfacet
  facet normal 0.6018150231520476 0.7986355100472934 0
    outer loop
      vertex 2.462645901302633 3.152043014426888 -14.99
      vertex 2.3511410091698925 3.23606797749979 -10.01
      vertex 2.462645901302633 3.152043014426888 -10.01
    endloop
  endfacet
  facet normal 0.5735764363510458 0.819152044288992 0
    outer loop
      vertex 2.3511410091698925 3.23606797749979 -14.99
      vertex 2.236771613882987 3.316150290220167 -10.01
      vertex 2.3511410091698925 3.23606797749979 -10.01
    endloop
  endfacet
  facet normal 0.6293203910498385 0.77714596145697 0
    outer loop
      vertex 2.5711504387461575 3.064177772475912 -14.99
      vertex 2.462645901302633 3.152043014426888 -10.01
      vertex 2.5711504387461575 3.064177772475912 -10.01
    endloop
  endfacet
  facet normal 0.6560590289905069 0.7547095802227723 0
    outer loop
      vertex 2.676522425435433 2.972579301909577 -14.99
      vertex 2.5711504387461575 3.064177772475912 -10.01
      vertex 2.676522425435433 2.972579301909577 -10.01
    endloop
  endfacet
  facet normal 0.7986355100472918 0.6018150231520497 0
    outer loop
      vertex 3.23606797749979 2.3511410091698925 -14.99
      vertex 3.1520430144268876 2.462645901302633 -14.99
      vertex 3.1520430144268876 2.462645901302633 -10.01
    endloop
  endfacet
  facet normal 0.8386705679454259 0.5446390350150243 0
    outer loop
      vertex 3.316150290220167 2.2367716138829876 -14.99
      vertex 3.316150290220167 2.2367716138829876 -10.01
      vertex 3.392192384625704 2.1196770569328196 -14.99
    endloop
  endfacet
  facet normal 0.8571673007021113 0.5150380749100557 0
    outer loop
      vertex 3.392192384625704 2.1196770569328196 -14.99
      vertex 3.392192384625704 2.1196770569328196 -10.01
      vertex 3.464101615137755 1.9999999999999998 -14.99
    endloop
  endfacet
  facet normal 0.8191520442889909 0.5735764363510473 0
    outer loop
      vertex 3.23606797749979 2.3511410091698925 -14.99
      vertex 3.23606797749979 2.3511410091698925 -10.01
      vertex 3.316150290220167 2.2367716138829876 -14.99
    endloop
  endfacet
  facet normal 0.7771459614569703 0.6293203910498381 0
    outer loop
      vertex 3.1520430144268876 2.462645901302633 -14.99
      vertex 3.064177772475912 2.571150438746157 -14.99
      vertex 3.064177772475912 2.571150438746157 -10.01
    endloop
  endfacet
  facet normal 0.7547095802227737 0.6560590289905054 0
    outer loop
      vertex 2.972579301909577 2.676522425435433 -14.99
      vertex 2.972579301909577 2.676522425435433 -10.01
      vertex 3.064177772475912 2.571150438746157 -14.99
    endloop
  endfacet
  facet normal 0.7771459614569703 0.6293203910498381 0
    outer loop
      vertex 3.1520430144268876 2.462645901302633 -14.99
      vertex 3.064177772475912 2.571150438746157 -10.01
      vertex 3.1520430144268876 2.462645901302633 -10.01
    endloop
  endfacet
  facet normal 0.7986355100472918 0.6018150231520497 0
    outer loop
      vertex 3.23606797749979 2.3511410091698925 -14.99
      vertex 3.1520430144268876 2.462645901302633 -10.01
      vertex 3.23606797749979 2.3511410091698925 -10.01
    endloop
  endfacet
  facet normal 0.8386705679454259 0.5446390350150243 0
    outer loop
      vertex 3.392192384625704 2.1196770569328196 -14.99
      vertex 3.316150290220167 2.2367716138829876 -10.01
      vertex 3.392192384625704 2.1196770569328196 -10.01
    endloop
  endfacet
  facet normal 0.8571673007021113 0.5150380749100557 0
    outer loop
      vertex 3.464101615137755 1.9999999999999998 -14.99
      vertex 3.392192384625704 2.1196770569328196 -10.01
      vertex 3.464101615137755 1.9999999999999998 -10.01
    endloop
  endfacet
  facet normal 0.8191520442889909 0.5735764363510473 0
    outer loop
      vertex 3.316150290220167 2.2367716138829876 -14.99
      vertex 3.23606797749979 2.3511410091698925 -10.01
      vertex 3.316150290220167 2.2367716138829876 -10.01
    endloop
  endfacet
  facet normal 0.7547095802227737 0.6560590289905054 0
    outer loop
      vertex 3.064177772475912 2.571150438746157 -14.99
      vertex 2.972579301909577 2.676522425435433 -10.01
      vertex 3.064177772475912 2.571150438746157 -10.01
    endloop
  endfacet
  facet normal 0 0 1
    outer loop
      vertex -2.2469851157479175 -1.0959278669726935 -0.5
      vertex -2.2379971752849257 -1.0915441555048027 -0.5
      vertex -2.283863644106502 -1.0168416076895006 -0.5
    endloop
  endfacet
  facet normal 0 0 1
    outer loop
      vertex -2.283863644106502 -1.0168416076895006 -0.5
      vertex -2.2379971752849257 -1.0915441555048027 -0.5
      vertex -2.274728189530076 -1.0127742412587426 -0.5
    endloop
  endfacet
  facet normal 0.9063077870366503 0.4226182617406987 -1.851519825040424e-16
    outer loop
      vertex -2.2469851157479175 -1.0959278669726935 -0.5
      vertex -2.283863644106502 -1.0168416076895006 -0.5
      vertex -2.283863644106502 -1.0168416076895004 0.009999999999999787
    endloop
  endfacet
  facet normal 0.9063077870366508 0.42261826174069783 0
    outer loop
      vertex -2.2469851157479175 -1.0959278669726935 -0.5
      vertex -2.283863644106502 -1.0168416076895004 0.009999999999999787
      vertex -2.2469851157479175 -1.0959278669726935 0.009999999999999787
    endloop
  endfacet
  facet normal 0 0 1
    outer loop
      vertex -2.120120240391065 -1.3247981605830121 -0.5
      vertex -2.111639759429501 -1.3194989679406801 -0.5
      vertex -2.1650635094610964 -1.25 -0.5
    endloop
  endfacet
  facet normal 0 0 1
    outer loop
      vertex -2.111639759429501 -1.3194989679406801 -0.5
      vertex -2.1564032554232524 -1.245 -0.5
      vertex -2.1650635094610964 -1.25 -0.5
    endloop
  endfacet
  facet normal 0 0 1
    outer loop
      vertex -2.072593931387604 -1.3979822586768673 -0.5
      vertex -2.0225424859373686 -1.469463130731183 -0.5
      vertex -2.014452315993619 -1.4635852782082583 -0.5
    endloop
  endfacet
  facet normal 0 0 1
    outer loop
      vertex -2.072593931387604 -1.3979822586768673 -0.5
      vertex -2.014452315993619 -1.4635852782082583 -0.5
      vertex -2.0643035556620535 -1.39239032964216 -0.5
    endloop
  endfacet
  facet normal 0 0 1
    outer loop
      vertex -2.120120240391065 -1.3247981605830121 -0.5
      vertex -2.0643035556620535 -1.39239032964216 -0.5
      vertex -2.111639759429501 -1.3194989679406801 -0.5
    endloop
  endfacet
  facet normal 0 0 1
    outer loop
      vertex -2.120120240391065 -1.3247981605830121 -0.5
      vertex -2.072593931387604 -1.3979822586768673 -0.5
      vertex -2.0643035556620535 -1.39239032964216 -0.5
    endloop
  endfacet
  facet normal 0.8571673007021122 0.5150380749100542 0
    outer loop
      vertex -2.120120240391065 -1.3247981605830121 -0.5
      vertex -2.1650635094610964 -1.25 -0.5
      vertex -2.1650635094610964 -1.25 0.009999999999999787
    endloop
  endfacet
  facet normal 0.8571673007021116 0.5150380749100553 -2.242380899308862e-16
    outer loop
      vertex -2.120120240391065 -1.3247981605830121 -0.5
      vertex -2.1650635094610964 -1.25 0.009999999999999787
      vertex -2.120120240391065 -1.324798160583012 0.009999999999999787
    endloop
  endfacet
  facet normal 0.7986355100472907 0.601815023152051 -2.631107119794281e-16
    outer loop
      vertex -1.9700268840168047 -1.5391536883141457 -0.5
      vertex -2.0225424859373686 -1.469463130731183 -0.5
      vertex -2.0225424859373686 -1.4694631307311827 0.009999999999999787
    endloop
  endfacet
  facet normal 0.8191520442889939 0.5735764363510432 -3.588642258090484e-17
    outer loop
      vertex -2.072593931387604 -1.3979822586768673 -0.5
      vertex -2.0725939313876043 -1.3979822586768667 0.009999999999999787
      vertex -2.0225424859373686 -1.469463130731183 -0.5
    endloop
  endfacet
  facet normal 0.8191520442889931 0.5735764363510442 -2.497246141252451e-16
    outer loop
      vertex -2.0225424859373686 -1.469463130731183 -0.5
      vertex -2.0725939313876043 -1.3979822586768667 0.009999999999999787
      vertex -2.0225424859373686 -1.4694631307311827 0.009999999999999787
    endloop
  endfacet
  facet normal 0.838670567945424 0.544639035015027 -2.371258026601216e-16
    outer loop
      vertex -2.120120240391065 -1.3247981605830121 -0.5
      vertex -2.120120240391065 -1.324798160583012 0.009999999999999787
      vertex -2.072593931387604 -1.3979822586768673 -0.5
    endloop
  endfacet
  facet normal 0.8386705679454249 0.5446390350150259 1.8906023085101908e-17
    outer loop
      vertex -2.072593931387604 -1.3979822586768673 -0.5
      vertex -2.120120240391065 -1.324798160583012 0.009999999999999787
      vertex -2.0725939313876043 -1.3979822586768667 0.009999999999999787
    endloop
  endfacet
  facet normal 0 0 1
    outer loop
      vertex -2.2073689821473175 -1.173678906964727 -0.5
      vertex -2.1985395062187285 -1.1689841913368684 -0.5
      vertex -2.2469851157479175 -1.0959278669726935 -0.5
    endloop
  endfacet
  facet normal 0 0 1
    outer loop
      vertex -2.2073689821473175 -1.173678906964727 -0.5
      vertex -2.1650635094610964 -1.25 -0.5
      vertex -2.1564032554232524 -1.245 -0.5
    endloop
  endfacet
  facet normal 0 0 1
    outer loop
      vertex -2.2073689821473175 -1.173678906964727 -0.5
      vertex -2.1564032554232524 -1.245 -0.5
      vertex -2.1985395062187285 -1.1689841913368684 -0.5
    endloop
  endfacet
  facet normal 0 0 1
    outer loop
      vertex -2.2469851157479175 -1.0959278669726935 -0.5
      vertex -2.1985395062187285 -1.1689841913368684 -0.5
      vertex -2.2379971752849257 -1.0915441555048027 -0.5
    endloop
  endfacet
  facet normal 0.8746197071393936 0.4848096202463409 0
    outer loop
      vertex -2.2073689821473175 -1.173678906964727 -0.5
      vertex -2.2073689821473175 -1.173678906964727 0.009999999999999787
      vertex -2.1650635094610964 -1.25 -0.5
    endloop
  endfacet
  facet normal 0.8910065241883688 0.45399049973954486 0
    outer loop
      vertex -2.2073689821473175 -1.173678906964727 -0.5
      vertex -2.2469851157479175 -1.0959278669726935 0.009999999999999787
      vertex -2.2073689821473175 -1.173678906964727 0.009999999999999787
    endloop
  endfacet
  facet normal 0.8746197071393936 0.4848096202463409 0
    outer loop
      vertex -2.1650635094610964 -1.25 -0.5
      vertex -2.2073689821473175 -1.173678906964727 0.009999999999999787
      vertex -2.1650635094610964 -1.25 0.009999999999999787
    endloop
  endfacet
  facet normal 0.8910065241883688 0.45399049973954486 0
    outer loop
      vertex -2.2073689821473175 -1.173678906964727 -0.5
      vertex -2.2469851157479175 -1.0959278669726935 -0.5
      vertex -2.2469851157479175 -1.0959278669726935 0.009999999999999787
    endloop
  endfacet
  facet normal 0 0 1
    outer loop
      vertex -2.3492315519647713 -0.8550503583141718 -0.5
      vertex -2.3179596364169686 -0.93651648353978 -0.5
      vertex -2.308687797871301 -0.932770417605621 -0.5
    endloop
  endfacet
  facet normal 0 0 1
    outer loop
      vertex -2.3492315519647713 -0.8550503583141718 -0.5
      vertex -2.308687797871301 -0.932770417605621 -0.5
      vertex -2.3398346257569123 -0.8516301568809151 -0.5
    endloop
  endfacet
  facet normal 0 0 1
    outer loop
      vertex -2.283863644106502 -1.0168416076895006 -0.5
      vertex -2.274728189530076 -1.0127742412587426 -0.5
      vertex -2.3179596364169686 -0.93651648353978 -0.5
    endloop
  endfacet
  facet normal 0 0 1
    outer loop
      vertex -2.274728189530076 -1.0127742412587426 -0.5
      vertex -2.308687797871301 -0.932770417605621 -0.5
      vertex -2.3179596364169686 -0.93651648353978 -0.5
    endloop
  endfacet
  facet normal 0 0 1
    outer loop
      vertex -2.3492315519647713 -0.8550503583141718 -0.5
      vertex -2.3398346257569123 -0.8516301568809151 -0.5
      vertex -2.3776412907378837 -0.7725424859373685 -0.5
    endloop
  endfacet
  facet normal 0 0 1
    outer loop
      vertex -2.3776412907378837 -0.7725424859373685 -0.5
      vertex -2.3398346257569123 -0.8516301568809151 -0.5
      vertex -2.3681307255749324 -0.7694523159936191 -0.5
    endloop
  endfacet
  facet normal 0.9335804264972006 0.35836794954530304 0
    outer loop
      vertex -2.3492315519647713 -0.8550503583141718 -0.5
      vertex -2.3492315519647713 -0.8550503583141718 0.009999999999999787
      vertex -2.3179596364169686 -0.93651648353978 -0.5
    endloop
  endfacet
  facet normal 0.9205048534524398 0.3907311284892749 0
    outer loop
      vertex -2.283863644106502 -1.0168416076895006 -0.5
      vertex -2.3179596364169686 -0.93651648353978 -0.5
      vertex -2.3179596364169686 -0.93651648353978 0.009999999999999787
    endloop
  endfacet
  facet normal 0.9335804264972006 0.35836794954530304 0
    outer loop
      vertex -2.3179596364169686 -0.93651648353978 -0.5
      vertex -2.3492315519647713 -0.8550503583141718 0.009999999999999787
      vertex -2.3179596364169686 -0.93651648353978 0.009999999999999787
    endloop
  endfacet
  facet normal 0.9205048534524395 0.3907311284892758 -1.7011713540649595e-16
    outer loop
      vertex -2.283863644106502 -1.0168416076895006 -0.5
      vertex -2.3179596364169686 -0.93651648353978 0.009999999999999787
      vertex -2.283863644106502 -1.0168416076895004 0.009999999999999787
    endloop
  endfacet
  facet normal 0.9455185755993188 0.3255681544571506 -2.826003943482754e-16
    outer loop
      vertex -2.3492315519647713 -0.8550503583141718 -0.5
      vertex -2.3776412907378837 -0.7725424859373685 -0.5
      vertex -2.3776412907378837 -0.7725424859373681 0.009999999999999787
    endloop
  endfacet
  facet normal 0.9455185755993194 0.32556815445714904 0
    outer loop
      vertex -2.3492315519647713 -0.8550503583141718 -0.5
      vertex -2.3776412907378837 -0.7725424859373681 0.009999999999999787
      vertex -2.3492315519647713 -0.8550503583141718 0.009999999999999787
    endloop
  endfacet
  facet normal 0 0 1
    outer loop
      vertex -2.3776412907378837 -0.7725424859373685 -0.5
      vertex -2.3681307255749324 -0.7694523159936191 -0.5
      vertex -2.4031542398457972 -0.6890933895424979 -0.5
    endloop
  endfacet
  facet normal 0 0 1
    outer loop
      vertex -2.3681307255749324 -0.7694523159936191 -0.5
      vertex -2.3935416228864144 -0.686337015984328 -0.5
      vertex -2.4031542398457972 -0.6890933895424979 -0.5
    endloop
  endfacet
  facet normal 0 0 1
    outer loop
      vertex -2.4031542398457972 -0.6890933895424979 -0.5
      vertex -2.3935416228864144 -0.686337015984328 -0.5
      vertex -2.425739315689991 -0.6048047389991693 -0.5
    endloop
  endfacet
  facet normal 0 0 1
    outer loop
      vertex -2.3935416228864144 -0.686337015984328 -0.5
      vertex -2.4160363584272315 -0.6023855200431727 -0.5
      vertex -2.425739315689991 -0.6048047389991693 -0.5
    endloop
  endfacet
  facet normal 0 0 1
    outer loop
      vertex -2.425739315689991 -0.6048047389991693 -0.5
      vertex -2.4160363584272315 -0.6023855200431727 -0.5
      vertex -2.4453690018345142 -0.5197792270443984 -0.5
    endloop
  endfacet
  facet normal 0 0 1
    outer loop
      vertex -2.4453690018345142 -0.5197792270443984 -0.5
      vertex -2.4160363584272315 -0.6023855200431727 -0.5
      vertex -2.4355875258271764 -0.5177001101362209 -0.5
    endloop
  endfacet
  facet normal 0.9563047559630345 0.29237170472274027 -1.94896823688465e-16
    outer loop
      vertex -2.3776412907378837 -0.7725424859373685 -0.5
      vertex -2.4031542398457972 -0.6890933895424979 -0.5
      vertex -2.4031542398457972 -0.6890933895424975 0.009999999999999787
    endloop
  endfacet
  facet normal 0.9659258262890685 0.2588190451025196 -2.826003943482751e-16
    outer loop
      vertex -2.4031542398457972 -0.6890933895424979 -0.5
      vertex -2.425739315689991 -0.6048047389991693 -0.5
      vertex -2.425739315689991 -0.6048047389991688 0.009999999999999787
    endloop
  endfacet
  facet normal 0.9563047559630343 0.29237170472274066 -2.5458650849576033e-16
    outer loop
      vertex -2.3776412907378837 -0.7725424859373685 -0.5
      vertex -2.4031542398457972 -0.6890933895424975 0.009999999999999787
      vertex -2.3776412907378837 -0.7725424859373681 0.009999999999999787
    endloop
  endfacet
  facet normal 0.9659258262890688 0.2588190451025189 -1.6902756652018442e-16
    outer loop
      vertex -2.4031542398457972 -0.6890933895424979 -0.5
      vertex -2.425739315689991 -0.6048047389991688 0.009999999999999787
      vertex -2.4031542398457972 -0.6890933895424975 0.009999999999999787
    endloop
  endfacet
  facet normal 0.9743700647852347 0.22495105434386703 0
    outer loop
      vertex -2.425739315689991 -0.6048047389991693 -0.5
      vertex -2.4453690018345142 -0.5197792270443984 -0.5
      vertex -2.4453690018345142 -0.5197792270443984 0.009999999999999787
    endloop
  endfacet
  facet normal 0.9743700647852344 0.22495105434386842 -2.448488626924193e-16
    outer loop
      vertex -2.425739315689991 -0.6048047389991693 -0.5
      vertex -2.4453690018345142 -0.5197792270443984 0.009999999999999787
      vertex -2.425739315689991 -0.6048047389991688 0.009999999999999787
    endloop
  endfacet
  facet normal 0 0 1
    outer loop
      vertex -2.4453690018345142 -0.5197792270443984 -0.5
      vertex -2.4355875258271764 -0.5177001101362209 -0.5
      vertex -2.46201938253052 -0.4341204441673258 -0.5
    endloop
  endfacet
  facet normal 0 0 1
    outer loop
      vertex -2.4355875258271764 -0.5177001101362209 -0.5
      vertex -2.452171305000398 -0.4323839623906565 -0.5
      vertex -2.46201938253052 -0.4341204441673258 -0.5
    endloop
  endfacet
  facet normal 0 0 1
    outer loop
      vertex -2.46201938253052 -0.4341204441673258 -0.5
      vertex -2.452171305000398 -0.4323839623906565 -0.5
      vertex -2.475670171853926 -0.3479327524001636 -0.5
    endloop
  endfacet
  facet normal 0 0 1
    outer loop
      vertex -2.452171305000398 -0.4323839623906565 -0.5
      vertex -2.465767491166511 -0.34654102139056303 -0.5
      vertex -2.475670171853926 -0.3479327524001636 -0.5
    endloop
  endfacet
  facet normal 0 0 1
    outer loop
      vertex -2.475670171853926 -0.3479327524001636 -0.5
      vertex -2.465767491166511 -0.34654102139056303 -0.5
      vertex -2.4863047384206833 -0.2613211581691337 -0.5
    endloop
  endfacet
  facet normal 0 0 1
    outer loop
      vertex -2.465767491166511 -0.34654102139056303 -0.5
      vertex -2.4763595194670014 -0.26027587353645726 -0.5
      vertex -2.4863047384206833 -0.2613211581691337 -0.5
    endloop
  endfacet
  facet normal 0.9816271834476649 0.19080899537654025 0
    outer loop
      vertex -2.4453690018345142 -0.5197792270443984 -0.5
      vertex -2.46201938253052 -0.4341204441673258 -0.5
      vertex -2.46201938253052 -0.4341204441673258 0.009999999999999787
    endloop
  endfacet
  facet normal 0.9876883405951372 0.15643446504023395 0
    outer loop
      vertex -2.46201938253052 -0.4341204441673258 -0.5
      vertex -2.475670171853926 -0.3479327524001636 -0.5
      vertex -2.475670171853926 -0.3479327524001636 0.009999999999999787
    endloop
  endfacet
  facet normal 0.9816271834476649 0.19080899537654025 0
    outer loop
      vertex -2.4453690018345142 -0.5197792270443984 -0.5
      vertex -2.46201938253052 -0.4341204441673258 0.009999999999999787
      vertex -2.4453690018345142 -0.5197792270443984 0.009999999999999787
    endloop
  endfacet
  facet normal 0.9876883405951372 0.15643446504023395 0
    outer loop
      vertex -2.46201938253052 -0.4341204441673258 -0.5
      vertex -2.475670171853926 -0.3479327524001636 0.009999999999999787
      vertex -2.46201938253052 -0.4341204441673258 0.009999999999999787
    endloop
  endfacet
  facet normal 0.992546151641322 0.1218693434051474 0
    outer loop
      vertex -2.475670171853926 -0.3479327524001636 -0.5
      vertex -2.4863047384206833 -0.2613211581691337 -0.5
      vertex -2.4863047384206833 -0.2613211581691337 0.009999999999999787
    endloop
  endfacet
  facet normal 0.992546151641322 0.1218693434051474 0
    outer loop
      vertex -2.475670171853926 -0.3479327524001636 -0.5
      vertex -2.4863047384206833 -0.2613211581691337 0.009999999999999787
      vertex -2.475670171853926 -0.3479327524001636 0.009999999999999787
    endloop
  endfacet
  facet normal 0 0 1
    outer loop
      vertex -2.4863047384206833 -0.2613211581691337 -0.5
      vertex -2.4763595194670014 -0.26027587353645726 -0.5
      vertex -2.4839344851469622 -0.17369361962287203 -0.5
    endloop
  endfacet
  facet normal 0 0 1
    outer loop
      vertex -2.4863047384206833 -0.2613211581691337 -0.5
      vertex -2.4839344851469622 -0.17369361962287203 -0.5
      vertex -2.4939101256495606 -0.17439118436031326 -0.5
    endloop
  endfacet
  facet normal 0 0 1
    outer loop
      vertex -2.4939101256495606 -0.17439118436031326 -0.5
      vertex -2.4839344851469622 -0.17369361962287203 -0.5
      vertex -2.4884831592775485 -0.08689974678922743 -0.5
    endloop
  endfacet
  facet normal 0 0 1
    outer loop
      vertex -2.4939101256495606 -0.17439118436031326 -0.5
      vertex -2.4884831592775485 -0.08689974678922743 -0.5
      vertex -2.49 0 -0.5
    endloop
  endfacet
  facet normal 0 0 1
    outer loop
      vertex -2.4939101256495606 -0.17439118436031326 -0.5
      vertex -2.4939101256495606 0.17439118436031326 -0.5
      vertex -2.4984770675477392 -0.08724874175625243 -0.5
    endloop
  endfacet
  facet normal 0 0 1
    outer loop
      vertex -2.4939101256495606 -0.17439118436031326 -0.5
      vertex -2.49 0 -0.5
      vertex -2.4884831592775485 0.08689974678922743 -0.5
    endloop
  endfacet
  facet normal 0.9961946980917455 0.08715574274765807 -9.744841184423264e-18
    outer loop
      vertex -2.4863047384206833 -0.2613211581691337 -0.5
      vertex -2.4939101256495606 -0.17439118436031326 -0.5
      vertex -2.4939101256495606 -0.1743911843603132 0.009999999999999787
    endloop
  endfacet
  facet normal 0.9961946980917455 0.08715574274765803 0
    outer loop
      vertex -2.4863047384206833 -0.2613211581691337 -0.5
      vertex -2.4939101256495606 -0.1743911843603132 0.009999999999999787
      vertex -2.4863047384206833 -0.2613211581691337 0.009999999999999787
    endloop
  endfacet
  facet normal 0.9986295347545738 0.05233595624294292 -5.696527807518623e-18
    outer loop
      vertex -2.4939101256495606 -0.17439118436031326 -0.5
      vertex -2.4984770675477392 -0.08724874175625225 0.009999999999999787
      vertex -2.4939101256495606 -0.1743911843603132 0.009999999999999787
    endloop
  endfacet
  facet normal 0.9986295347545738 0.052335956242943 -1.8271577220793624e-17
    outer loop
      vertex -2.4939101256495606 -0.17439118436031326 -0.5
      vertex -2.4984770675477392 -0.08724874175625243 -0.5
      vertex -2.4984770675477392 -0.08724874175625225 0.009999999999999787
    endloop
  endfacet
  facet normal 0.9998476951563912 0.0174524064372845 0
    outer loop
      vertex -2.4984770675477392 -0.08724874175625243 -0.5
      vertex -2.5 0 -0.5
      vertex -2.5 0 0.009999999999999787
    endloop
  endfacet
  facet normal 0.9998476951563912 0.017452406437284535 -6.1737457108643325e-18
    outer loop
      vertex -2.4984770675477392 -0.08724874175625243 -0.5
      vertex -2.5 0 0.009999999999999787
      vertex -2.4984770675477392 -0.08724874175625225 0.009999999999999787
    endloop
  endfacet
  facet normal 0 0 1
    outer loop
      vertex -1.5391536883141457 -1.9700268840168047 -0.5
      vertex -1.469463130731183 -2.0225424859373686 -0.5
      vertex -1.4635852782082583 -2.014452315993619 -0.5
    endloop
  endfacet
  facet normal 0 0 1
    outer loop
      vertex -1.469463130731183 -2.0225424859373686 -0.5
      vertex -1.39239032964216 -2.0643035556620535 -0.5
      vertex -1.4635852782082583 -2.014452315993619 -0.5
    endloop
  endfacet
  facet normal 0 0 1
    outer loop
      vertex -1.469463130731183 -2.0225424859373686 -0.5
      vertex -1.3979822586768673 -2.072593931387604 -0.5
      vertex -1.39239032964216 -2.0643035556620535 -0.5
    endloop
  endfacet
  facet normal 0 0 1
    outer loop
      vertex -1.3247981605830121 -2.120120240391065 -0.5
      vertex -1.245 -2.1564032554232524 -0.5
      vertex -1.3194989679406803 -2.111639759429501 -0.5
    endloop
  endfacet
  facet normal 0 0 1
    outer loop
      vertex -1.3247981605830121 -2.120120240391065 -0.5
      vertex -1.25 -2.1650635094610964 -0.5
      vertex -1.245 -2.1564032554232524 -0.5
    endloop
  endfacet
  facet normal 0 0 1
    outer loop
      vertex -1.3979822586768673 -2.072593931387604 -0.5
      vertex -1.3247981605830121 -2.120120240391065 -0.5
      vertex -1.3194989679406803 -2.111639759429501 -0.5
    endloop
  endfacet
  facet normal 0 0 1
    outer loop
      vertex -1.3979822586768673 -2.072593931387604 -0.5
      vertex -1.3194989679406803 -2.111639759429501 -0.5
      vertex -1.39239032964216 -2.0643035556620535 -0.5
    endloop
  endfacet
  facet normal 0.5735764363510432 0.8191520442889939 2.497246141252447e-16
    outer loop
      vertex -1.469463130731183 -2.0225424859373686 -0.5
      vertex -1.4694631307311832 -2.0225424859373686 0.009999999999999787
      vertex -1.3979822586768673 -2.072593931387604 -0.5
    endloop
  endfacet
  facet normal 0.6018150231520523 0.7986355100472898 2.6201917461518834e-16
    outer loop
      vertex -1.469463130731183 -2.0225424859373686 -0.5
      vertex -1.5391536883141457 -1.9700268840168047 0.009999999999999787
      vertex -1.4694631307311832 -2.0225424859373686 0.009999999999999787
    endloop
  endfacet
  facet normal 0.573576436351042 0.8191520442889947 0
    outer loop
      vertex -1.3979822586768673 -2.072593931387604 -0.5
      vertex -1.4694631307311832 -2.0225424859373686 0.009999999999999787
      vertex -1.3979822586768673 -2.072593931387604 0.009999999999999787
    endloop
  endfacet
  facet normal 0.5150380749100542 0.8571673007021122 2.242380899308857e-16
    outer loop
      vertex -1.3247981605830121 -2.120120240391065 -0.5
      vertex -1.3247981605830124 -2.120120240391065 0.009999999999999787
      vertex -1.25 -2.1650635094610964 -0.5
    endloop
  endfacet
  facet normal 0.5150380749100526 0.8571673007021131 -7.36754346742323e-17
    outer loop
      vertex -1.25 -2.1650635094610964 -0.5
      vertex -1.3247981605830124 -2.120120240391065 0.009999999999999787
      vertex -1.2500000000000007 -2.165063509461096 0.009999999999999787
    endloop
  endfacet
  facet normal 0.544639035015027 0.838670567945424 0
    outer loop
      vertex -1.3979822586768673 -2.072593931387604 -0.5
      vertex -1.3979822586768673 -2.072593931387604 0.009999999999999787
      vertex -1.3247981605830121 -2.120120240391065 -0.5
    endloop
  endfacet
  facet normal 0.5446390350150281 0.8386705679454233 2.3712580266012204e-16
    outer loop
      vertex -1.3247981605830121 -2.120120240391065 -0.5
      vertex -1.3979822586768673 -2.072593931387604 0.009999999999999787
      vertex -1.3247981605830124 -2.120120240391065 0.009999999999999787
    endloop
  endfacet
  facet normal 0 0 1
    outer loop
      vertex -1.0959278669726935 -2.2469851157479175 -0.5
      vertex -1.0127742412587426 -2.274728189530076 -0.5
      vertex -1.0915441555048029 -2.237997175284926 -0.5
    endloop
  endfacet
  facet normal 0 0 1
    outer loop
      vertex -1.0959278669726935 -2.2469851157479175 -0.5
      vertex -1.0168416076895006 -2.283863644106502 -0.5
      vertex -1.0127742412587426 -2.274728189530076 -0.5
    endloop
  endfacet
  facet normal 0.4226182617406987 0.9063077870366503 -5.3178606229014026e-17
    outer loop
      vertex -1.0959278669726935 -2.2469851157479175 -0.5
      vertex -1.0959278669726944 -2.246985115747917 0.009999999999999787
      vertex -1.0168416076895006 -2.283863644106502 -0.5
    endloop
  endfacet
  facet normal 0.42261826174069905 0.9063077870366503 0
    outer loop
      vertex -1.0168416076895006 -2.283863644106502 -0.5
      vertex -1.0959278669726944 -2.246985115747917 0.009999999999999787
      vertex -1.0168416076895006 -2.283863644106502 0.009999999999999787
    endloop
  endfacet
  facet normal 0 0 1
    outer loop
      vertex -1.173678906964727 -2.2073689821473175 -0.5
      vertex -1.1689841913368684 -2.1985395062187285 -0.5
      vertex -1.25 -2.1650635094610964 -0.5
    endloop
  endfacet
  facet normal 0 0 1
    outer loop
      vertex -1.1689841913368684 -2.1985395062187285 -0.5
      vertex -1.245 -2.1564032554232524 -0.5
      vertex -1.25 -2.1650635094610964 -0.5
    endloop
  endfacet
  facet normal 0 0 1
    outer loop
      vertex -1.173678906964727 -2.2073689821473175 -0.5
      vertex -1.0915441555048029 -2.237997175284926 -0.5
      vertex -1.1689841913368684 -2.1985395062187285 -0.5
    endloop
  endfacet
  facet normal 0 0 1
    outer loop
      vertex -1.173678906964727 -2.2073689821473175 -0.5
      vertex -1.0959278669726935 -2.2469851157479175 -0.5
      vertex -1.0915441555048029 -2.237997175284926 -0.5
    endloop
  endfacet
  facet normal 0.4848096202463409 0.8746197071393936 -1.3642777658192569e-16
    outer loop
      vertex -1.173678906964727 -2.2073689821473175 -0.5
      vertex -1.25 -2.1650635094610964 -0.5
      vertex -1.2500000000000007 -2.165063509461096 0.009999999999999787
    endloop
  endfacet
  facet normal 0.45399049973954486 0.8910065241883688 0
    outer loop
      vertex -1.173678906964727 -2.2073689821473175 -0.5
      vertex -1.173678906964727 -2.2073689821473175 0.009999999999999787
      vertex -1.0959278669726935 -2.2469851157479175 -0.5
    endloop
  endfacet
  facet normal 0.48480962024634155 0.8746197071393934 0
    outer loop
      vertex -1.173678906964727 -2.2073689821473175 -0.5
      vertex -1.2500000000000007 -2.165063509461096 0.009999999999999787
      vertex -1.173678906964727 -2.2073689821473175 0.009999999999999787
    endloop
  endfacet
  facet normal 0.453990499739545 0.8910065241883688 1.4780747685246528e-17
    outer loop
      vertex -1.0959278669726935 -2.2469851157479175 -0.5
      vertex -1.173678906964727 -2.2073689821473175 0.009999999999999787
      vertex -1.0959278669726944 -2.246985115747917 0.009999999999999787
    endloop
  endfacet
  facet normal 0 0 1
    outer loop
      vertex -1.0168416076895006 -2.283863644106502 -0.5
      vertex -0.932770417605621 -2.308687797871301 -0.5
      vertex -1.0127742412587426 -2.274728189530076 -0.5
    endloop
  endfacet
  facet normal 0 0 1
    outer loop
      vertex -1.0168416076895006 -2.283863644106502 -0.5
      vertex -0.93651648353978 -2.3179596364169686 -0.5
      vertex -0.932770417605621 -2.308687797871301 -0.5
    endloop
  endfacet
  facet normal 0 0 1
    outer loop
      vertex -0.93651648353978 -2.3179596364169686 -0.5
      vertex -0.8516301568809151 -2.3398346257569123 -0.5
      vertex -0.932770417605621 -2.308687797871301 -0.5
    endloop
  endfacet
  facet normal 0 0 1
    outer loop
      vertex -0.8550503583141718 -2.3492315519647713 -0.5
      vertex -0.8516301568809151 -2.3398346257569123 -0.5
      vertex -0.93651648353978 -2.3179596364169686 -0.5
    endloop
  endfacet
  facet normal 0 0 1
    outer loop
      vertex -0.8550503583141718 -2.3492315519647713 -0.5
      vertex -0.7694523159936191 -2.3681307255749324 -0.5
      vertex -0.8516301568809151 -2.3398346257569123 -0.5
    endloop
  endfacet
  facet normal 0 0 1
    outer loop
      vertex -0.8550503583141718 -2.3492315519647713 -0.5
      vertex -0.7725424859373685 -2.3776412907378837 -0.5
      vertex -0.7694523159936191 -2.3681307255749324 -0.5
    endloop
  endfacet
  facet normal 0.3907311284892749 0.9205048534524398 0
    outer loop
      vertex -1.0168416076895006 -2.283863644106502 -0.5
      vertex -1.0168416076895006 -2.283863644106502 0.009999999999999787
      vertex -0.93651648353978 -2.3179596364169686 -0.5
    endloop
  endfacet
  facet normal 0.35836794954530304 0.9335804264972006 -2.7285555316385113e-16
    outer loop
      vertex -0.8550503583141718 -2.3492315519647713 -0.5
      vertex -0.93651648353978 -2.3179596364169686 -0.5
      vertex -0.9365164835397808 -2.317959636416968 0.009999999999999787
    endloop
  endfacet
  facet normal 0.39073112848927377 0.9205048534524403 -2.061317379063694e-16
    outer loop
      vertex -0.93651648353978 -2.3179596364169686 -0.5
      vertex -1.0168416076895006 -2.283863644106502 0.009999999999999787
      vertex -0.9365164835397808 -2.317959636416968 0.009999999999999787
    endloop
  endfacet
  facet normal 0.3583679495453045 0.9335804264972001 0
    outer loop
      vertex -0.8550503583141718 -2.3492315519647713 -0.5
      vertex -0.9365164835397808 -2.317959636416968 0.009999999999999787
      vertex -0.8550503583141718 -2.3492315519647713 0.009999999999999787
    endloop
  endfacet
  facet normal 0.3255681544571506 0.9455185755993188 0
    outer loop
      vertex -0.8550503583141718 -2.3492315519647713 -0.5
      vertex -0.8550503583141718 -2.3492315519647713 0.009999999999999787
      vertex -0.7725424859373685 -2.3776412907378837 -0.5
    endloop
  endfacet
  facet normal 0.3255681544571522 0.9455185755993184 2.8349275385337243e-16
    outer loop
      vertex -0.7725424859373685 -2.3776412907378837 -0.5
      vertex -0.8550503583141718 -2.3492315519647713 0.009999999999999787
      vertex -0.772542485937369 -2.3776412907378837 0.009999999999999787
    endloop
  endfacet
  facet normal 0 0 1
    outer loop
      vertex -0.7725424859373685 -2.3776412907378837 -0.5
      vertex -0.686337015984328 -2.3935416228864144 -0.5
      vertex -0.7694523159936191 -2.3681307255749324 -0.5
    endloop
  endfacet
  facet normal 0 0 1
    outer loop
      vertex -0.7725424859373685 -2.3776412907378837 -0.5
      vertex -0.6890933895424979 -2.4031542398457972 -0.5
      vertex -0.686337015984328 -2.3935416228864144 -0.5
    endloop
  endfacet
  facet normal 0 0 1
    outer loop
      vertex -0.6890933895424979 -2.4031542398457972 -0.5
      vertex -0.6023855200431727 -2.4160363584272315 -0.5
      vertex -0.686337015984328 -2.3935416228864144 -0.5
    endloop
  endfacet
  facet normal 0 0 1
    outer loop
      vertex -0.6890933895424979 -2.4031542398457972 -0.5
      vertex -0.6048047389991693 -2.425739315689991 -0.5
      vertex -0.6023855200431727 -2.4160363584272315 -0.5
    endloop
  endfacet
  facet normal 0 0 1
    outer loop
      vertex -0.6048047389991693 -2.425739315689991 -0.5
      vertex -0.5177001101362209 -2.4355875258271764 -0.5
      vertex -0.6023855200431727 -2.4160363584272315 -0.5
    endloop
  endfacet
  facet normal 0 0 1
    outer loop
      vertex -0.6048047389991693 -2.425739315689991 -0.5
      vertex -0.5197792270443984 -2.4453690018345142 -0.5
      vertex -0.5177001101362209 -2.4355875258271764 -0.5
    endloop
  endfacet
  facet normal 0.29237170472274027 0.9563047559630345 2.5458650849576e-16
    outer loop
      vertex -0.7725424859373685 -2.3776412907378837 -0.5
      vertex -0.772542485937369 -2.3776412907378837 0.009999999999999787
      vertex -0.6890933895424979 -2.4031542398457972 -0.5
    endloop
  endfacet
  facet normal 0.2588190451025196 0.9659258262890685 0
    outer loop
      vertex -0.6890933895424979 -2.4031542398457972 -0.5
      vertex -0.6890933895424979 -2.4031542398457972 0.009999999999999787
      vertex -0.6048047389991693 -2.425739315689991 -0.5
    endloop
  endfacet
  facet normal 0.2923717047227389 0.9563047559630349 0
    outer loop
      vertex -0.6890933895424979 -2.4031542398457972 -0.5
      vertex -0.772542485937369 -2.3776412907378837 0.009999999999999787
      vertex -0.6890933895424979 -2.4031542398457972 0.009999999999999787
    endloop
  endfacet
  facet normal 0.2588190451025199 0.9659258262890685 5.634252217339502e-17
    outer loop
      vertex -0.6048047389991693 -2.425739315689991 -0.5
      vertex -0.6890933895424979 -2.4031542398457972 0.009999999999999787
      vertex -0.6048047389991694 -2.425739315689991 0.009999999999999787
    endloop
  endfacet
  facet normal 0.22495105434386703 0.9743700647852347 4.896977253848355e-17
    outer loop
      vertex -0.6048047389991693 -2.425739315689991 -0.5
      vertex -0.6048047389991694 -2.425739315689991 0.009999999999999787
      vertex -0.5197792270443984 -2.4453690018345142 -0.5
    endloop
  endfacet
  facet normal 0.22495105434386473 0.9743700647852352 -3.5874782789365895e-16
    outer loop
      vertex -0.5197792270443984 -2.4453690018345142 -0.5
      vertex -0.6048047389991694 -2.425739315689991 0.009999999999999787
      vertex -0.5197792270443995 -2.445369001834514 0.009999999999999787
    endloop
  endfacet
  facet normal 0 0 1
    outer loop
      vertex -0.5197792270443984 -2.4453690018345142 -0.5
      vertex -0.4323839623906566 -2.452171305000398 -0.5
      vertex -0.5177001101362209 -2.4355875258271764 -0.5
    endloop
  endfacet
  facet normal 0 0 1
    outer loop
      vertex -0.5197792270443984 -2.4453690018345142 -0.5
      vertex -0.4341204441673258 -2.46201938253052 -0.5
      vertex -0.4323839623906566 -2.452171305000398 -0.5
    endloop
  endfacet
  facet normal 0 0 1
    outer loop
      vertex -0.4341204441673258 -2.46201938253052 -0.5
      vertex -0.346541021390563 -2.46576749116651 -0.5
      vertex -0.4323839623906566 -2.452171305000398 -0.5
    endloop
  endfacet
  facet normal 0 0 1
    outer loop
      vertex -0.4341204441673258 -2.46201938253052 -0.5
      vertex -0.3479327524001636 -2.475670171853926 -0.5
      vertex -0.346541021390563 -2.46576749116651 -0.5
    endloop
  endfacet
  facet normal 0 0 1
    outer loop
      vertex -0.3479327524001636 -2.475670171853926 -0.5
      vertex -0.2602758735364572 -2.476359519467001 -0.5
      vertex -0.346541021390563 -2.46576749116651 -0.5
    endloop
  endfacet
  facet normal 0 0 1
    outer loop
      vertex -0.3479327524001636 -2.475670171853926 -0.5
      vertex -0.2613211581691337 -2.4863047384206833 -0.5
      vertex -0.2602758735364572 -2.476359519467001 -0.5
    endloop
  endfacet
  facet normal 0.19080899537654025 0.9816271834476649 -4.393911770431097e-16
    outer loop
      vertex -0.5197792270443984 -2.4453690018345142 -0.5
      vertex -0.5197792270443995 -2.445369001834514 0.009999999999999787
      vertex -0.4341204441673258 -2.46201938253052 -0.5
    endloop
  endfacet
  facet normal 0.15643446504023395 0.9876883405951372 0
    outer loop
      vertex -0.4341204441673258 -2.46201938253052 -0.5
      vertex -0.4341204441673258 -2.46201938253052 0.009999999999999787
      vertex -0.3479327524001636 -2.475670171853926 -0.5
    endloop
  endfacet
  facet normal 0.1908089953765428 0.9816271834476643 0
    outer loop
      vertex -0.4341204441673258 -2.46201938253052 -0.5
      vertex -0.5197792270443995 -2.445369001834514 0.009999999999999787
      vertex -0.4341204441673258 -2.46201938253052 0.009999999999999787
    endloop
  endfacet
  facet normal 0.15643446504023573 0.9876883405951371 3.064890792928039e-16
    outer loop
      vertex -0.3479327524001636 -2.475670171853926 -0.5
      vertex -0.4341204441673258 -2.46201938253052 0.009999999999999787
      vertex -0.3479327524001646 -2.475670171853926 0.009999999999999787
    endloop
  endfacet
  facet normal 0.1218693434051474 0.992546151641322 2.387685018429612e-16
    outer loop
      vertex -0.3479327524001636 -2.475670171853926 -0.5
      vertex -0.3479327524001646 -2.475670171853926 0.009999999999999787
      vertex -0.2613211581691337 -2.4863047384206833 -0.5
    endloop
  endfacet
  facet normal 0.12186934340514602 0.9925461516413222 0
    outer loop
      vertex -0.2613211581691337 -2.4863047384206833 -0.5
      vertex -0.3479327524001646 -2.475670171853926 0.009999999999999787
      vertex -0.2613211581691337 -2.4863047384206833 0.009999999999999787
    endloop
  endfacet
  facet normal 0 0 1
    outer loop
      vertex -0.2613211581691337 -2.4863047384206833 -0.5
      vertex -0.17369361962287203 -2.4839344851469627 -0.5
      vertex -0.2602758735364572 -2.476359519467001 -0.5
    endloop
  endfacet
  facet normal 0 0 1
    outer loop
      vertex -0.2613211581691337 -2.4863047384206833 -0.5
      vertex -0.17439118436031326 -2.4939101256495606 -0.5
      vertex -0.17369361962287203 -2.4839344851469627 -0.5
    endloop
  endfacet
  facet normal 0 0 1
    outer loop
      vertex -0.17439118436031326 -2.4939101256495606 -0.5
      vertex -0.08689974678922742 -2.4884831592775485 -0.5
      vertex -0.17369361962287203 -2.4839344851469627 -0.5
    endloop
  endfacet
  facet normal 0 0 1
    outer loop
      vertex -0.17439118436031326 -2.4939101256495606 -0.5
      vertex -0.08724874175625243 -2.4984770675477392 -0.5
      vertex -0.08689974678922742 -2.4884831592775485 -0.5
    endloop
  endfacet
  facet normal 0 0 1
    outer loop
      vertex -0.08724874175625243 -2.4984770675477392 -0.5
      vertex 0 -2.49 -0.5
      vertex -0.08689974678922742 -2.4884831592775485 -0.5
    endloop
  endfacet
  facet normal 0 0 1
    outer loop
      vertex -0.08724874175625243 -2.4984770675477392 -0.5
      vertex 0 -2.5 -0.5
      vertex 0 -2.49 -0.5
    endloop
  endfacet
  facet normal 0.08715574274765807 0.9961946980917455 0
    outer loop
      vertex -0.2613211581691337 -2.4863047384206833 -0.5
      vertex -0.2613211581691337 -2.4863047384206833 0.009999999999999787
      vertex -0.17439118436031326 -2.4939101256495606 -0.5
    endloop
  endfacet
  facet normal 0.052335956242943 0.9986295347545738 6.835833369022359e-17
    outer loop
      vertex -0.17439118436031326 -2.4939101256495606 -0.5
      vertex -0.17439118436031392 -2.4939101256495606 0.009999999999999787
      vertex -0.08724874175625243 -2.4984770675477392 -0.5
    endloop
  endfacet
  facet normal 0.08715574274765873 0.9961946980917455 1.1383801450206797e-16
    outer loop
      vertex -0.17439118436031326 -2.4939101256495606 -0.5
      vertex -0.2613211581691337 -2.4863047384206833 0.009999999999999787
      vertex -0.17439118436031392 -2.4939101256495606 0.009999999999999787
    endloop
  endfacet
  facet normal 0.0174524064372845 0.9998476951563912 0
    outer loop
      vertex -0.08724874175625243 -2.4984770675477392 -0.5
      vertex -0.08724874175625243 -2.4984770675477392 0.009999999999999787
      vertex 0 -2.5 -0.5
    endloop
  endfacet
  facet normal 0.0523359562429426 0.9986295347545738 0
    outer loop
      vertex -0.08724874175625243 -2.4984770675477392 -0.5
      vertex -0.17439118436031392 -2.4939101256495606 0.009999999999999787
      vertex -0.08724874175625243 -2.4984770675477392 0.009999999999999787
    endloop
  endfacet
  facet normal 0.0174524064372845 0.9998476951563912 0
    outer loop
      vertex 0 -2.5 -0.5
      vertex -0.08724874175625243 -2.4984770675477392 0.009999999999999787
      vertex 0 -2.5 0.009999999999999787
    endloop
  endfacet
  facet normal 0 0 1
    outer loop
      vertex -1.798349500846628 -1.7366459261474931 -0.5
      vertex -1.7296993424429032 -1.7911561028432417 -0.5
      vertex -1.7911561028432417 -1.7296993424429035 -0.5
    endloop
  endfacet
  facet normal 0 0 1
    outer loop
      vertex -1.798349500846628 -1.7366459261474931 -0.5
      vertex -1.7366459261474931 -1.798349500846628 -0.5
      vertex -1.7296993424429032 -1.7911561028432417 -0.5
    endloop
  endfacet
  facet normal 0.7071067811865476 0.7071067811865476 0
    outer loop
      vertex -1.798349500846628 -1.7366459261474931 -0.5
      vertex -1.798349500846628 -1.7366459261474931 0.009999999999999787
      vertex -1.7366459261474931 -1.798349500846628 -0.5
    endloop
  endfacet
  facet normal 0.7071067811865476 0.7071067811865476 0
    outer loop
      vertex -1.7366459261474931 -1.798349500846628 -0.5
      vertex -1.798349500846628 -1.7366459261474931 0.009999999999999787
      vertex -1.7366459261474931 -1.798349500846628 0.009999999999999787
    endloop
  endfacet
  facet normal 0 0 1
    outer loop
      vertex -1.9700268840168047 -1.5391536883141457 -0.5
      vertex -1.9621467764807377 -1.5329970735608893 -0.5
      vertex -2.0225424859373686 -1.469463130731183 -0.5
    endloop
  endfacet
  facet normal 0 0 1
    outer loop
      vertex -1.9074506633662554 -1.600541148119483 -0.5
      vertex -1.9621467764807377 -1.5329970735608893 -0.5
      vertex -1.9700268840168047 -1.5391536883141457 -0.5
    endloop
  endfacet
  facet normal 0 0 1
    outer loop
      vertex -1.915111107797445 -1.6069690242163481 -0.5
      vertex -1.9074506633662554 -1.600541148119483 -0.5
      vertex -1.9700268840168047 -1.5391536883141457 -0.5
    endloop
  endfacet
  facet normal 0 0 1
    outer loop
      vertex -1.915111107797445 -1.6069690242163481 -0.5
      vertex -1.8504306154387116 -1.6661352098335571 -0.5
      vertex -1.9074506633662554 -1.600541148119483 -0.5
    endloop
  endfacet
  facet normal 0 0 1
    outer loop
      vertex -1.7911561028432417 -1.7296993424429035 -0.5
      vertex -1.8504306154387116 -1.6661352098335571 -0.5
      vertex -1.8578620636934855 -1.6728265158971456 -0.5
    endloop
  endfacet
  facet normal 0 0 1
    outer loop
      vertex -1.798349500846628 -1.7366459261474931 -0.5
      vertex -1.7911561028432417 -1.7296993424429035 -0.5
      vertex -1.8578620636934855 -1.6728265158971456 -0.5
    endloop
  endfacet
  facet normal 0 0 1
    outer loop
      vertex -1.915111107797445 -1.6069690242163481 -0.5
      vertex -1.8578620636934855 -1.6728265158971456 -0.5
      vertex -1.8504306154387116 -1.6661352098335571 -0.5
    endloop
  endfacet
  facet normal 0.7547095802227733 0.6560590289905057 0
    outer loop
      vertex -1.915111107797445 -1.6069690242163481 -0.5
      vertex -1.915111107797445 -1.6069690242163481 0.009999999999999787
      vertex -1.8578620636934855 -1.6728265158971456 -0.5
    endloop
  endfacet
  facet normal 0.7547095802227722 0.6560590289905069 -2.8563601548960166e-16
    outer loop
      vertex -1.8578620636934855 -1.6728265158971456 -0.5
      vertex -1.915111107797445 -1.6069690242163481 0.009999999999999787
      vertex -1.8578620636934855 -1.6728265158971454 0.009999999999999787
    endloop
  endfacet
  facet normal 0.7771459614569706 0.6293203910498377 6.8213888290963e-17
    outer loop
      vertex -1.915111107797445 -1.6069690242163481 -0.5
      vertex -1.9700268840168047 -1.5391536883141457 -0.5
      vertex -1.970026884016805 -1.5391536883141455 0.009999999999999787
    endloop
  endfacet
  facet normal 0.798635510047292 0.6018150231520493 8.569201422314992e-17
    outer loop
      vertex -1.9700268840168047 -1.5391536883141457 -0.5
      vertex -2.0225424859373686 -1.4694631307311827 0.009999999999999787
      vertex -1.970026884016805 -1.5391536883141455 0.009999999999999787
    endloop
  endfacet
  facet normal 0.7771459614569703 0.6293203910498381 0
    outer loop
      vertex -1.915111107797445 -1.6069690242163481 -0.5
      vertex -1.970026884016805 -1.5391536883141455 0.009999999999999787
      vertex -1.915111107797445 -1.6069690242163481 0.009999999999999787
    endloop
  endfacet
  facet normal 0.7313537016191706 0.6819983600624984 -2.923452355326987e-16
    outer loop
      vertex -1.798349500846628 -1.7366459261474931 -0.5
      vertex -1.8578620636934855 -1.6728265158971456 -0.5
      vertex -1.8578620636934855 -1.6728265158971454 0.009999999999999787
    endloop
  endfacet
  facet normal 0.7313537016191719 0.681998360062497 0
    outer loop
      vertex -1.798349500846628 -1.7366459261474931 -0.5
      vertex -1.8578620636934855 -1.6728265158971454 0.009999999999999787
      vertex -1.798349500846628 -1.7366459261474931 0.009999999999999787
    endloop
  endfacet
  facet normal 0 0 1
    outer loop
      vertex -1.6069690242163481 -1.915111107797445 -0.5
      vertex -1.600541148119483 -1.9074506633662554 -0.5
      vertex -1.6728265158971456 -1.8578620636934855 -0.5
    endloop
  endfacet
  facet normal 0 0 1
    outer loop
      vertex -1.7366459261474931 -1.798349500846628 -0.5
      vertex -1.6661352098335571 -1.8504306154387116 -0.5
      vertex -1.7296993424429032 -1.7911561028432417 -0.5
    endloop
  endfacet
  facet normal 0 0 1
    outer loop
      vertex -1.7366459261474931 -1.798349500846628 -0.5
      vertex -1.6728265158971456 -1.8578620636934855 -0.5
      vertex -1.6661352098335571 -1.8504306154387116 -0.5
    endloop
  endfacet
  facet normal 0 0 1
    outer loop
      vertex -1.600541148119483 -1.9074506633662554 -0.5
      vertex -1.6661352098335571 -1.8504306154387116 -0.5
      vertex -1.6728265158971456 -1.8578620636934855 -0.5
    endloop
  endfacet
  facet normal 0 0 1
    outer loop
      vertex -1.6069690242163481 -1.915111107797445 -0.5
      vertex -1.5329970735608893 -1.9621467764807377 -0.5
      vertex -1.600541148119483 -1.9074506633662554 -0.5
    endloop
  endfacet
  facet normal 0 0 1
    outer loop
      vertex -1.6069690242163481 -1.915111107797445 -0.5
      vertex -1.5391536883141457 -1.9700268840168047 -0.5
      vertex -1.5329970735608893 -1.9621467764807377 -0.5
    endloop
  endfacet
  facet normal 0 0 1
    outer loop
      vertex -1.5391536883141457 -1.9700268840168047 -0.5
      vertex -1.4635852782082583 -2.014452315993619 -0.5
      vertex -1.5329970735608893 -1.9621467764807377 -0.5
    endloop
  endfacet
  facet normal 0.6560590289905057 0.7547095802227733 0
    outer loop
      vertex -1.6069690242163481 -1.915111107797445 -0.5
      vertex -1.6728265158971456 -1.8578620636934855 -0.5
      vertex -1.6728265158971456 -1.8578620636934855 0.009999999999999787
    endloop
  endfacet
  facet normal 0.6560590289905054 0.7547095802227736 -8.590126538825719e-17
    outer loop
      vertex -1.6069690242163481 -1.915111107797445 -0.5
      vertex -1.6728265158971456 -1.8578620636934855 0.009999999999999787
      vertex -1.6069690242163486 -1.9151111077974445 0.009999999999999787
    endloop
  endfacet
  facet normal 0.6819983600624984 0.7313537016191706 0
    outer loop
      vertex -1.7366459261474931 -1.798349500846628 -0.5
      vertex -1.7366459261474931 -1.798349500846628 0.009999999999999787
      vertex -1.6728265158971456 -1.8578620636934855 -0.5
    endloop
  endfacet
  facet normal 0.6819983600624984 0.7313537016191706 0
    outer loop
      vertex -1.6728265158971456 -1.8578620636934855 -0.5
      vertex -1.7366459261474931 -1.798349500846628 0.009999999999999787
      vertex -1.6728265158971456 -1.8578620636934855 0.009999999999999787
    endloop
  endfacet
  facet normal 0.6293203910498377 0.7771459614569706 -1.2872106030929104e-16
    outer loop
      vertex -1.6069690242163481 -1.915111107797445 -0.5
      vertex -1.6069690242163486 -1.9151111077974445 0.009999999999999787
      vertex -1.5391536883141457 -1.9700268840168047 -0.5
    endloop
  endfacet
  facet normal 0.601815023152051 0.7986355100472907 0
    outer loop
      vertex -1.5391536883141457 -1.9700268840168047 -0.5
      vertex -1.5391536883141457 -1.9700268840168047 0.009999999999999787
      vertex -1.469463130731183 -2.0225424859373686 -0.5
    endloop
  endfacet
  facet normal 0.6293203910498384 0.7771459614569701 0
    outer loop
      vertex -1.5391536883141457 -1.9700268840168047 -0.5
      vertex -1.6069690242163486 -1.9151111077974445 0.009999999999999787
      vertex -1.5391536883141457 -1.9700268840168047 0.009999999999999787
    endloop
  endfacet
  facet normal 0 0 1
    outer loop
      vertex -1.9621467764807377 -1.5329970735608893 -0.5
      vertex -2.014452315993619 -1.4635852782082583 -0.5
      vertex -2.0225424859373686 -1.469463130731183 -0.5
    endloop
  endfacet
  facet normal 0 0 1
    outer loop
      vertex -2.4984770675477392 -0.08724874175625243 -0.5
      vertex -2.4984770675477392 0.08724874175625243 -0.5
      vertex -2.5 0 -0.5
    endloop
  endfacet
  facet normal 0 0 1
    outer loop
      vertex -2.4984770675477392 -0.08724874175625243 -0.5
      vertex -2.4939101256495606 0.17439118436031326 -0.5
      vertex -2.4984770675477392 0.08724874175625243 -0.5
    endloop
  endfacet
  facet normal 0 0 1
    outer loop
      vertex -2.4939101256495606 -0.17439118436031326 -0.5
      vertex -2.4884831592775485 0.08689974678922743 -0.5
      vertex -2.4863047384206833 0.2613211581691337 -0.5
    endloop
  endfacet
  facet normal 0 0 1
    outer loop
      vertex -2.4939101256495606 -0.17439118436031326 -0.5
      vertex -2.4863047384206833 0.2613211581691337 -0.5
      vertex -2.4939101256495606 0.17439118436031326 -0.5
    endloop
  endfacet
  facet normal 0 0 1
    outer loop
      vertex -2.4884831592775485 0.08689974678922743 -0.5
      vertex -2.4839344851469627 0.17369361962287203 -0.5
      vertex -2.4863047384206833 0.2613211581691337 -0.5
    endloop
  endfacet
  facet normal 0.9998476951563912 -0.0174524064372845 1.4617261776634898e-17
    outer loop
      vertex -2.5 0 -0.5
      vertex -2.4984770675477392 0.08724874175625243 -0.5
      vertex -2.4984770675477392 0.08724874175625286 0.009999999999999787
    endloop
  endfacet
  facet normal 0.9998476951563912 -0.017452406437284414 0
    outer loop
      vertex -2.5 0 -0.5
      vertex -2.4984770675477392 0.08724874175625286 0.009999999999999787
      vertex -2.5 0 0.009999999999999787
    endloop
  endfacet
  facet normal 0.9986295347545738 -0.052335956242942926 4.4148090508269335e-17
    outer loop
      vertex -2.4984770675477392 0.08724874175625243 -0.5
      vertex -2.4939101256495606 0.1743911843603138 0.009999999999999787
      vertex -2.4984770675477392 0.08724874175625286 0.009999999999999787
    endloop
  endfacet
  facet normal 0.9986295347545738 -0.052335956242943 5.603283681043378e-17
    outer loop
      vertex -2.4984770675477392 0.08724874175625243 -0.5
      vertex -2.4939101256495606 0.17439118436031326 -0.5
      vertex -2.4939101256495606 0.1743911843603138 0.009999999999999787
    endloop
  endfacet
  facet normal 0.9961946980917455 -0.08715574274765807 1.1450188391697335e-16
    outer loop
      vertex -2.4939101256495606 0.17439118436031326 -0.5
      vertex -2.4863047384206833 0.2613211581691337 -0.5
      vertex -2.4863047384206833 0.26132115816913437 0.009999999999999787
    endloop
  endfacet
  facet normal 0.9961946980917455 -0.08715574274765797 9.48650120850558e-17
    outer loop
      vertex -2.4939101256495606 0.17439118436031326 -0.5
      vertex -2.4863047384206833 0.26132115816913437 0.009999999999999787
      vertex -2.4939101256495606 0.1743911843603138 0.009999999999999787
    endloop
  endfacet
  facet normal 0 0 1
    outer loop
      vertex -2.4839344851469627 0.17369361962287203 -0.5
      vertex -2.475670171853926 0.3479327524001636 -0.5
      vertex -2.4863047384206833 0.2613211581691337 -0.5
    endloop
  endfacet
  facet normal 0 0 1
    outer loop
      vertex -2.4839344851469627 0.17369361962287203 -0.5
      vertex -2.476359519467001 0.2602758735364572 -0.5
      vertex -2.475670171853926 0.3479327524001636 -0.5
    endloop
  endfacet
  facet normal 0 0 1
    outer loop
      vertex -2.476359519467001 0.2602758735364572 -0.5
      vertex -2.4657674911665106 0.346541021390563 -0.5
      vertex -2.475670171853926 0.3479327524001636 -0.5
    endloop
  endfacet
  facet normal 0 0 1
    outer loop
      vertex -2.475670171853926 0.3479327524001636 -0.5
      vertex -2.4657674911665106 0.346541021390563 -0.5
      vertex -2.46201938253052 0.4341204441673258 -0.5
    endloop
  endfacet
  facet normal 0 0 1
    outer loop
      vertex -2.4657674911665106 0.346541021390563 -0.5
      vertex -2.452171305000398 0.4323839623906566 -0.5
      vertex -2.46201938253052 0.4341204441673258 -0.5
    endloop
  endfacet
  facet normal 0 0 1
    outer loop
      vertex -2.46201938253052 0.4341204441673258 -0.5
      vertex -2.452171305000398 0.4323839623906566 -0.5
      vertex -2.4453690018345142 0.5197792270443984 -0.5
    endloop
  endfacet
  facet normal 0 0 1
    outer loop
      vertex -2.452171305000398 0.4323839623906566 -0.5
      vertex -2.435587525827176 0.5177001101362207 -0.5
      vertex -2.4453690018345142 0.5197792270443984 -0.5
    endloop
  endfacet
  facet normal 0.992546151641322 -0.1218693434051474 0
    outer loop
      vertex -2.4863047384206833 0.2613211581691337 -0.5
      vertex -2.475670171853926 0.3479327524001636 -0.5
      vertex -2.475670171853926 0.3479327524001636 0.009999999999999787
    endloop
  endfacet
  facet normal 0.9925461516413219 -0.12186934340514834 1.5917900122864202e-16
    outer loop
      vertex -2.4863047384206833 0.2613211581691337 -0.5
      vertex -2.475670171853926 0.3479327524001636 0.009999999999999787
      vertex -2.4863047384206833 0.26132115816913437 0.009999999999999787
    endloop
  endfacet
  facet normal 0.9876883405951372 -0.15643446504023395 0
    outer loop
      vertex -2.475670171853926 0.3479327524001636 -0.5
      vertex -2.46201938253052 0.4341204441673258 -0.5
      vertex -2.46201938253052 0.4341204441673258 0.009999999999999787
    endloop
  endfacet
  facet normal 0.9816271834476649 -0.19080899537654025 0
    outer loop
      vertex -2.46201938253052 0.4341204441673258 -0.5
      vertex -2.4453690018345142 0.5197792270443984 -0.5
      vertex -2.4453690018345142 0.5197792270443984 0.009999999999999787
    endloop
  endfacet
  facet normal 0.9876883405951372 -0.15643446504023395 0
    outer loop
      vertex -2.475670171853926 0.3479327524001636 -0.5
      vertex -2.46201938253052 0.4341204441673258 0.009999999999999787
      vertex -2.475670171853926 0.3479327524001636 0.009999999999999787
    endloop
  endfacet
  facet normal 0.9816271834476649 -0.19080899537654025 0
    outer loop
      vertex -2.46201938253052 0.4341204441673258 -0.5
      vertex -2.4453690018345142 0.5197792270443984 0.009999999999999787
      vertex -2.46201938253052 0.4341204441673258 0.009999999999999787
    endloop
  endfacet
  facet normal 0 0 1
    outer loop
      vertex -2.4453690018345142 0.5197792270443984 -0.5
      vertex -2.435587525827176 0.5177001101362207 -0.5
      vertex -2.425739315689991 0.6048047389991693 -0.5
    endloop
  endfacet
  facet normal 0 0 1
    outer loop
      vertex -2.435587525827176 0.5177001101362207 -0.5
      vertex -2.416036358427232 0.6023855200431728 -0.5
      vertex -2.425739315689991 0.6048047389991693 -0.5
    endloop
  endfacet
  facet normal 0 0 1
    outer loop
      vertex -2.425739315689991 0.6048047389991693 -0.5
      vertex -2.416036358427232 0.6023855200431728 -0.5
      vertex -2.4031542398457972 0.6890933895424979 -0.5
    endloop
  endfacet
  facet normal 0 0 1
    outer loop
      vertex -2.416036358427232 0.6023855200431728 -0.5
      vertex -2.3935416228864144 0.6863370159843281 -0.5
      vertex -2.4031542398457972 0.6890933895424979 -0.5
    endloop
  endfacet
  facet normal 0 0 1
    outer loop
      vertex -2.4031542398457972 0.6890933895424979 -0.5
      vertex -2.3935416228864144 0.6863370159843281 -0.5
      vertex -2.3776412907378837 0.7725424859373685 -0.5
    endloop
  endfacet
  facet normal 0 0 1
    outer loop
      vertex -2.3935416228864144 0.6863370159843281 -0.5
      vertex -2.3681307255749324 0.7694523159936192 -0.5
      vertex -2.3776412907378837 0.7725424859373685 -0.5
    endloop
  endfacet
  facet normal 0.9743700647852347 -0.22495105434386703 0
    outer loop
      vertex -2.4453690018345142 0.5197792270443984 -0.5
      vertex -2.425739315689991 0.6048047389991693 -0.5
      vertex -2.425739315689991 0.6048047389991693 0.009999999999999787
    endloop
  endfacet
  facet normal 0.9743700647852347 -0.22495105434386703 0
    outer loop
      vertex -2.4453690018345142 0.5197792270443984 -0.5
      vertex -2.425739315689991 0.6048047389991693 0.009999999999999787
      vertex -2.4453690018345142 0.5197792270443984 0.009999999999999787
    endloop
  endfacet
  facet normal 0.9659258262890685 -0.2588190451025196 5.846904710653968e-17
    outer loop
      vertex -2.425739315689991 0.6048047389991693 -0.5
      vertex -2.4031542398457972 0.6890933895424979 -0.5
      vertex -2.4031542398457972 0.689093389542498 0.009999999999999787
    endloop
  endfacet
  facet normal 0.9563047559630345 -0.29237170472274027 5.84690471065395e-17
    outer loop
      vertex -2.4031542398457972 0.6890933895424979 -0.5
      vertex -2.3776412907378837 0.7725424859373685 -0.5
      vertex -2.3776412907378837 0.7725424859373686 0.009999999999999787
    endloop
  endfacet
  facet normal 0.9659258262890686 -0.25881904510251924 0
    outer loop
      vertex -2.425739315689991 0.6048047389991693 -0.5
      vertex -2.4031542398457972 0.689093389542498 0.009999999999999787
      vertex -2.425739315689991 0.6048047389991693 0.009999999999999787
    endloop
  endfacet
  facet normal 0.9563047559630345 -0.29237170472274027 6.364662712394e-17
    outer loop
      vertex -2.4031542398457972 0.6890933895424979 -0.5
      vertex -2.3776412907378837 0.7725424859373686 0.009999999999999787
      vertex -2.4031542398457972 0.689093389542498 0.009999999999999787
    endloop
  endfacet
  facet normal 0 0 1
    outer loop
      vertex -2.3776412907378837 0.7725424859373685 -0.5
      vertex -2.3681307255749324 0.7694523159936192 -0.5
      vertex -2.3492315519647713 0.8550503583141718 -0.5
    endloop
  endfacet
  facet normal 0 0 1
    outer loop
      vertex -2.3681307255749324 0.7694523159936192 -0.5
      vertex -2.3398346257569127 0.8516301568809151 -0.5
      vertex -2.3492315519647713 0.8550503583141718 -0.5
    endloop
  endfacet
  facet normal 0 0 1
    outer loop
      vertex -2.3492315519647713 0.8550503583141718 -0.5
      vertex -2.3398346257569127 0.8516301568809151 -0.5
      vertex -2.3179596364169686 0.93651648353978 -0.5
    endloop
  endfacet
  facet normal 0 0 1
    outer loop
      vertex -2.3398346257569127 0.8516301568809151 -0.5
      vertex -2.308687797871301 0.932770417605621 -0.5
      vertex -2.3179596364169686 0.93651648353978 -0.5
    endloop
  endfacet
  facet normal 0 0 1
    outer loop
      vertex -2.3179596364169686 0.93651648353978 -0.5
      vertex -2.308687797871301 0.932770417605621 -0.5
      vertex -2.283863644106502 1.0168416076895006 -0.5
    endloop
  endfacet
  facet normal 0 0 1
    outer loop
      vertex -2.308687797871301 0.932770417605621 -0.5
      vertex -2.274728189530076 1.0127742412587426 -0.5
      vertex -2.283863644106502 1.0168416076895006 -0.5
    endloop
  endfacet
  facet normal 0.9455185755993188 -0.3255681544571506 2.826003943482754e-16
    outer loop
      vertex -2.3776412907378837 0.7725424859373685 -0.5
      vertex -2.3492315519647713 0.8550503583141718 -0.5
      vertex -2.3492315519647713 0.8550503583141722 0.009999999999999787
    endloop
  endfacet
  facet normal 0.9455185755993193 -0.32556815445714943 7.08731884633425e-17
    outer loop
      vertex -2.3776412907378837 0.7725424859373685 -0.5
      vertex -2.3492315519647713 0.8550503583141722 0.009999999999999787
      vertex -2.3776412907378837 0.7725424859373686 0.009999999999999787
    endloop
  endfacet
  facet normal 0.9335804264972006 -0.35836794954530304 -4.287730121146232e-16
    outer loop
      vertex -2.3492315519647713 0.8550503583141718 -0.5
      vertex -2.3179596364169686 0.93651648353978 -0.5
      vertex -2.317959636416968 0.9365164835397806 0.009999999999999787
    endloop
  endfacet
  facet normal 0.9205048534524398 -0.3907311284892749 -4.580075356678923e-16
    outer loop
      vertex -2.3179596364169686 0.93651648353978 -0.5
      vertex -2.283863644106502 1.0168416076895006 -0.5
      vertex -2.2838636441065017 1.016841607689501 0.009999999999999787
    endloop
  endfacet
  facet normal 0.9335804264971992 -0.35836794954530704 3.1205360695914227e-16
    outer loop
      vertex -2.3492315519647713 0.8550503583141718 -0.5
      vertex -2.317959636416968 0.9365164835397806 0.009999999999999787
      vertex -2.3492315519647713 0.8550503583141722 0.009999999999999787
    endloop
  endfacet
  facet normal 0.9205048534524396 -0.3907311284892753 -3.7624887331286215e-16
    outer loop
      vertex -2.3179596364169686 0.93651648353978 -0.5
      vertex -2.2838636441065017 1.016841607689501 0.009999999999999787
      vertex -2.317959636416968 0.9365164835397806 0.009999999999999787
    endloop
  endfacet
  facet normal 0 0 1
    outer loop
      vertex -2.274728189530076 1.0127742412587426 -0.5
      vertex -2.2469851157479175 1.0959278669726935 -0.5
      vertex -2.283863644106502 1.0168416076895006 -0.5
    endloop
  endfacet
  facet normal 0 0 1
    outer loop
      vertex -2.274728189530076 1.0127742412587426 -0.5
      vertex -2.237997175284926 1.0915441555048029 -0.5
      vertex -2.2469851157479175 1.0959278669726935 -0.5
    endloop
  endfacet
  facet normal 0.9063077870366503 -0.4226182617406987 0
    outer loop
      vertex -2.283863644106502 1.0168416076895006 -0.5
      vertex -2.2469851157479175 1.0959278669726935 -0.5
      vertex -2.2469851157479175 1.0959278669726935 0.009999999999999787
    endloop
  endfacet
  facet normal 0.9063077870366514 -0.42261826174069655 -4.211790178459462e-16
    outer loop
      vertex -2.283863644106502 1.0168416076895006 -0.5
      vertex -2.2469851157479175 1.0959278669726935 0.009999999999999787
      vertex -2.2838636441065017 1.016841607689501 0.009999999999999787
    endloop
  endfacet
  facet normal 0 0 1
    outer loop
      vertex -2.237997175284926 1.0915441555048029 -0.5
      vertex -2.2073689821473175 1.173678906964727 -0.5
      vertex -2.2469851157479175 1.0959278669726935 -0.5
    endloop
  endfacet
  facet normal 0 0 1
    outer loop
      vertex -2.237997175284926 1.0915441555048029 -0.5
      vertex -2.1985395062187285 1.1689841913368684 -0.5
      vertex -2.2073689821473175 1.173678906964727 -0.5
    endloop
  endfacet
  facet normal 0 0 1
    outer loop
      vertex -2.1985395062187285 1.1689841913368684 -0.5
      vertex -2.1650635094610964 1.25 -0.5
      vertex -2.2073689821473175 1.173678906964727 -0.5
    endloop
  endfacet
  facet normal 0 0 1
    outer loop
      vertex -2.1985395062187285 1.1689841913368684 -0.5
      vertex -2.1564032554232524 1.245 -0.5
      vertex -2.1650635094610964 1.25 -0.5
    endloop
  endfacet
  facet normal 0.8910065241883688 -0.45399049973954486 0
    outer loop
      vertex -2.2469851157479175 1.0959278669726935 -0.5
      vertex -2.2073689821473175 1.173678906964727 0.009999999999999787
      vertex -2.2469851157479175 1.0959278669726935 0.009999999999999787
    endloop
  endfacet
  facet normal 0.8910065241883688 -0.45399049973954486 0
    outer loop
      vertex -2.2469851157479175 1.0959278669726935 -0.5
      vertex -2.2073689821473175 1.173678906964727 -0.5
      vertex -2.2073689821473175 1.173678906964727 0.009999999999999787
    endloop
  endfacet
  facet normal 0.8746197071393936 -0.4848096202463409 0
    outer loop
      vertex -2.2073689821473175 1.173678906964727 -0.5
      vertex -2.1650635094610964 1.25 -0.5
      vertex -2.1650635094610964 1.25 0.009999999999999787
    endloop
  endfacet
  facet normal 0.8746197071393936 -0.4848096202463409 0
    outer loop
      vertex -2.2073689821473175 1.173678906964727 -0.5
      vertex -2.1650635094610964 1.25 0.009999999999999787
      vertex -2.2073689821473175 1.173678906964727 0.009999999999999787
    endloop
  endfacet
  facet normal 0 0 1
    outer loop
      vertex -2.1564032554232524 1.245 -0.5
      vertex -2.120120240391065 1.3247981605830121 -0.5
      vertex -2.1650635094610964 1.25 -0.5
    endloop
  endfacet
  facet normal 0 0 1
    outer loop
      vertex -2.1564032554232524 1.245 -0.5
      vertex -2.1116397594295004 1.3194989679406801 -0.5
      vertex -2.120120240391065 1.3247981605830121 -0.5
    endloop
  endfacet
  facet normal 0 0 1
    outer loop
      vertex -2.120120240391065 1.3247981605830121 -0.5
      vertex -2.1116397594295004 1.3194989679406801 -0.5
      vertex -2.072593931387604 1.3979822586768673 -0.5
    endloop
  endfacet
  facet normal 0 0 1
    outer loop
      vertex -2.1116397594295004 1.3194989679406801 -0.5
      vertex -2.0643035556620535 1.39239032964216 -0.5
      vertex -2.072593931387604 1.3979822586768673 -0.5
    endloop
  endfacet
  facet normal 0 0 1
    outer loop
      vertex -2.072593931387604 1.3979822586768673 -0.5
      vertex -2.0643035556620535 1.39239032964216 -0.5
      vertex -2.0225424859373686 1.469463130731183 -0.5
    endloop
  endfacet
  facet normal 0 0 1
    outer loop
      vertex -2.0643035556620535 1.39239032964216 -0.5
      vertex -2.014452315993619 1.4635852782082583 -0.5
      vertex -2.0225424859373686 1.469463130731183 -0.5
    endloop
  endfacet
  facet normal 0 0 1
    outer loop
      vertex -2.014452315993619 1.4635852782082583 -0.5
      vertex -1.9700268840168047 1.5391536883141457 -0.5
      vertex -2.0225424859373686 1.469463130731183 -0.5
    endloop
  endfacet
  facet normal 0.8571673007021122 -0.5150380749100542 0
    outer loop
      vertex -2.1650635094610964 1.25 -0.5
      vertex -2.120120240391065 1.3247981605830121 -0.5
      vertex -2.120120240391065 1.3247981605830121 0.009999999999999787
    endloop
  endfacet
  facet normal 0.8571673007021122 -0.5150380749100542 0
    outer loop
      vertex -2.1650635094610964 1.25 -0.5
      vertex -2.120120240391065 1.3247981605830121 0.009999999999999787
      vertex -2.1650635094610964 1.25 0.009999999999999787
    endloop
  endfacet
  facet normal 0.838670567945424 -0.544639035015027 0
    outer loop
      vertex -2.120120240391065 1.3247981605830121 -0.5
      vertex -2.072593931387604 1.3979822586768673 -0.5
      vertex -2.072593931387604 1.3979822586768673 0.009999999999999787
    endloop
  endfacet
  facet normal 0.838670567945424 -0.544639035015027 0
    outer loop
      vertex -2.120120240391065 1.3247981605830121 -0.5
      vertex -2.072593931387604 1.3979822586768673 0.009999999999999787
      vertex -2.120120240391065 1.3247981605830121 0.009999999999999787
    endloop
  endfacet
  facet normal 0.8191520442889939 -0.5735764363510432 2.4362102961058262e-16
    outer loop
      vertex -2.072593931387604 1.3979822586768673 -0.5
      vertex -2.0225424859373686 1.469463130731183 -0.5
      vertex -2.0225424859373686 1.4694631307311832 0.009999999999999787
    endloop
  endfacet
  facet normal 0.8191520442889947 -0.573576436351042 0
    outer loop
      vertex -2.072593931387604 1.3979822586768673 -0.5
      vertex -2.0225424859373686 1.4694631307311832 0.009999999999999787
      vertex -2.072593931387604 1.3979822586768673 0.009999999999999787
    endloop
  endfacet
  facet normal 0.7986355100472908 -0.6018150231520509 2.620191746151878e-16
    outer loop
      vertex -2.0225424859373686 1.469463130731183 -0.5
      vertex -1.9700268840168047 1.539153688314146 0.009999999999999787
      vertex -2.0225424859373686 1.4694631307311832 0.009999999999999787
    endloop
  endfacet
  facet normal 0 0 1
    outer loop
      vertex -2.014452315993619 1.4635852782082583 -0.5
      vertex -1.9621467764807379 1.5329970735608893 -0.5
      vertex -1.9700268840168047 1.5391536883141457 -0.5
    endloop
  endfacet
  facet normal 0 0 1
    outer loop
      vertex -1.9700268840168047 1.5391536883141457 -0.5
      vertex -1.9621467764807379 1.5329970735608893 -0.5
      vertex -1.915111107797445 1.6069690242163481 -0.5
    endloop
  endfacet
  facet normal 0 0 1
    outer loop
      vertex -1.9621467764807379 1.5329970735608893 -0.5
      vertex -1.9074506633662554 1.600541148119483 -0.5
      vertex -1.915111107797445 1.6069690242163481 -0.5
    endloop
  endfacet
  facet normal 0 0 1
    outer loop
      vertex -1.915111107797445 1.6069690242163481 -0.5
      vertex -1.9074506633662554 1.600541148119483 -0.5
      vertex -1.8578620636934855 1.6728265158971456 -0.5
    endloop
  endfacet
  facet normal 0 0 1
    outer loop
      vertex -1.9074506633662554 1.600541148119483 -0.5
      vertex -1.8504306154387116 1.6661352098335571 -0.5
      vertex -1.8578620636934855 1.6728265158971456 -0.5
    endloop
  endfacet
  facet normal 0 0 1
    outer loop
      vertex -1.8578620636934855 1.6728265158971456 -0.5
      vertex -1.8504306154387116 1.6661352098335571 -0.5
      vertex -1.798349500846628 1.7366459261474931 -0.5
    endloop
  endfacet
  facet normal 0 0 1
    outer loop
      vertex -1.8504306154387116 1.6661352098335571 -0.5
      vertex -1.7911561028432417 1.7296993424429035 -0.5
      vertex -1.798349500846628 1.7366459261474931 -0.5
    endloop
  endfacet
  facet normal 0.7986355100472907 -0.601815023152051 2.631107119794281e-16
    outer loop
      vertex -2.0225424859373686 1.469463130731183 -0.5
      vertex -1.9700268840168047 1.5391536883141457 -0.5
      vertex -1.9700268840168047 1.539153688314146 0.009999999999999787
    endloop
  endfacet
  facet normal 0.7771459614569706 -0.6293203910498377 -1.266829353975027e-16
    outer loop
      vertex -1.9700268840168047 1.5391536883141457 -0.5
      vertex -1.915111107797445 1.6069690242163481 -0.5
      vertex -1.9151111077974445 1.6069690242163486 0.009999999999999787
    endloop
  endfacet
  facet normal 0.7771459614569691 -0.6293203910498397 2.7399450510181943e-16
    outer loop
      vertex -1.9700268840168047 1.5391536883141457 -0.5
      vertex -1.9151111077974445 1.6069690242163486 0.009999999999999787
      vertex -1.9700268840168047 1.539153688314146 0.009999999999999787
    endloop
  endfacet
  facet normal 0.7547095802227733 -0.6560590289905057 -3.897936473769299e-17
    outer loop
      vertex -1.915111107797445 1.6069690242163481 -0.5
      vertex -1.8578620636934855 1.6728265158971456 -0.5
      vertex -1.8578620636934853 1.6728265158971458 0.009999999999999787
    endloop
  endfacet
  facet normal 0.7547095802227736 -0.6560590289905056 -8.590126538825688e-17
    outer loop
      vertex -1.915111107797445 1.6069690242163481 -0.5
      vertex -1.8578620636934853 1.6728265158971458 0.009999999999999787
      vertex -1.9151111077974445 1.6069690242163486 0.009999999999999787
    endloop
  endfacet
  facet normal 0.7313537016191706 -0.6819983600624984 0
    outer loop
      vertex -1.8578620636934855 1.6728265158971456 -0.5
      vertex -1.798349500846628 1.7366459261474931 -0.5
      vertex -1.798349500846628 1.7366459261474931 0.009999999999999787
    endloop
  endfacet
  facet normal 0.7313537016191707 -0.6819983600624981 -2.148840650370851e-17
    outer loop
      vertex -1.8578620636934855 1.6728265158971456 -0.5
      vertex -1.798349500846628 1.7366459261474931 0.009999999999999787
      vertex -1.8578620636934853 1.6728265158971458 0.009999999999999787
    endloop
  endfacet
  facet normal 0 0 1
    outer loop
      vertex -1.798349500846628 1.7366459261474931 -0.5
      vertex -1.7911561028432417 1.7296993424429035 -0.5
      vertex -1.7366459261474931 1.798349500846628 -0.5
    endloop
  endfacet
  facet normal 0 0 1
    outer loop
      vertex -1.7911561028432417 1.7296993424429035 -0.5
      vertex -1.7296993424429032 1.7911561028432414 -0.5
      vertex -1.7366459261474931 1.798349500846628 -0.5
    endloop
  endfacet
  facet normal 0.7071067811865476 -0.7071067811865476 0
    outer loop
      vertex -1.798349500846628 1.7366459261474931 -0.5
      vertex -1.7366459261474931 1.798349500846628 -0.5
      vertex -1.7366459261474931 1.798349500846628 0.009999999999999787
    endloop
  endfacet
  facet normal 0.7071067811865476 -0.7071067811865476 0
    outer loop
      vertex -1.798349500846628 1.7366459261474931 -0.5
      vertex -1.7366459261474931 1.798349500846628 0.009999999999999787
      vertex -1.798349500846628 1.7366459261474931 0.009999999999999787
    endloop
  endfacet
  facet normal 0 0 1
    outer loop
      vertex -1.7296993424429032 1.7911561028432414 -0.5
      vertex -1.6728265158971456 1.8578620636934855 -0.5
      vertex -1.7366459261474931 1.798349500846628 -0.5
    endloop
  endfacet
  facet normal 0 0 1
    outer loop
      vertex -1.7296993424429032 1.7911561028432414 -0.5
      vertex -1.6661352098335571 1.8504306154387118 -0.5
      vertex -1.6728265158971456 1.8578620636934855 -0.5
    endloop
  endfacet
  facet normal 0 0 1
    outer loop
      vertex -1.6661352098335571 1.8504306154387118 -0.5
      vertex -1.6069690242163481 1.915111107797445 -0.5
      vertex -1.6728265158971456 1.8578620636934855 -0.5
    endloop
  endfacet
  facet normal 0 0 1
    outer loop
      vertex -1.6661352098335571 1.8504306154387118 -0.5
      vertex -1.600541148119483 1.9074506633662554 -0.5
      vertex -1.6069690242163481 1.915111107797445 -0.5
    endloop
  endfacet
  facet normal 0 0 1
    outer loop
      vertex -1.6069690242163481 1.915111107797445 -0.5
      vertex -1.600541148119483 1.9074506633662554 -0.5
      vertex -1.5391536883141457 1.9700268840168047 -0.5
    endloop
  endfacet
  facet normal 0 0 1
    outer loop
      vertex -1.600541148119483 1.9074506633662554 -0.5
      vertex -1.5329970735608893 1.9621467764807377 -0.5
      vertex -1.5391536883141457 1.9700268840168047 -0.5
    endloop
  endfacet
  facet normal 0 0 1
    outer loop
      vertex -1.5391536883141457 1.9700268840168047 -0.5
      vertex -1.5329970735608893 1.9621467764807377 -0.5
      vertex -1.469463130731183 2.0225424859373686 -0.5
    endloop
  endfacet
  facet normal 0.6819983600624984 -0.7313537016191706 0
    outer loop
      vertex -1.7366459261474931 1.798349500846628 -0.5
      vertex -1.6728265158971456 1.8578620636934855 -0.5
      vertex -1.6728265158971456 1.8578620636934855 0.009999999999999787
    endloop
  endfacet
  facet normal 0.6819983600624984 -0.7313537016191706 0
    outer loop
      vertex -1.7366459261474931 1.798349500846628 -0.5
      vertex -1.6728265158971456 1.8578620636934855 0.009999999999999787
      vertex -1.7366459261474931 1.798349500846628 0.009999999999999787
    endloop
  endfacet
  facet normal 0.6560590289905057 -0.7547095802227733 0
    outer loop
      vertex -1.6728265158971456 1.8578620636934855 -0.5
      vertex -1.6069690242163481 1.915111107797445 -0.5
      vertex -1.6069690242163481 1.915111107797445 0.009999999999999787
    endloop
  endfacet
  facet normal 0.6560590289905057 -0.7547095802227733 0
    outer loop
      vertex -1.6728265158971456 1.8578620636934855 -0.5
      vertex -1.6069690242163481 1.915111107797445 0.009999999999999787
      vertex -1.6728265158971456 1.8578620636934855 0.009999999999999787
    endloop
  endfacet
  facet normal 0.6293203910498377 -0.7771459614569706 0
    outer loop
      vertex -1.6069690242163481 1.915111107797445 -0.5
      vertex -1.5391536883141457 1.9700268840168047 -0.5
      vertex -1.5391536883141457 1.9700268840168047 0.009999999999999787
    endloop
  endfacet
  facet normal 0.6293203910498377 -0.7771459614569706 0
    outer loop
      vertex -1.6069690242163481 1.915111107797445 -0.5
      vertex -1.5391536883141457 1.9700268840168047 0.009999999999999787
      vertex -1.6069690242163481 1.915111107797445 0.009999999999999787
    endloop
  endfacet
  facet normal 0.6018150231520498 -0.7986355100472918 0
    outer loop
      vertex -1.5391536883141457 1.9700268840168047 -0.5
      vertex -1.4694631307311827 2.0225424859373686 0.009999999999999787
      vertex -1.5391536883141457 1.9700268840168047 0.009999999999999787
    endloop
  endfacet
  facet normal 0 0 1
    outer loop
      vertex -1.5329970735608893 1.9621467764807377 -0.5
      vertex -1.4635852782082583 2.014452315993619 -0.5
      vertex -1.469463130731183 2.0225424859373686 -0.5
    endloop
  endfacet
  facet normal 0 0 1
    outer loop
      vertex -1.469463130731183 2.0225424859373686 -0.5
      vertex -1.4635852782082583 2.014452315993619 -0.5
      vertex -1.3979822586768673 2.072593931387604 -0.5
    endloop
  endfacet
  facet normal 0 0 1
    outer loop
      vertex -1.4635852782082583 2.014452315993619 -0.5
      vertex -1.39239032964216 2.0643035556620535 -0.5
      vertex -1.3979822586768673 2.072593931387604 -0.5
    endloop
  endfacet
  facet normal 0 0 1
    outer loop
      vertex -1.39239032964216 2.0643035556620535 -0.5
      vertex -1.3247981605830121 2.120120240391065 -0.5
      vertex -1.3979822586768673 2.072593931387604 -0.5
    endloop
  endfacet
  facet normal 0 0 1
    outer loop
      vertex -1.39239032964216 2.0643035556620535 -0.5
      vertex -1.3194989679406803 2.111639759429501 -0.5
      vertex -1.3247981605830121 2.120120240391065 -0.5
    endloop
  endfacet
  facet normal 0 0 1
    outer loop
      vertex -1.3194989679406803 2.111639759429501 -0.5
      vertex -1.25 2.1650635094610964 -0.5
      vertex -1.3247981605830121 2.120120240391065 -0.5
    endloop
  endfacet
  facet normal 0 0 1
    outer loop
      vertex -1.3194989679406803 2.111639759429501 -0.5
      vertex -1.245 2.1564032554232524 -0.5
      vertex -1.25 2.1650635094610964 -0.5
    endloop
  endfacet
  facet normal 0.601815023152051 -0.7986355100472907 -2.631107119794281e-16
    outer loop
      vertex -1.5391536883141457 1.9700268840168047 -0.5
      vertex -1.469463130731183 2.0225424859373686 -0.5
      vertex -1.4694631307311827 2.0225424859373686 0.009999999999999787
    endloop
  endfacet
  facet normal 0.5735764363510432 -0.8191520442889939 -3.897936473769322e-17
    outer loop
      vertex -1.469463130731183 2.0225424859373686 -0.5
      vertex -1.3979822586768673 2.072593931387604 -0.5
      vertex -1.3979822586768667 2.0725939313876043 0.009999999999999787
    endloop
  endfacet
  facet normal 0.5735764363510442 -0.8191520442889931 -2.497246141252451e-16
    outer loop
      vertex -1.469463130731183 2.0225424859373686 -0.5
      vertex -1.3979822586768667 2.0725939313876043 0.009999999999999787
      vertex -1.4694631307311827 2.0225424859373686 0.009999999999999787
    endloop
  endfacet
  facet normal 0.544639035015027 -0.838670567945424 -2.3387618842615683e-16
    outer loop
      vertex -1.3979822586768673 2.072593931387604 -0.5
      vertex -1.3247981605830121 2.120120240391065 -0.5
      vertex -1.324798160583012 2.120120240391065 0.009999999999999787
    endloop
  endfacet
  facet normal 0.5446390350150259 -0.8386705679454249 1.8906023085101908e-17
    outer loop
      vertex -1.3979822586768673 2.072593931387604 -0.5
      vertex -1.324798160583012 2.120120240391065 0.009999999999999787
      vertex -1.3979822586768667 2.0725939313876043 0.009999999999999787
    endloop
  endfacet
  facet normal 0.5150380749100542 -0.8571673007021122 7.795872947538638e-17
    outer loop
      vertex -1.3247981605830121 2.120120240391065 -0.5
      vertex -1.25 2.1650635094610964 -0.5
      vertex -1.2499999999999993 2.165063509461097 0.009999999999999787
    endloop
  endfacet
  facet normal 0.5150380749100556 -0.8571673007021113 -2.2423808993088634e-16
    outer loop
      vertex -1.3247981605830121 2.120120240391065 -0.5
      vertex -1.2499999999999993 2.165063509461097 0.009999999999999787
      vertex -1.324798160583012 2.120120240391065 0.009999999999999787
    endloop
  endfacet
  facet normal 0 0 1
    outer loop
      vertex -1.245 2.1564032554232524 -0.5
      vertex -1.173678906964727 2.2073689821473175 -0.5
      vertex -1.25 2.1650635094610964 -0.5
    endloop
  endfacet
  facet normal 0 0 1
    outer loop
      vertex -1.245 2.1564032554232524 -0.5
      vertex -1.1689841913368684 2.1985395062187285 -0.5
      vertex -1.173678906964727 2.2073689821473175 -0.5
    endloop
  endfacet
  facet normal 0 0 1
    outer loop
      vertex -1.173678906964727 2.2073689821473175 -0.5
      vertex -1.1689841913368684 2.1985395062187285 -0.5
      vertex -1.0959278669726935 2.2469851157479175 -0.5
    endloop
  endfacet
  facet normal 0 0 1
    outer loop
      vertex -1.1689841913368684 2.1985395062187285 -0.5
      vertex -1.0915441555048029 2.237997175284926 -0.5
      vertex -1.0959278669726935 2.2469851157479175 -0.5
    endloop
  endfacet
  facet normal 0.4848096202463409 -0.8746197071393936 0
    outer loop
      vertex -1.25 2.1650635094610964 -0.5
      vertex -1.173678906964727 2.2073689821473175 -0.5
      vertex -1.173678906964727 2.2073689821473175 0.009999999999999787
    endloop
  endfacet
  facet normal 0.4848096202463402 -0.874619707139394 1.2835508409503423e-16
    outer loop
      vertex -1.25 2.1650635094610964 -0.5
      vertex -1.173678906964727 2.2073689821473175 0.009999999999999787
      vertex -1.2499999999999993 2.165063509461097 0.009999999999999787
    endloop
  endfacet
  facet normal 0.45399049973954486 -0.8910065241883688 0
    outer loop
      vertex -1.173678906964727 2.2073689821473175 -0.5
      vertex -1.0959278669726935 2.2469851157479175 0.009999999999999787
      vertex -1.173678906964727 2.2073689821473175 0.009999999999999787
    endloop
  endfacet
  facet normal 0.45399049973954486 -0.8910065241883688 0
    outer loop
      vertex -1.173678906964727 2.2073689821473175 -0.5
      vertex -1.0959278669726935 2.2469851157479175 -0.5
      vertex -1.0959278669726935 2.2469851157479175 0.009999999999999787
    endloop
  endfacet
  facet normal 0 0 1
    outer loop
      vertex -1.0959278669726935 2.2469851157479175 -0.5
      vertex -1.0915441555048029 2.237997175284926 -0.5
      vertex -1.0168416076895006 2.283863644106502 -0.5
    endloop
  endfacet
  facet normal 0 0 1
    outer loop
      vertex -1.0915441555048029 2.237997175284926 -0.5
      vertex -1.0127742412587426 2.274728189530076 -0.5
      vertex -1.0168416076895006 2.283863644106502 -0.5
    endloop
  endfacet
  facet normal 0.4226182617406987 -0.9063077870366503 0
    outer loop
      vertex -1.0959278669726935 2.2469851157479175 -0.5
      vertex -1.0168416076895006 2.283863644106502 -0.5
      vertex -1.0168416076895006 2.283863644106502 0.009999999999999787
    endloop
  endfacet
  facet normal 0.4226182617406987 -0.9063077870366503 0
    outer loop
      vertex -1.0959278669726935 2.2469851157479175 -0.5
      vertex -1.0168416076895006 2.283863644106502 0.009999999999999787
      vertex -1.0959278669726935 2.2469851157479175 0.009999999999999787
    endloop
  endfacet
  facet normal 0 0 1
    outer loop
      vertex -1.0168416076895006 2.283863644106502 -0.5
      vertex -1.0127742412587426 2.274728189530076 -0.5
      vertex -0.93651648353978 2.3179596364169686 -0.5
    endloop
  endfacet
  facet normal 0 0 1
    outer loop
      vertex -1.0127742412587426 2.274728189530076 -0.5
      vertex -0.932770417605621 2.308687797871301 -0.5
      vertex -0.93651648353978 2.3179596364169686 -0.5
    endloop
  endfacet
  facet normal 0 0 1
    outer loop
      vertex -0.932770417605621 2.308687797871301 -0.5
      vertex -0.8550503583141718 2.3492315519647713 -0.5
      vertex -0.93651648353978 2.3179596364169686 -0.5
    endloop
  endfacet
  facet normal 0 0 1
    outer loop
      vertex -0.932770417605621 2.308687797871301 -0.5
      vertex -0.8516301568809151 2.3398346257569123 -0.5
      vertex -0.8550503583141718 2.3492315519647713 -0.5
    endloop
  endfacet
  facet normal 0 0 1
    outer loop
      vertex -0.8516301568809151 2.3398346257569123 -0.5
      vertex -0.7725424859373685 2.3776412907378837 -0.5
      vertex -0.8550503583141718 2.3492315519647713 -0.5
    endloop
  endfacet
  facet normal 0 0 1
    outer loop
      vertex -0.8516301568809151 2.3398346257569123 -0.5
      vertex -0.7694523159936191 2.3681307255749324 -0.5
      vertex -0.7725424859373685 2.3776412907378837 -0.5
    endloop
  endfacet
  facet normal 0.3907311284892749 -0.9205048534524398 0
    outer loop
      vertex -1.0168416076895006 2.283863644106502 -0.5
      vertex -0.93651648353978 2.3179596364169686 -0.5
      vertex -0.93651648353978 2.3179596364169686 0.009999999999999787
    endloop
  endfacet
  facet normal 0.35836794954530304 -0.9335804264972006 0
    outer loop
      vertex -0.93651648353978 2.3179596364169686 -0.5
      vertex -0.8550503583141718 2.3492315519647713 -0.5
      vertex -0.8550503583141718 2.3492315519647713 0.009999999999999787
    endloop
  endfacet
  facet normal 0.3907311284892749 -0.9205048534524398 0
    outer loop
      vertex -1.0168416076895006 2.283863644106502 -0.5
      vertex -0.93651648353978 2.3179596364169686 0.009999999999999787
      vertex -1.0168416076895006 2.283863644106502 0.009999999999999787
    endloop
  endfacet
  facet normal 0.35836794954530304 -0.9335804264972006 0
    outer loop
      vertex -0.93651648353978 2.3179596364169686 -0.5
      vertex -0.8550503583141718 2.3492315519647713 0.009999999999999787
      vertex -0.93651648353978 2.3179596364169686 0.009999999999999787
    endloop
  endfacet
  facet normal 0.3255681544571506 -0.9455185755993188 -1.3642777658192606e-16
    outer loop
      vertex -0.8550503583141718 2.3492315519647713 -0.5
      vertex -0.7725424859373685 2.3776412907378837 -0.5
      vertex -0.7725424859373683 2.3776412907378837 0.009999999999999787
    endloop
  endfacet
  facet normal 0.3255681544571498 -0.9455185755993191 0
    outer loop
      vertex -0.8550503583141718 2.3492315519647713 -0.5
      vertex -0.7725424859373683 2.3776412907378837 0.009999999999999787
      vertex -0.8550503583141718 2.3492315519647713 0.009999999999999787
    endloop
  endfacet
  facet normal 0 0 1
    outer loop
      vertex -0.7725424859373685 2.3776412907378837 -0.5
      vertex -0.7694523159936191 2.3681307255749324 -0.5
      vertex -0.6890933895424979 2.4031542398457972 -0.5
    endloop
  endfacet
  facet normal 0 0 1
    outer loop
      vertex -0.7694523159936191 2.3681307255749324 -0.5
      vertex -0.686337015984328 2.3935416228864144 -0.5
      vertex -0.6890933895424979 2.4031542398457972 -0.5
    endloop
  endfacet
  facet normal 0 0 1
    outer loop
      vertex -0.686337015984328 2.3935416228864144 -0.5
      vertex -0.6048047389991693 2.425739315689991 -0.5
      vertex -0.6890933895424979 2.4031542398457972 -0.5
    endloop
  endfacet
  facet normal 0 0 1
    outer loop
      vertex -0.686337015984328 2.3935416228864144 -0.5
      vertex -0.6023855200431727 2.4160363584272315 -0.5
      vertex -0.6048047389991693 2.425739315689991 -0.5
    endloop
  endfacet
  facet normal 0 0 1
    outer loop
      vertex -0.6023855200431727 2.4160363584272315 -0.5
      vertex -0.5197792270443984 2.4453690018345142 -0.5
      vertex -0.6048047389991693 2.425739315689991 -0.5
    endloop
  endfacet
  facet normal 0 0 1
    outer loop
      vertex -0.6023855200431727 2.4160363584272315 -0.5
      vertex -0.5177001101362209 2.4355875258271764 -0.5
      vertex -0.5197792270443984 2.4453690018345142 -0.5
    endloop
  endfacet
  facet normal 0.29237170472274027 -0.9563047559630345 -1.2668293539750226e-16
    outer loop
      vertex -0.7725424859373685 2.3776412907378837 -0.5
      vertex -0.6890933895424979 2.4031542398457972 -0.5
      vertex -0.6890933895424977 2.4031542398457972 0.009999999999999787
    endloop
  endfacet
  facet normal 0.2588190451025196 -0.9659258262890685 0
    outer loop
      vertex -0.6890933895424979 2.4031542398457972 -0.5
      vertex -0.6048047389991693 2.425739315689991 -0.5
      vertex -0.6048047389991693 2.425739315689991 0.009999999999999787
    endloop
  endfacet
  facet normal 0.29237170472274027 -0.9563047559630345 -1.2729325424788e-16
    outer loop
      vertex -0.7725424859373685 2.3776412907378837 -0.5
      vertex -0.6890933895424977 2.4031542398457972 0.009999999999999787
      vertex -0.7725424859373683 2.3776412907378837 0.009999999999999787
    endloop
  endfacet
  facet normal 0.25881904510252024 -0.9659258262890684 -1.1268504434679018e-16
    outer loop
      vertex -0.6890933895424979 2.4031542398457972 -0.5
      vertex -0.6048047389991693 2.425739315689991 0.009999999999999787
      vertex -0.6890933895424977 2.4031542398457972 0.009999999999999787
    endloop
  endfacet
  facet normal 0.22495105434386703 -0.9743700647852347 0
    outer loop
      vertex -0.6048047389991693 2.425739315689991 -0.5
      vertex -0.5197792270443984 2.4453690018345142 -0.5
      vertex -0.5197792270443984 2.4453690018345142 0.009999999999999787
    endloop
  endfacet
  facet normal 0.22495105434386703 -0.9743700647852347 0
    outer loop
      vertex -0.6048047389991693 2.425739315689991 -0.5
      vertex -0.5197792270443984 2.4453690018345142 0.009999999999999787
      vertex -0.6048047389991693 2.425739315689991 0.009999999999999787
    endloop
  endfacet
  facet normal 0 0 1
    outer loop
      vertex -0.5177001101362209 2.4355875258271764 -0.5
      vertex -0.4341204441673258 2.46201938253052 -0.5
      vertex -0.5197792270443984 2.4453690018345142 -0.5
    endloop
  endfacet
  facet normal 0 0 1
    outer loop
      vertex -0.5177001101362209 2.4355875258271764 -0.5
      vertex -0.4323839623906566 2.452171305000398 -0.5
      vertex -0.4341204441673258 2.46201938253052 -0.5
    endloop
  endfacet
  facet normal 0 0 1
    outer loop
      vertex -0.4323839623906566 2.452171305000398 -0.5
      vertex -0.3479327524001636 2.475670171853926 -0.5
      vertex -0.4341204441673258 2.46201938253052 -0.5
    endloop
  endfacet
  facet normal 0 0 1
    outer loop
      vertex -0.4323839623906566 2.452171305000398 -0.5
      vertex -0.346541021390563 2.46576749116651 -0.5
      vertex -0.3479327524001636 2.475670171853926 -0.5
    endloop
  endfacet
  facet normal 0 0 1
    outer loop
      vertex -0.346541021390563 2.46576749116651 -0.5
      vertex -0.2613211581691337 2.4863047384206833 -0.5
      vertex -0.3479327524001636 2.475670171853926 -0.5
    endloop
  endfacet
  facet normal 0 0 1
    outer loop
      vertex -0.346541021390563 2.46576749116651 -0.5
      vertex -0.2602758735364572 2.476359519467001 -0.5
      vertex -0.2613211581691337 2.4863047384206833 -0.5
    endloop
  endfacet
  facet normal 0.19080899537654025 -0.9816271834476649 -2.4362102961058156e-17
    outer loop
      vertex -0.5197792270443984 2.4453690018345142 -0.5
      vertex -0.4341204441673258 2.46201938253052 -0.5
      vertex -0.43412044416732576 2.46201938253052 0.009999999999999787
    endloop
  endfacet
  facet normal 0.15643446504023395 -0.9876883405951372 -4.872420592211632e-17
    outer loop
      vertex -0.4341204441673258 2.46201938253052 -0.5
      vertex -0.3479327524001636 2.475670171853926 -0.5
      vertex -0.3479327524001634 2.475670171853926 0.009999999999999787
    endloop
  endfacet
  facet normal 0.19080899537654014 -0.9816271834476649 0
    outer loop
      vertex -0.5197792270443984 2.4453690018345142 -0.5
      vertex -0.43412044416732576 2.46201938253052 0.009999999999999787
      vertex -0.5197792270443984 2.4453690018345142 0.009999999999999787
    endloop
  endfacet
  facet normal 0.15643446504023378 -0.9876883405951373 -1.7027171071822228e-17
    outer loop
      vertex -0.4341204441673258 2.46201938253052 -0.5
      vertex -0.3479327524001634 2.475670171853926 0.009999999999999787
      vertex -0.43412044416732576 2.46201938253052 0.009999999999999787
    endloop
  endfacet
  facet normal 0.1218693434051474 -0.992546151641322 0
    outer loop
      vertex -0.3479327524001636 2.475670171853926 -0.5
      vertex -0.2613211581691337 2.4863047384206833 -0.5
      vertex -0.2613211581691337 2.4863047384206833 0.009999999999999787
    endloop
  endfacet
  facet normal 0.12186934340514763 -0.992546151641322 -3.979475030716028e-17
    outer loop
      vertex -0.3479327524001636 2.475670171853926 -0.5
      vertex -0.2613211581691337 2.4863047384206833 0.009999999999999787
      vertex -0.3479327524001634 2.475670171853926 0.009999999999999787
    endloop
  endfacet
  facet normal 0 0 1
    outer loop
      vertex -0.2602758735364572 2.476359519467001 -0.5
      vertex -0.17439118436031326 2.4939101256495606 -0.5
      vertex -0.2613211581691337 2.4863047384206833 -0.5
    endloop
  endfacet
  facet normal 0 0 1
    outer loop
      vertex -0.2602758735364572 2.476359519467001 -0.5
      vertex -0.17369361962287203 2.4839344851469627 -0.5
      vertex -0.17439118436031326 2.4939101256495606 -0.5
    endloop
  endfacet
  facet normal 0 0 1
    outer loop
      vertex -0.17369361962287203 2.4839344851469627 -0.5
      vertex -0.08724874175625243 2.4984770675477392 -0.5
      vertex -0.17439118436031326 2.4939101256495606 -0.5
    endloop
  endfacet
  facet normal 0 0 1
    outer loop
      vertex -0.17369361962287203 2.4839344851469627 -0.5
      vertex -0.08689974678922742 2.4884831592775485 -0.5
      vertex -0.08724874175625243 2.4984770675477392 -0.5
    endloop
  endfacet
  facet normal 0 0 1
    outer loop
      vertex -0.08689974678922742 2.4884831592775485 -0.5
      vertex 0 2.5 -0.5
      vertex -0.08724874175625243 2.4984770675477392 -0.5
    endloop
  endfacet
  facet normal 0 0 1
    outer loop
      vertex -0.08689974678922742 2.4884831592775485 -0.5
      vertex 0 2.49 -0.5
      vertex 0 2.5 -0.5
    endloop
  endfacet
  facet normal 0.08715574274765807 -0.9961946980917455 0
    outer loop
      vertex -0.2613211581691337 2.4863047384206833 -0.5
      vertex -0.17439118436031326 2.4939101256495606 -0.5
      vertex -0.17439118436031326 2.4939101256495606 0.009999999999999787
    endloop
  endfacet
  facet normal 0.08715574274765807 -0.9961946980917455 0
    outer loop
      vertex -0.2613211581691337 2.4863047384206833 -0.5
      vertex -0.17439118436031326 2.4939101256495606 0.009999999999999787
      vertex -0.2613211581691337 2.4863047384206833 0.009999999999999787
    endloop
  endfacet
  facet normal 0.052335956242942974 -0.9986295347545738 0
    outer loop
      vertex -0.17439118436031326 2.4939101256495606 -0.5
      vertex -0.08724874175625238 2.4984770675477392 0.009999999999999787
      vertex -0.17439118436031326 2.4939101256495606 0.009999999999999787
    endloop
  endfacet
  facet normal 0.052335956242943 -0.9986295347545738 -3.6543154441587244e-18
    outer loop
      vertex -0.17439118436031326 2.4939101256495606 -0.5
      vertex -0.08724874175625243 2.4984770675477392 -0.5
      vertex -0.08724874175625238 2.4984770675477392 0.009999999999999787
    endloop
  endfacet
  facet normal 0.0174524064372845 -0.9998476951563912 0
    outer loop
      vertex -0.08724874175625243 2.4984770675477392 -0.5
      vertex 0 2.5 -0.5
      vertex 0 2.5 0.009999999999999787
    endloop
  endfacet
  facet normal 0.01745240643728451 -0.9998476951563913 -1.4247105486609979e-18
    outer loop
      vertex -0.08724874175625243 2.4984770675477392 -0.5
      vertex 0 2.5 0.009999999999999787
      vertex -0.08724874175625238 2.4984770675477392 0.009999999999999787
    endloop
  endfacet
  facet normal 0 0 1
    outer loop
      vertex 0 -2.5 -0.5
      vertex 0.08689974678922742 -2.4884831592775485 -0.5
      vertex 0 -2.49 -0.5
    endloop
  endfacet
  facet normal 0 0 1
    outer loop
      vertex 0 -2.5 -0.5
      vertex 0.08724874175625243 -2.4984770675477392 -0.5
      vertex 0.08689974678922742 -2.4884831592775485 -0.5
    endloop
  endfacet
  facet normal 0 0 1
    outer loop
      vertex 0.08724874175625243 -2.4984770675477392 -0.5
      vertex 0.17369361962287203 -2.4839344851469627 -0.5
      vertex 0.08689974678922742 -2.4884831592775485 -0.5
    endloop
  endfacet
  facet normal 0 0 1
    outer loop
      vertex 0.08724874175625243 -2.4984770675477392 -0.5
      vertex 0.17439118436031326 -2.4939101256495606 -0.5
      vertex 0.17369361962287203 -2.4839344851469627 -0.5
    endloop
  endfacet
  facet normal 0 0 1
    outer loop
      vertex 0.17439118436031326 -2.4939101256495606 -0.5
      vertex 0.2602758735364572 -2.476359519467001 -0.5
      vertex 0.17369361962287203 -2.4839344851469627 -0.5
    endloop
  endfacet
  facet normal 0 0 1
    outer loop
      vertex 0.17439118436031326 -2.4939101256495606 -0.5
      vertex 0.2613211581691337 -2.4863047384206833 -0.5
      vertex 0.2602758735364572 -2.476359519467001 -0.5
    endloop
  endfacet
  facet normal -0.0174524064372845 0.9998476951563912 0
    outer loop
      vertex 0 -2.5 -0.5
      vertex 0 -2.5 0.009999999999999787
      vertex 0.08724874175625243 -2.4984770675477392 -0.5
    endloop
  endfacet
  facet normal -0.052335956242943 0.9986295347545738 0
    outer loop
      vertex 0.08724874175625243 -2.4984770675477392 -0.5
      vertex 0.08724874175625243 -2.4984770675477392 0.009999999999999787
      vertex 0.17439118436031326 -2.4939101256495606 -0.5
    endloop
  endfacet
  facet normal -0.0174524064372845 0.9998476951563912 0
    outer loop
      vertex 0.08724874175625243 -2.4984770675477392 -0.5
      vertex 0 -2.5 0.009999999999999787
      vertex 0.08724874175625243 -2.4984770675477392 0.009999999999999787
    endloop
  endfacet
  facet normal -0.08715574274765807 0.9961946980917455 -3.794600483402237e-17
    outer loop
      vertex 0.17439118436031326 -2.4939101256495606 -0.5
      vertex 0.17439118436031303 -2.4939101256495606 0.009999999999999787
      vertex 0.2613211581691337 -2.4863047384206833 -0.5
    endloop
  endfacet
  facet normal -0.052335956242943134 0.9986295347545738 -2.2786111230074585e-17
    outer loop
      vertex 0.17439118436031326 -2.4939101256495606 -0.5
      vertex 0.08724874175625243 -2.4984770675477392 0.009999999999999787
      vertex 0.17439118436031303 -2.4939101256495606 0.009999999999999787
    endloop
  endfacet
  facet normal -0.08715574274765907 0.9961946980917453 -2.087030265871254e-16
    outer loop
      vertex 0.2613211581691337 -2.4863047384206833 -0.5
      vertex 0.17439118436031303 -2.4939101256495606 0.009999999999999787
      vertex 0.2613211581691325 -2.4863047384206833 0.009999999999999787
    endloop
  endfacet
  facet normal 0 0 1
    outer loop
      vertex 0.2613211581691337 -2.4863047384206833 -0.5
      vertex 0.346541021390563 -2.46576749116651 -0.5
      vertex 0.2602758735364572 -2.476359519467001 -0.5
    endloop
  endfacet
  facet normal 0 0 1
    outer loop
      vertex 0.2613211581691337 -2.4863047384206833 -0.5
      vertex 0.3479327524001636 -2.475670171853926 -0.5
      vertex 0.346541021390563 -2.46576749116651 -0.5
    endloop
  endfacet
  facet normal 0 0 1
    outer loop
      vertex 0.3479327524001636 -2.475670171853926 -0.5
      vertex 0.4323839623906566 -2.452171305000398 -0.5
      vertex 0.346541021390563 -2.46576749116651 -0.5
    endloop
  endfacet
  facet normal 0 0 1
    outer loop
      vertex 0.3479327524001636 -2.475670171853926 -0.5
      vertex 0.4341204441673258 -2.46201938253052 -0.5
      vertex 0.4323839623906566 -2.452171305000398 -0.5
    endloop
  endfacet
  facet normal 0 0 1
    outer loop
      vertex 0.4341204441673258 -2.46201938253052 -0.5
      vertex 0.5177001101362209 -2.4355875258271764 -0.5
      vertex 0.4323839623906566 -2.452171305000398 -0.5
    endloop
  endfacet
  facet normal 0 0 1
    outer loop
      vertex 0.4341204441673258 -2.46201938253052 -0.5
      vertex 0.5197792270443984 -2.4453690018345142 -0.5
      vertex 0.5177001101362209 -2.4355875258271764 -0.5
    endloop
  endfacet
  facet normal -0.1218693434051474 0.992546151641322 -2.918281689191748e-16
    outer loop
      vertex 0.2613211581691337 -2.4863047384206833 -0.5
      vertex 0.2613211581691325 -2.4863047384206833 0.009999999999999787
      vertex 0.3479327524001636 -2.475670171853926 -0.5
    endloop
  endfacet
  facet normal -0.12186934340514571 0.9925461516413222 0
    outer loop
      vertex 0.3479327524001636 -2.475670171853926 -0.5
      vertex 0.2613211581691325 -2.4863047384206833 0.009999999999999787
      vertex 0.3479327524001636 -2.475670171853926 0.009999999999999787
    endloop
  endfacet
  facet normal -0.15643446504023395 0.9876883405951372 0
    outer loop
      vertex 0.3479327524001636 -2.475670171853926 -0.5
      vertex 0.3479327524001636 -2.475670171853926 0.009999999999999787
      vertex 0.4341204441673258 -2.46201938253052 -0.5
    endloop
  endfacet
  facet normal -0.19080899537654025 0.9816271834476649 -3.322988862315767e-16
    outer loop
      vertex 0.4341204441673258 -2.46201938253052 -0.5
      vertex 0.4341204441673249 -2.46201938253052 0.009999999999999787
      vertex 0.5197792270443984 -2.4453690018345142 -0.5
    endloop
  endfacet
  facet normal -0.1564344650402355 0.9876883405951369 -2.7243473714915865e-16
    outer loop
      vertex 0.4341204441673258 -2.46201938253052 -0.5
      vertex 0.3479327524001636 -2.475670171853926 0.009999999999999787
      vertex 0.4341204441673249 -2.46201938253052 0.009999999999999787
    endloop
  endfacet
  facet normal -0.19080899537653834 0.9816271834476652 0
    outer loop
      vertex 0.5197792270443984 -2.4453690018345142 -0.5
      vertex 0.4341204441673249 -2.46201938253052 0.009999999999999787
      vertex 0.5197792270443984 -2.4453690018345142 0.009999999999999787
    endloop
  endfacet
  facet normal 0 0 1
    outer loop
      vertex 0.5197792270443984 -2.4453690018345142 -0.5
      vertex 0.6023855200431727 -2.4160363584272315 -0.5
      vertex 0.5177001101362209 -2.4355875258271764 -0.5
    endloop
  endfacet
  facet normal 0 0 1
    outer loop
      vertex 0.5197792270443984 -2.4453690018345142 -0.5
      vertex 0.6048047389991693 -2.425739315689991 -0.5
      vertex 0.6023855200431727 -2.4160363584272315 -0.5
    endloop
  endfacet
  facet normal 0 0 1
    outer loop
      vertex 0.6048047389991693 -2.425739315689991 -0.5
      vertex 0.686337015984328 -2.3935416228864144 -0.5
      vertex 0.6023855200431727 -2.4160363584272315 -0.5
    endloop
  endfacet
  facet normal 0 0 1
    outer loop
      vertex 0.6048047389991693 -2.425739315689991 -0.5
      vertex 0.6890933895424979 -2.4031542398457972 -0.5
      vertex 0.686337015984328 -2.3935416228864144 -0.5
    endloop
  endfacet
  facet normal 0 0 1
    outer loop
      vertex 0.6890933895424979 -2.4031542398457972 -0.5
      vertex 0.7694523159936191 -2.3681307255749324 -0.5
      vertex 0.686337015984328 -2.3935416228864144 -0.5
    endloop
  endfacet
  facet normal 0 0 1
    outer loop
      vertex 0.6890933895424979 -2.4031542398457972 -0.5
      vertex 0.7725424859373685 -2.3776412907378837 -0.5
      vertex 0.7694523159936191 -2.3681307255749324 -0.5
    endloop
  endfacet
  facet normal -0.22495105434386703 0.9743700647852347 0
    outer loop
      vertex 0.5197792270443984 -2.4453690018345142 -0.5
      vertex 0.5197792270443984 -2.4453690018345142 0.009999999999999787
      vertex 0.6048047389991693 -2.425739315689991 -0.5
    endloop
  endfacet
  facet normal -0.22495105434386897 0.9743700647852342 -3.4278840776938785e-16
    outer loop
      vertex 0.6048047389991693 -2.425739315689991 -0.5
      vertex 0.5197792270443984 -2.4453690018345142 0.009999999999999787
      vertex 0.6048047389991685 -2.425739315689991 0.009999999999999787
    endloop
  endfacet
  facet normal -0.2588190451025196 0.9659258262890685 -3.9439765521376463e-16
    outer loop
      vertex 0.6048047389991693 -2.425739315689991 -0.5
      vertex 0.6048047389991685 -2.425739315689991 0.009999999999999787
      vertex 0.6890933895424979 -2.4031542398457972 -0.5
    endloop
  endfacet
  facet normal -0.29237170472274027 0.9563047559630345 0
    outer loop
      vertex 0.6890933895424979 -2.4031542398457972 -0.5
      vertex 0.6890933895424979 -2.4031542398457972 0.009999999999999787
      vertex 0.7725424859373685 -2.3776412907378837 -0.5
    endloop
  endfacet
  facet normal -0.25881904510251735 0.9659258262890692 0
    outer loop
      vertex 0.6890933895424979 -2.4031542398457972 -0.5
      vertex 0.6048047389991685 -2.425739315689991 0.009999999999999787
      vertex 0.6890933895424979 -2.4031542398457972 0.009999999999999787
    endloop
  endfacet
  facet normal -0.29237170472274204 0.9563047559630339 -3.1823313561970193e-16
    outer loop
      vertex 0.7725424859373685 -2.3776412907378837 -0.5
      vertex 0.6890933895424979 -2.4031542398457972 0.009999999999999787
      vertex 0.772542485937368 -2.3776412907378837 0.009999999999999787
    endloop
  endfacet
  facet normal 0 0 1
    outer loop
      vertex 0.7694523159936191 -2.3681307255749324 -0.5
      vertex 0.7725424859373685 -2.3776412907378837 -0.5
      vertex 0.8516301568809151 -2.3398346257569123 -0.5
    endloop
  endfacet
  facet normal 0 0 1
    outer loop
      vertex 0.7725424859373685 -2.3776412907378837 -0.5
      vertex 0.8550503583141718 -2.3492315519647713 -0.5
      vertex 0.8516301568809151 -2.3398346257569123 -0.5
    endloop
  endfacet
  facet normal 0 0 1
    outer loop
      vertex 0.8550503583141718 -2.3492315519647713 -0.5
      vertex 0.932770417605621 -2.308687797871301 -0.5
      vertex 0.8516301568809151 -2.3398346257569123 -0.5
    endloop
  endfacet
  facet normal 0 0 1
    outer loop
      vertex 0.8550503583141718 -2.3492315519647713 -0.5
      vertex 0.93651648353978 -2.3179596364169686 -0.5
      vertex 0.932770417605621 -2.308687797871301 -0.5
    endloop
  endfacet
  facet normal 0 0 1
    outer loop
      vertex 0.93651648353978 -2.3179596364169686 -0.5
      vertex 1.0127742412587426 -2.274728189530076 -0.5
      vertex 0.932770417605621 -2.308687797871301 -0.5
    endloop
  endfacet
  facet normal 0 0 1
    outer loop
      vertex 0.93651648353978 -2.3179596364169686 -0.5
      vertex 1.0168416076895006 -2.283863644106502 -0.5
      vertex 1.0127742412587426 -2.274728189530076 -0.5
    endloop
  endfacet
  facet normal -0.3255681544571506 0.9455185755993188 -3.5436594231671376e-16
    outer loop
      vertex 0.7725424859373685 -2.3776412907378837 -0.5
      vertex 0.772542485937368 -2.3776412907378837 0.009999999999999787
      vertex 0.8550503583141718 -2.3492315519647713 -0.5
    endloop
  endfacet
  facet normal -0.3255681544571487 0.9455185755993196 0
    outer loop
      vertex 0.8550503583141718 -2.3492315519647713 -0.5
      vertex 0.772542485937368 -2.3776412907378837 0.009999999999999787
      vertex 0.8550503583141718 -2.3492315519647713 0.009999999999999787
    endloop
  endfacet
  facet normal -0.35836794954530304 0.9335804264972006 0
    outer loop
      vertex 0.8550503583141718 -2.3492315519647713 -0.5
      vertex 0.8550503583141718 -2.3492315519647713 0.009999999999999787
      vertex 0.93651648353978 -2.3179596364169686 -0.5
    endloop
  endfacet
  facet normal -0.3907311284892749 0.9205048534524398 -8.505856770324778e-17
    outer loop
      vertex 0.93651648353978 -2.3179596364169686 -0.5
      vertex 0.9365164835397799 -2.3179596364169686 0.009999999999999787
      vertex 1.0168416076895006 -2.283863644106502 -0.5
    endloop
  endfacet
  facet normal -0.3583679495453035 0.9335804264972006 -7.801340173978479e-17
    outer loop
      vertex 0.93651648353978 -2.3179596364169686 -0.5
      vertex 0.8550503583141718 -2.3492315519647713 0.009999999999999787
      vertex 0.9365164835397799 -2.3179596364169686 0.009999999999999787
    endloop
  endfacet
  facet normal -0.39073112848927477 0.9205048534524399 -4.904396520337551e-17
    outer loop
      vertex 1.0168416076895006 -2.283863644106502 -0.5
      vertex 0.9365164835397799 -2.3179596364169686 0.009999999999999787
      vertex 1.0168416076894995 -2.2838636441065026 0.009999999999999787
    endloop
  endfacet
  facet normal 0 0 1
    outer loop
      vertex 1.0127742412587426 -2.274728189530076 -0.5
      vertex 1.0168416076895006 -2.283863644106502 -0.5
      vertex 1.0915441555048029 -2.237997175284926 -0.5
    endloop
  endfacet
  facet normal 0 0 1
    outer loop
      vertex 1.0168416076895006 -2.283863644106502 -0.5
      vertex 1.0959278669726935 -2.2469851157479175 -0.5
      vertex 1.0915441555048029 -2.237997175284926 -0.5
    endloop
  endfacet
  facet normal -0.4226182617406987 0.9063077870366503 -1.3082159957945062e-16
    outer loop
      vertex 1.0168416076895006 -2.283863644106502 -0.5
      vertex 1.0168416076894995 -2.2838636441065026 0.009999999999999787
      vertex 1.0959278669726935 -2.2469851157479175 -0.5
    endloop
  endfacet
  facet normal -0.422618261740698 0.9063077870366506 0
    outer loop
      vertex 1.0959278669726935 -2.2469851157479175 -0.5
      vertex 1.0168416076894995 -2.2838636441065026 0.009999999999999787
      vertex 1.0959278669726935 -2.2469851157479175 0.009999999999999787
    endloop
  endfacet
  facet normal 0 0 1
    outer loop
      vertex 1.0915441555048029 -2.237997175284926 -0.5
      vertex 1.0959278669726935 -2.2469851157479175 -0.5
      vertex 1.1689841913368684 -2.1985395062187285 -0.5
    endloop
  endfacet
  facet normal 0 0 1
    outer loop
      vertex 1.0959278669726935 -2.2469851157479175 -0.5
      vertex 1.173678906964727 -2.2073689821473175 -0.5
      vertex 1.1689841913368684 -2.1985395062187285 -0.5
    endloop
  endfacet
  facet normal 0 0 1
    outer loop
      vertex 1.1689841913368684 -2.1985395062187285 -0.5
      vertex 1.173678906964727 -2.2073689821473175 -0.5
      vertex 1.245 -2.1564032554232524 -0.5
    endloop
  endfacet
  facet normal 0 0 1
    outer loop
      vertex 1.173678906964727 -2.2073689821473175 -0.5
      vertex 1.25 -2.1650635094610964 -0.5
      vertex 1.245 -2.1564032554232524 -0.5
    endloop
  endfacet
  facet normal -0.45399049973954486 0.8910065241883688 0
    outer loop
      vertex 1.0959278669726935 -2.2469851157479175 -0.5
      vertex 1.0959278669726935 -2.2469851157479175 0.009999999999999787
      vertex 1.173678906964727 -2.2073689821473175 -0.5
    endloop
  endfacet
  facet normal -0.4848096202463409 0.8746197071393936 -8.272209353526746e-17
    outer loop
      vertex 1.173678906964727 -2.2073689821473175 -0.5
      vertex 1.1736789069647262 -2.207368982147318 0.009999999999999787
      vertex 1.25 -2.1650635094610964 -0.5
    endloop
  endfacet
  facet normal -0.453990499739545 0.8910065241883688 -1.4780747685246528e-17
    outer loop
      vertex 1.173678906964727 -2.2073689821473175 -0.5
      vertex 1.0959278669726935 -2.2469851157479175 0.009999999999999787
      vertex 1.1736789069647262 -2.207368982147318 0.009999999999999787
    endloop
  endfacet
  facet normal -0.4848096202463405 0.874619707139394 0
    outer loop
      vertex 1.25 -2.1650635094610964 -0.5
      vertex 1.1736789069647262 -2.207368982147318 0.009999999999999787
      vertex 1.25 -2.1650635094610964 0.009999999999999787
    endloop
  endfacet
  facet normal 0 0 1
    outer loop
      vertex 1.245 -2.1564032554232524 -0.5
      vertex 1.25 -2.1650635094610964 -0.5
      vertex 1.3194989679406803 -2.111639759429501 -0.5
    endloop
  endfacet
  facet normal 0 0 1
    outer loop
      vertex 1.25 -2.1650635094610964 -0.5
      vertex 1.3247981605830121 -2.120120240391065 -0.5
      vertex 1.3194989679406803 -2.111639759429501 -0.5
    endloop
  endfacet
  facet normal 0 0 1
    outer loop
      vertex 1.3247981605830121 -2.120120240391065 -0.5
      vertex 1.39239032964216 -2.0643035556620535 -0.5
      vertex 1.3194989679406803 -2.111639759429501 -0.5
    endloop
  endfacet
  facet normal 0 0 1
    outer loop
      vertex 1.3247981605830121 -2.120120240391065 -0.5
      vertex 1.3979822586768673 -2.072593931387604 -0.5
      vertex 1.39239032964216 -2.0643035556620535 -0.5
    endloop
  endfacet
  facet normal 0 0 1
    outer loop
      vertex 1.3979822586768673 -2.072593931387604 -0.5
      vertex 1.4635852782082583 -2.014452315993619 -0.5
      vertex 1.39239032964216 -2.0643035556620535 -0.5
    endloop
  endfacet
  facet normal 0 0 1
    outer loop
      vertex 1.3979822586768673 -2.072593931387604 -0.5
      vertex 1.469463130731183 -2.0225424859373686 -0.5
      vertex 1.4635852782082583 -2.014452315993619 -0.5
    endloop
  endfacet
  facet normal -0.5150380749100542 0.8571673007021122 0
    outer loop
      vertex 1.25 -2.1650635094610964 -0.5
      vertex 1.25 -2.1650635094610964 0.009999999999999787
      vertex 1.3247981605830121 -2.120120240391065 -0.5
    endloop
  endfacet
  facet normal -0.5150380749100538 0.8571673007021124 7.367543467423025e-17
    outer loop
      vertex 1.3247981605830121 -2.120120240391065 -0.5
      vertex 1.25 -2.1650635094610964 0.009999999999999787
      vertex 1.3247981605830115 -2.1201202403910653 0.009999999999999787
    endloop
  endfacet
  facet normal -0.544639035015027 0.838670567945424 1.8906023085099557e-17
    outer loop
      vertex 1.3247981605830121 -2.120120240391065 -0.5
      vertex 1.3247981605830115 -2.1201202403910653 0.009999999999999787
      vertex 1.3979822586768673 -2.072593931387604 -0.5
    endloop
  endfacet
  facet normal -0.5446390350150271 0.838670567945424 0
    outer loop
      vertex 1.3979822586768673 -2.072593931387604 -0.5
      vertex 1.3247981605830115 -2.1201202403910653 0.009999999999999787
      vertex 1.3979822586768673 -2.072593931387604 0.009999999999999787
    endloop
  endfacet
  facet normal -0.5735764363510432 0.8191520442889939 0
    outer loop
      vertex 1.3979822586768673 -2.072593931387604 -0.5
      vertex 1.3979822586768673 -2.072593931387604 0.009999999999999787
      vertex 1.469463130731183 -2.0225424859373686 -0.5
    endloop
  endfacet
  facet normal -0.601815023152051 0.7986355100472907 -9.063514616889045e-17
    outer loop
      vertex 1.469463130731183 -2.0225424859373686 -0.5
      vertex 1.4694631307311823 -2.022542485937369 0.009999999999999787
      vertex 1.5391536883141457 -1.9700268840168047 -0.5
    endloop
  endfacet
  facet normal -0.5735764363510433 0.8191520442889936 -3.588642258090517e-17
    outer loop
      vertex 1.469463130731183 -2.0225424859373686 -0.5
      vertex 1.3979822586768673 -2.072593931387604 0.009999999999999787
      vertex 1.4694631307311823 -2.022542485937369 0.009999999999999787
    endloop
  endfacet
  facet normal 0 0 1
    outer loop
      vertex 1.4635852782082583 -2.014452315993619 -0.5
      vertex 1.469463130731183 -2.0225424859373686 -0.5
      vertex 1.5329970735608893 -1.9621467764807377 -0.5
    endloop
  endfacet
  facet normal 0 0 1
    outer loop
      vertex 1.469463130731183 -2.0225424859373686 -0.5
      vertex 1.5391536883141457 -1.9700268840168047 -0.5
      vertex 1.5329970735608893 -1.9621467764807377 -0.5
    endloop
  endfacet
  facet normal 0 0 1
    outer loop
      vertex 1.5329970735608893 -1.9621467764807377 -0.5
      vertex 1.5391536883141457 -1.9700268840168047 -0.5
      vertex 1.600541148119483 -1.9074506633662554 -0.5
    endloop
  endfacet
  facet normal 0 0 1
    outer loop
      vertex 1.5391536883141457 -1.9700268840168047 -0.5
      vertex 1.6069690242163481 -1.915111107797445 -0.5
      vertex 1.600541148119483 -1.9074506633662554 -0.5
    endloop
  endfacet
  facet normal 0 0 1
    outer loop
      vertex 1.600541148119483 -1.9074506633662554 -0.5
      vertex 1.6069690242163481 -1.915111107797445 -0.5
      vertex 1.6661352098335571 -1.8504306154387118 -0.5
    endloop
  endfacet
  facet normal 0 0 1
    outer loop
      vertex 1.6069690242163481 -1.915111107797445 -0.5
      vertex 1.6728265158971456 -1.8578620636934855 -0.5
      vertex 1.6661352098335571 -1.8504306154387118 -0.5
    endloop
  endfacet
  facet normal 0 0 1
    outer loop
      vertex 1.6728265158971456 -1.8578620636934855 -0.5
      vertex 1.7296993424429032 -1.7911561028432414 -0.5
      vertex 1.6661352098335571 -1.8504306154387118 -0.5
    endloop
  endfacet
  facet normal 0 0 1
    outer loop
      vertex 1.6728265158971456 -1.8578620636934855 -0.5
      vertex 1.7366459261474931 -1.798349500846628 -0.5
      vertex 1.7296993424429032 -1.7911561028432414 -0.5
    endloop
  endfacet
  facet normal -0.6293203910498377 0.7771459614569706 0
    outer loop
      vertex 1.5391536883141457 -1.9700268840168047 -0.5
      vertex 1.5391536883141457 -1.9700268840168047 0.009999999999999787
      vertex 1.6069690242163481 -1.915111107797445 -0.5
    endloop
  endfacet
  facet normal -0.6018150231520507 0.7986355100472912 0
    outer loop
      vertex 1.5391536883141457 -1.9700268840168047 -0.5
      vertex 1.4694631307311823 -2.022542485937369 0.009999999999999787
      vertex 1.5391536883141457 -1.9700268840168047 0.009999999999999787
    endloop
  endfacet
  facet normal -0.6293203910498377 0.7771459614569706 0
    outer loop
      vertex 1.6069690242163481 -1.915111107797445 -0.5
      vertex 1.5391536883141457 -1.9700268840168047 0.009999999999999787
      vertex 1.6069690242163481 -1.915111107797445 0.009999999999999787
    endloop
  endfacet
  facet normal -0.6560590289905057 0.7547095802227733 0
    outer loop
      vertex 1.6069690242163481 -1.915111107797445 -0.5
      vertex 1.6069690242163481 -1.915111107797445 0.009999999999999787
      vertex 1.6728265158971456 -1.8578620636934855 -0.5
    endloop
  endfacet
  facet normal -0.6560590289905063 0.7547095802227729 -1.1383348471308987e-16
    outer loop
      vertex 1.6728265158971456 -1.8578620636934855 -0.5
      vertex 1.6069690242163481 -1.915111107797445 0.009999999999999787
      vertex 1.6728265158971445 -1.8578620636934864 0.009999999999999787
    endloop
  endfacet
  facet normal -0.6819983600624984 0.7313537016191706 -2.1097589637653243e-16
    outer loop
      vertex 1.6728265158971456 -1.8578620636934855 -0.5
      vertex 1.6728265158971445 -1.8578620636934864 0.009999999999999787
      vertex 1.7366459261474931 -1.798349500846628 -0.5
    endloop
  endfacet
  facet normal -0.6819983600624974 0.7313537016191716 0
    outer loop
      vertex 1.7366459261474931 -1.798349500846628 -0.5
      vertex 1.6728265158971445 -1.8578620636934864 0.009999999999999787
      vertex 1.7366459261474931 -1.798349500846628 0.009999999999999787
    endloop
  endfacet
  facet normal 0 0 1
    outer loop
      vertex 1.7366459261474931 -1.798349500846628 -0.5
      vertex 1.7911561028432417 -1.7296993424429035 -0.5
      vertex 1.7296993424429032 -1.7911561028432414 -0.5
    endloop
  endfacet
  facet normal 0 0 1
    outer loop
      vertex 1.7366459261474931 -1.798349500846628 -0.5
      vertex 1.798349500846628 -1.7366459261474931 -0.5
      vertex 1.7911561028432417 -1.7296993424429035 -0.5
    endloop
  endfacet
  facet normal -0.7071067811865476 0.7071067811865476 0
    outer loop
      vertex 1.7366459261474931 -1.798349500846628 -0.5
      vertex 1.7366459261474931 -1.798349500846628 0.009999999999999787
      vertex 1.798349500846628 -1.7366459261474931 -0.5
    endloop
  endfacet
  facet normal -0.7071067811865476 0.7071067811865476 0
    outer loop
      vertex 1.798349500846628 -1.7366459261474931 -0.5
      vertex 1.7366459261474931 -1.798349500846628 0.009999999999999787
      vertex 1.798349500846627 -1.736645926147494 0.009999999999999787
    endloop
  endfacet
  facet normal 0 0 1
    outer loop
      vertex 1.7911561028432417 -1.7296993424429035 -0.5
      vertex 1.798349500846628 -1.7366459261474931 -0.5
      vertex 1.8504306154387116 -1.6661352098335571 -0.5
    endloop
  endfacet
  facet normal 0 0 1
    outer loop
      vertex 1.798349500846628 -1.7366459261474931 -0.5
      vertex 1.8578620636934855 -1.6728265158971456 -0.5
      vertex 1.8504306154387116 -1.6661352098335571 -0.5
    endloop
  endfacet
  facet normal 0 0 1
    outer loop
      vertex 1.8504306154387116 -1.6661352098335571 -0.5
      vertex 1.8578620636934855 -1.6728265158971456 -0.5
      vertex 1.9074506633662554 -1.600541148119483 -0.5
    endloop
  endfacet
  facet normal 0 0 1
    outer loop
      vertex 1.8578620636934855 -1.6728265158971456 -0.5
      vertex 1.915111107797445 -1.6069690242163481 -0.5
      vertex 1.9074506633662554 -1.600541148119483 -0.5
    endloop
  endfacet
  facet normal 0 0 1
    outer loop
      vertex 1.9074506633662554 -1.600541148119483 -0.5
      vertex 1.915111107797445 -1.6069690242163481 -0.5
      vertex 1.9621467764807379 -1.5329970735608893 -0.5
    endloop
  endfacet
  facet normal 0 0 1
    outer loop
      vertex 1.915111107797445 -1.6069690242163481 -0.5
      vertex 1.9700268840168047 -1.5391536883141457 -0.5
      vertex 1.9621467764807379 -1.5329970735608893 -0.5
    endloop
  endfacet
  facet normal 0 0 1
    outer loop
      vertex 1.9621467764807379 -1.5329970735608893 -0.5
      vertex 1.9700268840168047 -1.5391536883141457 -0.5
      vertex 2.014452315993619 -1.4635852782082583 -0.5
    endloop
  endfacet
  facet normal -0.7313537016191706 0.6819983600624984 -8.595362601483373e-17
    outer loop
      vertex 1.798349500846628 -1.7366459261474931 -0.5
      vertex 1.798349500846627 -1.736645926147494 0.009999999999999787
      vertex 1.8578620636934855 -1.6728265158971456 -0.5
    endloop
  endfacet
  facet normal -0.7313537016191703 0.6819983600624987 0
    outer loop
      vertex 1.8578620636934855 -1.6728265158971456 -0.5
      vertex 1.798349500846627 -1.736645926147494 0.009999999999999787
      vertex 1.8578620636934855 -1.6728265158971456 0.009999999999999787
    endloop
  endfacet
  facet normal -0.7547095802227733 0.6560590289905057 0
    outer loop
      vertex 1.8578620636934855 -1.6728265158971456 -0.5
      vertex 1.8578620636934855 -1.6728265158971456 0.009999999999999787
      vertex 1.915111107797445 -1.6069690242163481 -0.5
    endloop
  endfacet
  facet normal -0.7547095802227738 0.6560590289905052 -1.2885189808238624e-16
    outer loop
      vertex 1.915111107797445 -1.6069690242163481 -0.5
      vertex 1.8578620636934855 -1.6728265158971456 0.009999999999999787
      vertex 1.9151111077974443 -1.6069690242163488 0.009999999999999787
    endloop
  endfacet
  facet normal -0.7771459614569706 0.6293203910498377 -1.9308159046393655e-16
    outer loop
      vertex 1.915111107797445 -1.6069690242163481 -0.5
      vertex 1.9151111077974443 -1.6069690242163488 0.009999999999999787
      vertex 1.9700268840168047 -1.5391536883141457 -0.5
    endloop
  endfacet
  facet normal -0.7986355100472907 0.601815023152051 0
    outer loop
      vertex 1.9700268840168047 -1.5391536883141457 -0.5
      vertex 1.9700268840168047 -1.5391536883141457 0.009999999999999787
      vertex 2.0225424859373686 -1.469463130731183 -0.5
    endloop
  endfacet
  facet normal -0.7771459614569699 0.6293203910498387 0
    outer loop
      vertex 1.9700268840168047 -1.5391536883141457 -0.5
      vertex 1.9151111077974443 -1.6069690242163488 0.009999999999999787
      vertex 1.9700268840168047 -1.5391536883141457 0.009999999999999787
    endloop
  endfacet
  facet normal 0 0 1
    outer loop
      vertex 1.9700268840168047 -1.5391536883141457 -0.5
      vertex 2.0225424859373686 -1.469463130731183 -0.5
      vertex 2.014452315993619 -1.4635852782082583 -0.5
    endloop
  endfacet
  facet normal 0 0 1
    outer loop
      vertex 2.0225424859373686 -1.469463130731183 -0.5
      vertex 2.0643035556620535 -1.39239032964216 -0.5
      vertex 2.014452315993619 -1.4635852782082583 -0.5
    endloop
  endfacet
  facet normal 0 0 1
    outer loop
      vertex 2.0225424859373686 -1.469463130731183 -0.5
      vertex 2.072593931387604 -1.3979822586768673 -0.5
      vertex 2.0643035556620535 -1.39239032964216 -0.5
    endloop
  endfacet
  facet normal 0 0 1
    outer loop
      vertex 2.0643035556620535 -1.39239032964216 -0.5
      vertex 2.072593931387604 -1.3979822586768673 -0.5
      vertex 2.1116397594295004 -1.3194989679406801 -0.5
    endloop
  endfacet
  facet normal 0 0 1
    outer loop
      vertex 2.072593931387604 -1.3979822586768673 -0.5
      vertex 2.120120240391065 -1.3247981605830121 -0.5
      vertex 2.1116397594295004 -1.3194989679406801 -0.5
    endloop
  endfacet
  facet normal 0 0 1
    outer loop
      vertex 2.1116397594295004 -1.3194989679406801 -0.5
      vertex 2.120120240391065 -1.3247981605830121 -0.5
      vertex 2.1564032554232524 -1.245 -0.5
    endloop
  endfacet
  facet normal 0 0 1
    outer loop
      vertex 2.120120240391065 -1.3247981605830121 -0.5
      vertex 2.1650635094610964 -1.25 -0.5
      vertex 2.1564032554232524 -1.245 -0.5
    endloop
  endfacet
  facet normal -0.8191520442889939 0.5735764363510432 -2.1383819154433985e-16
    outer loop
      vertex 2.0225424859373686 -1.469463130731183 -0.5
      vertex 2.022542485937368 -1.4694631307311834 0.009999999999999787
      vertex 2.072593931387604 -1.3979822586768673 -0.5
    endloop
  endfacet
  facet normal -0.7986355100472913 0.6018150231520503 -1.713840284462986e-16
    outer loop
      vertex 2.0225424859373686 -1.469463130731183 -0.5
      vertex 1.9700268840168047 -1.5391536883141457 0.009999999999999787
      vertex 2.022542485937368 -1.4694631307311834 0.009999999999999787
    endloop
  endfacet
  facet normal -0.8191520442889931 0.5735764363510442 0
    outer loop
      vertex 2.072593931387604 -1.3979822586768673 -0.5
      vertex 2.022542485937368 -1.4694631307311834 0.009999999999999787
      vertex 2.072593931387604 -1.3979822586768673 0.009999999999999787
    endloop
  endfacet
  facet normal -0.838670567945424 0.544639035015027 0
    outer loop
      vertex 2.072593931387604 -1.3979822586768673 -0.5
      vertex 2.072593931387604 -1.3979822586768673 0.009999999999999787
      vertex 2.120120240391065 -1.3247981605830121 -0.5
    endloop
  endfacet
  facet normal -0.8386705679454233 0.5446390350150281 2.3712580266012204e-16
    outer loop
      vertex 2.120120240391065 -1.3247981605830121 -0.5
      vertex 2.072593931387604 -1.3979822586768673 0.009999999999999787
      vertex 2.120120240391065 -1.3247981605830124 0.009999999999999787
    endloop
  endfacet
  facet normal -0.8571673007021122 0.5150380749100542 2.242380899308857e-16
    outer loop
      vertex 2.120120240391065 -1.3247981605830121 -0.5
      vertex 2.120120240391065 -1.3247981605830124 0.009999999999999787
      vertex 2.1650635094610964 -1.25 -0.5
    endloop
  endfacet
  facet normal -0.8571673007021124 0.5150380749100538 1.5056265525665527e-16
    outer loop
      vertex 2.1650635094610964 -1.25 -0.5
      vertex 2.120120240391065 -1.3247981605830124 0.009999999999999787
      vertex 2.165063509461096 -1.2500000000000009 0.009999999999999787
    endloop
  endfacet
  facet normal 0 0 1
    outer loop
      vertex 2.1564032554232524 -1.245 -0.5
      vertex 2.1650635094610964 -1.25 -0.5
      vertex 2.1985395062187285 -1.1689841913368684 -0.5
    endloop
  endfacet
  facet normal 0 0 1
    outer loop
      vertex 2.1650635094610964 -1.25 -0.5
      vertex 2.2073689821473175 -1.173678906964727 -0.5
      vertex 2.1985395062187285 -1.1689841913368684 -0.5
    endloop
  endfacet
  facet normal 0 0 1
    outer loop
      vertex 2.2073689821473175 -1.173678906964727 -0.5
      vertex 2.237997175284926 -1.0915441555048029 -0.5
      vertex 2.1985395062187285 -1.1689841913368684 -0.5
    endloop
  endfacet
  facet normal 0 0 1
    outer loop
      vertex 2.2073689821473175 -1.173678906964727 -0.5
      vertex 2.2469851157479175 -1.0959278669726935 -0.5
      vertex 2.237997175284926 -1.0915441555048029 -0.5
    endloop
  endfacet
  facet normal -0.8746197071393936 0.4848096202463409 8.272209353526746e-17
    outer loop
      vertex 2.1650635094610964 -1.25 -0.5
      vertex 2.165063509461096 -1.2500000000000009 0.009999999999999787
      vertex 2.2073689821473175 -1.173678906964727 -0.5
    endloop
  endfacet
  facet normal -0.8910065241883688 0.45399049973954486 0
    outer loop
      vertex 2.2073689821473175 -1.173678906964727 -0.5
      vertex 2.2073689821473175 -1.173678906964727 0.009999999999999787
      vertex 2.2469851157479175 -1.0959278669726935 -0.5
    endloop
  endfacet
  facet normal -0.874619707139394 0.4848096202463405 0
    outer loop
      vertex 2.2073689821473175 -1.173678906964727 -0.5
      vertex 2.165063509461096 -1.2500000000000009 0.009999999999999787
      vertex 2.2073689821473175 -1.173678906964727 0.009999999999999787
    endloop
  endfacet
  facet normal -0.8910065241883688 0.453990499739545 1.4780747685246528e-17
    outer loop
      vertex 2.2469851157479175 -1.0959278669726935 -0.5
      vertex 2.2073689821473175 -1.173678906964727 0.009999999999999787
      vertex 2.246985115747917 -1.0959278669726944 0.009999999999999787
    endloop
  endfacet
  facet normal 0 0 1
    outer loop
      vertex 2.2469851157479175 -1.0959278669726935 -0.5
      vertex 2.274728189530076 -1.0127742412587426 -0.5
      vertex 2.237997175284926 -1.0915441555048029 -0.5
    endloop
  endfacet
  facet normal 0 0 1
    outer loop
      vertex 2.2469851157479175 -1.0959278669726935 -0.5
      vertex 2.283863644106502 -1.0168416076895006 -0.5
      vertex 2.274728189530076 -1.0127742412587426 -0.5
    endloop
  endfacet
  facet normal -0.9063077870366503 0.4226182617406987 -5.3178606229014026e-17
    outer loop
      vertex 2.2469851157479175 -1.0959278669726935 -0.5
      vertex 2.246985115747917 -1.0959278669726944 0.009999999999999787
      vertex 2.283863644106502 -1.0168416076895006 -0.5
    endloop
  endfacet
  facet normal -0.9063077870366503 0.42261826174069905 0
    outer loop
      vertex 2.283863644106502 -1.0168416076895006 -0.5
      vertex 2.246985115747917 -1.0959278669726944 0.009999999999999787
      vertex 2.283863644106502 -1.0168416076895006 0.009999999999999787
    endloop
  endfacet
  facet normal 0 0 1
    outer loop
      vertex 2.283863644106502 -1.0168416076895006 -0.5
      vertex 2.308687797871301 -0.932770417605621 -0.5
      vertex 2.274728189530076 -1.0127742412587426 -0.5
    endloop
  endfacet
  facet normal 0 0 1
    outer loop
      vertex 2.283863644106502 -1.0168416076895006 -0.5
      vertex 2.3179596364169686 -0.93651648353978 -0.5
      vertex 2.308687797871301 -0.932770417605621 -0.5
    endloop
  endfacet
  facet normal 0 0 1
    outer loop
      vertex 2.308687797871301 -0.932770417605621 -0.5
      vertex 2.3179596364169686 -0.93651648353978 -0.5
      vertex 2.3398346257569127 -0.8516301568809151 -0.5
    endloop
  endfacet
  facet normal 0 0 1
    outer loop
      vertex 2.3179596364169686 -0.93651648353978 -0.5
      vertex 2.3492315519647713 -0.8550503583141718 -0.5
      vertex 2.3398346257569127 -0.8516301568809151 -0.5
    endloop
  endfacet
  facet normal 0 0 1
    outer loop
      vertex 2.3398346257569127 -0.8516301568809151 -0.5
      vertex 2.3492315519647713 -0.8550503583141718 -0.5
      vertex 2.3681307255749324 -0.7694523159936192 -0.5
    endloop
  endfacet
  facet normal 0 0 1
    outer loop
      vertex 2.3492315519647713 -0.8550503583141718 -0.5
      vertex 2.3776412907378837 -0.7725424859373685 -0.5
      vertex 2.3681307255749324 -0.7694523159936192 -0.5
    endloop
  endfacet
  facet normal -0.9205048534524398 0.3907311284892749 0
    outer loop
      vertex 2.283863644106502 -1.0168416076895006 -0.5
      vertex 2.283863644106502 -1.0168416076895006 0.009999999999999787
      vertex 2.3179596364169686 -0.93651648353978 -0.5
    endloop
  endfacet
  facet normal -0.9335804264972006 0.35836794954530304 -2.6683362690901004e-16
    outer loop
      vertex 2.3179596364169686 -0.93651648353978 -0.5
      vertex 2.317959636416968 -0.9365164835397808 0.009999999999999787
      vertex 2.3492315519647713 -0.8550503583141718 -0.5
    endloop
  endfacet
  facet normal -0.9205048534524403 0.39073112848927377 -2.061317379063694e-16
    outer loop
      vertex 2.3179596364169686 -0.93651648353978 -0.5
      vertex 2.283863644106502 -1.0168416076895006 0.009999999999999787
      vertex 2.317959636416968 -0.9365164835397808 0.009999999999999787
    endloop
  endfacet
  facet normal -0.9335804264972001 0.3583679495453045 0
    outer loop
      vertex 2.3492315519647713 -0.8550503583141718 -0.5
      vertex 2.317959636416968 -0.9365164835397808 0.009999999999999787
      vertex 2.3492315519647713 -0.8550503583141718 0.009999999999999787
    endloop
  endfacet
  facet normal -0.9455185755993188 0.3255681544571506 0
    outer loop
      vertex 2.3492315519647713 -0.8550503583141718 -0.5
      vertex 2.3492315519647713 -0.8550503583141718 0.009999999999999787
      vertex 2.3776412907378837 -0.7725424859373685 -0.5
    endloop
  endfacet
  facet normal -0.9455185755993184 0.3255681544571522 2.8349275385337243e-16
    outer loop
      vertex 2.3776412907378837 -0.7725424859373685 -0.5
      vertex 2.3492315519647713 -0.8550503583141718 0.009999999999999787
      vertex 2.3776412907378837 -0.772542485937369 0.009999999999999787
    endloop
  endfacet
  facet normal 0 0 1
    outer loop
      vertex 2.3681307255749324 -0.7694523159936192 -0.5
      vertex 2.3776412907378837 -0.7725424859373685 -0.5
      vertex 2.3935416228864144 -0.6863370159843281 -0.5
    endloop
  endfacet
  facet normal 0 0 1
    outer loop
      vertex 2.3776412907378837 -0.7725424859373685 -0.5
      vertex 2.4031542398457972 -0.6890933895424979 -0.5
      vertex 2.3935416228864144 -0.6863370159843281 -0.5
    endloop
  endfacet
  facet normal 0 0 1
    outer loop
      vertex 2.3935416228864144 -0.6863370159843281 -0.5
      vertex 2.4031542398457972 -0.6890933895424979 -0.5
      vertex 2.416036358427232 -0.6023855200431728 -0.5
    endloop
  endfacet
  facet normal 0 0 1
    outer loop
      vertex 2.4031542398457972 -0.6890933895424979 -0.5
      vertex 2.425739315689991 -0.6048047389991693 -0.5
      vertex 2.416036358427232 -0.6023855200431728 -0.5
    endloop
  endfacet
  facet normal 0 0 1
    outer loop
      vertex 2.416036358427232 -0.6023855200431728 -0.5
      vertex 2.425739315689991 -0.6048047389991693 -0.5
      vertex 2.435587525827176 -0.5177001101362207 -0.5
    endloop
  endfacet
  facet normal 0 0 1
    outer loop
      vertex 2.425739315689991 -0.6048047389991693 -0.5
      vertex 2.4453690018345142 -0.5197792270443984 -0.5
      vertex 2.435587525827176 -0.5177001101362207 -0.5
    endloop
  endfacet
  facet normal -0.9563047559630345 0.29237170472274027 2.5458650849576e-16
    outer loop
      vertex 2.3776412907378837 -0.7725424859373685 -0.5
      vertex 2.3776412907378837 -0.772542485937369 0.009999999999999787
      vertex 2.4031542398457972 -0.6890933895424979 -0.5
    endloop
  endfacet
  facet normal -0.9659258262890685 0.2588190451025196 0
    outer loop
      vertex 2.4031542398457972 -0.6890933895424979 -0.5
      vertex 2.4031542398457972 -0.6890933895424979 0.009999999999999787
      vertex 2.425739315689991 -0.6048047389991693 -0.5
    endloop
  endfacet
  facet normal -0.9563047559630349 0.2923717047227389 0
    outer loop
      vertex 2.4031542398457972 -0.6890933895424979 -0.5
      vertex 2.3776412907378837 -0.772542485937369 0.009999999999999787
      vertex 2.4031542398457972 -0.6890933895424979 0.009999999999999787
    endloop
  endfacet
  facet normal -0.9659258262890683 0.2588190451025205 1.6902756652018543e-16
    outer loop
      vertex 2.425739315689991 -0.6048047389991693 -0.5
      vertex 2.4031542398457972 -0.6890933895424979 0.009999999999999787
      vertex 2.425739315689991 -0.6048047389991696 0.009999999999999787
    endloop
  endfacet
  facet normal -0.9743700647852347 0.22495105434386703 1.4690931761545066e-16
    outer loop
      vertex 2.425739315689991 -0.6048047389991693 -0.5
      vertex 2.425739315689991 -0.6048047389991696 0.009999999999999787
      vertex 2.4453690018345142 -0.5197792270443984 -0.5
    endloop
  endfacet
  facet normal -0.9743700647852352 0.22495105434386445 -3.097780553551766e-16
    outer loop
      vertex 2.4453690018345142 -0.5197792270443984 -0.5
      vertex 2.425739315689991 -0.6048047389991696 0.009999999999999787
      vertex 2.445369001834514 -0.5197792270443996 0.009999999999999787
    endloop
  endfacet
  facet normal 0 0 1
    outer loop
      vertex 2.435587525827176 -0.5177001101362207 -0.5
      vertex 2.4453690018345142 -0.5197792270443984 -0.5
      vertex 2.452171305000398 -0.4323839623906566 -0.5
    endloop
  endfacet
  facet normal 0 0 1
    outer loop
      vertex 2.4453690018345142 -0.5197792270443984 -0.5
      vertex 2.46201938253052 -0.4341204441673258 -0.5
      vertex 2.452171305000398 -0.4323839623906566 -0.5
    endloop
  endfacet
  facet normal 0 0 1
    outer loop
      vertex 2.452171305000398 -0.4323839623906566 -0.5
      vertex 2.46201938253052 -0.4341204441673258 -0.5
      vertex 2.4657674911665106 -0.346541021390563 -0.5
    endloop
  endfacet
  facet normal 0 0 1
    outer loop
      vertex 2.46201938253052 -0.4341204441673258 -0.5
      vertex 2.475670171853926 -0.3479327524001636 -0.5
      vertex 2.4657674911665106 -0.346541021390563 -0.5
    endloop
  endfacet
  facet normal 0 0 1
    outer loop
      vertex 2.4657674911665106 -0.346541021390563 -0.5
      vertex 2.475670171853926 -0.3479327524001636 -0.5
      vertex 2.476359519467001 -0.2602758735364572 -0.5
    endloop
  endfacet
  facet normal 0 0 1
    outer loop
      vertex 2.475670171853926 -0.3479327524001636 -0.5
      vertex 2.4839344851469627 -0.17369361962287203 -0.5
      vertex 2.476359519467001 -0.2602758735364572 -0.5
    endloop
  endfacet
  facet normal 0 0 1
    outer loop
      vertex 2.475670171853926 -0.3479327524001636 -0.5
      vertex 2.4863047384206833 -0.2613211581691337 -0.5
      vertex 2.4839344851469627 -0.17369361962287203 -0.5
    endloop
  endfacet
  facet normal -0.9816271834476649 0.19080899537654025 -3.9785381626416267e-16
    outer loop
      vertex 2.4453690018345142 -0.5197792270443984 -0.5
      vertex 2.445369001834514 -0.5197792270443996 0.009999999999999787
      vertex 2.46201938253052 -0.4341204441673258 -0.5
    endloop
  endfacet
  facet normal -0.9876883405951372 0.15643446504023395 3.405434214364449e-17
    outer loop
      vertex 2.46201938253052 -0.4341204441673258 -0.5
      vertex 2.46201938253052 -0.4341204441673259 0.009999999999999787
      vertex 2.475670171853926 -0.3479327524001636 -0.5
    endloop
  endfacet
  facet normal -0.9816271834476643 0.1908089953765428 4.1537360778947635e-17
    outer loop
      vertex 2.46201938253052 -0.4341204441673258 -0.5
      vertex 2.445369001834514 -0.5197792270443996 0.009999999999999787
      vertex 2.46201938253052 -0.4341204441673259 0.009999999999999787
    endloop
  endfacet
  facet normal -0.987688340595137 0.15643446504023584 3.575705925082715e-16
    outer loop
      vertex 2.475670171853926 -0.3479327524001636 -0.5
      vertex 2.46201938253052 -0.4341204441673259 0.009999999999999787
      vertex 2.475670171853926 -0.34793275240016475 0.009999999999999787
    endloop
  endfacet
  facet normal -0.992546151641322 0.1218693434051474 2.785632521501214e-16
    outer loop
      vertex 2.475670171853926 -0.3479327524001636 -0.5
      vertex 2.475670171853926 -0.34793275240016475 0.009999999999999787
      vertex 2.4863047384206833 -0.2613211581691337 -0.5
    endloop
  endfacet
  facet normal -0.9925461516413222 0.12186934340514578 0
    outer loop
      vertex 2.4863047384206833 -0.2613211581691337 -0.5
      vertex 2.475670171853926 -0.34793275240016475 0.009999999999999787
      vertex 2.4863047384206833 -0.2613211581691337 0.009999999999999787
    endloop
  endfacet
  facet normal 0 0 1
    outer loop
      vertex 2.4863047384206833 -0.2613211581691337 -0.5
      vertex 2.4884831592775485 -0.08689974678922743 -0.5
      vertex 2.4839344851469627 -0.17369361962287203 -0.5
    endloop
  endfacet
  facet normal 0 0 1
    outer loop
      vertex 2.4863047384206833 -0.2613211581691337 -0.5
      vertex 2.4939101256495606 -0.17439118436031326 -0.5
      vertex 2.4939101256495606 0.17439118436031326 -0.5
    endloop
  endfacet
  facet normal 0 0 1
    outer loop
      vertex 2.4863047384206833 -0.2613211581691337 -0.5
      vertex 2.4939101256495606 0.17439118436031326 -0.5
      vertex 2.4884831592775485 -0.08689974678922743 -0.5
    endloop
  endfacet
  facet normal 0 0 1
    outer loop
      vertex 2.4939101256495606 -0.17439118436031326 -0.5
      vertex 2.4984770675477392 -0.08724874175625243 -0.5
      vertex 2.4984770675477392 0.08724874175625243 -0.5
    endloop
  endfacet
  facet normal -0.9961946980917455 0.08715574274765807 0
    outer loop
      vertex 2.4863047384206833 -0.2613211581691337 -0.5
      vertex 2.4863047384206833 -0.2613211581691337 0.009999999999999787
      vertex 2.4939101256495606 -0.17439118436031326 -0.5
    endloop
  endfacet
  facet normal -0.9986295347545738 0.052335956242943 8.544791711277948e-17
    outer loop
      vertex 2.4939101256495606 -0.17439118436031326 -0.5
      vertex 2.4939101256495606 -0.1743911843603141 0.009999999999999787
      vertex 2.4984770675477392 -0.08724874175625243 -0.5
    endloop
  endfacet
  facet normal -0.9961946980917455 0.0871557427476589 1.4229751812758524e-16
    outer loop
      vertex 2.4939101256495606 -0.17439118436031326 -0.5
      vertex 2.4863047384206833 -0.2613211581691337 0.009999999999999787
      vertex 2.4939101256495606 -0.1743911843603141 0.009999999999999787
    endloop
  endfacet
  facet normal -0.9998476951563912 0.0174524064372845 0
    outer loop
      vertex 2.4984770675477392 -0.08724874175625243 -0.5
      vertex 2.4984770675477392 -0.08724874175625243 0.009999999999999787
      vertex 2.5 0 -0.5
    endloop
  endfacet
  facet normal -0.9986295347545738 0.052335956242942495 0
    outer loop
      vertex 2.4984770675477392 -0.08724874175625243 -0.5
      vertex 2.4939101256495606 -0.1743911843603141 0.009999999999999787
      vertex 2.4984770675477392 -0.08724874175625243 0.009999999999999787
    endloop
  endfacet
  facet normal -0.9998476951563912 0.0174524064372845 0
    outer loop
      vertex 2.5 0 -0.5
      vertex 2.4984770675477392 -0.08724874175625243 0.009999999999999787
      vertex 2.5 0 0.009999999999999787
    endloop
  endfacet
  facet normal 0 0 1
    outer loop
      vertex 2.014452315993619 1.4635852782082583 -0.5
      vertex 2.0225424859373686 1.469463130731183 -0.5
      vertex 1.9621467764807377 1.5329970735608893 -0.5
    endloop
  endfacet
  facet normal 0 0 1
    outer loop
      vertex 1.4635852782082583 2.014452315993619 -0.5
      vertex 1.5329970735608893 1.9621467764807377 -0.5
      vertex 1.5391536883141457 1.9700268840168047 -0.5
    endloop
  endfacet
  facet normal 0 0 1
    outer loop
      vertex 1.5329970735608893 1.9621467764807377 -0.5
      vertex 1.6069690242163481 1.915111107797445 -0.5
      vertex 1.5391536883141457 1.9700268840168047 -0.5
    endloop
  endfacet
  facet normal 0 0 1
    outer loop
      vertex 1.5329970735608893 1.9621467764807377 -0.5
      vertex 1.600541148119483 1.9074506633662554 -0.5
      vertex 1.6069690242163481 1.915111107797445 -0.5
    endloop
  endfacet
  facet normal 0 0 1
    outer loop
      vertex 1.6661352098335571 1.8504306154387116 -0.5
      vertex 1.6728265158971456 1.8578620636934855 -0.5
      vertex 1.600541148119483 1.9074506633662554 -0.5
    endloop
  endfacet
  facet normal 0 0 1
    outer loop
      vertex 1.6661352098335571 1.8504306154387116 -0.5
      vertex 1.7366459261474931 1.798349500846628 -0.5
      vertex 1.6728265158971456 1.8578620636934855 -0.5
    endloop
  endfacet
  facet normal 0 0 1
    outer loop
      vertex 1.6661352098335571 1.8504306154387116 -0.5
      vertex 1.7296993424429032 1.7911561028432417 -0.5
      vertex 1.7366459261474931 1.798349500846628 -0.5
    endloop
  endfacet
  facet normal 0 0 1
    outer loop
      vertex 1.6728265158971456 1.8578620636934855 -0.5
      vertex 1.6069690242163481 1.915111107797445 -0.5
      vertex 1.600541148119483 1.9074506633662554 -0.5
    endloop
  endfacet
  facet normal -0.601815023152051 -0.7986355100472907 0
    outer loop
      vertex 1.469463130731183 2.0225424859373686 -0.5
      vertex 1.5391536883141457 1.9700268840168047 -0.5
      vertex 1.5391536883141457 1.9700268840168047 0.009999999999999787
    endloop
  endfacet
  facet normal -0.6293203910498377 -0.7771459614569706 0
    outer loop
      vertex 1.5391536883141457 1.9700268840168047 -0.5
      vertex 1.6069690242163481 1.915111107797445 -0.5
      vertex 1.6069690242163481 1.915111107797445 0.009999999999999787
    endloop
  endfacet
  facet normal -0.6293203910498377 -0.7771459614569706 0
    outer loop
      vertex 1.5391536883141457 1.9700268840168047 -0.5
      vertex 1.6069690242163481 1.915111107797445 0.009999999999999787
      vertex 1.5391536883141457 1.9700268840168047 0.009999999999999787
    endloop
  endfacet
  facet normal -0.6819983600624984 -0.7313537016191706 0
    outer loop
      vertex 1.6728265158971456 1.8578620636934855 -0.5
      vertex 1.7366459261474931 1.798349500846628 -0.5
      vertex 1.7366459261474931 1.798349500846628 0.009999999999999787
    endloop
  endfacet
  facet normal -0.6819983600624984 -0.7313537016191706 0
    outer loop
      vertex 1.6728265158971456 1.8578620636934855 -0.5
      vertex 1.7366459261474931 1.798349500846628 0.009999999999999787
      vertex 1.6728265158971456 1.8578620636934855 0.009999999999999787
    endloop
  endfacet
  facet normal -0.6560590289905057 -0.7547095802227733 0
    outer loop
      vertex 1.6728265158971456 1.8578620636934855 -0.5
      vertex 1.6728265158971456 1.8578620636934855 0.009999999999999787
      vertex 1.6069690242163481 1.915111107797445 -0.5
    endloop
  endfacet
  facet normal -0.6560590289905057 -0.7547095802227733 0
    outer loop
      vertex 1.6069690242163481 1.915111107797445 -0.5
      vertex 1.6728265158971456 1.8578620636934855 0.009999999999999787
      vertex 1.6069690242163481 1.915111107797445 0.009999999999999787
    endloop
  endfacet
  facet normal 0 0 1
    outer loop
      vertex 1.8504306154387116 1.6661352098335571 -0.5
      vertex 1.915111107797445 1.6069690242163481 -0.5
      vertex 1.8578620636934855 1.6728265158971456 -0.5
    endloop
  endfacet
  facet normal 0 0 1
    outer loop
      vertex 1.8578620636934855 1.6728265158971456 -0.5
      vertex 1.798349500846628 1.7366459261474931 -0.5
      vertex 1.7911561028432417 1.7296993424429035 -0.5
    endloop
  endfacet
  facet normal 0 0 1
    outer loop
      vertex 1.8504306154387116 1.6661352098335571 -0.5
      vertex 1.8578620636934855 1.6728265158971456 -0.5
      vertex 1.7911561028432417 1.7296993424429035 -0.5
    endloop
  endfacet
  facet normal 0 0 1
    outer loop
      vertex 1.8504306154387116 1.6661352098335571 -0.5
      vertex 1.9074506633662554 1.600541148119483 -0.5
      vertex 1.915111107797445 1.6069690242163481 -0.5
    endloop
  endfacet
  facet normal 0 0 1
    outer loop
      vertex 1.9700268840168047 1.5391536883141457 -0.5
      vertex 1.915111107797445 1.6069690242163481 -0.5
      vertex 1.9074506633662554 1.600541148119483 -0.5
    endloop
  endfacet
  facet normal 0 0 1
    outer loop
      vertex 1.9621467764807377 1.5329970735608893 -0.5
      vertex 1.9700268840168047 1.5391536883141457 -0.5
      vertex 1.9074506633662554 1.600541148119483 -0.5
    endloop
  endfacet
  facet normal 0 0 1
    outer loop
      vertex 2.0225424859373686 1.469463130731183 -0.5
      vertex 1.9700268840168047 1.5391536883141457 -0.5
      vertex 1.9621467764807377 1.5329970735608893 -0.5
    endloop
  endfacet
  facet normal -0.7313537016191706 -0.6819983600624984 -2.9692952239136617e-16
    outer loop
      vertex 1.8578620636934855 1.6728265158971456 -0.5
      vertex 1.8578620636934855 1.6728265158971454 0.009999999999999787
      vertex 1.798349500846628 1.7366459261474931 -0.5
    endloop
  endfacet
  facet normal -0.7313537016191719 -0.681998360062497 0
    outer loop
      vertex 1.798349500846628 1.7366459261474931 -0.5
      vertex 1.8578620636934855 1.6728265158971454 0.009999999999999787
      vertex 1.798349500846628 1.7366459261474931 0.009999999999999787
    endloop
  endfacet
  facet normal -0.7771459614569706 -0.6293203910498377 0
    outer loop
      vertex 1.9700268840168047 1.5391536883141457 -0.5
      vertex 1.9700268840168047 1.5391536883141457 0.009999999999999787
      vertex 1.915111107797445 1.6069690242163481 -0.5
    endloop
  endfacet
  facet normal -0.7771459614569706 -0.6293203910498377 0
    outer loop
      vertex 1.915111107797445 1.6069690242163481 -0.5
      vertex 1.9700268840168047 1.5391536883141457 0.009999999999999787
      vertex 1.915111107797445 1.6069690242163481 0.009999999999999787
    endloop
  endfacet
  facet normal -0.7986355100472907 -0.601815023152051 0
    outer loop
      vertex 1.9700268840168047 1.5391536883141457 -0.5
      vertex 2.0225424859373686 1.469463130731183 0.009999999999999787
      vertex 1.9700268840168047 1.5391536883141457 0.009999999999999787
    endloop
  endfacet
  facet normal -0.7547095802227733 -0.6560590289905057 0
    outer loop
      vertex 1.8578620636934855 1.6728265158971456 -0.5
      vertex 1.915111107797445 1.6069690242163481 -0.5
      vertex 1.915111107797445 1.6069690242163481 0.009999999999999787
    endloop
  endfacet
  facet normal -0.7547095802227722 -0.6560590289905069 -2.8563601548960166e-16
    outer loop
      vertex 1.8578620636934855 1.6728265158971456 -0.5
      vertex 1.915111107797445 1.6069690242163481 0.009999999999999787
      vertex 1.8578620636934855 1.6728265158971454 0.009999999999999787
    endloop
  endfacet
  facet normal 0 0 1
    outer loop
      vertex 1.7296993424429032 1.7911561028432417 -0.5
      vertex 1.798349500846628 1.7366459261474931 -0.5
      vertex 1.7366459261474931 1.798349500846628 -0.5
    endloop
  endfacet
  facet normal 0 0 1
    outer loop
      vertex 1.7296993424429032 1.7911561028432417 -0.5
      vertex 1.7911561028432417 1.7296993424429035 -0.5
      vertex 1.798349500846628 1.7366459261474931 -0.5
    endloop
  endfacet
  facet normal -0.7071067811865476 -0.7071067811865476 0
    outer loop
      vertex 1.7366459261474931 1.798349500846628 -0.5
      vertex 1.798349500846628 1.7366459261474931 -0.5
      vertex 1.798349500846628 1.7366459261474931 0.009999999999999787
    endloop
  endfacet
  facet normal -0.7071067811865476 -0.7071067811865476 0
    outer loop
      vertex 1.7366459261474931 1.798349500846628 -0.5
      vertex 1.798349500846628 1.7366459261474931 0.009999999999999787
      vertex 1.7366459261474931 1.798349500846628 0.009999999999999787
    endloop
  endfacet
  facet normal 0 0 1
    outer loop
      vertex 0 2.49 -0.5
      vertex 0.08724874175625243 2.4984770675477392 -0.5
      vertex 0 2.5 -0.5
    endloop
  endfacet
  facet normal 0 0 1
    outer loop
      vertex 0 2.49 -0.5
      vertex 0.08689974678922742 2.4884831592775485 -0.5
      vertex 0.08724874175625243 2.4984770675477392 -0.5
    endloop
  endfacet
  facet normal 0 0 1
    outer loop
      vertex 0.08689974678922742 2.4884831592775485 -0.5
      vertex 0.17439118436031326 2.4939101256495606 -0.5
      vertex 0.08724874175625243 2.4984770675477392 -0.5
    endloop
  endfacet
  facet normal 0 0 1
    outer loop
      vertex 0.08689974678922742 2.4884831592775485 -0.5
      vertex 0.17369361962287203 2.4839344851469627 -0.5
      vertex 0.17439118436031326 2.4939101256495606 -0.5
    endloop
  endfacet
  facet normal 0 0 1
    outer loop
      vertex 0.17369361962287203 2.4839344851469627 -0.5
      vertex 0.2613211581691337 2.4863047384206833 -0.5
      vertex 0.17439118436031326 2.4939101256495606 -0.5
    endloop
  endfacet
  facet normal 0 0 1
    outer loop
      vertex 0.17369361962287203 2.4839344851469627 -0.5
      vertex 0.2602758735364572 2.476359519467001 -0.5
      vertex 0.2613211581691337 2.4863047384206833 -0.5
    endloop
  endfacet
  facet normal -0.0174524064372845 -0.9998476951563912 9.135788610396812e-18
    outer loop
      vertex 0 2.5 -0.5
      vertex 0.08724874175625243 2.4984770675477392 -0.5
      vertex 0.08724874175625269 2.4984770675477392 0.009999999999999787
    endloop
  endfacet
  facet normal -0.01745240643728445 -0.9998476951563912 0
    outer loop
      vertex 0 2.5 -0.5
      vertex 0.08724874175625269 2.4984770675477392 0.009999999999999787
      vertex 0 2.5 0.009999999999999787
    endloop
  endfacet
  facet normal -0.052335956242943155 -0.9986295347545738 2.7058507085713582e-17
    outer loop
      vertex 0.08724874175625243 2.4984770675477392 -0.5
      vertex 0.17439118436031326 2.4939101256495606 0.009999999999999787
      vertex 0.08724874175625269 2.4984770675477392 0.009999999999999787
    endloop
  endfacet
  facet normal -0.052335956242943 -0.9986295347545738 0
    outer loop
      vertex 0.08724874175625243 2.4984770675477392 -0.5
      vertex 0.17439118436031326 2.4939101256495606 -0.5
      vertex 0.17439118436031326 2.4939101256495606 0.009999999999999787
    endloop
  endfacet
  facet normal -0.08715574274765807 -0.9961946980917455 0
    outer loop
      vertex 0.17439118436031326 2.4939101256495606 -0.5
      vertex 0.2613211581691337 2.4863047384206833 -0.5
      vertex 0.2613211581691337 2.4863047384206833 0.009999999999999787
    endloop
  endfacet
  facet normal -0.08715574274765807 -0.9961946980917455 0
    outer loop
      vertex 0.17439118436031326 2.4939101256495606 -0.5
      vertex 0.2613211581691337 2.4863047384206833 0.009999999999999787
      vertex 0.17439118436031326 2.4939101256495606 0.009999999999999787
    endloop
  endfacet
  facet normal 0 0 1
    outer loop
      vertex 0.2602758735364572 2.476359519467001 -0.5
      vertex 0.3479327524001636 2.475670171853926 -0.5
      vertex 0.2613211581691337 2.4863047384206833 -0.5
    endloop
  endfacet
  facet normal 0 0 1
    outer loop
      vertex 0.2602758735364572 2.476359519467001 -0.5
      vertex 0.346541021390563 2.46576749116651 -0.5
      vertex 0.3479327524001636 2.475670171853926 -0.5
    endloop
  endfacet
  facet normal 0 0 1
    outer loop
      vertex 0.346541021390563 2.46576749116651 -0.5
      vertex 0.4341204441673258 2.46201938253052 -0.5
      vertex 0.3479327524001636 2.475670171853926 -0.5
    endloop
  endfacet
  facet normal 0 0 1
    outer loop
      vertex 0.346541021390563 2.46576749116651 -0.5
      vertex 0.4323839623906566 2.452171305000398 -0.5
      vertex 0.4341204441673258 2.46201938253052 -0.5
    endloop
  endfacet
  facet normal 0 0 1
    outer loop
      vertex 0.4323839623906566 2.452171305000398 -0.5
      vertex 0.5197792270443984 2.4453690018345142 -0.5
      vertex 0.4341204441673258 2.46201938253052 -0.5
    endloop
  endfacet
  facet normal 0 0 1
    outer loop
      vertex 0.4323839623906566 2.452171305000398 -0.5
      vertex 0.5177001101362209 2.4355875258271764 -0.5
      vertex 0.5197792270443984 2.4453690018345142 -0.5
    endloop
  endfacet
  facet normal -0.1218693434051474 -0.992546151641322 1.2181051480529089e-17
    outer loop
      vertex 0.2613211581691337 2.4863047384206833 -0.5
      vertex 0.3479327524001636 2.475670171853926 -0.5
      vertex 0.34793275240016364 2.475670171853926 0.009999999999999787
    endloop
  endfacet
  facet normal -0.12186934340514735 -0.9925461516413221 0
    outer loop
      vertex 0.2613211581691337 2.4863047384206833 -0.5
      vertex 0.34793275240016364 2.475670171853926 0.009999999999999787
      vertex 0.2613211581691337 2.4863047384206833 0.009999999999999787
    endloop
  endfacet
  facet normal -0.15643446504023395 -0.9876883405951372 4.872420592211632e-17
    outer loop
      vertex 0.3479327524001636 2.475670171853926 -0.5
      vertex 0.4341204441673258 2.46201938253052 -0.5
      vertex 0.434120444167326 2.46201938253052 0.009999999999999787
    endloop
  endfacet
  facet normal -0.19080899537654025 -0.9816271834476649 8.283115006759773e-17
    outer loop
      vertex 0.4341204441673258 2.46201938253052 -0.5
      vertex 0.5197792270443984 2.4453690018345142 -0.5
      vertex 0.5197792270443986 2.4453690018345142 0.009999999999999787
    endloop
  endfacet
  facet normal -0.15643446504023378 -0.9876883405951373 1.7027171071822228e-17
    outer loop
      vertex 0.3479327524001636 2.475670171853926 -0.5
      vertex 0.434120444167326 2.46201938253052 0.009999999999999787
      vertex 0.34793275240016364 2.475670171853926 0.009999999999999787
    endloop
  endfacet
  facet normal -0.19080899537654014 -0.9816271834476649 6.230604116842058e-17
    outer loop
      vertex 0.4341204441673258 2.46201938253052 -0.5
      vertex 0.5197792270443986 2.4453690018345142 0.009999999999999787
      vertex 0.434120444167326 2.46201938253052 0.009999999999999787
    endloop
  endfacet
  facet normal 0 0 1
    outer loop
      vertex 0.5177001101362209 2.4355875258271764 -0.5
      vertex 0.6048047389991693 2.425739315689991 -0.5
      vertex 0.5197792270443984 2.4453690018345142 -0.5
    endloop
  endfacet
  facet normal 0 0 1
    outer loop
      vertex 0.5177001101362209 2.4355875258271764 -0.5
      vertex 0.6023855200431727 2.4160363584272315 -0.5
      vertex 0.6048047389991693 2.425739315689991 -0.5
    endloop
  endfacet
  facet normal 0 0 1
    outer loop
      vertex 0.6023855200431727 2.4160363584272315 -0.5
      vertex 0.6890933895424979 2.4031542398457972 -0.5
      vertex 0.6048047389991693 2.425739315689991 -0.5
    endloop
  endfacet
  facet normal 0 0 1
    outer loop
      vertex 0.6023855200431727 2.4160363584272315 -0.5
      vertex 0.686337015984328 2.3935416228864144 -0.5
      vertex 0.6890933895424979 2.4031542398457972 -0.5
    endloop
  endfacet
  facet normal 0 0 1
    outer loop
      vertex 0.686337015984328 2.3935416228864144 -0.5
      vertex 0.7725424859373685 2.3776412907378837 -0.5
      vertex 0.6890933895424979 2.4031542398457972 -0.5
    endloop
  endfacet
  facet normal 0 0 1
    outer loop
      vertex 0.686337015984328 2.3935416228864144 -0.5
      vertex 0.7694523159936191 2.3681307255749324 -0.5
      vertex 0.7725424859373685 2.3776412907378837 -0.5
    endloop
  endfacet
  facet normal -0.22495105434386703 -0.9743700647852347 0
    outer loop
      vertex 0.5197792270443984 2.4453690018345142 -0.5
      vertex 0.6048047389991693 2.425739315689991 -0.5
      vertex 0.6048047389991693 2.425739315689991 0.009999999999999787
    endloop
  endfacet
  facet normal -0.2249510543438676 -0.9743700647852347 9.793954507696736e-17
    outer loop
      vertex 0.5197792270443984 2.4453690018345142 -0.5
      vertex 0.6048047389991693 2.425739315689991 0.009999999999999787
      vertex 0.5197792270443986 2.4453690018345142 0.009999999999999787
    endloop
  endfacet
  facet normal -0.2588190451025196 -0.9659258262890685 0
    outer loop
      vertex 0.6048047389991693 2.425739315689991 -0.5
      vertex 0.6890933895424979 2.4031542398457972 -0.5
      vertex 0.6890933895424979 2.4031542398457972 0.009999999999999787
    endloop
  endfacet
  facet normal -0.29237170472274027 -0.9563047559630345 5.84690471065395e-17
    outer loop
      vertex 0.6890933895424979 2.4031542398457972 -0.5
      vertex 0.7725424859373685 2.3776412907378837 -0.5
      vertex 0.7725424859373686 2.3776412907378837 0.009999999999999787
    endloop
  endfacet
  facet normal -0.2588190451025196 -0.9659258262890685 0
    outer loop
      vertex 0.6048047389991693 2.425739315689991 -0.5
      vertex 0.6890933895424979 2.4031542398457972 0.009999999999999787
      vertex 0.6048047389991693 2.425739315689991 0.009999999999999787
    endloop
  endfacet
  facet normal -0.2923717047227399 -0.9563047559630345 0
    outer loop
      vertex 0.6890933895424979 2.4031542398457972 -0.5
      vertex 0.7725424859373686 2.3776412907378837 0.009999999999999787
      vertex 0.6890933895424979 2.4031542398457972 0.009999999999999787
    endloop
  endfacet
  facet normal 0 0 1
    outer loop
      vertex 0.7694523159936191 2.3681307255749324 -0.5
      vertex 0.8550503583141718 2.3492315519647713 -0.5
      vertex 0.7725424859373685 2.3776412907378837 -0.5
    endloop
  endfacet
  facet normal 0 0 1
    outer loop
      vertex 0.7694523159936191 2.3681307255749324 -0.5
      vertex 0.8516301568809151 2.3398346257569123 -0.5
      vertex 0.8550503583141718 2.3492315519647713 -0.5
    endloop
  endfacet
  facet normal 0 0 1
    outer loop
      vertex 0.8516301568809151 2.3398346257569123 -0.5
      vertex 0.93651648353978 2.3179596364169686 -0.5
      vertex 0.8550503583141718 2.3492315519647713 -0.5
    endloop
  endfacet
  facet normal 0 0 1
    outer loop
      vertex 0.8516301568809151 2.3398346257569123 -0.5
      vertex 0.932770417605621 2.308687797871301 -0.5
      vertex 0.93651648353978 2.3179596364169686 -0.5
    endloop
  endfacet
  facet normal 0 0 1
    outer loop
      vertex 0.932770417605621 2.308687797871301 -0.5
      vertex 1.0168416076895006 2.283863644106502 -0.5
      vertex 0.93651648353978 2.3179596364169686 -0.5
    endloop
  endfacet
  facet normal 0 0 1
    outer loop
      vertex 0.932770417605621 2.308687797871301 -0.5
      vertex 1.0127742412587426 2.274728189530076 -0.5
      vertex 1.0168416076895006 2.283863644106502 -0.5
    endloop
  endfacet
  facet normal -0.3255681544571506 -0.9455185755993188 2.826003943482754e-16
    outer loop
      vertex 0.7725424859373685 2.3776412907378837 -0.5
      vertex 0.8550503583141718 2.3492315519647713 -0.5
      vertex 0.8550503583141722 2.3492315519647713 0.009999999999999787
    endloop
  endfacet
  facet normal -0.32556815445714943 -0.9455185755993193 7.08731884633425e-17
    outer loop
      vertex 0.7725424859373685 2.3776412907378837 -0.5
      vertex 0.8550503583141722 2.3492315519647713 0.009999999999999787
      vertex 0.7725424859373686 2.3776412907378837 0.009999999999999787
    endloop
  endfacet
  facet normal -0.35836794954530304 -0.9335804264972006 0
    outer loop
      vertex 0.93651648353978 2.3179596364169686 -0.5
      vertex 0.93651648353978 2.3179596364169686 0.009999999999999787
      vertex 0.8550503583141718 2.3492315519647713 -0.5
    endloop
  endfacet
  facet normal -0.3907311284892749 -0.9205048534524398 0
    outer loop
      vertex 0.93651648353978 2.3179596364169686 -0.5
      vertex 1.0168416076895006 2.283863644106502 -0.5
      vertex 1.0168416076895006 2.283863644106502 0.009999999999999787
    endloop
  endfacet
  facet normal -0.35836794954530476 -0.9335804264972001 3.120536069591403e-16
    outer loop
      vertex 0.8550503583141718 2.3492315519647713 -0.5
      vertex 0.93651648353978 2.3179596364169686 0.009999999999999787
      vertex 0.8550503583141722 2.3492315519647713 0.009999999999999787
    endloop
  endfacet
  facet normal -0.3907311284892749 -0.9205048534524398 0
    outer loop
      vertex 0.93651648353978 2.3179596364169686 -0.5
      vertex 1.0168416076895006 2.283863644106502 0.009999999999999787
      vertex 0.93651648353978 2.3179596364169686 0.009999999999999787
    endloop
  endfacet
  facet normal 0 0 1
    outer loop
      vertex 1.0915441555048029 2.237997175284926 -0.5
      vertex 1.173678906964727 2.2073689821473175 -0.5
      vertex 1.0959278669726935 2.2469851157479175 -0.5
    endloop
  endfacet
  facet normal 0 0 1
    outer loop
      vertex 1.0915441555048029 2.237997175284926 -0.5
      vertex 1.1689841913368684 2.1985395062187285 -0.5
      vertex 1.173678906964727 2.2073689821473175 -0.5
    endloop
  endfacet
  facet normal 0 0 1
    outer loop
      vertex 1.245 2.1564032554232524 -0.5
      vertex 1.25 2.1650635094610964 -0.5
      vertex 1.1689841913368684 2.1985395062187285 -0.5
    endloop
  endfacet
  facet normal 0 0 1
    outer loop
      vertex 1.1689841913368684 2.1985395062187285 -0.5
      vertex 1.25 2.1650635094610964 -0.5
      vertex 1.173678906964727 2.2073689821473175 -0.5
    endloop
  endfacet
  facet normal -0.45399049973954386 -0.8910065241883693 0
    outer loop
      vertex 1.0959278669726935 2.2469851157479175 -0.5
      vertex 1.1736789069647273 2.2073689821473175 0.009999999999999787
      vertex 1.0959278669726935 2.2469851157479175 0.009999999999999787
    endloop
  endfacet
  facet normal -0.45399049973954486 -0.8910065241883688 1.9489682368846503e-16
    outer loop
      vertex 1.0959278669726935 2.2469851157479175 -0.5
      vertex 1.173678906964727 2.2073689821473175 -0.5
      vertex 1.1736789069647273 2.2073689821473175 0.009999999999999787
    endloop
  endfacet
  facet normal -0.4848096202463409 -0.8746197071393936 0
    outer loop
      vertex 1.173678906964727 2.2073689821473175 -0.5
      vertex 1.25 2.1650635094610964 -0.5
      vertex 1.25 2.1650635094610964 0.009999999999999787
    endloop
  endfacet
  facet normal -0.48480962024634194 -0.8746197071393931 2.11077177630301e-16
    outer loop
      vertex 1.173678906964727 2.2073689821473175 -0.5
      vertex 1.25 2.1650635094610964 0.009999999999999787
      vertex 1.1736789069647273 2.2073689821473175 0.009999999999999787
    endloop
  endfacet
  facet normal 0 0 1
    outer loop
      vertex 1.0127742412587426 2.274728189530076 -0.5
      vertex 1.0959278669726935 2.2469851157479175 -0.5
      vertex 1.0168416076895006 2.283863644106502 -0.5
    endloop
  endfacet
  facet normal 0 0 1
    outer loop
      vertex 1.0127742412587426 2.274728189530076 -0.5
      vertex 1.0915441555048029 2.237997175284926 -0.5
      vertex 1.0959278669726935 2.2469851157479175 -0.5
    endloop
  endfacet
  facet normal -0.4226182617406987 -0.9063077870366503 0
    outer loop
      vertex 1.0168416076895006 2.283863644106502 -0.5
      vertex 1.0959278669726935 2.2469851157479175 -0.5
      vertex 1.0959278669726935 2.2469851157479175 0.009999999999999787
    endloop
  endfacet
  facet normal -0.4226182617406987 -0.9063077870366503 0
    outer loop
      vertex 1.0168416076895006 2.283863644106502 -0.5
      vertex 1.0959278669726935 2.2469851157479175 0.009999999999999787
      vertex 1.0168416076895006 2.283863644106502 0.009999999999999787
    endloop
  endfacet
  facet normal 0 0 1
    outer loop
      vertex 1.3194989679406803 2.111639759429501 -0.5
      vertex 1.39239032964216 2.0643035556620535 -0.5
      vertex 1.3979822586768673 2.072593931387604 -0.5
    endloop
  endfacet
  facet normal 0 0 1
    outer loop
      vertex 1.3194989679406803 2.111639759429501 -0.5
      vertex 1.3979822586768673 2.072593931387604 -0.5
      vertex 1.3247981605830121 2.120120240391065 -0.5
    endloop
  endfacet
  facet normal 0 0 1
    outer loop
      vertex 1.245 2.1564032554232524 -0.5
      vertex 1.3247981605830121 2.120120240391065 -0.5
      vertex 1.25 2.1650635094610964 -0.5
    endloop
  endfacet
  facet normal 0 0 1
    outer loop
      vertex 1.245 2.1564032554232524 -0.5
      vertex 1.3194989679406803 2.111639759429501 -0.5
      vertex 1.3247981605830121 2.120120240391065 -0.5
    endloop
  endfacet
  facet normal 0 0 1
    outer loop
      vertex 1.39239032964216 2.0643035556620535 -0.5
      vertex 1.469463130731183 2.0225424859373686 -0.5
      vertex 1.3979822586768673 2.072593931387604 -0.5
    endloop
  endfacet
  facet normal 0 0 1
    outer loop
      vertex 1.39239032964216 2.0643035556620535 -0.5
      vertex 1.4635852782082583 2.014452315993619 -0.5
      vertex 1.469463130731183 2.0225424859373686 -0.5
    endloop
  endfacet
  facet normal 0 0 1
    outer loop
      vertex 1.4635852782082583 2.014452315993619 -0.5
      vertex 1.5391536883141457 1.9700268840168047 -0.5
      vertex 1.469463130731183 2.0225424859373686 -0.5
    endloop
  endfacet
  facet normal -0.544639035015027 -0.838670567945424 0
    outer loop
      vertex 1.3247981605830121 2.120120240391065 -0.5
      vertex 1.3979822586768673 2.072593931387604 -0.5
      vertex 1.3979822586768673 2.072593931387604 0.009999999999999787
    endloop
  endfacet
  facet normal -0.544639035015027 -0.838670567945424 0
    outer loop
      vertex 1.3247981605830121 2.120120240391065 -0.5
      vertex 1.3979822586768673 2.072593931387604 0.009999999999999787
      vertex 1.3247981605830121 2.120120240391065 0.009999999999999787
    endloop
  endfacet
  facet normal -0.5150380749100542 -0.8571673007021122 0
    outer loop
      vertex 1.25 2.1650635094610964 -0.5
      vertex 1.3247981605830121 2.120120240391065 -0.5
      vertex 1.3247981605830121 2.120120240391065 0.009999999999999787
    endloop
  endfacet
  facet normal -0.5150380749100542 -0.8571673007021122 0
    outer loop
      vertex 1.25 2.1650635094610964 -0.5
      vertex 1.3247981605830121 2.120120240391065 0.009999999999999787
      vertex 1.25 2.1650635094610964 0.009999999999999787
    endloop
  endfacet
  facet normal -0.5735764363510432 -0.8191520442889939 0
    outer loop
      vertex 1.3979822586768673 2.072593931387604 -0.5
      vertex 1.469463130731183 2.0225424859373686 -0.5
      vertex 1.469463130731183 2.0225424859373686 0.009999999999999787
    endloop
  endfacet
  facet normal -0.5735764363510432 -0.8191520442889939 0
    outer loop
      vertex 1.3979822586768673 2.072593931387604 -0.5
      vertex 1.469463130731183 2.0225424859373686 0.009999999999999787
      vertex 1.3979822586768673 2.072593931387604 0.009999999999999787
    endloop
  endfacet
  facet normal -0.601815023152051 -0.7986355100472907 0
    outer loop
      vertex 1.469463130731183 2.0225424859373686 -0.5
      vertex 1.5391536883141457 1.9700268840168047 0.009999999999999787
      vertex 1.469463130731183 2.0225424859373686 0.009999999999999787
    endloop
  endfacet
  facet normal 0 0 1
    outer loop
      vertex 2.4984770675477392 -0.08724874175625243 -0.5
      vertex 2.5 0 -0.5
      vertex 2.4984770675477392 0.08724874175625243 -0.5
    endloop
  endfacet
  facet normal 0 0 1
    outer loop
      vertex 2.4884831592775485 -0.08689974678922743 -0.5
      vertex 2.4939101256495606 0.17439118436031326 -0.5
      vertex 2.49 0 -0.5
    endloop
  endfacet
  facet normal 0 0 1
    outer loop
      vertex 2.4939101256495606 -0.17439118436031326 -0.5
      vertex 2.4984770675477392 0.08724874175625243 -0.5
      vertex 2.4939101256495606 0.17439118436031326 -0.5
    endloop
  endfacet
  facet normal 0 0 1
    outer loop
      vertex 2.49 0 -0.5
      vertex 2.4939101256495606 0.17439118436031326 -0.5
      vertex 2.4884831592775485 0.08689974678922743 -0.5
    endloop
  endfacet
  facet normal 0 0 1
    outer loop
      vertex 2.4884831592775485 0.08689974678922743 -0.5
      vertex 2.4939101256495606 0.17439118436031326 -0.5
      vertex 2.4839344851469622 0.17369361962287203 -0.5
    endloop
  endfacet
  facet normal 0 0 1
    outer loop
      vertex 2.4839344851469622 0.17369361962287203 -0.5
      vertex 2.4939101256495606 0.17439118436031326 -0.5
      vertex 2.4863047384206833 0.2613211581691337 -0.5
    endloop
  endfacet
  facet normal 0 0 1
    outer loop
      vertex 2.4839344851469622 0.17369361962287203 -0.5
      vertex 2.4863047384206833 0.2613211581691337 -0.5
      vertex 2.4763595194670014 0.26027587353645726 -0.5
    endloop
  endfacet
  facet normal -0.9998476951563912 -0.0174524064372845 0
    outer loop
      vertex 2.5 0 -0.5
      vertex 2.5 0 0.009999999999999787
      vertex 2.4984770675477392 0.08724874175625243 -0.5
    endloop
  endfacet
  facet normal -0.9986295347545738 -0.052335956242943 -1.424131951879658e-18
    outer loop
      vertex 2.4984770675477392 0.08724874175625243 -0.5
      vertex 2.4984770675477392 0.08724874175625241 0.009999999999999787
      vertex 2.4939101256495606 0.17439118436031326 -0.5
    endloop
  endfacet
  facet normal -0.9998476951563912 -0.017452406437284504 -4.749035162203324e-19
    outer loop
      vertex 2.4984770675477392 0.08724874175625243 -0.5
      vertex 2.5 0 0.009999999999999787
      vertex 2.4984770675477392 0.08724874175625241 0.009999999999999787
    endloop
  endfacet
  facet normal -0.9961946980917455 -0.08715574274765807 0
    outer loop
      vertex 2.4939101256495606 0.17439118436031326 -0.5
      vertex 2.4939101256495606 0.17439118436031326 0.009999999999999787
      vertex 2.4863047384206833 0.2613211581691337 -0.5
    endloop
  endfacet
  facet normal -0.9986295347545738 -0.052335956242942995 0
    outer loop
      vertex 2.4939101256495606 0.17439118436031326 -0.5
      vertex 2.4984770675477392 0.08724874175625241 0.009999999999999787
      vertex 2.4939101256495606 0.17439118436031326 0.009999999999999787
    endloop
  endfacet
  facet normal -0.9961946980917455 -0.08715574274765807 0
    outer loop
      vertex 2.4863047384206833 0.2613211581691337 -0.5
      vertex 2.4939101256495606 0.17439118436031326 0.009999999999999787
      vertex 2.4863047384206833 0.2613211581691337 0.009999999999999787
    endloop
  endfacet
  facet normal 0 0 1
    outer loop
      vertex 2.4763595194670014 0.26027587353645726 -0.5
      vertex 2.4863047384206833 0.2613211581691337 -0.5
      vertex 2.465767491166511 0.34654102139056303 -0.5
    endloop
  endfacet
  facet normal 0 0 1
    outer loop
      vertex 2.4863047384206833 0.2613211581691337 -0.5
      vertex 2.475670171853926 0.3479327524001636 -0.5
      vertex 2.465767491166511 0.34654102139056303 -0.5
    endloop
  endfacet
  facet normal 0 0 1
    outer loop
      vertex 2.465767491166511 0.34654102139056303 -0.5
      vertex 2.475670171853926 0.3479327524001636 -0.5
      vertex 2.452171305000398 0.4323839623906565 -0.5
    endloop
  endfacet
  facet normal 0 0 1
    outer loop
      vertex 2.475670171853926 0.3479327524001636 -0.5
      vertex 2.46201938253052 0.4341204441673258 -0.5
      vertex 2.452171305000398 0.4323839623906565 -0.5
    endloop
  endfacet
  facet normal 0 0 1
    outer loop
      vertex 2.452171305000398 0.4323839623906565 -0.5
      vertex 2.46201938253052 0.4341204441673258 -0.5
      vertex 2.4355875258271764 0.5177001101362209 -0.5
    endloop
  endfacet
  facet normal 0 0 1
    outer loop
      vertex 2.46201938253052 0.4341204441673258 -0.5
      vertex 2.4453690018345142 0.5197792270443984 -0.5
      vertex 2.4355875258271764 0.5177001101362209 -0.5
    endloop
  endfacet
  facet normal -0.992546151641322 -0.1218693434051474 0
    outer loop
      vertex 2.4863047384206833 0.2613211581691337 -0.5
      vertex 2.4863047384206833 0.2613211581691337 0.009999999999999787
      vertex 2.475670171853926 0.3479327524001636 -0.5
    endloop
  endfacet
  facet normal -0.992546151641322 -0.12186934340514748 -1.3264916769053408e-17
    outer loop
      vertex 2.475670171853926 0.3479327524001636 -0.5
      vertex 2.4863047384206833 0.2613211581691337 0.009999999999999787
      vertex 2.475670171853926 0.3479327524001635 0.009999999999999787
    endloop
  endfacet
  facet normal -0.9876883405951372 -0.15643446504023395 -1.7027171071822246e-17
    outer loop
      vertex 2.475670171853926 0.3479327524001636 -0.5
      vertex 2.475670171853926 0.3479327524001635 0.009999999999999787
      vertex 2.46201938253052 0.4341204441673258 -0.5
    endloop
  endfacet
  facet normal -0.9816271834476649 -0.19080899537654025 0
    outer loop
      vertex 2.46201938253052 0.4341204441673258 -0.5
      vertex 2.46201938253052 0.4341204441673258 0.009999999999999787
      vertex 2.4453690018345142 0.5197792270443984 -0.5
    endloop
  endfacet
  facet normal -0.9876883405951372 -0.15643446504023384 0
    outer loop
      vertex 2.46201938253052 0.4341204441673258 -0.5
      vertex 2.475670171853926 0.3479327524001635 0.009999999999999787
      vertex 2.46201938253052 0.4341204441673258 0.009999999999999787
    endloop
  endfacet
  facet normal -0.9816271834476649 -0.19080899537654025 0
    outer loop
      vertex 2.4453690018345142 0.5197792270443984 -0.5
      vertex 2.46201938253052 0.4341204441673258 0.009999999999999787
      vertex 2.4453690018345142 0.5197792270443984 0.009999999999999787
    endloop
  endfacet
  facet normal 0 0 1
    outer loop
      vertex 2.4160363584272315 0.6023855200431727 -0.5
      vertex 2.4355875258271764 0.5177001101362209 -0.5
      vertex 2.4453690018345142 0.5197792270443984 -0.5
    endloop
  endfacet
  facet normal 0 0 1
    outer loop
      vertex 2.4160363584272315 0.6023855200431727 -0.5
      vertex 2.4453690018345142 0.5197792270443984 -0.5
      vertex 2.425739315689991 0.6048047389991693 -0.5
    endloop
  endfacet
  facet normal 0 0 1
    outer loop
      vertex 2.4160363584272315 0.6023855200431727 -0.5
      vertex 2.425739315689991 0.6048047389991693 -0.5
      vertex 2.3935416228864144 0.686337015984328 -0.5
    endloop
  endfacet
  facet normal 0 0 1
    outer loop
      vertex 2.425739315689991 0.6048047389991693 -0.5
      vertex 2.4031542398457972 0.6890933895424979 -0.5
      vertex 2.3935416228864144 0.686337015984328 -0.5
    endloop
  endfacet
  facet normal 0 0 1
    outer loop
      vertex 2.3935416228864144 0.686337015984328 -0.5
      vertex 2.4031542398457972 0.6890933895424979 -0.5
      vertex 2.3681307255749324 0.7694523159936191 -0.5
    endloop
  endfacet
  facet normal 0 0 1
    outer loop
      vertex 2.4031542398457972 0.6890933895424979 -0.5
      vertex 2.3776412907378837 0.7725424859373685 -0.5
      vertex 2.3681307255749324 0.7694523159936191 -0.5
    endloop
  endfacet
  facet normal -0.9743700647852347 -0.22495105434386703 0
    outer loop
      vertex 2.4453690018345142 0.5197792270443984 -0.5
      vertex 2.4453690018345142 0.5197792270443984 0.009999999999999787
      vertex 2.425739315689991 0.6048047389991693 -0.5
    endloop
  endfacet
  facet normal -0.9743700647852347 -0.22495105434386703 0
    outer loop
      vertex 2.425739315689991 0.6048047389991693 -0.5
      vertex 2.4453690018345142 0.5197792270443984 0.009999999999999787
      vertex 2.425739315689991 0.6048047389991693 0.009999999999999787
    endloop
  endfacet
  facet normal -0.9659258262890685 -0.2588190451025196 0
    outer loop
      vertex 2.425739315689991 0.6048047389991693 -0.5
      vertex 2.425739315689991 0.6048047389991693 0.009999999999999787
      vertex 2.4031542398457972 0.6890933895424979 -0.5
    endloop
  endfacet
  facet normal -0.9563047559630345 -0.29237170472274027 0
    outer loop
      vertex 2.4031542398457972 0.6890933895424979 -0.5
      vertex 2.4031542398457972 0.6890933895424979 0.009999999999999787
      vertex 2.3776412907378837 0.7725424859373685 -0.5
    endloop
  endfacet
  facet normal -0.9659258262890685 -0.2588190451025196 0
    outer loop
      vertex 2.4031542398457972 0.6890933895424979 -0.5
      vertex 2.425739315689991 0.6048047389991693 0.009999999999999787
      vertex 2.4031542398457972 0.6890933895424979 0.009999999999999787
    endloop
  endfacet
  facet normal -0.9563047559630343 -0.2923717047227406 -6.364662712394007e-17
    outer loop
      vertex 2.3776412907378837 0.7725424859373685 -0.5
      vertex 2.4031542398457972 0.6890933895424979 0.009999999999999787
      vertex 2.3776412907378837 0.7725424859373684 0.009999999999999787
    endloop
  endfacet
  facet normal 0 0 1
    outer loop
      vertex 2.3398346257569123 0.8516301568809151 -0.5
      vertex 2.3681307255749324 0.7694523159936191 -0.5
      vertex 2.3776412907378837 0.7725424859373685 -0.5
    endloop
  endfacet
  facet normal 0 0 1
    outer loop
      vertex 2.3398346257569123 0.8516301568809151 -0.5
      vertex 2.3776412907378837 0.7725424859373685 -0.5
      vertex 2.3492315519647713 0.8550503583141718 -0.5
    endloop
  endfacet
  facet normal 0 0 1
    outer loop
      vertex 2.308687797871301 0.932770417605621 -0.5
      vertex 2.3179596364169686 0.93651648353978 -0.5
      vertex 2.274728189530076 1.0127742412587426 -0.5
    endloop
  endfacet
  facet normal 0 0 1
    outer loop
      vertex 2.3179596364169686 0.93651648353978 -0.5
      vertex 2.283863644106502 1.0168416076895006 -0.5
      vertex 2.274728189530076 1.0127742412587426 -0.5
    endloop
  endfacet
  facet normal 0 0 1
    outer loop
      vertex 2.3398346257569123 0.8516301568809151 -0.5
      vertex 2.3492315519647713 0.8550503583141718 -0.5
      vertex 2.308687797871301 0.932770417605621 -0.5
    endloop
  endfacet
  facet normal 0 0 1
    outer loop
      vertex 2.308687797871301 0.932770417605621 -0.5
      vertex 2.3492315519647713 0.8550503583141718 -0.5
      vertex 2.3179596364169686 0.93651648353978 -0.5
    endloop
  endfacet
  facet normal -0.9455185755993188 -0.3255681544571506 -7.087318846334275e-17
    outer loop
      vertex 2.3776412907378837 0.7725424859373685 -0.5
      vertex 2.3776412907378837 0.7725424859373684 0.009999999999999787
      vertex 2.3492315519647713 0.8550503583141718 -0.5
    endloop
  endfacet
  facet normal -0.9455185755993191 -0.3255681544571502 0
    outer loop
      vertex 2.3492315519647713 0.8550503583141718 -0.5
      vertex 2.3776412907378837 0.7725424859373684 0.009999999999999787
      vertex 2.3492315519647713 0.8550503583141718 0.009999999999999787
    endloop
  endfacet
  facet normal -0.9205048534524398 -0.3907311284892749 0
    outer loop
      vertex 2.3179596364169686 0.93651648353978 -0.5
      vertex 2.3179596364169686 0.93651648353978 0.009999999999999787
      vertex 2.283863644106502 1.0168416076895006 -0.5
    endloop
  endfacet
  facet normal -0.9335804264972006 -0.35836794954530304 0
    outer loop
      vertex 2.3179596364169686 0.93651648353978 -0.5
      vertex 2.3492315519647713 0.8550503583141718 -0.5
      vertex 2.3492315519647713 0.8550503583141718 0.009999999999999787
    endloop
  endfacet
  facet normal -0.9205048534524395 -0.3907311284892758 -1.7011713540649595e-16
    outer loop
      vertex 2.283863644106502 1.0168416076895006 -0.5
      vertex 2.3179596364169686 0.93651648353978 0.009999999999999787
      vertex 2.283863644106502 1.0168416076895004 0.009999999999999787
    endloop
  endfacet
  facet normal -0.9335804264972006 -0.35836794954530304 0
    outer loop
      vertex 2.3179596364169686 0.93651648353978 -0.5
      vertex 2.3492315519647713 0.8550503583141718 0.009999999999999787
      vertex 2.3179596364169686 0.93651648353978 0.009999999999999787
    endloop
  endfacet
  facet normal 0 0 1
    outer loop
      vertex 2.2379971752849257 1.0915441555048027 -0.5
      vertex 2.2469851157479175 1.0959278669726935 -0.5
      vertex 2.1985395062187285 1.1689841913368684 -0.5
    endloop
  endfacet
  facet normal 0 0 1
    outer loop
      vertex 2.1564032554232524 1.245 -0.5
      vertex 2.1985395062187285 1.1689841913368684 -0.5
      vertex 2.2073689821473175 1.173678906964727 -0.5
    endloop
  endfacet
  facet normal 0 0 1
    outer loop
      vertex 2.1564032554232524 1.245 -0.5
      vertex 2.2073689821473175 1.173678906964727 -0.5
      vertex 2.1650635094610964 1.25 -0.5
    endloop
  endfacet
  facet normal 0 0 1
    outer loop
      vertex 2.1985395062187285 1.1689841913368684 -0.5
      vertex 2.2469851157479175 1.0959278669726935 -0.5
      vertex 2.2073689821473175 1.173678906964727 -0.5
    endloop
  endfacet
  facet normal -0.8910065241883688 -0.45399049973954486 -1.976591003027153e-16
    outer loop
      vertex 2.2469851157479175 1.0959278669726935 -0.5
      vertex 2.2469851157479175 1.0959278669726933 0.009999999999999787
      vertex 2.2073689821473175 1.173678906964727 -0.5
    endloop
  endfacet
  facet normal -0.8746197071393936 -0.4848096202463409 0
    outer loop
      vertex 2.2073689821473175 1.173678906964727 -0.5
      vertex 2.2073689821473175 1.173678906964727 0.009999999999999787
      vertex 2.1650635094610964 1.25 -0.5
    endloop
  endfacet
  facet normal -0.8746197071393925 -0.4848096202463431 -4.22154355260603e-16
    outer loop
      vertex 2.1650635094610964 1.25 -0.5
      vertex 2.2073689821473175 1.173678906964727 0.009999999999999787
      vertex 2.1650635094610964 1.2499999999999996 0.009999999999999787
    endloop
  endfacet
  facet normal -0.8910065241883693 -0.45399049973954386 0
    outer loop
      vertex 2.2073689821473175 1.173678906964727 -0.5
      vertex 2.2469851157479175 1.0959278669726933 0.009999999999999787
      vertex 2.2073689821473175 1.173678906964727 0.009999999999999787
    endloop
  endfacet
  facet normal 0 0 1
    outer loop
      vertex 2.0643035556620535 1.39239032964216 -0.5
      vertex 2.120120240391065 1.3247981605830121 -0.5
      vertex 2.072593931387604 1.3979822586768673 -0.5
    endloop
  endfacet
  facet normal 0 0 1
    outer loop
      vertex 2.0643035556620535 1.39239032964216 -0.5
      vertex 2.111639759429501 1.3194989679406801 -0.5
      vertex 2.120120240391065 1.3247981605830121 -0.5
    endloop
  endfacet
  facet normal 0 0 1
    outer loop
      vertex 2.014452315993619 1.4635852782082583 -0.5
      vertex 2.0643035556620535 1.39239032964216 -0.5
      vertex 2.072593931387604 1.3979822586768673 -0.5
    endloop
  endfacet
  facet normal 0 0 1
    outer loop
      vertex 2.014452315993619 1.4635852782082583 -0.5
      vertex 2.072593931387604 1.3979822586768673 -0.5
      vertex 2.0225424859373686 1.469463130731183 -0.5
    endloop
  endfacet
  facet normal 0 0 1
    outer loop
      vertex 2.1564032554232524 1.245 -0.5
      vertex 2.1650635094610964 1.25 -0.5
      vertex 2.111639759429501 1.3194989679406801 -0.5
    endloop
  endfacet
  facet normal 0 0 1
    outer loop
      vertex 2.111639759429501 1.3194989679406801 -0.5
      vertex 2.1650635094610964 1.25 -0.5
      vertex 2.120120240391065 1.3247981605830121 -0.5
    endloop
  endfacet
  facet normal -0.838670567945424 -0.544639035015027 0
    outer loop
      vertex 2.072593931387604 1.3979822586768673 -0.5
      vertex 2.120120240391065 1.3247981605830121 -0.5
      vertex 2.120120240391065 1.3247981605830121 0.009999999999999787
    endloop
  endfacet
  facet normal -0.8386705679454233 -0.5446390350150281 -2.3712580266012204e-16
    outer loop
      vertex 2.072593931387604 1.3979822586768673 -0.5
      vertex 2.120120240391065 1.3247981605830121 0.009999999999999787
      vertex 2.072593931387604 1.397982258676867 0.009999999999999787
    endloop
  endfacet
  facet normal -0.8191520442889939 -0.5735764363510432 -2.4362102961058262e-16
    outer loop
      vertex 2.0225424859373686 1.469463130731183 -0.5
      vertex 2.072593931387604 1.3979822586768673 -0.5
      vertex 2.072593931387604 1.397982258676867 0.009999999999999787
    endloop
  endfacet
  facet normal -0.7986355100472907 -0.601815023152051 0
    outer loop
      vertex 2.0225424859373686 1.469463130731183 -0.5
      vertex 2.0225424859373686 1.469463130731183 0.009999999999999787
      vertex 1.9700268840168047 1.5391536883141457 -0.5
    endloop
  endfacet
  facet normal -0.8191520442889947 -0.573576436351042 0
    outer loop
      vertex 2.0225424859373686 1.469463130731183 -0.5
      vertex 2.072593931387604 1.397982258676867 0.009999999999999787
      vertex 2.0225424859373686 1.469463130731183 0.009999999999999787
    endloop
  endfacet
  facet normal -0.8571673007021122 -0.5150380749100542 -4.482626944834716e-16
    outer loop
      vertex 2.120120240391065 1.3247981605830121 -0.5
      vertex 2.1650635094610964 1.25 -0.5
      vertex 2.1650635094610964 1.2499999999999996 0.009999999999999787
    endloop
  endfacet
  facet normal -0.8571673007021137 -0.5150380749100519 0
    outer loop
      vertex 2.120120240391065 1.3247981605830121 -0.5
      vertex 2.1650635094610964 1.2499999999999996 0.009999999999999787
      vertex 2.120120240391065 1.3247981605830121 0.009999999999999787
    endloop
  endfacet
  facet normal 0 0 1
    outer loop
      vertex 2.2379971752849257 1.0915441555048027 -0.5
      vertex 2.274728189530076 1.0127742412587426 -0.5
      vertex 2.283863644106502 1.0168416076895006 -0.5
    endloop
  endfacet
  facet normal 0 0 1
    outer loop
      vertex 2.2379971752849257 1.0915441555048027 -0.5
      vertex 2.283863644106502 1.0168416076895006 -0.5
      vertex 2.2469851157479175 1.0959278669726935 -0.5
    endloop
  endfacet
  facet normal -0.9063077870366503 -0.4226182617406987 -1.8400020580846464e-16
    outer loop
      vertex 2.283863644106502 1.0168416076895006 -0.5
      vertex 2.283863644106502 1.0168416076895004 0.009999999999999787
      vertex 2.2469851157479175 1.0959278669726935 -0.5
    endloop
  endfacet
  facet normal -0.9063077870366503 -0.4226182617406987 -1.8400020580846464e-16
    outer loop
      vertex 2.2469851157479175 1.0959278669726935 -0.5
      vertex 2.283863644106502 1.0168416076895004 0.009999999999999787
      vertex 2.2469851157479175 1.0959278669726933 0.009999999999999787
    endloop
  endfacet
  facet normal 0.6686335126664977 0.23022898158193747 0.7070529271412462
    outer loop
      vertex -2.3681307255749324 -0.7694523159936191 -0.5
      vertex -2.3398346257569123 -0.8516301568809151 -0.5
      vertex -1.331479122813215 -0.4326237921249264 -1.59
    endloop
  endfacet
  facet normal 0.6762610747799915 0.20675375923645584 0.7070529271412462
    outer loop
      vertex -2.3681307255749324 -0.7694523159936191 -0.5
      vertex -1.3457663743136463 -0.3858922981437988 -1.5900000000000003
      vertex -2.3935416228864144 -0.686337015984328 -0.5
    endloop
  endfacet
  facet normal 0.6830647169439015 0.18302663928331128 0.7070529271412461
    outer loop
      vertex -2.3935416228864144 -0.686337015984328 -0.5
      vertex -1.358414016786395 -0.3386906538395348 -1.5900000000000003
      vertex -2.4160363584272315 -0.6023855200431727 -0.5
    endloop
  endfacet
  facet normal 0.6890361499682677 0.15907652956329685 0.7070529271412461
    outer loop
      vertex -2.4355875258271764 -0.5177001101362209 -0.5
      vertex -2.4160363584272315 -0.6023855200431727 -0.5
      vertex -1.3694066410273278 -0.2910763671448633 -1.5900000000000003
    endloop
  endfacet
  facet normal 0.694168098581781 0.13493260959586617 0.7070529271412461
    outer loop
      vertex -2.4355875258271764 -0.5177001101362209 -0.5
      vertex -1.378730854217091 -0.24310744873370263 -1.5900000000000003
      vertex -2.452171305000398 -0.4323839623906565 -0.5
    endloop
  endfacet
  facet normal 0.6984543102955685 0.11062429502843106 0.7070529271412461
    outer loop
      vertex -2.452171305000398 -0.4323839623906565 -0.5
      vertex -1.3863752962381983 -0.19484234134409173 -1.5900000000000007
      vertex -2.465767491166511 -0.34654102139056303 -0.5
    endloop
  endfacet
  facet normal 0.7018895630209026 0.08618120179785156 0.7070529271412461
    outer loop
      vertex -2.465767491166511 -0.34654102139056303 -0.5
      vertex -1.3923306535155826 -0.14633984857471488 -1.5900000000000007
      vertex -2.4763595194670014 -0.26027587353645726 -0.5
    endloop
  endfacet
  facet normal 0.7070529271412461 0.012341654750937533 0.7070529271412461
    outer loop
      vertex -2.4884831592775485 -0.08689974678922743 -0.5
      vertex -1.399147157826734 -0.04885929538350137 -1.59
      vertex -2.49 0 -0.5
    endloop
  endfacet
  facet normal 0.7044696714314937 0.061633110048080704 0.7070529271412461
    outer loop
      vertex -2.4763595194670014 -0.26027587353645726 -0.5
      vertex -1.3965896703637537 -0.09765906324177542 -1.5900000000000003
      vertex -2.4839344851469622 -0.17369361962287203 -0.5
    endloop
  endfacet
  facet normal 0.7061914920626785 0.03700992784758441 0.7070529271412461
    outer loop
      vertex -2.4839344851469622 -0.17369361962287203 -0.5
      vertex -1.399147157826734 -0.04885929538350137 -1.59
      vertex -2.4884831592775485 -0.08689974678922743 -0.5
    endloop
  endfacet
  facet normal 0.23022898158193747 0.6686335126664977 0.7070529271412461
    outer loop
      vertex -0.8516301568809151 -2.3398346257569123 -0.5
      vertex -0.7694523159936191 -2.3681307255749324 -0.5
      vertex -0.43262379212492635 -1.3314791228132148 -1.5900000000000003
    endloop
  endfacet
  facet normal 0.20675375923645584 0.6762610747799915 0.707052927141246
    outer loop
      vertex -0.7694523159936191 -2.3681307255749324 -0.5
      vertex -0.686337015984328 -2.3935416228864144 -0.5
      vertex -0.38589229814379844 -1.3457663743136465 -1.5900000000000003
    endloop
  endfacet
  facet normal 0.18302663928331128 0.6830647169439015 0.7070529271412461
    outer loop
      vertex -0.686337015984328 -2.3935416228864144 -0.5
      vertex -0.6023855200431727 -2.4160363584272315 -0.5
      vertex -0.3386906538395348 -1.358414016786395 -1.5900000000000003
    endloop
  endfacet
  facet normal 0.15907652956329685 0.6890361499682677 0.707052927141246
    outer loop
      vertex -0.6023855200431727 -2.4160363584272315 -0.5
      vertex -0.5177001101362209 -2.4355875258271764 -0.5
      vertex -0.29107636714486307 -1.369406641027328 -1.5900000000000003
    endloop
  endfacet
  facet normal 0.13493260959586625 0.694168098581781 0.7070529271412461
    outer loop
      vertex -0.5177001101362209 -2.4355875258271764 -0.5
      vertex -0.4323839623906566 -2.452171305000398 -0.5
      vertex -0.24310744873370244 -1.378730854217091 -1.5900000000000003
    endloop
  endfacet
  facet normal 0.11062429502842389 0.6984543102955696 0.7070529271412462
    outer loop
      vertex -0.4323839623906566 -2.452171305000398 -0.5
      vertex -0.346541021390563 -2.46576749116651 -0.5
      vertex -0.19484234134409162 -1.3863752962381983 -1.59
    endloop
  endfacet
  facet normal 0.08618120179785513 0.7018895630209021 0.7070529271412461
    outer loop
      vertex -0.346541021390563 -2.46576749116651 -0.5
      vertex -0.2602758735364572 -2.476359519467001 -0.5
      vertex -0.1463398485747147 -1.3923306535155826 -1.5900000000000003
    endloop
  endfacet
  facet normal 0.061633110048087913 0.7044696714314931 0.7070529271412462
    outer loop
      vertex -0.2602758735364572 -2.476359519467001 -0.5
      vertex -0.17369361962287203 -2.4839344851469627 -0.5
      vertex -0.09765906324177541 -1.3965896703637537 -1.5900000000000005
    endloop
  endfacet
  facet normal 0.012341654750937537 0.7070529271412462 0.7070529271412461
    outer loop
      vertex -0.08689974678922742 -2.4884831592775485 -0.5
      vertex 0 -2.49 -0.5
      vertex -0.04885929538350106 -1.399147157826734 -1.5900000000000003
    endloop
  endfacet
  facet normal 0.0370099278475808 0.7061914920626787 0.7070529271412461
    outer loop
      vertex -0.17369361962287203 -2.4839344851469627 -0.5
      vertex -0.08689974678922742 -2.4884831592775485 -0.5
      vertex -0.04885929538350106 -1.399147157826734 -1.5900000000000003
    endloop
  endfacet
  facet normal 0.5930748081389248 0.3851472837395756 0.7070529271412461
    outer loop
      vertex -2.111639759429501 -1.3194989679406801 -0.5
      vertex -2.0643035556620535 -1.39239032964216 -0.5
      vertex -1.1872673346189964 -0.7418869699264867 -1.5900000000000003
    endloop
  endfacet
  facet normal 0.6061549693489982 0.36421465010967213 0.7070529271412461
    outer loop
      vertex -2.111639759429501 -1.3194989679406801 -0.5
      vertex -1.212435565298214 -0.7000000000000001 -1.5900000000000003
      vertex -2.1564032554232524 -1.245 -0.5
    endloop
  endfacet
  facet normal 0.618496624099934 0.3428382770315774 0.7070529271412461
    outer loop
      vertex -2.1985395062187285 -1.1689841913368684 -0.5
      vertex -2.1564032554232524 -1.245 -0.5
      vertex -1.2361266300024976 -0.6572601879002472 -1.5900000000000005
    endloop
  endfacet
  facet normal 0.5647635913283332 0.42557989159606596 0.7070529271412461
    outer loop
      vertex -1.9621467764807377 -1.5329970735608893 -0.5
      vertex -1.1326237921249263 -0.8228993532094623 -1.5900000000000005
      vertex -2.014452315993619 -1.4635852782082583 -0.5
    endloop
  endfacet
  facet normal 0.5495670285844899 0.4450306049181451 0.707052927141246
    outer loop
      vertex -1.9074506633662554 -1.600541148119483 -0.5
      vertex -1.1032150550494106 -0.8619260654559215 -1.5900000000000005
      vertex -1.9621467764807377 -1.5329970735608893 -0.5
    endloop
  endfacet
  facet normal 0.5337009030706282 0.4639391169998402 0.7070529271412461
    outer loop
      vertex -1.9074506633662554 -1.600541148119483 -0.5
      vertex -1.8504306154387116 -1.6661352098335571 -0.5
      vertex -1.072462220366569 -0.899902653561155 -1.5900000000000003
    endloop
  endfacet
  facet normal 0.517184545216698 0.4822823907318127 0.7070529271412461
    outer loop
      vertex -1.7911561028432417 -1.7296993424429035 -0.5
      vertex -1.0404027556683517 -0.9367828489024016 -1.59
      vertex -1.8504306154387116 -1.6661352098335571 -0.5
    endloop
  endfacet
  facet normal 0.5000380776605887 0.5000380776605906 0.707052927141246
    outer loop
      vertex -1.7911561028432417 -1.7296993424429035 -0.5
      vertex -1.7296993424429032 -1.7911561028432417 -0.5
      vertex -1.0070757204741114 -0.9725217186425961 -1.5900000000000007
    endloop
  endfacet
  facet normal 0.5792720766313069 0.4056106747316312 0.707052927141246
    outer loop
      vertex -2.0643035556620535 -1.39239032964216 -0.5
      vertex -2.014452315993619 -1.4635852782082583 -0.5
      vertex -1.1606526015770582 -0.7828700648590458 -1.5900000000000003
    endloop
  endfacet
  facet normal 0.48228239073181367 0.5171845452166971 0.707052927141246
    outer loop
      vertex -1.7296993424429032 -1.7911561028432417 -0.5
      vertex -1.6661352098335571 -1.8504306154387116 -0.5
      vertex -0.9367828489024013 -1.040402755668352 -1.5900000000000003
    endloop
  endfacet
  facet normal 0.4639391169998403 0.5337009030706283 0.707052927141246
    outer loop
      vertex -1.600541148119483 -1.9074506633662554 -0.5
      vertex -0.899902653561155 -1.0724622203665692 -1.5900000000000003
      vertex -1.6661352098335571 -1.8504306154387116 -0.5
    endloop
  endfacet
  facet normal 0.4450306049181451 0.5495670285844899 0.7070529271412461
    outer loop
      vertex -1.600541148119483 -1.9074506633662554 -0.5
      vertex -1.5329970735608893 -1.9621467764807377 -0.5
      vertex -0.8619260654559212 -1.1032150550494109 -1.5900000000000003
    endloop
  endfacet
  facet normal 0.42557989159606596 0.5647635913283332 0.7070529271412462
    outer loop
      vertex -1.5329970735608893 -1.9621467764807377 -0.5
      vertex -1.4635852782082583 -2.014452315993619 -0.5
      vertex -0.8228993532094624 -1.1326237921249263 -1.5900000000000003
    endloop
  endfacet
  facet normal 0.38514728373957646 0.5930748081389243 0.7070529271412461
    outer loop
      vertex -1.39239032964216 -2.0643035556620535 -0.5
      vertex -1.3194989679406803 -2.111639759429501 -0.5
      vertex -0.741886969926487 -1.1872673346189964 -1.59
    endloop
  endfacet
  facet normal 0.3642146501096712 0.6061549693489984 0.7070529271412462
    outer loop
      vertex -1.3194989679406803 -2.111639759429501 -0.5
      vertex -1.245 -2.1564032554232524 -0.5
      vertex -0.7000000000000001 -1.212435565298214 -1.59
    endloop
  endfacet
  facet normal 0.3428382770315773 0.6184966240999339 0.7070529271412461
    outer loop
      vertex -1.1689841913368684 -2.1985395062187285 -0.5
      vertex -0.657260187900247 -1.2361266300024978 -1.5900000000000003
      vertex -1.245 -2.1564032554232524 -0.5
    endloop
  endfacet
  facet normal 0.4056106747316312 0.5792720766313069 0.7070529271412461
    outer loop
      vertex -1.4635852782082583 -2.014452315993619 -0.5
      vertex -1.39239032964216 -2.0643035556620535 -0.5
      vertex -0.7828700648590452 -1.1606526015770584 -1.5900000000000003
    endloop
  endfacet
  facet normal 0.5647635913283341 0.42557989159606385 0.7070529271412466
    outer loop
      vertex -1.9621467764807377 -1.5329970735608893 -0.5
      vertex -1.1032150550494106 -0.8619260654559215 -1.5900000000000005
      vertex -1.1326237921249263 -0.8228993532094623 -1.5900000000000005
    endloop
  endfacet
  facet normal 0.5792720766313063 0.4056106747316316 0.7070529271412462
    outer loop
      vertex -2.014452315993619 -1.4635852782082583 -0.5
      vertex -1.1326237921249263 -0.8228993532094623 -1.5900000000000005
      vertex -1.1606526015770582 -0.7828700648590458 -1.5900000000000003
    endloop
  endfacet
  facet normal 0.533700903070627 0.46393911699984225 0.7070529271412458
    outer loop
      vertex -1.8504306154387116 -1.6661352098335571 -0.5
      vertex -1.0404027556683517 -0.9367828489024016 -1.59
      vertex -1.072462220366569 -0.899902653561155 -1.5900000000000003
    endloop
  endfacet
  facet normal 0.517184545216702 0.48228239073180845 0.7070529271412463
    outer loop
      vertex -1.7911561028432417 -1.7296993424429035 -0.5
      vertex -1.0070757204741114 -0.9725217186425961 -1.5900000000000007
      vertex -1.0404027556683517 -0.9367828489024016 -1.59
    endloop
  endfacet
  facet normal 0.5495670285844878 0.4450306049181476 0.7070529271412462
    outer loop
      vertex -1.9074506633662554 -1.600541148119483 -0.5
      vertex -1.072462220366569 -0.899902653561155 -1.5900000000000003
      vertex -1.1032150550494106 -0.8619260654559215 -1.5900000000000005
    endloop
  endfacet
  facet normal 0.5000380776605868 0.5000380776605927 0.7070529271412459
    outer loop
      vertex -1.7296993424429032 -1.7911561028432417 -0.5
      vertex -0.9725217186425961 -1.0070757204741116 -1.5900000000000003
      vertex -1.0070757204741114 -0.9725217186425961 -1.5900000000000007
    endloop
  endfacet
  facet normal 0.48228239073181345 0.5171845452166979 0.7070529271412458
    outer loop
      vertex -1.7296993424429032 -1.7911561028432417 -0.5
      vertex -0.9367828489024013 -1.040402755668352 -1.5900000000000003
      vertex -0.9725217186425961 -1.0070757204741116 -1.5900000000000003
    endloop
  endfacet
  facet normal 0.46393911699984086 0.5337009030706272 0.7070529271412467
    outer loop
      vertex -1.6661352098335571 -1.8504306154387116 -0.5
      vertex -0.899902653561155 -1.0724622203665692 -1.5900000000000003
      vertex -0.9367828489024013 -1.040402755668352 -1.5900000000000003
    endloop
  endfacet
  facet normal 0.4255798915960654 0.5647635913283326 0.7070529271412467
    outer loop
      vertex -1.5329970735608893 -1.9621467764807377 -0.5
      vertex -0.8228993532094624 -1.1326237921249263 -1.5900000000000003
      vertex -0.8619260654559212 -1.1032150550494109 -1.5900000000000003
    endloop
  endfacet
  facet normal 0.40561067473163226 0.5792720766313063 0.7070529271412459
    outer loop
      vertex -1.4635852782082583 -2.014452315993619 -0.5
      vertex -0.7828700648590452 -1.1606526015770584 -1.5900000000000003
      vertex -0.8228993532094624 -1.1326237921249263 -1.5900000000000003
    endloop
  endfacet
  facet normal 0.44503060491814406 0.5495670285844911 0.7070529271412459
    outer loop
      vertex -1.600541148119483 -1.9074506633662554 -0.5
      vertex -0.8619260654559212 -1.1032150550494109 -1.5900000000000003
      vertex -0.899902653561155 -1.0724622203665692 -1.5900000000000003
    endloop
  endfacet
  facet normal 0.6061549693489988 0.36421465010967147 0.7070529271412458
    outer loop
      vertex -2.111639759429501 -1.3194989679406801 -0.5
      vertex -1.1872673346189964 -0.7418869699264867 -1.5900000000000003
      vertex -1.212435565298214 -0.7000000000000001 -1.5900000000000003
    endloop
  endfacet
  facet normal 0.6300847359865104 0.3210442083230987 0.707052927141246
    outer loop
      vertex -2.1985395062187285 -1.1689841913368684 -0.5
      vertex -1.2361266300024976 -0.6572601879002472 -1.5900000000000005
      vertex -1.2583116648188337 -0.6137196055047084 -1.59
    endloop
  endfacet
  facet normal 0.640905186679394 0.29885899669985994 0.707052927141246
    outer loop
      vertex -2.2379971752849257 -1.0915441555048027 -0.5
      vertex -1.2583116648188337 -0.6137196055047084 -1.59
      vertex -1.2789636406996412 -0.5694313003061203 -1.59
    endloop
  endfacet
  facet normal 0.6184966240999338 0.34283827703157815 0.707052927141246
    outer loop
      vertex -2.1564032554232524 -1.245 -0.5
      vertex -1.212435565298214 -0.7000000000000001 -1.5900000000000003
      vertex -1.2361266300024976 -0.6572601879002472 -1.5900000000000005
    endloop
  endfacet
  facet normal 0.6601913236129145 0.2534237053774232 0.7070529271412465
    outer loop
      vertex -2.308687797871301 -0.932770417605621 -0.5
      vertex -1.2980573963935023 -0.5244492307822768 -1.5900000000000003
      vertex -1.3155696691002716 -0.4788282006559361 -1.5900000000000003
    endloop
  endfacet
  facet normal 0.6686335126664977 0.23022898158193858 0.7070529271412458
    outer loop
      vertex -2.3398346257569123 -0.8516301568809151 -0.5
      vertex -1.3155696691002716 -0.4788282006559361 -1.5900000000000003
      vertex -1.331479122813215 -0.4326237921249264 -1.59
    endloop
  endfacet
  facet normal 0.676261074779992 0.20675375923645384 0.7070529271412462
    outer loop
      vertex -2.3681307255749324 -0.7694523159936191 -0.5
      vertex -1.331479122813215 -0.4326237921249264 -1.59
      vertex -1.3457663743136463 -0.3858922981437988 -1.5900000000000003
    endloop
  endfacet
  facet normal 0.6509447931261859 0.27630967142483975 0.707052927141246
    outer loop
      vertex -2.274728189530076 -1.0127742412587426 -0.5
      vertex -1.2789636406996412 -0.5694313003061203 -1.59
      vertex -1.2980573963935023 -0.5244492307822768 -1.5900000000000003
    endloop
  endfacet
  facet normal 0.6300847359865104 0.32104420832309893 0.7070529271412462
    outer loop
      vertex -2.1985395062187285 -1.1689841913368684 -0.5
      vertex -1.2583116648188337 -0.6137196055047084 -1.59
      vertex -2.2379971752849257 -1.0915441555048027 -0.5
    endloop
  endfacet
  facet normal 0.6409051866793933 0.2988589966998612 0.7070529271412461
    outer loop
      vertex -2.274728189530076 -1.0127742412587426 -0.5
      vertex -2.2379971752849257 -1.0915441555048027 -0.5
      vertex -1.2789636406996412 -0.5694313003061203 -1.59
    endloop
  endfacet
  facet normal 0.6509447931261856 0.2763096714248398 0.707052927141246
    outer loop
      vertex -2.274728189530076 -1.0127742412587426 -0.5
      vertex -1.2980573963935023 -0.5244492307822768 -1.5900000000000003
      vertex -2.308687797871301 -0.932770417605621 -0.5
    endloop
  endfacet
  facet normal 0.660191323612914 0.25342370537742553 0.7070529271412462
    outer loop
      vertex -2.308687797871301 -0.932770417605621 -0.5
      vertex -1.3155696691002716 -0.4788282006559361 -1.5900000000000003
      vertex -2.3398346257569123 -0.8516301568809151 -0.5
    endloop
  endfacet
  facet normal 0.7044696714314939 0.061633110048079795 0.7070529271412462
    outer loop
      vertex -2.4763595194670014 -0.26027587353645726 -0.5
      vertex -1.3923306535155826 -0.14633984857471488 -1.5900000000000007
      vertex -1.3965896703637537 -0.09765906324177542 -1.5900000000000003
    endloop
  endfacet
  facet normal 0.7061914920626787 0.037009927847581975 0.7070529271412461
    outer loop
      vertex -2.4839344851469622 -0.17369361962287203 -0.5
      vertex -1.3965896703637537 -0.09765906324177542 -1.5900000000000003
      vertex -1.399147157826734 -0.04885929538350137 -1.59
    endloop
  endfacet
  facet normal 0.707052927141246 0.012341654750938345 0.707052927141246
    outer loop
      vertex -1.399147157826734 -0.04885929538350137 -1.59
      vertex -1.4 0 -1.5900000000000003
      vertex -2.49 0 -0.5
    endloop
  endfacet
  facet normal 0.6830647169439016 0.1830266392833123 0.7070529271412459
    outer loop
      vertex -2.3935416228864144 -0.686337015984328 -0.5
      vertex -1.3457663743136463 -0.3858922981437988 -1.5900000000000003
      vertex -1.358414016786395 -0.3386906538395348 -1.5900000000000003
    endloop
  endfacet
  facet normal 0.6890361499682679 0.15907652956329701 0.7070529271412459
    outer loop
      vertex -2.4160363584272315 -0.6023855200431727 -0.5
      vertex -1.358414016786395 -0.3386906538395348 -1.5900000000000003
      vertex -1.3694066410273278 -0.2910763671448633 -1.5900000000000003
    endloop
  endfacet
  facet normal 0.6941680985817811 0.134932609595865 0.7070529271412465
    outer loop
      vertex -2.4355875258271764 -0.5177001101362209 -0.5
      vertex -1.3694066410273278 -0.2910763671448633 -1.5900000000000003
      vertex -1.378730854217091 -0.24310744873370263 -1.5900000000000003
    endloop
  endfacet
  facet normal 0.6984543102955688 0.11062429502843026 0.7070529271412461
    outer loop
      vertex -2.452171305000398 -0.4323839623906565 -0.5
      vertex -1.378730854217091 -0.24310744873370263 -1.5900000000000003
      vertex -1.3863752962381983 -0.19484234134409173 -1.5900000000000007
    endloop
  endfacet
  facet normal 0.7018895630209021 0.08618120179785428 0.7070529271412462
    outer loop
      vertex -2.465767491166511 -0.34654102139056303 -0.5
      vertex -1.3863752962381983 -0.19484234134409173 -1.5900000000000007
      vertex -1.3923306535155826 -0.14633984857471488 -1.5900000000000007
    endloop
  endfacet
  facet normal 0.5930748081389257 0.38514728373957297 0.7070529271412469
    outer loop
      vertex -2.0643035556620535 -1.39239032964216 -0.5
      vertex -1.1606526015770582 -0.7828700648590458 -1.5900000000000003
      vertex -1.1872673346189964 -0.7418869699264867 -1.5900000000000003
    endloop
  endfacet
  facet normal 0.3642146501096701 0.6061549693489994 0.707052927141246
    outer loop
      vertex -1.3194989679406803 -2.111639759429501 -0.5
      vertex -0.7000000000000001 -1.212435565298214 -1.59
      vertex -0.741886969926487 -1.1872673346189964 -1.59
    endloop
  endfacet
  facet normal 0.32104420832310365 0.630084735986507 0.7070529271412467
    outer loop
      vertex -1.1689841913368684 -2.1985395062187285 -0.5
      vertex -0.6137196055047084 -1.2583116648188337 -1.5900000000000003
      vertex -0.657260187900247 -1.2361266300024978 -1.5900000000000003
    endloop
  endfacet
  facet normal 0.3428382770315791 0.6184966240999331 0.7070529271412462
    outer loop
      vertex -1.245 -2.1564032554232524 -0.5
      vertex -0.657260187900247 -1.2361266300024978 -1.5900000000000003
      vertex -0.7000000000000001 -1.212435565298214 -1.59
    endloop
  endfacet
  facet normal 0.2988589966998588 0.6409051866793944 0.7070529271412462
    outer loop
      vertex -1.0915441555048029 -2.237997175284926 -0.5
      vertex -0.5694313003061201 -1.2789636406996412 -1.5900000000000003
      vertex -0.6137196055047084 -1.2583116648188337 -1.5900000000000003
    endloop
  endfacet
  facet normal 0.253423705377423 0.6601913236129147 0.7070529271412466
    outer loop
      vertex -0.932770417605621 -2.308687797871301 -0.5
      vertex -0.47882820065593595 -1.3155696691002716 -1.5900000000000005
      vertex -0.5244492307822768 -1.2980573963935025 -1.5900000000000003
    endloop
  endfacet
  facet normal 0.2763096714248404 0.6509447931261853 0.7070529271412462
    outer loop
      vertex -1.0127742412587426 -2.274728189530076 -0.5
      vertex -0.5244492307822768 -1.2980573963935025 -1.5900000000000003
      vertex -0.5694313003061201 -1.2789636406996412 -1.5900000000000003
    endloop
  endfacet
  facet normal 0.23022898158193647 0.668633512666498 0.7070529271412462
    outer loop
      vertex -0.8516301568809151 -2.3398346257569123 -0.5
      vertex -0.43262379212492635 -1.3314791228132148 -1.5900000000000003
      vertex -0.47882820065593595 -1.3155696691002716 -1.5900000000000005
    endloop
  endfacet
  facet normal 0.20675375923645498 0.6762610747799912 0.7070529271412466
    outer loop
      vertex -0.7694523159936191 -2.3681307255749324 -0.5
      vertex -0.38589229814379844 -1.3457663743136465 -1.5900000000000003
      vertex -0.43262379212492635 -1.3314791228132148 -1.5900000000000003
    endloop
  endfacet
  facet normal 0.32104420832310243 0.6300847359865084 0.7070529271412462
    outer loop
      vertex -1.1689841913368684 -2.1985395062187285 -0.5
      vertex -1.0915441555048029 -2.237997175284926 -0.5
      vertex -0.6137196055047084 -1.2583116648188337 -1.5900000000000003
    endloop
  endfacet
  facet normal 0.29885899669985755 0.640905186679395 0.707052927141246
    outer loop
      vertex -1.0915441555048029 -2.237997175284926 -0.5
      vertex -1.0127742412587426 -2.274728189530076 -0.5
      vertex -0.5694313003061201 -1.2789636406996412 -1.5900000000000003
    endloop
  endfacet
  facet normal 0.27630967142483986 0.6509447931261857 0.7070529271412461
    outer loop
      vertex -1.0127742412587426 -2.274728189530076 -0.5
      vertex -0.932770417605621 -2.308687797871301 -0.5
      vertex -0.5244492307822768 -1.2980573963935025 -1.5900000000000003
    endloop
  endfacet
  facet normal 0.2534237053774256 0.6601913236129141 0.7070529271412462
    outer loop
      vertex -0.932770417605621 -2.308687797871301 -0.5
      vertex -0.8516301568809151 -2.3398346257569123 -0.5
      vertex -0.47882820065593595 -1.3155696691002716 -1.5900000000000005
    endloop
  endfacet
  facet normal 0.385147283739574 0.5930748081389252 0.7070529271412466
    outer loop
      vertex -1.39239032964216 -2.0643035556620535 -0.5
      vertex -0.741886969926487 -1.1872673346189964 -1.59
      vertex -0.7828700648590452 -1.1606526015770584 -1.5900000000000003
    endloop
  endfacet
  facet normal 0.18302663928331078 0.6830647169439017 0.7070529271412462
    outer loop
      vertex -0.686337015984328 -2.3935416228864144 -0.5
      vertex -0.3386906538395348 -1.358414016786395 -1.5900000000000003
      vertex -0.38589229814379844 -1.3457663743136465 -1.5900000000000003
    endloop
  endfacet
  facet normal 0.15907652956329912 0.6890361499682673 0.707052927141246
    outer loop
      vertex -0.6023855200431727 -2.4160363584272315 -0.5
      vertex -0.29107636714486307 -1.369406641027328 -1.5900000000000003
      vertex -0.3386906538395348 -1.358414016786395 -1.5900000000000003
    endloop
  endfacet
  facet normal 0.1349326095958623 0.6941680985817816 0.7070529271412462
    outer loop
      vertex -0.5177001101362209 -2.4355875258271764 -0.5
      vertex -0.24310744873370244 -1.378730854217091 -1.5900000000000003
      vertex -0.29107636714486307 -1.369406641027328 -1.5900000000000003
    endloop
  endfacet
  facet normal 0.11062429502842151 0.6984543102955698 0.7070529271412463
    outer loop
      vertex -0.4323839623906566 -2.452171305000398 -0.5
      vertex -0.19484234134409162 -1.3863752962381983 -1.59
      vertex -0.24310744873370244 -1.378730854217091 -1.5900000000000003
    endloop
  endfacet
  facet normal 0.06163311004808891 0.7044696714314929 0.7070529271412462
    outer loop
      vertex -0.2602758735364572 -2.476359519467001 -0.5
      vertex -0.09765906324177541 -1.3965896703637537 -1.5900000000000005
      vertex -0.1463398485747147 -1.3923306535155826 -1.5900000000000003
    endloop
  endfacet
  facet normal 0.03700992784758468 0.7061914920626786 0.707052927141246
    outer loop
      vertex -0.17369361962287203 -2.4839344851469627 -0.5
      vertex -0.04885929538350106 -1.399147157826734 -1.5900000000000003
      vertex -0.09765906324177541 -1.3965896703637537 -1.5900000000000005
    endloop
  endfacet
  facet normal 0.012341654750935212 0.7070529271412462 0.7070529271412462
    outer loop
      vertex -0.04885929538350106 -1.399147157826734 -1.5900000000000003
      vertex 0 -2.49 -0.5
      vertex 0 -1.4 -1.5900000000000003
    endloop
  endfacet
  facet normal 0.08618120179785424 0.7018895630209024 0.7070529271412462
    outer loop
      vertex -0.346541021390563 -2.46576749116651 -0.5
      vertex -0.1463398485747147 -1.3923306535155826 -1.5900000000000003
      vertex -0.19484234134409162 -1.3863752962381983 -1.59
    endloop
  endfacet
  facet normal 0.7070529271412461 -0.012341654750937531 0.7070529271412461
    outer loop
      vertex -2.49 0 -0.5
      vertex -1.4 0 -1.5900000000000003
      vertex -2.4884831592775485 0.08689974678922743 -0.5
    endloop
  endfacet
  facet normal 0.7061914920626788 -0.03700992784758081 0.7070529271412462
    outer loop
      vertex -2.4884831592775485 0.08689974678922743 -0.5
      vertex -1.3965896703637537 0.09765906324177541 -1.5900000000000005
      vertex -2.4839344851469627 0.17369361962287203 -0.5
    endloop
  endfacet
  facet normal 0.7044696714314932 -0.061633110048087913 0.7070529271412462
    outer loop
      vertex -2.4839344851469627 0.17369361962287203 -0.5
      vertex -1.3923306535155826 0.14633984857471488 -1.5900000000000003
      vertex -2.476359519467001 0.2602758735364572 -0.5
    endloop
  endfacet
  facet normal 0.7018895630209026 -0.08618120179785156 0.7070529271412461
    outer loop
      vertex -2.476359519467001 0.2602758735364572 -0.5
      vertex -1.3863752962381983 0.19484234134409145 -1.5900000000000005
      vertex -2.4657674911665106 0.346541021390563 -0.5
    endloop
  endfacet
  facet normal 0.6984543102955691 -0.11062429502842741 0.7070529271412462
    outer loop
      vertex -2.4657674911665106 0.346541021390563 -0.5
      vertex -1.378730854217091 0.24310744873370238 -1.5900000000000003
      vertex -2.452171305000398 0.4323839623906566 -0.5
    endloop
  endfacet
  facet normal 0.6941680985817801 -0.1349326095958699 0.7070529271412461
    outer loop
      vertex -2.452171305000398 0.4323839623906566 -0.5
      vertex -1.3694066410273278 0.291076367144863 -1.59
      vertex -2.435587525827176 0.5177001101362207 -0.5
    endloop
  endfacet
  facet normal 0.6890361499682695 -0.1590765295632896 0.7070529271412462
    outer loop
      vertex -2.435587525827176 0.5177001101362207 -0.5
      vertex -1.358414016786395 0.3386906538395348 -1.5900000000000007
      vertex -2.416036358427232 0.6023855200431728 -0.5
    endloop
  endfacet
  facet normal 0.6830647169439006 -0.1830266392833146 0.7070529271412462
    outer loop
      vertex -2.416036358427232 0.6023855200431728 -0.5
      vertex -1.3457663743136463 0.38589229814379883 -1.5900000000000003
      vertex -2.3935416228864144 0.6863370159843281 -0.5
    endloop
  endfacet
  facet normal 0.6762610747799915 -0.20675375923645584 0.7070529271412461
    outer loop
      vertex -2.3935416228864144 0.6863370159843281 -0.5
      vertex -1.3314791228132148 0.43262379212492635 -1.5900000000000003
      vertex -2.3681307255749324 0.7694523159936192 -0.5
    endloop
  endfacet
  facet normal 0.6686335126664988 -0.23022898158193453 0.7070529271412462
    outer loop
      vertex -2.3681307255749324 0.7694523159936192 -0.5
      vertex -1.3155696691002718 0.47882820065593606 -1.5900000000000005
      vertex -2.3398346257569127 0.8516301568809151 -0.5
    endloop
  endfacet
  facet normal 0.7070529271412461 -0.01234165475093708 0.7070529271412462
    outer loop
      vertex -2.4884831592775485 0.08689974678922743 -0.5
      vertex -1.4 0 -1.5900000000000003
      vertex -1.399147157826734 0.04885929538350137 -1.59
    endloop
  endfacet
  facet normal 0.7061914920626787 -0.03700992784758199 0.7070529271412461
    outer loop
      vertex -2.4884831592775485 0.08689974678922743 -0.5
      vertex -1.399147157826734 0.04885929538350137 -1.59
      vertex -1.3965896703637537 0.09765906324177541 -1.5900000000000005
    endloop
  endfacet
  facet normal 0.7044696714314931 -0.06163311004808864 0.7070529271412462
    outer loop
      vertex -2.4839344851469627 0.17369361962287203 -0.5
      vertex -1.3965896703637537 0.09765906324177541 -1.5900000000000005
      vertex -1.3923306535155826 0.14633984857471488 -1.5900000000000003
    endloop
  endfacet
  facet normal 0.7018895630209028 -0.08618120179784894 0.7070529271412463
    outer loop
      vertex -2.476359519467001 0.2602758735364572 -0.5
      vertex -1.3923306535155826 0.14633984857471488 -1.5900000000000003
      vertex -1.3863752962381983 0.19484234134409145 -1.5900000000000005
    endloop
  endfacet
  facet normal 0.6984543102955693 -0.1106242950284272 0.7070529271412461
    outer loop
      vertex -2.4657674911665106 0.346541021390563 -0.5
      vertex -1.3863752962381983 0.19484234134409145 -1.5900000000000005
      vertex -1.378730854217091 0.24310744873370238 -1.5900000000000003
    endloop
  endfacet
  facet normal 0.69416809858178 -0.13493260959587097 0.7070529271412461
    outer loop
      vertex -2.452171305000398 0.4323839623906566 -0.5
      vertex -1.378730854217091 0.24310744873370238 -1.5900000000000003
      vertex -1.3694066410273278 0.291076367144863 -1.59
    endloop
  endfacet
  facet normal 0.6890361499682699 -0.15907652956328733 0.7070529271412463
    outer loop
      vertex -2.435587525827176 0.5177001101362207 -0.5
      vertex -1.3694066410273278 0.291076367144863 -1.59
      vertex -1.358414016786395 0.3386906538395348 -1.5900000000000007
    endloop
  endfacet
  facet normal 0.6830647169439 -0.18302663928331797 0.7070529271412461
    outer loop
      vertex -2.416036358427232 0.6023855200431728 -0.5
      vertex -1.358414016786395 0.3386906538395348 -1.5900000000000007
      vertex -1.3457663743136463 0.38589229814379883 -1.5900000000000003
    endloop
  endfacet
  facet normal 0.6762610747799916 -0.20675375923645395 0.7070529271412466
    outer loop
      vertex -2.3935416228864144 0.6863370159843281 -0.5
      vertex -1.3457663743136463 0.38589229814379883 -1.5900000000000003
      vertex -1.3314791228132148 0.43262379212492635 -1.5900000000000003
    endloop
  endfacet
  facet normal 0.668633512666499 -0.23022898158193336 0.7070529271412465
    outer loop
      vertex -2.3681307255749324 0.7694523159936192 -0.5
      vertex -1.3314791228132148 0.43262379212492635 -1.5900000000000003
      vertex -1.3155696691002718 0.47882820065593606 -1.5900000000000005
    endloop
  endfacet
  facet normal 0.6601913236129108 -0.2534237053774341 0.7070529271412462
    outer loop
      vertex -2.3398346257569127 0.8516301568809151 -0.5
      vertex -1.3155696691002718 0.47882820065593606 -1.5900000000000005
      vertex -1.2980573963935023 0.5244492307822768 -1.59
    endloop
  endfacet
  facet normal 0.6509447931261871 -0.27630967142483737 0.7070529271412459
    outer loop
      vertex -2.308687797871301 0.932770417605621 -0.5
      vertex -1.2980573963935023 0.5244492307822768 -1.59
      vertex -1.2789636406996412 0.5694313003061202 -1.59
    endloop
  endfacet
  facet normal 0.6409051866793953 -0.2988589966998576 0.707052927141246
    outer loop
      vertex -2.274728189530076 1.0127742412587426 -0.5
      vertex -1.2789636406996412 0.5694313003061202 -1.59
      vertex -1.2583116648188337 0.6137196055047082 -1.5900000000000003
    endloop
  endfacet
  facet normal 0.6300847359865092 -0.32104420832310215 0.7070529271412456
    outer loop
      vertex -2.237997175284926 1.0915441555048029 -0.5
      vertex -1.2583116648188337 0.6137196055047082 -1.5900000000000003
      vertex -1.2361266300024978 0.657260187900247 -1.5900000000000003
    endloop
  endfacet
  facet normal 0.6184966240999334 -0.342838277031578 0.7070529271412463
    outer loop
      vertex -2.1985395062187285 1.1689841913368684 -0.5
      vertex -1.2361266300024978 0.657260187900247 -1.5900000000000003
      vertex -1.2124355652982142 0.6999999999999998 -1.59
    endloop
  endfacet
  facet normal 0.6061549693489968 -0.3642146501096744 0.7070529271412459
    outer loop
      vertex -2.1564032554232524 1.245 -0.5
      vertex -1.2124355652982142 0.6999999999999998 -1.59
      vertex -1.1872673346189964 0.7418869699264868 -1.5899999999999999
    endloop
  endfacet
  facet normal 0.6601913236129127 -0.25342370537742864 0.7070529271412462
    outer loop
      vertex -2.3398346257569127 0.8516301568809151 -0.5
      vertex -1.2980573963935023 0.5244492307822768 -1.59
      vertex -2.308687797871301 0.932770417605621 -0.5
    endloop
  endfacet
  facet normal 0.6509447931261858 -0.27630967142483986 0.7070529271412462
    outer loop
      vertex -2.308687797871301 0.932770417605621 -0.5
      vertex -1.2789636406996412 0.5694313003061202 -1.59
      vertex -2.274728189530076 1.0127742412587426 -0.5
    endloop
  endfacet
  facet normal 0.640905186679395 -0.29885899669985755 0.7070529271412461
    outer loop
      vertex -2.274728189530076 1.0127742412587426 -0.5
      vertex -1.2583116648188337 0.6137196055047082 -1.5900000000000003
      vertex -2.237997175284926 1.0915441555048029 -0.5
    endloop
  endfacet
  facet normal 0.6300847359865084 -0.32104420832310243 0.7070529271412462
    outer loop
      vertex -2.237997175284926 1.0915441555048029 -0.5
      vertex -1.2361266300024978 0.657260187900247 -1.5900000000000003
      vertex -2.1985395062187285 1.1689841913368684 -0.5
    endloop
  endfacet
  facet normal 0.5930748081389269 -0.3851472837395718 0.7070529271412465
    outer loop
      vertex -2.1116397594295004 1.3194989679406801 -0.5
      vertex -1.1872673346189964 0.7418869699264868 -1.5899999999999999
      vertex -1.1606526015770582 0.7828700648590456 -1.59
    endloop
  endfacet
  facet normal 0.5792720766313069 -0.4056106747316313 0.7070529271412461
    outer loop
      vertex -2.0643035556620535 1.39239032964216 -0.5
      vertex -1.1606526015770582 0.7828700648590456 -1.59
      vertex -1.1326237921249263 0.8228993532094624 -1.5900000000000003
    endloop
  endfacet
  facet normal 0.6184966240999339 -0.3428382770315773 0.7070529271412462
    outer loop
      vertex -2.1985395062187285 1.1689841913368684 -0.5
      vertex -1.2124355652982142 0.6999999999999998 -1.59
      vertex -2.1564032554232524 1.245 -0.5
    endloop
  endfacet
  facet normal 0.6061549693489965 -0.3642146501096747 0.707052927141246
    outer loop
      vertex -2.1564032554232524 1.245 -0.5
      vertex -1.1872673346189964 0.7418869699264868 -1.5899999999999999
      vertex -2.1116397594295004 1.3194989679406801 -0.5
    endloop
  endfacet
  facet normal 0.5930748081389265 -0.38514728373957313 0.7070529271412462
    outer loop
      vertex -2.1116397594295004 1.3194989679406801 -0.5
      vertex -1.1606526015770582 0.7828700648590456 -1.59
      vertex -2.0643035556620535 1.39239032964216 -0.5
    endloop
  endfacet
  facet normal 0.5792720766313068 -0.40561067473163115 0.7070529271412461
    outer loop
      vertex -2.0643035556620535 1.39239032964216 -0.5
      vertex -1.1326237921249263 0.8228993532094624 -1.5900000000000003
      vertex -2.014452315993619 1.4635852782082583 -0.5
    endloop
  endfacet
  facet normal 0.5647635913283339 -0.4255798915960647 0.7070529271412461
    outer loop
      vertex -2.014452315993619 1.4635852782082583 -0.5
      vertex -1.1032150550494106 0.8619260654559217 -1.59
      vertex -1.9621467764807379 1.5329970735608893 -0.5
    endloop
  endfacet
  facet normal 0.549567028584489 -0.4450306049181462 0.7070529271412462
    outer loop
      vertex -1.9621467764807379 1.5329970735608893 -0.5
      vertex -1.0724622203665692 0.899902653561155 -1.59
      vertex -1.9074506633662554 1.600541148119483 -0.5
    endloop
  endfacet
  facet normal 0.5337009030706282 -0.46393911699984025 0.7070529271412462
    outer loop
      vertex -1.9074506633662554 1.600541148119483 -0.5
      vertex -1.0404027556683517 0.9367828489024015 -1.59
      vertex -1.8504306154387116 1.6661352098335571 -0.5
    endloop
  endfacet
  facet normal 0.5171845452166979 -0.48228239073181267 0.7070529271412461
    outer loop
      vertex -1.8504306154387116 1.6661352098335571 -0.5
      vertex -1.0070757204741119 0.972521718642596 -1.59
      vertex -1.7911561028432417 1.7296993424429035 -0.5
    endloop
  endfacet
  facet normal 0.5647635913283314 -0.42557989159606696 0.7070529271412468
    outer loop
      vertex -2.014452315993619 1.4635852782082583 -0.5
      vertex -1.1326237921249263 0.8228993532094624 -1.5900000000000003
      vertex -1.1032150550494106 0.8619260654559217 -1.59
    endloop
  endfacet
  facet normal 0.54956702858449 -0.445030604918145 0.7070529271412461
    outer loop
      vertex -1.9621467764807379 1.5329970735608893 -0.5
      vertex -1.1032150550494106 0.8619260654559217 -1.59
      vertex -1.0724622203665692 0.899902653561155 -1.59
    endloop
  endfacet
  facet normal 0.5337009030706275 -0.4639391169998414 0.707052927141246
    outer loop
      vertex -1.9074506633662554 1.600541148119483 -0.5
      vertex -1.0724622203665692 0.899902653561155 -1.59
      vertex -1.0404027556683517 0.9367828489024015 -1.59
    endloop
  endfacet
  facet normal 0.5171845452166972 -0.4822823907318138 0.7070529271412461
    outer loop
      vertex -1.8504306154387116 1.6661352098335571 -0.5
      vertex -1.0404027556683517 0.9367828489024015 -1.59
      vertex -1.0070757204741119 0.972521718642596 -1.59
    endloop
  endfacet
  facet normal 0.5000380776605888 -0.5000380776605903 0.7070529271412461
    outer loop
      vertex -1.7911561028432417 1.7296993424429035 -0.5
      vertex -1.0070757204741119 0.972521718642596 -1.59
      vertex -0.9725217186425963 1.0070757204741114 -1.59
    endloop
  endfacet
  facet normal 0.482282390731818 -0.517184545216692 0.7070529271412468
    outer loop
      vertex -1.6661352098335571 1.8504306154387118 -0.5
      vertex -0.9725217186425963 1.0070757204741114 -1.59
      vertex -0.9367828489024015 1.040402755668352 -1.5900000000000003
    endloop
  endfacet
  facet normal 0.46393911699983736 -0.5337009030706311 0.7070529271412459
    outer loop
      vertex -1.600541148119483 1.9074506633662554 -0.5
      vertex -0.9367828489024015 1.040402755668352 -1.5900000000000003
      vertex -0.8999026535611551 1.0724622203665692 -1.59
    endloop
  endfacet
  facet normal 0.44503060491814345 -0.5495670285844914 0.707052927141246
    outer loop
      vertex -1.5329970735608893 1.9621467764807377 -0.5
      vertex -0.8999026535611551 1.0724622203665692 -1.59
      vertex -0.8619260654559217 1.1032150550494106 -1.59
    endloop
  endfacet
  facet normal 0.42557989159606896 -0.5647635913283301 0.7070529271412468
    outer loop
      vertex -1.4635852782082583 2.014452315993619 -0.5
      vertex -0.8619260654559217 1.1032150550494106 -1.59
      vertex -0.8228993532094623 1.1326237921249263 -1.5900000000000005
    endloop
  endfacet
  facet normal 0.5000380776605878 -0.5000380776605914 0.7070529271412462
    outer loop
      vertex -1.7911561028432417 1.7296993424429035 -0.5
      vertex -0.9725217186425963 1.0070757204741114 -1.59
      vertex -1.7296993424429032 1.7911561028432414 -0.5
    endloop
  endfacet
  facet normal 0.48228239073181556 -0.5171845452166953 0.7070529271412461
    outer loop
      vertex -1.7296993424429032 1.7911561028432414 -0.5
      vertex -0.9725217186425963 1.0070757204741114 -1.59
      vertex -1.6661352098335571 1.8504306154387118 -0.5
    endloop
  endfacet
  facet normal 0.4639391169998393 -0.5337009030706292 0.7070529271412461
    outer loop
      vertex -1.6661352098335571 1.8504306154387118 -0.5
      vertex -0.9367828489024015 1.040402755668352 -1.5900000000000003
      vertex -1.600541148119483 1.9074506633662554 -0.5
    endloop
  endfacet
  facet normal 0.445030604918145 -0.5495670285844899 0.707052927141246
    outer loop
      vertex -1.600541148119483 1.9074506633662554 -0.5
      vertex -0.8999026535611551 1.0724622203665692 -1.59
      vertex -1.5329970735608893 1.9621467764807377 -0.5
    endloop
  endfacet
  facet normal 0.42557989159606585 -0.5647635913283331 0.7070529271412462
    outer loop
      vertex -1.5329970735608893 1.9621467764807377 -0.5
      vertex -0.8619260654559217 1.1032150550494106 -1.59
      vertex -1.4635852782082583 2.014452315993619 -0.5
    endloop
  endfacet
  facet normal 0.40561067473163126 -0.5792720766313069 0.7070529271412461
    outer loop
      vertex -1.4635852782082583 2.014452315993619 -0.5
      vertex -0.8228993532094623 1.1326237921249263 -1.5900000000000005
      vertex -1.39239032964216 2.0643035556620535 -0.5
    endloop
  endfacet
  facet normal 0.3851472837395765 -0.5930748081389244 0.7070529271412461
    outer loop
      vertex -1.39239032964216 2.0643035556620535 -0.5
      vertex -0.7828700648590458 1.1606526015770582 -1.5900000000000003
      vertex -1.3194989679406803 2.111639759429501 -0.5
    endloop
  endfacet
  facet normal 0.36421465010967125 -0.6061549693489985 0.7070529271412461
    outer loop
      vertex -1.3194989679406803 2.111639759429501 -0.5
      vertex -0.7418869699264868 1.1872673346189961 -1.5900000000000003
      vertex -1.245 2.1564032554232524 -0.5
    endloop
  endfacet
  facet normal 0.34283827703157793 -0.6184966240999336 0.7070529271412462
    outer loop
      vertex -0.7 1.212435565298214 -1.5900000000000003
      vertex -1.1689841913368684 2.1985395062187285 -0.5
      vertex -1.245 2.1564032554232524 -0.5
    endloop
  endfacet
  facet normal 0.4056106747316328 -0.5792720766313061 0.7070529271412458
    outer loop
      vertex -1.39239032964216 2.0643035556620535 -0.5
      vertex -0.8228993532094623 1.1326237921249263 -1.5900000000000005
      vertex -0.7828700648590458 1.1606526015770582 -1.5900000000000003
    endloop
  endfacet
  facet normal 0.3851472837395716 -0.5930748081389265 0.7070529271412468
    outer loop
      vertex -1.3194989679406803 2.111639759429501 -0.5
      vertex -0.7828700648590458 1.1606526015770582 -1.5900000000000003
      vertex -0.7418869699264868 1.1872673346189961 -1.5900000000000003
    endloop
  endfacet
  facet normal 0.3642146501096722 -0.606154969348998 0.7070529271412461
    outer loop
      vertex -0.7418869699264868 1.1872673346189961 -1.5900000000000003
      vertex -0.7 1.212435565298214 -1.5900000000000003
      vertex -1.245 2.1564032554232524 -0.5
    endloop
  endfacet
  facet normal 0.3428382770315787 -0.6184966240999332 0.7070529271412461
    outer loop
      vertex -0.7 1.212435565298214 -1.5900000000000003
      vertex -0.6572601879002472 1.2361266300024976 -1.5900000000000005
      vertex -1.1689841913368684 2.1985395062187285 -0.5
    endloop
  endfacet
  facet normal 0.32104420832310193 -0.6300847359865086 0.7070529271412461
    outer loop
      vertex -0.6572601879002472 1.2361266300024976 -1.5900000000000005
      vertex -0.6137196055047085 1.2583116648188337 -1.5900000000000003
      vertex -1.0915441555048029 2.237997175284926 -0.5
    endloop
  endfacet
  facet normal 0.29885899669985655 -0.6409051866793952 0.7070529271412465
    outer loop
      vertex -1.0127742412587426 2.274728189530076 -0.5
      vertex -0.6137196055047085 1.2583116648188337 -1.5900000000000003
      vertex -0.5694313003061203 1.2789636406996412 -1.59
    endloop
  endfacet
  facet normal 0.2763096714248402 -0.6509447931261854 0.7070529271412463
    outer loop
      vertex -0.932770417605621 2.308687797871301 -0.5
      vertex -0.5694313003061203 1.2789636406996412 -1.59
      vertex -0.5244492307822769 1.2980573963935023 -1.5900000000000003
    endloop
  endfacet
  facet normal 0.25342370537742587 -0.6601913236129139 0.7070529271412465
    outer loop
      vertex -0.8516301568809151 2.3398346257569123 -0.5
      vertex -0.5244492307822769 1.2980573963935023 -1.5900000000000003
      vertex -0.4788282006559362 1.3155696691002716 -1.5900000000000005
    endloop
  endfacet
  facet normal 0.23022898158193522 -0.6686335126664986 0.707052927141246
    outer loop
      vertex -0.7694523159936191 2.3681307255749324 -0.5
      vertex -0.4788282006559362 1.3155696691002716 -1.5900000000000005
      vertex -0.43262379212492635 1.331479122813215 -1.59
    endloop
  endfacet
  facet normal 0.2067537592364541 -0.6762610747799921 0.7070529271412462
    outer loop
      vertex -0.686337015984328 2.3935416228864144 -0.5
      vertex -0.43262379212492635 1.331479122813215 -1.59
      vertex -0.3858922981437988 1.3457663743136463 -1.5900000000000003
    endloop
  endfacet
  facet normal 0.3210442083231021 -0.6300847359865084 0.7070529271412466
    outer loop
      vertex -0.6572601879002472 1.2361266300024976 -1.5900000000000005
      vertex -1.0915441555048029 2.237997175284926 -0.5
      vertex -1.1689841913368684 2.1985395062187285 -0.5
    endloop
  endfacet
  facet normal 0.29885899669985755 -0.640905186679395 0.7070529271412461
    outer loop
      vertex -1.0915441555048029 2.237997175284926 -0.5
      vertex -0.6137196055047085 1.2583116648188337 -1.5900000000000003
      vertex -1.0127742412587426 2.274728189530076 -0.5
    endloop
  endfacet
  facet normal 0.27630967142483986 -0.6509447931261858 0.7070529271412462
    outer loop
      vertex -1.0127742412587426 2.274728189530076 -0.5
      vertex -0.5694313003061203 1.2789636406996412 -1.59
      vertex -0.932770417605621 2.308687797871301 -0.5
    endloop
  endfacet
  facet normal 0.25342370537742553 -0.660191323612914 0.7070529271412461
    outer loop
      vertex -0.932770417605621 2.308687797871301 -0.5
      vertex -0.5244492307822769 1.2980573963935023 -1.5900000000000003
      vertex -0.8516301568809151 2.3398346257569123 -0.5
    endloop
  endfacet
  facet normal 0.18302663928331211 -0.6830647169439013 0.7070529271412462
    outer loop
      vertex -0.3858922981437988 1.3457663743136463 -1.5900000000000003
      vertex -0.3386906538395349 1.358414016786395 -1.5900000000000003
      vertex -0.6023855200431727 2.4160363584272315 -0.5
    endloop
  endfacet
  facet normal 0.159076529563296 -0.6890361499682679 0.7070529271412461
    outer loop
      vertex -0.3386906538395349 1.358414016786395 -1.5900000000000003
      vertex -0.29107636714486307 1.3694066410273278 -1.5900000000000003
      vertex -0.5177001101362209 2.4355875258271764 -0.5
    endloop
  endfacet
  facet normal 0.13493260959586714 -0.6941680985817807 0.7070529271412461
    outer loop
      vertex -0.29107636714486307 1.3694066410273278 -1.5900000000000003
      vertex -0.24310744873370244 1.378730854217091 -1.5900000000000003
      vertex -0.4323839623906566 2.452171305000398 -0.5
    endloop
  endfacet
  facet normal 0.11062429502842527 -0.6984543102955695 0.7070529271412461
    outer loop
      vertex -0.24310744873370244 1.378730854217091 -1.5900000000000003
      vertex -0.1948423413440916 1.3863752962381983 -1.5900000000000003
      vertex -0.346541021390563 2.46576749116651 -0.5
    endloop
  endfacet
  facet normal 0.08618120179785398 -0.7018895630209022 0.7070529271412461
    outer loop
      vertex -0.1948423413440916 1.3863752962381983 -1.5900000000000003
      vertex -0.14633984857471496 1.3923306535155826 -1.5900000000000003
      vertex -0.2602758735364572 2.476359519467001 -0.5
    endloop
  endfacet
  facet normal 0.06163311004808863 -0.704469671431493 0.7070529271412461
    outer loop
      vertex -0.14633984857471496 1.3923306535155826 -1.5900000000000003
      vertex -0.09765906324177545 1.3965896703637537 -1.5900000000000005
      vertex -0.17369361962287203 2.4839344851469627 -0.5
    endloop
  endfacet
  facet normal 0.03700992784757987 -0.7061914920626787 0.7070529271412461
    outer loop
      vertex -0.09765906324177545 1.3965896703637537 -1.5900000000000005
      vertex -0.04885929538350136 1.399147157826734 -1.59
      vertex -0.08689974678922742 2.4884831592775485 -0.5
    endloop
  endfacet
  facet normal 0.012341654750938347 -0.7070529271412461 0.7070529271412461
    outer loop
      vertex -0.04885929538350136 1.399147157826734 -1.59
      vertex 0 1.4 -1.5900000000000003
      vertex 0 2.49 -0.5
    endloop
  endfacet
  facet normal 0.23022898158193747 -0.6686335126664978 0.7070529271412461
    outer loop
      vertex -0.8516301568809151 2.3398346257569123 -0.5
      vertex -0.4788282006559362 1.3155696691002716 -1.5900000000000005
      vertex -0.7694523159936191 2.3681307255749324 -0.5
    endloop
  endfacet
  facet normal 0.20675375923645586 -0.6762610747799915 0.7070529271412462
    outer loop
      vertex -0.7694523159936191 2.3681307255749324 -0.5
      vertex -0.43262379212492635 1.331479122813215 -1.59
      vertex -0.686337015984328 2.3935416228864144 -0.5
    endloop
  endfacet
  facet normal 0.18302663928331128 -0.6830647169439015 0.7070529271412461
    outer loop
      vertex -0.686337015984328 2.3935416228864144 -0.5
      vertex -0.3858922981437988 1.3457663743136463 -1.5900000000000003
      vertex -0.6023855200431727 2.4160363584272315 -0.5
    endloop
  endfacet
  facet normal 0.15907652956329602 -0.6890361499682679 0.7070529271412463
    outer loop
      vertex -0.3386906538395349 1.358414016786395 -1.5900000000000003
      vertex -0.5177001101362209 2.4355875258271764 -0.5
      vertex -0.6023855200431727 2.4160363584272315 -0.5
    endloop
  endfacet
  facet normal 0.13493260959586717 -0.6941680985817809 0.7070529271412462
    outer loop
      vertex -0.29107636714486307 1.3694066410273278 -1.5900000000000003
      vertex -0.4323839623906566 2.452171305000398 -0.5
      vertex -0.5177001101362209 2.4355875258271764 -0.5
    endloop
  endfacet
  facet normal 0.11062429502842452 -0.6984543102955696 0.7070529271412459
    outer loop
      vertex -0.24310744873370244 1.378730854217091 -1.5900000000000003
      vertex -0.346541021390563 2.46576749116651 -0.5
      vertex -0.4323839623906566 2.452171305000398 -0.5
    endloop
  endfacet
  facet normal 0.08618120179785523 -0.7018895630209022 0.7070529271412461
    outer loop
      vertex -0.1948423413440916 1.3863752962381983 -1.5900000000000003
      vertex -0.2602758735364572 2.476359519467001 -0.5
      vertex -0.346541021390563 2.46576749116651 -0.5
    endloop
  endfacet
  facet normal 0.06163311004808658 -0.7044696714314933 0.7070529271412462
    outer loop
      vertex -0.14633984857471496 1.3923306535155826 -1.5900000000000003
      vertex -0.17369361962287203 2.4839344851469627 -0.5
      vertex -0.2602758735364572 2.476359519467001 -0.5
    endloop
  endfacet
  facet normal 0.037009927847580386 -0.7061914920626788 0.7070529271412461
    outer loop
      vertex -0.09765906324177545 1.3965896703637537 -1.5900000000000005
      vertex -0.08689974678922742 2.4884831592775485 -0.5
      vertex -0.17369361962287203 2.4839344851469627 -0.5
    endloop
  endfacet
  facet normal 0.012341654750938761 -0.707052927141246 0.7070529271412461
    outer loop
      vertex -0.04885929538350136 1.399147157826734 -1.59
      vertex 0 2.49 -0.5
      vertex -0.08689974678922742 2.4884831592775485 -0.5
    endloop
  endfacet
  facet normal -0.012341654750937537 0.7070529271412462 0.7070529271412461
    outer loop
      vertex 0 -2.49 -0.5
      vertex 0.08689974678922742 -2.4884831592775485 -0.5
      vertex 0.04885929538350179 -1.399147157826734 -1.5900000000000003
    endloop
  endfacet
  facet normal -0.0370099278475808 0.7061914920626787 0.7070529271412461
    outer loop
      vertex 0.08689974678922742 -2.4884831592775485 -0.5
      vertex 0.17369361962287203 -2.4839344851469627 -0.5
      vertex 0.09765906324177542 -1.396589670363754 -1.5900000000000003
    endloop
  endfacet
  facet normal -0.06163311004808793 0.7044696714314933 0.7070529271412462
    outer loop
      vertex 0.17369361962287203 -2.4839344851469627 -0.5
      vertex 0.2602758735364572 -2.476359519467001 -0.5
      vertex 0.14633984857471485 -1.3923306535155826 -1.5900000000000005
    endloop
  endfacet
  facet normal -0.08618120179785511 0.7018895630209021 0.7070529271412461
    outer loop
      vertex 0.2602758735364572 -2.476359519467001 -0.5
      vertex 0.346541021390563 -2.46576749116651 -0.5
      vertex 0.19484234134409165 -1.3863752962381983 -1.59
    endloop
  endfacet
  facet normal -0.11062429502842389 0.6984543102955696 0.7070529271412461
    outer loop
      vertex 0.346541021390563 -2.46576749116651 -0.5
      vertex 0.4323839623906566 -2.452171305000398 -0.5
      vertex 0.24310744873370246 -1.3787308542170913 -1.59
    endloop
  endfacet
  facet normal -0.13493260959586628 0.6941680985817811 0.7070529271412461
    outer loop
      vertex 0.4323839623906566 -2.452171305000398 -0.5
      vertex 0.5177001101362209 -2.4355875258271764 -0.5
      vertex 0.2910763671448632 -1.3694066410273278 -1.5900000000000005
    endloop
  endfacet
  facet normal -0.15907652956329685 0.6890361499682677 0.7070529271412461
    outer loop
      vertex 0.5177001101362209 -2.4355875258271764 -0.5
      vertex 0.6023855200431727 -2.4160363584272315 -0.5
      vertex 0.3386906538395348 -1.358414016786395 -1.5900000000000003
    endloop
  endfacet
  facet normal -0.1830266392833113 0.6830647169439016 0.707052927141246
    outer loop
      vertex 0.6023855200431727 -2.4160363584272315 -0.5
      vertex 0.686337015984328 -2.3935416228864144 -0.5
      vertex 0.3858922981437991 -1.3457663743136463 -1.5900000000000005
    endloop
  endfacet
  facet normal -0.2067537592364565 0.6762610747799915 0.707052927141246
    outer loop
      vertex 0.43262379212492635 -1.331479122813215 -1.59
      vertex 0.686337015984328 -2.3935416228864144 -0.5
      vertex 0.7694523159936191 -2.3681307255749324 -0.5
    endloop
  endfacet
  facet normal -0.23022898158193797 0.6686335126664976 0.707052927141246
    outer loop
      vertex 0.47882820065593656 -1.3155696691002716 -1.5900000000000005
      vertex 0.7694523159936191 -2.3681307255749324 -0.5
      vertex 0.8516301568809151 -2.3398346257569123 -0.5
    endloop
  endfacet
  facet normal -0.01234165475093697 0.7070529271412461 0.7070529271412461
    outer loop
      vertex 0 -2.49 -0.5
      vertex 0.04885929538350179 -1.399147157826734 -1.5900000000000003
      vertex 0 -1.4 -1.5900000000000003
    endloop
  endfacet
  facet normal -0.03700992784758525 0.7061914920626787 0.7070529271412461
    outer loop
      vertex 0.08689974678922742 -2.4884831592775485 -0.5
      vertex 0.09765906324177542 -1.396589670363754 -1.5900000000000003
      vertex 0.04885929538350179 -1.399147157826734 -1.5900000000000003
    endloop
  endfacet
  facet normal -0.0616331100480828 0.7044696714314934 0.7070529271412463
    outer loop
      vertex 0.17369361962287203 -2.4839344851469627 -0.5
      vertex 0.14633984857471485 -1.3923306535155826 -1.5900000000000005
      vertex 0.09765906324177542 -1.396589670363754 -1.5900000000000003
    endloop
  endfacet
  facet normal -0.0861812017978603 0.7018895630209018 0.707052927141246
    outer loop
      vertex 0.2602758735364572 -2.476359519467001 -0.5
      vertex 0.19484234134409165 -1.3863752962381983 -1.59
      vertex 0.14633984857471485 -1.3923306535155826 -1.5900000000000005
    endloop
  endfacet
  facet normal -0.11062429502842458 0.6984543102955696 0.707052927141246
    outer loop
      vertex 0.346541021390563 -2.46576749116651 -0.5
      vertex 0.24310744873370246 -1.3787308542170913 -1.59
      vertex 0.19484234134409165 -1.3863752962381983 -1.59
    endloop
  endfacet
  facet normal -0.13493260959586478 0.6941680985817814 0.707052927141246
    outer loop
      vertex 0.4323839623906566 -2.452171305000398 -0.5
      vertex 0.2910763671448632 -1.3694066410273278 -1.5900000000000005
      vertex 0.24310744873370246 -1.3787308542170913 -1.59
    endloop
  endfacet
  facet normal -0.15907652956330245 0.6890361499682668 0.7070529271412458
    outer loop
      vertex 0.5177001101362209 -2.4355875258271764 -0.5
      vertex 0.3386906538395348 -1.358414016786395 -1.5900000000000003
      vertex 0.2910763671448632 -1.3694066410273278 -1.5900000000000005
    endloop
  endfacet
  facet normal -0.18302663928330823 0.6830647169439021 0.7070529271412462
    outer loop
      vertex 0.6023855200431727 -2.4160363584272315 -0.5
      vertex 0.3858922981437991 -1.3457663743136463 -1.5900000000000005
      vertex 0.3386906538395348 -1.358414016786395 -1.5900000000000003
    endloop
  endfacet
  facet normal -0.2067537592364592 0.6762610747799906 0.707052927141246
    outer loop
      vertex 0.3858922981437991 -1.3457663743136463 -1.5900000000000005
      vertex 0.686337015984328 -2.3935416228864144 -0.5
      vertex 0.43262379212492635 -1.331479122813215 -1.59
    endloop
  endfacet
  facet normal -0.23022898158193383 0.668633512666499 0.7070529271412462
    outer loop
      vertex 0.43262379212492635 -1.331479122813215 -1.59
      vertex 0.7694523159936191 -2.3681307255749324 -0.5
      vertex 0.47882820065593656 -1.3155696691002716 -1.5900000000000005
    endloop
  endfacet
  facet normal -0.2534237053774276 0.6601913236129134 0.707052927141246
    outer loop
      vertex 0.47882820065593656 -1.3155696691002716 -1.5900000000000005
      vertex 0.8516301568809151 -2.3398346257569123 -0.5
      vertex 0.5244492307822767 -1.2980573963935023 -1.5900000000000005
    endloop
  endfacet
  facet normal -0.2763096714248388 0.6509447931261862 0.7070529271412461
    outer loop
      vertex 0.5244492307822767 -1.2980573963935023 -1.5900000000000005
      vertex 0.932770417605621 -2.308687797871301 -0.5
      vertex 0.5694313003061203 -1.2789636406996412 -1.5900000000000003
    endloop
  endfacet
  facet normal -0.29885899669985827 0.6409051866793948 0.707052927141246
    outer loop
      vertex 0.5694313003061203 -1.2789636406996412 -1.5900000000000003
      vertex 1.0127742412587426 -2.274728189530076 -0.5
      vertex 0.6137196055047083 -1.2583116648188337 -1.5900000000000005
    endloop
  endfacet
  facet normal -0.3210442083231042 0.6300847359865076 0.7070529271412462
    outer loop
      vertex 0.6137196055047083 -1.2583116648188337 -1.5900000000000005
      vertex 1.0915441555048029 -2.237997175284926 -0.5
      vertex 0.6572601879002471 -1.2361266300024976 -1.5900000000000005
    endloop
  endfacet
  facet normal -0.34283827703157727 0.6184966240999337 0.7070529271412465
    outer loop
      vertex 1.1689841913368684 -2.1985395062187285 -0.5
      vertex 0.7000000000000001 -1.212435565298214 -1.5900000000000003
      vertex 0.6572601879002471 -1.2361266300024976 -1.5900000000000005
    endloop
  endfacet
  facet normal -0.36421465010967075 0.606154969348999 0.7070529271412458
    outer loop
      vertex 1.245 -2.1564032554232524 -0.5
      vertex 0.7418869699264867 -1.1872673346189961 -1.5900000000000005
      vertex 0.7000000000000001 -1.212435565298214 -1.5900000000000003
    endloop
  endfacet
  facet normal -0.25342370537742537 0.6601913236129143 0.7070529271412462
    outer loop
      vertex 0.5244492307822767 -1.2980573963935023 -1.5900000000000005
      vertex 0.8516301568809151 -2.3398346257569123 -0.5
      vertex 0.932770417605621 -2.308687797871301 -0.5
    endloop
  endfacet
  facet normal -0.27630967142484003 0.6509447931261859 0.707052927141246
    outer loop
      vertex 0.5694313003061203 -1.2789636406996412 -1.5900000000000003
      vertex 0.932770417605621 -2.308687797871301 -0.5
      vertex 1.0127742412587426 -2.274728189530076 -0.5
    endloop
  endfacet
  facet normal -0.2988589966998578 0.6409051866793951 0.707052927141246
    outer loop
      vertex 0.6137196055047083 -1.2583116648188337 -1.5900000000000005
      vertex 1.0127742412587426 -2.274728189530076 -0.5
      vertex 1.0915441555048029 -2.237997175284926 -0.5
    endloop
  endfacet
  facet normal -0.3210442083231025 0.6300847359865084 0.7070529271412462
    outer loop
      vertex 1.0915441555048029 -2.237997175284926 -0.5
      vertex 1.1689841913368684 -2.1985395062187285 -0.5
      vertex 0.6572601879002471 -1.2361266300024976 -1.5900000000000005
    endloop
  endfacet
  facet normal -0.38514728373957446 0.5930748081389254 0.7070529271412461
    outer loop
      vertex 0.7418869699264867 -1.1872673346189961 -1.5900000000000005
      vertex 1.3194989679406803 -2.111639759429501 -0.5
      vertex 0.7828700648590458 -1.1606526015770582 -1.5900000000000003
    endloop
  endfacet
  facet normal -0.4056106747316311 0.579272076631307 0.7070529271412461
    outer loop
      vertex 0.7828700648590458 -1.1606526015770582 -1.5900000000000003
      vertex 1.39239032964216 -2.0643035556620535 -0.5
      vertex 0.8228993532094624 -1.1326237921249263 -1.5900000000000005
    endloop
  endfacet
  facet normal -0.3428382770315773 0.6184966240999339 0.7070529271412462
    outer loop
      vertex 1.1689841913368684 -2.1985395062187285 -0.5
      vertex 1.245 -2.1564032554232524 -0.5
      vertex 0.7000000000000001 -1.212435565298214 -1.5900000000000003
    endloop
  endfacet
  facet normal -0.3642146501096713 0.6061549693489986 0.7070529271412461
    outer loop
      vertex 1.245 -2.1564032554232524 -0.5
      vertex 1.3194989679406803 -2.111639759429501 -0.5
      vertex 0.7418869699264867 -1.1872673346189961 -1.5900000000000005
    endloop
  endfacet
  facet normal -0.38514728373957646 0.5930748081389248 0.7070529271412459
    outer loop
      vertex 0.7828700648590458 -1.1606526015770582 -1.5900000000000003
      vertex 1.3194989679406803 -2.111639759429501 -0.5
      vertex 1.39239032964216 -2.0643035556620535 -0.5
    endloop
  endfacet
  facet normal -0.40561067473163165 0.579272076631307 0.7070529271412457
    outer loop
      vertex 0.8228993532094624 -1.1326237921249263 -1.5900000000000005
      vertex 1.39239032964216 -2.0643035556620535 -0.5
      vertex 1.4635852782082583 -2.014452315993619 -0.5
    endloop
  endfacet
  facet normal -0.4255798915960653 0.5647635913283333 0.7070529271412466
    outer loop
      vertex 0.8619260654559219 -1.1032150550494104 -1.5900000000000003
      vertex 1.4635852782082583 -2.014452315993619 -0.5
      vertex 1.5329970735608893 -1.9621467764807377 -0.5
    endloop
  endfacet
  facet normal -0.4450306049181447 0.5495670285844899 0.7070529271412463
    outer loop
      vertex 0.899902653561155 -1.0724622203665692 -1.59
      vertex 1.5329970735608893 -1.9621467764807377 -0.5
      vertex 1.600541148119483 -1.9074506633662554 -0.5
    endloop
  endfacet
  facet normal -0.4639391169998392 0.5337009030706291 0.7070529271412461
    outer loop
      vertex 0.9367828489024014 -1.040402755668352 -1.5900000000000003
      vertex 1.600541148119483 -1.9074506633662554 -0.5
      vertex 1.6661352098335571 -1.8504306154387118 -0.5
    endloop
  endfacet
  facet normal -0.48228239073181567 0.5171845452166951 0.7070529271412462
    outer loop
      vertex 0.9725217186425961 -1.0070757204741114 -1.5900000000000003
      vertex 1.6661352098335571 -1.8504306154387118 -0.5
      vertex 1.7296993424429032 -1.7911561028432414 -0.5
    endloop
  endfacet
  facet normal -0.5000380776605876 0.5000380776605917 0.707052927141246
    outer loop
      vertex 0.9725217186425961 -1.0070757204741114 -1.5900000000000003
      vertex 1.7296993424429032 -1.7911561028432414 -0.5
      vertex 1.7911561028432417 -1.7296993424429035 -0.5
    endloop
  endfacet
  facet normal -0.42557989159606757 0.564763591328332 0.707052927141246
    outer loop
      vertex 0.8228993532094624 -1.1326237921249263 -1.5900000000000005
      vertex 1.4635852782082583 -2.014452315993619 -0.5
      vertex 0.8619260654559219 -1.1032150550494104 -1.5900000000000003
    endloop
  endfacet
  facet normal -0.445030604918147 0.5495670285844885 0.707052927141246
    outer loop
      vertex 0.8619260654559219 -1.1032150550494104 -1.5900000000000003
      vertex 1.5329970735608893 -1.9621467764807377 -0.5
      vertex 0.899902653561155 -1.0724622203665692 -1.59
    endloop
  endfacet
  facet normal -0.46393911699983803 0.5337009030706301 0.7070529271412462
    outer loop
      vertex 0.899902653561155 -1.0724622203665692 -1.59
      vertex 1.600541148119483 -1.9074506633662554 -0.5
      vertex 0.9367828489024014 -1.040402755668352 -1.5900000000000003
    endloop
  endfacet
  facet normal -0.4822823907318162 0.5171845452166947 0.707052927141246
    outer loop
      vertex 0.9367828489024014 -1.040402755668352 -1.5900000000000003
      vertex 1.6661352098335571 -1.8504306154387118 -0.5
      vertex 0.9725217186425961 -1.0070757204741114 -1.5900000000000003
    endloop
  endfacet
  facet normal -0.5000380776605858 0.5000380776605935 0.7070529271412461
    outer loop
      vertex 0.9725217186425961 -1.0070757204741114 -1.5900000000000003
      vertex 1.7911561028432417 -1.7296993424429035 -0.5
      vertex 1.0070757204741116 -0.9725217186425961 -1.5900000000000005
    endloop
  endfacet
  facet normal -0.5171845452167013 0.4822823907318089 0.7070529271412462
    outer loop
      vertex 1.0070757204741116 -0.9725217186425961 -1.5900000000000005
      vertex 1.8504306154387116 -1.6661352098335571 -0.5
      vertex 1.040402755668352 -0.9367828489024013 -1.59
    endloop
  endfacet
  facet normal -0.533700903070627 0.4639391169998419 0.7070529271412461
    outer loop
      vertex 1.040402755668352 -0.9367828489024013 -1.59
      vertex 1.9074506633662554 -1.600541148119483 -0.5
      vertex 1.072462220366569 -0.899902653561155 -1.5900000000000003
    endloop
  endfacet
  facet normal -0.5495670285844897 0.4450306049181451 0.7070529271412462
    outer loop
      vertex 1.072462220366569 -0.899902653561155 -1.5900000000000003
      vertex 1.9621467764807379 -1.5329970735608893 -0.5
      vertex 1.1032150550494106 -0.8619260654559214 -1.5900000000000003
    endloop
  endfacet
  facet normal -0.5647635913283343 0.4255798915960641 0.7070529271412462
    outer loop
      vertex 1.1032150550494106 -0.8619260654559214 -1.5900000000000003
      vertex 2.014452315993619 -1.4635852782082583 -0.5
      vertex 1.1326237921249263 -0.8228993532094625 -1.59
    endloop
  endfacet
  facet normal -0.5171845452166981 0.4822823907318128 0.707052927141246
    outer loop
      vertex 1.0070757204741116 -0.9725217186425961 -1.5900000000000005
      vertex 1.7911561028432417 -1.7296993424429035 -0.5
      vertex 1.8504306154387116 -1.6661352098335571 -0.5
    endloop
  endfacet
  facet normal -0.5337009030706281 0.46393911699984 0.7070529271412465
    outer loop
      vertex 1.040402755668352 -0.9367828489024013 -1.59
      vertex 1.8504306154387116 -1.6661352098335571 -0.5
      vertex 1.9074506633662554 -1.600541148119483 -0.5
    endloop
  endfacet
  facet normal -0.5495670285844888 0.44503060491814556 0.7070529271412467
    outer loop
      vertex 1.072462220366569 -0.899902653561155 -1.5900000000000003
      vertex 1.9074506633662554 -1.600541148119483 -0.5
      vertex 1.9621467764807379 -1.5329970735608893 -0.5
    endloop
  endfacet
  facet normal -0.5647635913283342 0.4255798915960643 0.7070529271412461
    outer loop
      vertex 1.1032150550494106 -0.8619260654559214 -1.5900000000000003
      vertex 1.9621467764807379 -1.5329970735608893 -0.5
      vertex 2.014452315993619 -1.4635852782082583 -0.5
    endloop
  endfacet
  facet normal -0.5792720766313063 0.4056106747316318 0.707052927141246
    outer loop
      vertex 1.1326237921249263 -0.8228993532094625 -1.59
      vertex 2.014452315993619 -1.4635852782082583 -0.5
      vertex 2.0643035556620535 -1.39239032964216 -0.5
    endloop
  endfacet
  facet normal -0.5930748081389267 0.3851472837395733 0.7070529271412458
    outer loop
      vertex 1.1606526015770584 -0.7828700648590452 -1.5900000000000003
      vertex 2.0643035556620535 -1.39239032964216 -0.5
      vertex 2.1116397594295004 -1.3194989679406801 -0.5
    endloop
  endfacet
  facet normal -0.6061549693489968 0.3642146501096739 0.7070529271412462
    outer loop
      vertex 1.1872673346189961 -0.7418869699264868 -1.59
      vertex 2.1116397594295004 -1.3194989679406801 -0.5
      vertex 2.1564032554232524 -1.245 -0.5
    endloop
  endfacet
  facet normal -0.6184966240999336 0.34283827703157793 0.7070529271412462
    outer loop
      vertex 1.2124355652982142 -0.7 -1.5900000000000003
      vertex 2.1564032554232524 -1.245 -0.5
      vertex 2.1985395062187285 -1.1689841913368684 -0.5
    endloop
  endfacet
  facet normal -0.579272076631305 0.405610674731634 0.707052927141246
    outer loop
      vertex 1.1326237921249263 -0.8228993532094625 -1.59
      vertex 2.0643035556620535 -1.39239032964216 -0.5
      vertex 1.1606526015770584 -0.7828700648590452 -1.5900000000000003
    endloop
  endfacet
  facet normal -0.5930748081389277 0.38514728373957136 0.7070529271412461
    outer loop
      vertex 1.1606526015770584 -0.7828700648590452 -1.5900000000000003
      vertex 2.1116397594295004 -1.3194989679406801 -0.5
      vertex 1.1872673346189961 -0.7418869699264868 -1.59
    endloop
  endfacet
  facet normal -0.606154969348995 0.36421465010967735 0.7070529271412461
    outer loop
      vertex 1.1872673346189961 -0.7418869699264868 -1.59
      vertex 2.1564032554232524 -1.245 -0.5
      vertex 1.2124355652982142 -0.7 -1.5900000000000003
    endloop
  endfacet
  facet normal -0.6184966240999351 0.34283827703157527 0.7070529271412462
    outer loop
      vertex 1.2124355652982142 -0.7 -1.5900000000000003
      vertex 2.1985395062187285 -1.1689841913368684 -0.5
      vertex 1.2361266300024978 -0.6572601879002471 -1.5900000000000003
    endloop
  endfacet
  facet normal -0.6300847359865072 0.32104420832310515 0.7070529271412461
    outer loop
      vertex 1.2361266300024978 -0.6572601879002471 -1.5900000000000003
      vertex 2.237997175284926 -1.0915441555048029 -0.5
      vertex 1.2583116648188337 -0.6137196055047084 -1.5900000000000005
    endloop
  endfacet
  facet normal -0.6409051866793966 0.2988589966998541 0.7070529271412461
    outer loop
      vertex 1.2583116648188337 -0.6137196055047084 -1.5900000000000005
      vertex 2.274728189530076 -1.0127742412587426 -0.5
      vertex 1.2789636406996412 -0.5694313003061202 -1.59
    endloop
  endfacet
  facet normal -0.6509447931261856 0.27630967142484025 0.7070529271412462
    outer loop
      vertex 1.2789636406996412 -0.5694313003061202 -1.59
      vertex 2.308687797871301 -0.932770417605621 -0.5
      vertex 1.2980573963935025 -0.5244492307822769 -1.59
    endloop
  endfacet
  facet normal -0.6601913236129123 0.2534237053774299 0.7070529271412461
    outer loop
      vertex 1.2980573963935025 -0.5244492307822769 -1.59
      vertex 2.3398346257569127 -0.8516301568809151 -0.5
      vertex 1.3155696691002716 -0.478828200655936 -1.5900000000000007
    endloop
  endfacet
  facet normal -0.6686335126665 0.23022898158193064 0.7070529271412463
    outer loop
      vertex 1.3155696691002716 -0.478828200655936 -1.5900000000000007
      vertex 2.3681307255749324 -0.7694523159936192 -0.5
      vertex 1.3314791228132148 -0.4326237921249264 -1.59
    endloop
  endfacet
  facet normal -0.6762610747799913 0.20675375923645628 0.7070529271412462
    outer loop
      vertex 1.3314791228132148 -0.4326237921249264 -1.59
      vertex 2.3935416228864144 -0.6863370159843281 -0.5
      vertex 1.3457663743136463 -0.3858922981437985 -1.5900000000000003
    endloop
  endfacet
  facet normal -0.6300847359865085 0.3210442083231022 0.7070529271412462
    outer loop
      vertex 1.2361266300024978 -0.6572601879002471 -1.5900000000000003
      vertex 2.1985395062187285 -1.1689841913368684 -0.5
      vertex 2.237997175284926 -1.0915441555048029 -0.5
    endloop
  endfacet
  facet normal -0.6409051866793951 0.2988589966998578 0.707052927141246
    outer loop
      vertex 1.2583116648188337 -0.6137196055047084 -1.5900000000000005
      vertex 2.237997175284926 -1.0915441555048029 -0.5
      vertex 2.274728189530076 -1.0127742412587426 -0.5
    endloop
  endfacet
  facet normal -0.6509447931261855 0.2763096714248398 0.7070529271412463
    outer loop
      vertex 1.2789636406996412 -0.5694313003061202 -1.59
      vertex 2.274728189530076 -1.0127742412587426 -0.5
      vertex 2.308687797871301 -0.932770417605621 -0.5
    endloop
  endfacet
  facet normal -0.6601913236129128 0.25342370537742825 0.7070529271412462
    outer loop
      vertex 1.2980573963935025 -0.5244492307822769 -1.59
      vertex 2.308687797871301 -0.932770417605621 -0.5
      vertex 2.3398346257569127 -0.8516301568809151 -0.5
    endloop
  endfacet
  facet normal -0.6830647169438995 0.18302663928331894 0.7070529271412462
    outer loop
      vertex 1.3457663743136463 -0.3858922981437985 -1.5900000000000003
      vertex 2.416036358427232 -0.6023855200431728 -0.5
      vertex 1.358414016786395 -0.3386906538395348 -1.5900000000000007
    endloop
  endfacet
  facet normal -0.68903614996827 0.15907652956328708 0.7070529271412462
    outer loop
      vertex 1.358414016786395 -0.3386906538395348 -1.5900000000000007
      vertex 2.435587525827176 -0.5177001101362207 -0.5
      vertex 1.369406641027328 -0.2910763671448631 -1.5899999999999999
    endloop
  endfacet
  facet normal -0.6941680985817802 0.1349326095958702 0.7070529271412461
    outer loop
      vertex 1.369406641027328 -0.2910763671448631 -1.5899999999999999
      vertex 2.452171305000398 -0.4323839623906566 -0.5
      vertex 1.378730854217091 -0.24310744873370244 -1.5900000000000003
    endloop
  endfacet
  facet normal -0.6984543102955689 0.11062429502842834 0.7070529271412461
    outer loop
      vertex 1.378730854217091 -0.24310744873370244 -1.5900000000000003
      vertex 2.4657674911665106 -0.346541021390563 -0.5
      vertex 1.3863752962381983 -0.19484234134409156 -1.5900000000000005
    endloop
  endfacet
  facet normal -0.7018895630209027 0.08618120179785048 0.7070529271412462
    outer loop
      vertex 1.3863752962381983 -0.19484234134409156 -1.5900000000000005
      vertex 2.476359519467001 -0.2602758735364572 -0.5
      vertex 1.3923306535155826 -0.14633984857471477 -1.5900000000000003
    endloop
  endfacet
  facet normal -0.7044696714314932 0.061633110048088836 0.7070529271412462
    outer loop
      vertex 1.3923306535155826 -0.14633984857471477 -1.5900000000000003
      vertex 2.4839344851469627 -0.17369361962287203 -0.5
      vertex 1.3965896703637537 -0.09765906324177541 -1.5900000000000005
    endloop
  endfacet
  facet normal -0.7061914920626788 0.03700992784757975 0.7070529271412462
    outer loop
      vertex 1.3965896703637537 -0.09765906324177541 -1.5900000000000005
      vertex 2.4884831592775485 -0.08689974678922743 -0.5
      vertex 1.399147157826734 -0.04885929538350115 -1.59
    endloop
  endfacet
  facet normal -0.7070529271412461 0.012341654750938402 0.7070529271412462
    outer loop
      vertex 1.399147157826734 -0.04885929538350115 -1.59
      vertex 2.4884831592775485 -0.08689974678922743 -0.5
      vertex 1.4 0 -1.5900000000000003
    endloop
  endfacet
  facet normal -0.6686335126664987 0.23022898158193517 0.7070529271412459
    outer loop
      vertex 1.3155696691002716 -0.478828200655936 -1.5900000000000007
      vertex 2.3398346257569127 -0.8516301568809151 -0.5
      vertex 2.3681307255749324 -0.7694523159936192 -0.5
    endloop
  endfacet
  facet normal -0.6762610747799913 0.20675375923645642 0.7070529271412461
    outer loop
      vertex 1.3314791228132148 -0.4326237921249264 -1.59
      vertex 2.3681307255749324 -0.7694523159936192 -0.5
      vertex 2.3935416228864144 -0.6863370159843281 -0.5
    endloop
  endfacet
  facet normal -0.6830647169439006 0.18302663928331434 0.7070529271412463
    outer loop
      vertex 1.3457663743136463 -0.3858922981437985 -1.5900000000000003
      vertex 2.3935416228864144 -0.6863370159843281 -0.5
      vertex 2.416036358427232 -0.6023855200431728 -0.5
    endloop
  endfacet
  facet normal -0.6890361499682695 0.15907652956328924 0.7070529271412462
    outer loop
      vertex 1.358414016786395 -0.3386906538395348 -1.5900000000000007
      vertex 2.416036358427232 -0.6023855200431728 -0.5
      vertex 2.435587525827176 -0.5177001101362207 -0.5
    endloop
  endfacet
  facet normal -0.6941680985817802 0.13493260959587056 0.7070529271412461
    outer loop
      vertex 1.369406641027328 -0.2910763671448631 -1.5899999999999999
      vertex 2.435587525827176 -0.5177001101362207 -0.5
      vertex 2.452171305000398 -0.4323839623906566 -0.5
    endloop
  endfacet
  facet normal -0.6984543102955693 0.11062429502842777 0.7070529271412461
    outer loop
      vertex 1.378730854217091 -0.24310744873370244 -1.5900000000000003
      vertex 2.452171305000398 -0.4323839623906566 -0.5
      vertex 2.4657674911665106 -0.346541021390563 -0.5
    endloop
  endfacet
  facet normal -0.7018895630209026 0.08618120179785195 0.7070529271412462
    outer loop
      vertex 1.3863752962381983 -0.19484234134409156 -1.5900000000000005
      vertex 2.4657674911665106 -0.346541021390563 -0.5
      vertex 2.476359519467001 -0.2602758735364572 -0.5
    endloop
  endfacet
  facet normal -0.7044696714314932 0.06163311004808658 0.7070529271412463
    outer loop
      vertex 1.3923306535155826 -0.14633984857471477 -1.5900000000000003
      vertex 2.476359519467001 -0.2602758735364572 -0.5
      vertex 2.4839344851469627 -0.17369361962287203 -0.5
    endloop
  endfacet
  facet normal -0.7061914920626787 0.03700992784758039 0.7070529271412462
    outer loop
      vertex 1.3965896703637537 -0.09765906324177541 -1.5900000000000005
      vertex 2.4839344851469627 -0.17369361962287203 -0.5
      vertex 2.4884831592775485 -0.08689974678922743 -0.5
    endloop
  endfacet
  facet normal -0.7070529271412461 0.012341654750937531 0.7070529271412461
    outer loop
      vertex 2.4884831592775485 -0.08689974678922743 -0.5
      vertex 2.49 0 -0.5
      vertex 1.4 0 -1.5900000000000003
    endloop
  endfacet
  facet normal -0.08618120179785686 -0.7018895630209019 0.7070529271412461
    outer loop
      vertex 0.14633984857471483 1.3923306535155826 -1.5900000000000003
      vertex 0.19484234134409162 1.3863752962381983 -1.59
      vertex 0.346541021390563 2.46576749116651 -0.5
    endloop
  endfacet
  facet normal -0.012341654750938347 -0.7070529271412461 0.7070529271412461
    outer loop
      vertex 0 1.4 -1.5900000000000003
      vertex 0.04885929538350136 1.399147157826734 -1.59
      vertex 0 2.49 -0.5
    endloop
  endfacet
  facet normal -0.03700992784757997 -0.706191492062679 0.7070529271412461
    outer loop
      vertex 0.04885929538350136 1.399147157826734 -1.59
      vertex 0.09765906324177533 1.3965896703637537 -1.5900000000000005
      vertex 0.17369361962287203 2.4839344851469627 -0.5
    endloop
  endfacet
  facet normal -0.06163311004808865 -0.7044696714314931 0.7070529271412462
    outer loop
      vertex 0.09765906324177533 1.3965896703637537 -1.5900000000000005
      vertex 0.14633984857471483 1.3923306535155826 -1.5900000000000003
      vertex 0.2602758735364572 2.476359519467001 -0.5
    endloop
  endfacet
  facet normal -0.11062429502841897 -0.6984543102955706 0.707052927141246
    outer loop
      vertex 0.19484234134409162 1.3863752962381983 -1.59
      vertex 0.24310744873370244 1.378730854217091 -1.5900000000000005
      vertex 0.4323839623906566 2.452171305000398 -0.5
    endloop
  endfacet
  facet normal -0.13493260959586714 -0.6941680985817809 0.707052927141246
    outer loop
      vertex 0.24310744873370244 1.378730854217091 -1.5900000000000005
      vertex 0.29107636714486307 1.3694066410273278 -1.5900000000000005
      vertex 0.5177001101362209 2.4355875258271764 -0.5
    endloop
  endfacet
  facet normal -0.15907652956329657 -0.6890361499682678 0.7070529271412461
    outer loop
      vertex 0.29107636714486307 1.3694066410273278 -1.5900000000000005
      vertex 0.3386906538395347 1.358414016786395 -1.5900000000000005
      vertex 0.6023855200431727 2.4160363584272315 -0.5
    endloop
  endfacet
  facet normal -0.18302663928331458 -0.6830647169439005 0.7070529271412462
    outer loop
      vertex 0.3386906538395347 1.358414016786395 -1.5900000000000005
      vertex 0.3858922981437988 1.3457663743136463 -1.5900000000000003
      vertex 0.686337015984328 2.3935416228864144 -0.5
    endloop
  endfacet
  facet normal -0.3851472837395774 -0.5930748081389235 0.707052927141246
    outer loop
      vertex 0.7418869699264868 1.1872673346189964 -1.5900000000000003
      vertex 0.7828700648590454 1.1606526015770584 -1.59
      vertex 1.39239032964216 2.0643035556620535 -0.5
    endloop
  endfacet
  facet normal -0.2067537592364548 -0.6762610747799919 0.7070529271412461
    outer loop
      vertex 0.3858922981437988 1.3457663743136463 -1.5900000000000003
      vertex 0.4326237921249263 1.3314791228132148 -1.5900000000000003
      vertex 0.7694523159936191 2.3681307255749324 -0.5
    endloop
  endfacet
  facet normal -0.23022898158193877 -0.6686335126664972 0.7070529271412462
    outer loop
      vertex 0.4326237921249263 1.3314791228132148 -1.5900000000000003
      vertex 0.4788282006559361 1.3155696691002716 -1.5900000000000003
      vertex 0.8516301568809151 2.3398346257569123 -0.5
    endloop
  endfacet
  facet normal -0.27630967142484225 -0.6509447931261847 0.7070529271412462
    outer loop
      vertex 0.5244492307822767 1.2980573963935023 -1.5900000000000005
      vertex 0.5694313003061202 1.2789636406996412 -1.59
      vertex 1.0127742412587426 2.274728189530076 -0.5
    endloop
  endfacet
  facet normal -0.2534237053774223 -0.6601913236129154 0.7070529271412461
    outer loop
      vertex 0.4788282006559361 1.3155696691002716 -1.5900000000000003
      vertex 0.5244492307822767 1.2980573963935023 -1.5900000000000005
      vertex 0.932770417605621 2.308687797871301 -0.5
    endloop
  endfacet
  facet normal -0.29885899669985705 -0.6409051866793953 0.7070529271412462
    outer loop
      vertex 0.5694313003061202 1.2789636406996412 -1.59
      vertex 0.6137196055047084 1.2583116648188337 -1.5900000000000003
      vertex 1.0915441555048029 2.237997175284926 -0.5
    endloop
  endfacet
  facet normal -0.3428382770315781 -0.6184966240999336 0.7070529271412463
    outer loop
      vertex 0.6572601879002471 1.2361266300024976 -1.5900000000000005
      vertex 0.7 1.212435565298214 -1.5900000000000003
      vertex 1.245 2.1564032554232524 -0.5
    endloop
  endfacet
  facet normal -0.32104420832310193 -0.6300847359865087 0.7070529271412462
    outer loop
      vertex 0.6572601879002471 1.2361266300024976 -1.5900000000000005
      vertex 1.1689841913368684 2.1985395062187285 -0.5
      vertex 0.6137196055047084 1.2583116648188337 -1.5900000000000003
    endloop
  endfacet
  facet normal -0.3642146501096698 -0.6061549693489995 0.7070529271412461
    outer loop
      vertex 0.7 1.212435565298214 -1.5900000000000003
      vertex 0.7418869699264868 1.1872673346189964 -1.5900000000000003
      vertex 1.3194989679406803 2.111639759429501 -0.5
    endloop
  endfacet
  facet normal -0.2534237053774254 -0.660191323612914 0.7070529271412463
    outer loop
      vertex 0.4788282006559361 1.3155696691002716 -1.5900000000000003
      vertex 0.932770417605621 2.308687797871301 -0.5
      vertex 0.8516301568809151 2.3398346257569123 -0.5
    endloop
  endfacet
  facet normal -0.2763096714248398 -0.6509447931261855 0.7070529271412463
    outer loop
      vertex 0.5244492307822767 1.2980573963935023 -1.5900000000000005
      vertex 1.0127742412587426 2.274728189530076 -0.5
      vertex 0.932770417605621 2.308687797871301 -0.5
    endloop
  endfacet
  facet normal -0.2988589966998578 -0.6409051866793947 0.7070529271412465
    outer loop
      vertex 0.5694313003061202 1.2789636406996412 -1.59
      vertex 1.0915441555048029 2.237997175284926 -0.5
      vertex 1.0127742412587426 2.274728189530076 -0.5
    endloop
  endfacet
  facet normal -0.3210442083231021 -0.6300847359865088 0.7070529271412461
    outer loop
      vertex 0.6137196055047084 1.2583116648188337 -1.5900000000000003
      vertex 1.1689841913368684 2.1985395062187285 -0.5
      vertex 1.0915441555048029 2.237997175284926 -0.5
    endloop
  endfacet
  facet normal -0.593074808138924 -0.38514728373957674 0.707052927141246
    outer loop
      vertex 1.1872673346189964 0.7418869699264868 -1.5900000000000003
      vertex 2.0643035556620535 1.39239032964216 -0.5
      vertex 1.1606526015770582 0.7828700648590459 -1.59
    endloop
  endfacet
  facet normal -0.7018895630209021 -0.08618120179785381 0.7070529271412461
    outer loop
      vertex 1.3923306535155826 0.14633984857471488 -1.5900000000000007
      vertex 2.465767491166511 0.34654102139056303 -0.5
      vertex 1.3863752962381983 0.1948423413440916 -1.5900000000000007
    endloop
  endfacet
  facet normal -0.6984543102955685 -0.1106242950284316 0.7070529271412462
    outer loop
      vertex 1.3863752962381983 0.1948423413440916 -1.5900000000000007
      vertex 2.452171305000398 0.4323839623906565 -0.5
      vertex 1.378730854217091 0.24310744873370244 -1.5900000000000003
    endloop
  endfacet
  facet normal -0.6941680985817807 -0.13493260959586714 0.7070529271412461
    outer loop
      vertex 1.378730854217091 0.24310744873370244 -1.5900000000000003
      vertex 2.4355875258271764 0.5177001101362209 -0.5
      vertex 1.3694066410273278 0.29107636714486307 -1.5900000000000003
    endloop
  endfacet
  facet normal -0.6890361499682678 -0.15907652956329638 0.7070529271412462
    outer loop
      vertex 1.3694066410273278 0.29107636714486307 -1.5900000000000003
      vertex 2.4160363584272315 0.6023855200431727 -0.5
      vertex 1.358414016786395 0.3386906538395348 -1.5900000000000003
    endloop
  endfacet
  facet normal -0.6830647169439015 -0.1830266392833115 0.7070529271412461
    outer loop
      vertex 1.358414016786395 0.3386906538395348 -1.5900000000000003
      vertex 2.3935416228864144 0.686337015984328 -0.5
      vertex 1.3457663743136463 0.38589229814379883 -1.5900000000000003
    endloop
  endfacet
  facet normal -0.707052927141246 -0.012341654750938345 0.707052927141246
    outer loop
      vertex 1.4 0 -1.5900000000000003
      vertex 2.49 0 -0.5
      vertex 1.399147157826734 0.04885929538350137 -1.59
    endloop
  endfacet
  facet normal -0.7061914920626788 -0.03700992784758311 0.7070529271412461
    outer loop
      vertex 1.399147157826734 0.04885929538350137 -1.59
      vertex 2.4839344851469622 0.17369361962287203 -0.5
      vertex 1.3965896703637537 0.09765906324177542 -1.5900000000000003
    endloop
  endfacet
  facet normal -0.704469671431494 -0.061633110048079115 0.7070529271412461
    outer loop
      vertex 1.3965896703637537 0.09765906324177542 -1.5900000000000003
      vertex 2.4763595194670014 0.26027587353645726 -0.5
      vertex 1.3923306535155826 0.14633984857471488 -1.5900000000000007
    endloop
  endfacet
  facet normal -0.6509447931261859 -0.2763096714248393 0.7070529271412461
    outer loop
      vertex 1.2980573963935023 0.5244492307822768 -1.5900000000000003
      vertex 2.274728189530076 1.0127742412587426 -0.5
      vertex 1.2789636406996412 0.5694313003061203 -1.59
    endloop
  endfacet
  facet normal -0.6762610747799919 -0.2067537592364548 0.7070529271412461
    outer loop
      vertex 1.3457663743136463 0.38589229814379883 -1.5900000000000003
      vertex 2.3681307255749324 0.7694523159936191 -0.5
      vertex 1.3314791228132148 0.43262379212492635 -1.5900000000000003
    endloop
  endfacet
  facet normal -0.6686335126664972 -0.23022898158193877 0.7070529271412462
    outer loop
      vertex 1.3314791228132148 0.43262379212492635 -1.5900000000000003
      vertex 2.3398346257569123 0.8516301568809151 -0.5
      vertex 1.3155696691002716 0.4788282006559362 -1.5900000000000003
    endloop
  endfacet
  facet normal -0.6601913236129142 -0.25342370537742503 0.7070529271412461
    outer loop
      vertex 1.3155696691002716 0.4788282006559362 -1.5900000000000003
      vertex 2.308687797871301 0.932770417605621 -0.5
      vertex 1.2980573963935023 0.5244492307822768 -1.5900000000000003
    endloop
  endfacet
  facet normal -0.6184966240999348 -0.34283827703157593 0.707052927141246
    outer loop
      vertex 1.2361266300024978 0.6572601879002472 -1.5900000000000003
      vertex 2.1564032554232524 1.245 -0.5
      vertex 1.2124355652982142 0.7 -1.5900000000000003
    endloop
  endfacet
  facet normal -0.6409051866793933 -0.2988589966998612 0.7070529271412461
    outer loop
      vertex 1.2789636406996412 0.5694313003061203 -1.59
      vertex 2.2379971752849257 1.0915441555048027 -0.5
      vertex 1.2583116648188337 0.6137196055047083 -1.59
    endloop
  endfacet
  facet normal -0.6300847359865107 -0.3210442083230981 0.7070529271412462
    outer loop
      vertex 1.2361266300024978 0.6572601879002472 -1.5900000000000003
      vertex 1.2583116648188337 0.6137196055047083 -1.59
      vertex 2.1985395062187285 1.1689841913368684 -0.5
    endloop
  endfacet
  facet normal -0.606154969348998 -0.3642146501096722 0.707052927141246
    outer loop
      vertex 1.2124355652982142 0.7 -1.5900000000000003
      vertex 2.111639759429501 1.3194989679406801 -0.5
      vertex 1.1872673346189964 0.7418869699264868 -1.5900000000000003
    endloop
  endfacet
  facet normal -0.6601913236129139 -0.25342370537742537 0.7070529271412462
    outer loop
      vertex 1.3155696691002716 0.4788282006559362 -1.5900000000000003
      vertex 2.3398346257569123 0.8516301568809151 -0.5
      vertex 2.308687797871301 0.932770417605621 -0.5
    endloop
  endfacet
  facet normal -0.6509447931261857 -0.2763096714248399 0.7070529271412461
    outer loop
      vertex 1.2980573963935023 0.5244492307822768 -1.5900000000000003
      vertex 2.308687797871301 0.932770417605621 -0.5
      vertex 2.274728189530076 1.0127742412587426 -0.5
    endloop
  endfacet
  facet normal -0.640905186679393 -0.2988589966998611 0.7070529271412465
    outer loop
      vertex 1.2789636406996412 0.5694313003061203 -1.59
      vertex 2.274728189530076 1.0127742412587426 -0.5
      vertex 2.2379971752849257 1.0915441555048027 -0.5
    endloop
  endfacet
  facet normal -0.6300847359865105 -0.3210442083230988 0.7070529271412461
    outer loop
      vertex 1.2583116648188337 0.6137196055047083 -1.59
      vertex 2.2379971752849257 1.0915441555048027 -0.5
      vertex 2.1985395062187285 1.1689841913368684 -0.5
    endloop
  endfacet
  facet normal -0.4450306049181433 -0.5495670285844914 0.7070529271412461
    outer loop
      vertex 0.8999026535611551 1.0724622203665692 -1.59
      vertex 1.600541148119483 1.9074506633662554 -0.5
      vertex 0.8619260654559215 1.1032150550494106 -1.59
    endloop
  endfacet
  facet normal -0.4056106747316309 -0.579272076631307 0.7070529271412461
    outer loop
      vertex 0.7828700648590454 1.1606526015770584 -1.59
      vertex 0.8228993532094624 1.1326237921249263 -1.5900000000000003
      vertex 1.4635852782082583 2.014452315993619 -0.5
    endloop
  endfacet
  facet normal -0.4255798915960677 -0.5647635913283315 0.7070529271412461
    outer loop
      vertex 0.8228993532094624 1.1326237921249263 -1.5900000000000003
      vertex 0.8619260654559215 1.1032150550494106 -1.59
      vertex 1.5329970735608893 1.9621467764807377 -0.5
    endloop
  endfacet
  facet normal -0.46393911699984053 -0.5337009030706281 0.7070529271412462
    outer loop
      vertex 0.9367828489024015 1.040402755668352 -1.59
      vertex 1.6661352098335571 1.8504306154387116 -0.5
      vertex 0.8999026535611551 1.0724622203665692 -1.59
    endloop
  endfacet
  facet normal -0.482282390731813 -0.5171845452166977 0.7070529271412461
    outer loop
      vertex 0.9367828489024015 1.040402755668352 -1.59
      vertex 0.9725217186425961 1.0070757204741116 -1.5900000000000003
      vertex 1.7296993424429032 1.7911561028432417 -0.5
    endloop
  endfacet
  facet normal -0.5000380776605887 -0.5000380776605904 0.7070529271412461
    outer loop
      vertex 0.9725217186425961 1.0070757204741116 -1.5900000000000003
      vertex 1.0070757204741116 0.9725217186425962 -1.5900000000000003
      vertex 1.7296993424429032 1.7911561028432417 -0.5
    endloop
  endfacet
  facet normal -0.5495670285844885 -0.44503060491814667 0.7070529271412462
    outer loop
      vertex 1.072462220366569 0.899902653561155 -1.5900000000000003
      vertex 1.1032150550494106 0.8619260654559217 -1.5900000000000003
      vertex 1.9074506633662554 1.600541148119483 -0.5
    endloop
  endfacet
  facet normal -0.5171845452166994 -0.4822823907318114 0.7070529271412462
    outer loop
      vertex 1.0404027556683517 0.9367828489024016 -1.59
      vertex 1.7911561028432417 1.7296993424429035 -0.5
      vertex 1.0070757204741116 0.9725217186425962 -1.5900000000000003
    endloop
  endfacet
  facet normal -0.5337009030706273 -0.46393911699984125 0.7070529271412461
    outer loop
      vertex 1.0404027556683517 0.9367828489024016 -1.59
      vertex 1.072462220366569 0.899902653561155 -1.5900000000000003
      vertex 1.8504306154387116 1.6661352098335571 -0.5
    endloop
  endfacet
  facet normal -0.5792720766313064 -0.4056106747316318 0.7070529271412461
    outer loop
      vertex 1.1326237921249263 0.8228993532094624 -1.5900000000000003
      vertex 1.1606526015770582 0.7828700648590459 -1.59
      vertex 2.014452315993619 1.4635852782082583 -0.5
    endloop
  endfacet
  facet normal -0.5647635913283342 -0.4255798915960644 0.707052927141246
    outer loop
      vertex 1.1326237921249263 0.8228993532094624 -1.5900000000000003
      vertex 1.9621467764807377 1.5329970735608893 -0.5
      vertex 1.1032150550494106 0.8619260654559217 -1.5900000000000003
    endloop
  endfacet
  facet normal -0.4056106747316318 -0.5792720766313063 0.707052927141246
    outer loop
      vertex 0.7828700648590454 1.1606526015770584 -1.59
      vertex 1.4635852782082583 2.014452315993619 -0.5
      vertex 1.39239032964216 2.0643035556620535 -0.5
    endloop
  endfacet
  facet normal -0.3428382770315776 -0.6184966240999339 0.707052927141246
    outer loop
      vertex 0.6572601879002471 1.2361266300024976 -1.5900000000000005
      vertex 1.245 2.1564032554232524 -0.5
      vertex 1.1689841913368684 2.1985395062187285 -0.5
    endloop
  endfacet
  facet normal -0.36421465010967047 -0.606154969348999 0.707052927141246
    outer loop
      vertex 0.7 1.212435565298214 -1.5900000000000003
      vertex 1.3194989679406803 2.111639759429501 -0.5
      vertex 1.245 2.1564032554232524 -0.5
    endloop
  endfacet
  facet normal -0.3851472837395763 -0.5930748081389245 0.707052927141246
    outer loop
      vertex 0.7418869699264868 1.1872673346189964 -1.5900000000000003
      vertex 1.39239032964216 2.0643035556620535 -0.5
      vertex 1.3194989679406803 2.111639759429501 -0.5
    endloop
  endfacet
  facet normal -0.42557989159606613 -0.5647635913283324 0.7070529271412466
    outer loop
      vertex 0.8228993532094624 1.1326237921249263 -1.5900000000000003
      vertex 1.5329970735608893 1.9621467764807377 -0.5
      vertex 1.4635852782082583 2.014452315993619 -0.5
    endloop
  endfacet
  facet normal -0.44503060491814544 -0.5495670285844898 0.7070529271412461
    outer loop
      vertex 0.8619260654559215 1.1032150550494106 -1.59
      vertex 1.600541148119483 1.9074506633662554 -0.5
      vertex 1.5329970735608893 1.9621467764807377 -0.5
    endloop
  endfacet
  facet normal -0.46393911699984025 -0.5337009030706285 0.7070529271412461
    outer loop
      vertex 0.8999026535611551 1.0724622203665692 -1.59
      vertex 1.6661352098335571 1.8504306154387116 -0.5
      vertex 1.600541148119483 1.9074506633662554 -0.5
    endloop
  endfacet
  facet normal -0.48228239073181345 -0.5171845452166971 0.7070529271412462
    outer loop
      vertex 0.9367828489024015 1.040402755668352 -1.59
      vertex 1.7296993424429032 1.7911561028432417 -0.5
      vertex 1.6661352098335571 1.8504306154387116 -0.5
    endloop
  endfacet
  facet normal -0.579272076631307 -0.40561067473163165 0.7070529271412457
    outer loop
      vertex 1.1606526015770582 0.7828700648590459 -1.59
      vertex 2.0643035556620535 1.39239032964216 -0.5
      vertex 2.014452315993619 1.4635852782082583 -0.5
    endloop
  endfacet
  facet normal -0.5000380776605882 -0.5000380776605907 0.7070529271412461
    outer loop
      vertex 1.0070757204741116 0.9725217186425962 -1.5900000000000003
      vertex 1.7911561028432417 1.7296993424429035 -0.5
      vertex 1.7296993424429032 1.7911561028432417 -0.5
    endloop
  endfacet
  facet normal -0.5171845452166981 -0.4822823907318128 0.707052927141246
    outer loop
      vertex 1.0404027556683517 0.9367828489024016 -1.59
      vertex 1.8504306154387116 1.6661352098335571 -0.5
      vertex 1.7911561028432417 1.7296993424429035 -0.5
    endloop
  endfacet
  facet normal -0.5337009030706279 -0.46393911699984064 0.7070529271412462
    outer loop
      vertex 1.072462220366569 0.899902653561155 -1.5900000000000003
      vertex 1.9074506633662554 1.600541148119483 -0.5
      vertex 1.8504306154387116 1.6661352098335571 -0.5
    endloop
  endfacet
  facet normal -0.5495670285844905 -0.4450306049181445 0.707052927141246
    outer loop
      vertex 1.1032150550494106 0.8619260654559217 -1.5900000000000003
      vertex 1.9621467764807377 1.5329970735608893 -0.5
      vertex 1.9074506633662554 1.600541148119483 -0.5
    endloop
  endfacet
  facet normal -0.5647635913283324 -0.42557989159606613 0.7070529271412466
    outer loop
      vertex 1.1326237921249263 0.8228993532094624 -1.5900000000000003
      vertex 2.014452315993619 1.4635852782082583 -0.5
      vertex 1.9621467764807377 1.5329970735608893 -0.5
    endloop
  endfacet
  facet normal -0.6184966240999339 -0.3428382770315776 0.707052927141246
    outer loop
      vertex 1.2361266300024978 0.6572601879002472 -1.5900000000000003
      vertex 2.1985395062187285 1.1689841913368684 -0.5
      vertex 2.1564032554232524 1.245 -0.5
    endloop
  endfacet
  facet normal -0.6061549693489979 -0.36421465010967213 0.7070529271412463
    outer loop
      vertex 1.2124355652982142 0.7 -1.5900000000000003
      vertex 2.1564032554232524 1.245 -0.5
      vertex 2.111639759429501 1.3194989679406801 -0.5
    endloop
  endfacet
  facet normal -0.5930748081389249 -0.38514728373957546 0.7070529271412462
    outer loop
      vertex 1.1872673346189964 0.7418869699264868 -1.5900000000000003
      vertex 2.111639759429501 1.3194989679406801 -0.5
      vertex 2.0643035556620535 1.39239032964216 -0.5
    endloop
  endfacet
  facet normal -0.0370099278475804 -0.7061914920626786 0.7070529271412461
    outer loop
      vertex 0.04885929538350136 1.399147157826734 -1.59
      vertex 0.17369361962287203 2.4839344851469627 -0.5
      vertex 0.08689974678922742 2.4884831592775485 -0.5
    endloop
  endfacet
  facet normal -0.012341654750938761 -0.707052927141246 0.7070529271412461
    outer loop
      vertex 0.04885929538350136 1.399147157826734 -1.59
      vertex 0.08689974678922742 2.4884831592775485 -0.5
      vertex 0 2.49 -0.5
    endloop
  endfacet
  facet normal -0.06163311004808821 -0.7044696714314932 0.7070529271412461
    outer loop
      vertex 0.09765906324177533 1.3965896703637537 -1.5900000000000005
      vertex 0.2602758735364572 2.476359519467001 -0.5
      vertex 0.17369361962287203 2.4839344851469627 -0.5
    endloop
  endfacet
  facet normal -0.08618120179785524 -0.7018895630209022 0.7070529271412461
    outer loop
      vertex 0.14633984857471483 1.3923306535155826 -1.5900000000000003
      vertex 0.346541021390563 2.46576749116651 -0.5
      vertex 0.2602758735364572 2.476359519467001 -0.5
    endloop
  endfacet
  facet normal -0.11062429502842291 -0.6984543102955697 0.7070529271412462
    outer loop
      vertex 0.19484234134409162 1.3863752962381983 -1.59
      vertex 0.4323839623906566 2.452171305000398 -0.5
      vertex 0.346541021390563 2.46576749116651 -0.5
    endloop
  endfacet
  facet normal -0.13493260959586553 -0.6941680985817812 0.7070529271412462
    outer loop
      vertex 0.24310744873370244 1.378730854217091 -1.5900000000000005
      vertex 0.5177001101362209 2.4355875258271764 -0.5
      vertex 0.4323839623906566 2.452171305000398 -0.5
    endloop
  endfacet
  facet normal -0.15907652956329596 -0.689036149968268 0.707052927141246
    outer loop
      vertex 0.29107636714486307 1.3694066410273278 -1.5900000000000005
      vertex 0.6023855200431727 2.4160363584272315 -0.5
      vertex 0.5177001101362209 2.4355875258271764 -0.5
    endloop
  endfacet
  facet normal -0.18302663928331128 -0.6830647169439016 0.7070529271412461
    outer loop
      vertex 0.3386906538395347 1.358414016786395 -1.5900000000000005
      vertex 0.686337015984328 2.3935416228864144 -0.5
      vertex 0.6023855200431727 2.4160363584272315 -0.5
    endloop
  endfacet
  facet normal -0.2067537592364564 -0.6762610747799915 0.707052927141246
    outer loop
      vertex 0.3858922981437988 1.3457663743136463 -1.5900000000000003
      vertex 0.7694523159936191 2.3681307255749324 -0.5
      vertex 0.686337015984328 2.3935416228864144 -0.5
    endloop
  endfacet
  facet normal -0.23022898158193636 -0.6686335126664982 0.7070529271412461
    outer loop
      vertex 0.4326237921249263 1.3314791228132148 -1.5900000000000003
      vertex 0.8516301568809151 2.3398346257569123 -0.5
      vertex 0.7694523159936191 2.3681307255749324 -0.5
    endloop
  endfacet
  facet normal -0.7061914920626785 -0.03700992784758371 0.7070529271412461
    outer loop
      vertex 1.399147157826734 0.04885929538350137 -1.59
      vertex 2.4884831592775485 0.08689974678922743 -0.5
      vertex 2.4839344851469622 0.17369361962287203 -0.5
    endloop
  endfacet
  facet normal -0.7044696714314937 -0.06163311004807997 0.7070529271412463
    outer loop
      vertex 1.3965896703637537 0.09765906324177542 -1.5900000000000003
      vertex 2.4839344851469622 0.17369361962287203 -0.5
      vertex 2.4763595194670014 0.26027587353645726 -0.5
    endloop
  endfacet
  facet normal -0.7070529271412461 -0.012341654750938758 0.7070529271412461
    outer loop
      vertex 1.399147157826734 0.04885929538350137 -1.59
      vertex 2.49 0 -0.5
      vertex 2.4884831592775485 0.08689974678922743 -0.5
    endloop
  endfacet
  facet normal -0.7018895630209023 -0.08618120179785191 0.7070529271412461
    outer loop
      vertex 1.3923306535155826 0.14633984857471488 -1.5900000000000007
      vertex 2.4763595194670014 0.26027587353645726 -0.5
      vertex 2.465767491166511 0.34654102139056303 -0.5
    endloop
  endfacet
  facet normal -0.6984543102955685 -0.1106242950284311 0.7070529271412462
    outer loop
      vertex 1.3863752962381983 0.1948423413440916 -1.5900000000000007
      vertex 2.465767491166511 0.34654102139056303 -0.5
      vertex 2.452171305000398 0.4323839623906565 -0.5
    endloop
  endfacet
  facet normal -0.6941680985817812 -0.13493260959586545 0.7070529271412461
    outer loop
      vertex 1.378730854217091 0.24310744873370244 -1.5900000000000003
      vertex 2.452171305000398 0.4323839623906565 -0.5
      vertex 2.4355875258271764 0.5177001101362209 -0.5
    endloop
  endfacet
  facet normal -0.6890361499682679 -0.15907652956329602 0.7070529271412463
    outer loop
      vertex 1.3694066410273278 0.29107636714486307 -1.5900000000000003
      vertex 2.4355875258271764 0.5177001101362209 -0.5
      vertex 2.4160363584272315 0.6023855200431727 -0.5
    endloop
  endfacet
  facet normal -0.6830647169439018 -0.18302663928331125 0.707052927141246
    outer loop
      vertex 1.358414016786395 0.3386906538395348 -1.5900000000000003
      vertex 2.4160363584272315 0.6023855200431727 -0.5
      vertex 2.3935416228864144 0.686337015984328 -0.5
    endloop
  endfacet
  facet normal -0.6762610747799915 -0.2067537592364564 0.707052927141246
    outer loop
      vertex 1.3457663743136463 0.38589229814379883 -1.5900000000000003
      vertex 2.3935416228864144 0.686337015984328 -0.5
      vertex 2.3681307255749324 0.7694523159936191 -0.5
    endloop
  endfacet
  facet normal -0.6686335126664982 -0.23022898158193636 0.7070529271412461
    outer loop
      vertex 1.3314791228132148 0.43262379212492635 -1.5900000000000003
      vertex 2.3681307255749324 0.7694523159936191 -0.5
      vertex 2.3398346257569123 0.8516301568809151 -0.5
    endloop
  endfacet
  facet normal 0 0 1
    outer loop
      vertex -1.2583116648188337 -0.6137196055047084 -10.015
      vertex -1.219583185952872 -0.5429934185061932 -10.015
      vertex -1.2789636406996412 -0.5694313003061202 -10.015
    endloop
  endfacet
  facet normal 0 0 1
    outer loop
      vertex -1.2789636406996412 -0.5694313003061202 -10.015
      vertex -1.237790445846661 -0.5000998022102425 -10.015
      vertex -1.2980573963935023 -0.5244492307822768 -10.015
    endloop
  endfacet
  facet normal 0 0 1
    outer loop
      vertex -1.1606526015770584 -0.7828700648590453 -10.015
      vertex -1.1326237921249263 -0.8228993532094622 -10.015
      vertex -1.1067651593609806 -0.7465225261334467 -10.015
    endloop
  endfacet
  facet normal 0 0 1
    outer loop
      vertex -1.0724622203665692 -0.8999026535611548 -10.015
      vertex -1.040402755668352 -0.9367828489024015 -10.015
      vertex -1.0226693315638355 -0.8581214589315298 -10.015
    endloop
  endfacet
  facet normal 0 0 1
    outer loop
      vertex -1.0070757204741114 -0.9725217186425961 -10.015
      vertex -0.9920983420123213 -0.8932893594890756 -10.015
      vertex -1.040402755668352 -0.9367828489024015 -10.015
    endloop
  endfacet
  facet normal 0 0 1
    outer loop
      vertex -1.040402755668352 -0.9367828489024015 -10.015
      vertex -0.9920983420123213 -0.8932893594890756 -10.015
      vertex -1.0226693315638355 -0.8581214589315298 -10.015
    endloop
  endfacet
  facet normal 0 0 1
    outer loop
      vertex -1.1032150550494106 -0.8619260654559214 -10.015
      vertex -1.0800376874905548 -0.7846933118104514 -10.015
      vertex -1.1326237921249263 -0.8228993532094622 -10.015
    endloop
  endfacet
  facet normal 0 0 1
    outer loop
      vertex -1.1032150550494106 -0.8619260654559214 -10.015
      vertex -1.0724622203665692 -0.8999026535611548 -10.015
      vertex -1.0519943560649738 -0.8219080695597536 -10.015
    endloop
  endfacet
  facet normal 0 0 1
    outer loop
      vertex -1.1032150550494106 -0.8619260654559214 -10.015
      vertex -1.0519943560649738 -0.8219080695597536 -10.015
      vertex -1.0800376874905548 -0.7846933118104514 -10.015
    endloop
  endfacet
  facet normal 0 0 1
    outer loop
      vertex -1.1326237921249263 -0.8228993532094622 -10.015
      vertex -1.0800376874905548 -0.7846933118104514 -10.015
      vertex -1.1067651593609806 -0.7465225261334467 -10.015
    endloop
  endfacet
  facet normal 0 0 1
    outer loop
      vertex -1.0724622203665692 -0.8999026535611548 -10.015
      vertex -1.0226693315638355 -0.8581214589315298 -10.015
      vertex -1.0519943560649738 -0.8219080695597536 -10.015
    endloop
  endfacet
  facet normal 0 0 1
    outer loop
      vertex -1.212435565298214 -0.7000000000000001 -10.015
      vertex -1.1787350364666673 -0.6267445363191643 -10.015
      vertex -1.2361266300024976 -0.6572601879002472 -10.015
    endloop
  endfacet
  facet normal 0 0 1
    outer loop
      vertex -1.1606526015770584 -0.7828700648590453 -10.015
      vertex -1.1321442083688287 -0.7074422177513283 -10.015
      vertex -1.1872673346189964 -0.7418869699264866 -10.015
    endloop
  endfacet
  facet normal 0 0 1
    outer loop
      vertex -1.1872673346189964 -0.7418869699264866 -10.015
      vertex -1.1561439140522254 -0.6675 -10.015
      vertex -1.212435565298214 -0.7000000000000001 -10.015
    endloop
  endfacet
  facet normal 0 0 1
    outer loop
      vertex -1.1872673346189964 -0.7418869699264866 -10.015
      vertex -1.1321442083688287 -0.7074422177513283 -10.015
      vertex -1.1561439140522254 -0.6675 -10.015
    endloop
  endfacet
  facet normal 0 0 1
    outer loop
      vertex -1.1606526015770584 -0.7828700648590453 -10.015
      vertex -1.1067651593609806 -0.7465225261334467 -10.015
      vertex -1.1321442083688287 -0.7074422177513283 -10.015
    endloop
  endfacet
  facet normal 0 0 1
    outer loop
      vertex -1.212435565298214 -0.7000000000000001 -10.015
      vertex -1.1561439140522254 -0.6675 -10.015
      vertex -1.1787350364666673 -0.6267445363191643 -10.015
    endloop
  endfacet
  facet normal 0 0 1
    outer loop
      vertex -1.2583116648188337 -0.6137196055047084 -10.015
      vertex -1.2361266300024976 -0.6572601879002472 -10.015
      vertex -1.1998900518093878 -0.5852254809634183 -10.015
    endloop
  endfacet
  facet normal 0 0 1
    outer loop
      vertex -1.2583116648188337 -0.6137196055047084 -10.015
      vertex -1.1998900518093878 -0.5852254809634183 -10.015
      vertex -1.219583185952872 -0.5429934185061932 -10.015
    endloop
  endfacet
  facet normal 0 0 1
    outer loop
      vertex -1.2361266300024976 -0.6572601879002472 -10.015
      vertex -1.1787350364666673 -0.6267445363191643 -10.015
      vertex -1.1998900518093878 -0.5852254809634183 -10.015
    endloop
  endfacet
  facet normal 0 0 1
    outer loop
      vertex -1.2789636406996412 -0.5694313003061202 -10.015
      vertex -1.219583185952872 -0.5429934185061932 -10.015
      vertex -1.237790445846661 -0.5000998022102425 -10.015
    endloop
  endfacet
  facet normal 0 0 1
    outer loop
      vertex -1.331479122813215 -0.4326237921249262 -10.015
      vertex -1.2832843640776557 -0.36797587001569365 -10.015
      vertex -1.3457663743136463 -0.38589229814379855 -10.015
    endloop
  endfacet
  facet normal 0 0 1
    outer loop
      vertex -1.2980573963935023 -0.5244492307822768 -10.015
      vertex -1.2544896487491877 -0.45659689133976766 -10.015
      vertex -1.3155696691002716 -0.47882820065593606 -10.015
    endloop
  endfacet
  facet normal 0 0 1
    outer loop
      vertex -1.3155696691002716 -0.47882820065593606 -10.015
      vertex -1.26966044925403 -0.4125376874905546 -10.015
      vertex -1.331479122813215 -0.4326237921249262 -10.015
    endloop
  endfacet
  facet normal 0 0 1
    outer loop
      vertex -1.2980573963935023 -0.5244492307822768 -10.015
      vertex -1.237790445846661 -0.5000998022102425 -10.015
      vertex -1.2544896487491877 -0.45659689133976766 -10.015
    endloop
  endfacet
  facet normal 0 0 1
    outer loop
      vertex -1.3155696691002716 -0.47882820065593606 -10.015
      vertex -1.2544896487491877 -0.45659689133976766 -10.015
      vertex -1.26966044925403 -0.4125376874905546 -10.015
    endloop
  endfacet
  facet normal 0 0 1
    outer loop
      vertex -1.331479122813215 -0.4326237921249262 -10.015
      vertex -1.26966044925403 -0.4125376874905546 -10.015
      vertex -1.2832843640776557 -0.36797587001569365 -10.015
    endloop
  endfacet
  facet normal 0 0 1
    outer loop
      vertex -1.3457663743136463 -0.38589229814379855 -10.015
      vertex -1.2953447945784553 -0.3229657306255561 -10.015
      vertex -1.358414016786395 -0.3386906538395345 -10.015
    endloop
  endfacet
  facet normal 0 0 1
    outer loop
      vertex -1.358414016786395 -0.3386906538395345 -10.015
      vertex -1.2953447945784553 -0.3229657306255561 -10.015
      vertex -1.3058270469796305 -0.27756210724170893 -10.015
    endloop
  endfacet
  facet normal 0 0 1
    outer loop
      vertex -1.358414016786395 -0.3386906538395345 -10.015
      vertex -1.3058270469796305 -0.27756210724170893 -10.015
      vertex -1.3694066410273278 -0.2910763671448633 -10.015
    endloop
  endfacet
  facet normal 0 0 1
    outer loop
      vertex -1.3694066410273278 -0.2910763671448633 -10.015
      vertex -1.3147183502712976 -0.23182031718535215 -10.015
      vertex -1.378730854217091 -0.24310744873370263 -10.015
    endloop
  endfacet
  facet normal 0 0 1
    outer loop
      vertex -1.3694066410273278 -0.2910763671448633 -10.015
      vertex -1.3058270469796305 -0.27756210724170893 -10.015
      vertex -1.3147183502712976 -0.23182031718535215 -10.015
    endloop
  endfacet
  facet normal 0 0 1
    outer loop
      vertex -1.3457663743136463 -0.38589229814379855 -10.015
      vertex -1.2832843640776557 -0.36797587001569365 -10.015
      vertex -1.2953447945784553 -0.3229657306255561 -10.015
    endloop
  endfacet
  facet normal 0 0 1
    outer loop
      vertex -1.3965896703637537 -0.09765906324177538 -10.015
      vertex -1.3341867540704928 -0.046590828097838696 -10.015
      vertex -1.399147157826734 -0.048859295383501256 -10.015
    endloop
  endfacet
  facet normal 0 0 1
    outer loop
      vertex -1.399147157826734 -0.048859295383501256 -10.015
      vertex -1.335 0 -10.015
      vertex -1.4 0 -10.015
    endloop
  endfacet
  facet normal 0 0 1
    outer loop
      vertex -1.378730854217091 -0.24310744873370263 -10.015
      vertex -1.3220078717699963 -0.18579608978168746 -10.015
      vertex -1.3863752962381983 -0.19484234134409173 -10.015
    endloop
  endfacet
  facet normal 0 0 1
    outer loop
      vertex -1.378730854217091 -0.24310744873370263 -10.015
      vertex -1.3147183502712976 -0.23182031718535215 -10.015
      vertex -1.3220078717699963 -0.18579608978168746 -10.015
    endloop
  endfacet
  facet normal 0 0 1
    outer loop
      vertex -1.3863752962381983 -0.19484234134409173 -10.015
      vertex -1.3276867303166449 -0.1395454984623174 -10.015
      vertex -1.3923306535155826 -0.14633984857471488 -10.015
    endloop
  endfacet
  facet normal 0 0 1
    outer loop
      vertex -1.3863752962381983 -0.19484234134409173 -10.015
      vertex -1.3220078717699963 -0.18579608978168746 -10.015
      vertex -1.3276867303166449 -0.1395454984623174 -10.015
    endloop
  endfacet
  facet normal 0 0 1
    outer loop
      vertex -1.3923306535155826 -0.14633984857471488 -10.015
      vertex -1.3276867303166449 -0.1395454984623174 -10.015
      vertex -1.3317480070968652 -0.09312489244840724 -10.015
    endloop
  endfacet
  facet normal 0 0 1
    outer loop
      vertex -1.3923306535155826 -0.14633984857471488 -10.015
      vertex -1.3317480070968652 -0.09312489244840724 -10.015
      vertex -1.3965896703637537 -0.09765906324177538 -10.015
    endloop
  endfacet
  facet normal 0 0 1
    outer loop
      vertex -1.3965896703637537 -0.09765906324177538 -10.015
      vertex -1.3317480070968652 -0.09312489244840724 -10.015
      vertex -1.3341867540704928 -0.046590828097838696 -10.015
    endloop
  endfacet
  facet normal 0 0 1
    outer loop
      vertex -1.399147157826734 -0.048859295383501256 -10.015
      vertex -1.3341867540704928 -0.046590828097838696 -10.015
      vertex -1.335 0 -10.015
    endloop
  endfacet
  facet normal 0 0 1
    outer loop
      vertex -0.9725217186425961 -1.0070757204741116 -10.015
      vertex -0.9367828489024013 -1.040402755668352 -10.015
      vertex -0.9273689245627613 -0.9603186334520993 -10.015
    endloop
  endfacet
  facet normal 0 0 1
    outer loop
      vertex -0.8999026535611552 -1.072462220366569 -10.015
      vertex -0.8932893594890756 -0.9920983420123214 -10.015
      vertex -0.9367828489024013 -1.040402755668352 -10.015
    endloop
  endfacet
  facet normal 0 0 1
    outer loop
      vertex -0.8999026535611552 -1.072462220366569 -10.015
      vertex -0.8581214589315301 -1.0226693315638355 -10.015
      vertex -0.8932893594890756 -0.9920983420123214 -10.015
    endloop
  endfacet
  facet normal 0 0 1
    outer loop
      vertex -0.7828700648590452 -1.1606526015770584 -10.015
      vertex -0.741886969926487 -1.1872673346189964 -10.015
      vertex -0.7465225261334467 -1.1067651593609809 -10.015
    endloop
  endfacet
  facet normal 0 0 1
    outer loop
      vertex -0.8619260654559212 -1.1032150550494109 -10.015
      vertex -0.8581214589315301 -1.0226693315638355 -10.015
      vertex -0.8999026535611552 -1.072462220366569 -10.015
    endloop
  endfacet
  facet normal 0 0 1
    outer loop
      vertex -0.8619260654559212 -1.1032150550494109 -10.015
      vertex -0.8228993532094625 -1.1326237921249263 -10.015
      vertex -0.8219080695597535 -1.051994356064974 -10.015
    endloop
  endfacet
  facet normal 0 0 1
    outer loop
      vertex -0.8619260654559212 -1.1032150550494109 -10.015
      vertex -0.8219080695597535 -1.051994356064974 -10.015
      vertex -0.8581214589315301 -1.0226693315638355 -10.015
    endloop
  endfacet
  facet normal 0 0 1
    outer loop
      vertex -0.8228993532094625 -1.1326237921249263 -10.015
      vertex -0.7828700648590452 -1.1606526015770584 -10.015
      vertex -0.7846933118104518 -1.0800376874905546 -10.015
    endloop
  endfacet
  facet normal 0 0 1
    outer loop
      vertex -0.8228993532094625 -1.1326237921249263 -10.015
      vertex -0.7846933118104518 -1.0800376874905546 -10.015
      vertex -0.8219080695597535 -1.051994356064974 -10.015
    endloop
  endfacet
  facet normal 0 0 1
    outer loop
      vertex -0.7828700648590452 -1.1606526015770584 -10.015
      vertex -0.7465225261334467 -1.1067651593609809 -10.015
      vertex -0.7846933118104518 -1.0800376874905546 -10.015
    endloop
  endfacet
  facet normal 0 0 1
    outer loop
      vertex -0.5694313003061201 -1.2789636406996412 -10.015
      vertex -0.5244492307822772 -1.2980573963935023 -10.015
      vertex -0.5429934185061932 -1.2195831859528723 -10.015
    endloop
  endfacet
  facet normal 0 0 1
    outer loop
      vertex -0.5244492307822772 -1.2980573963935023 -10.015
      vertex -0.47882820065593595 -1.3155696691002716 -10.015
      vertex -0.500099802210243 -1.237790445846661 -10.015
    endloop
  endfacet
  facet normal 0 0 1
    outer loop
      vertex -0.5244492307822772 -1.2980573963935023 -10.015
      vertex -0.500099802210243 -1.237790445846661 -10.015
      vertex -0.5429934185061932 -1.2195831859528723 -10.015
    endloop
  endfacet
  facet normal 0 0 1
    outer loop
      vertex -0.741886969926487 -1.1872673346189964 -10.015
      vertex -0.7074422177513287 -1.1321442083688287 -10.015
      vertex -0.7465225261334467 -1.1067651593609809 -10.015
    endloop
  endfacet
  facet normal 0 0 1
    outer loop
      vertex -0.741886969926487 -1.1872673346189964 -10.015
      vertex -0.7000000000000006 -1.2124355652982137 -10.015
      vertex -0.7074422177513287 -1.1321442083688287 -10.015
    endloop
  endfacet
  facet normal 0 0 1
    outer loop
      vertex -0.7074422177513287 -1.1321442083688287 -10.015
      vertex -0.7000000000000006 -1.2124355652982137 -10.015
      vertex -0.6675000000000006 -1.1561439140522254 -10.015
    endloop
  endfacet
  facet normal 0 0 1
    outer loop
      vertex -0.7000000000000006 -1.2124355652982137 -10.015
      vertex -0.657260187900247 -1.2361266300024978 -10.015
      vertex -0.6675000000000006 -1.1561439140522254 -10.015
    endloop
  endfacet
  facet normal 0 0 1
    outer loop
      vertex -0.6137196055047088 -1.2583116648188335 -10.015
      vertex -0.6267445363191642 -1.1787350364666676 -10.015
      vertex -0.657260187900247 -1.2361266300024978 -10.015
    endloop
  endfacet
  facet normal 0 0 1
    outer loop
      vertex -0.657260187900247 -1.2361266300024978 -10.015
      vertex -0.6267445363191642 -1.1787350364666676 -10.015
      vertex -0.6675000000000006 -1.1561439140522254 -10.015
    endloop
  endfacet
  facet normal 0 0 1
    outer loop
      vertex -0.6137196055047088 -1.2583116648188335 -10.015
      vertex -0.5852254809634188 -1.1998900518093876 -10.015
      vertex -0.6267445363191642 -1.1787350364666676 -10.015
    endloop
  endfacet
  facet normal 0 0 1
    outer loop
      vertex -0.6137196055047088 -1.2583116648188335 -10.015
      vertex -0.5694313003061201 -1.2789636406996412 -10.015
      vertex -0.5852254809634188 -1.1998900518093876 -10.015
    endloop
  endfacet
  facet normal 0 0 1
    outer loop
      vertex -0.5694313003061201 -1.2789636406996412 -10.015
      vertex -0.5429934185061932 -1.2195831859528723 -10.015
      vertex -0.5852254809634188 -1.1998900518093876 -10.015
    endloop
  endfacet
  facet normal 0 0 1
    outer loop
      vertex -0.47882820065593595 -1.3155696691002716 -10.015
      vertex -0.4565968913397675 -1.2544896487491877 -10.015
      vertex -0.500099802210243 -1.237790445846661 -10.015
    endloop
  endfacet
  facet normal 0 0 1
    outer loop
      vertex -0.47882820065593595 -1.3155696691002716 -10.015
      vertex -0.4326237921249266 -1.3314791228132148 -10.015
      vertex -0.4565968913397675 -1.2544896487491877 -10.015
    endloop
  endfacet
  facet normal 0 0 1
    outer loop
      vertex -0.4326237921249266 -1.3314791228132148 -10.015
      vertex -0.38589229814379844 -1.3457663743136465 -10.015
      vertex -0.412537687490555 -1.26966044925403 -10.015
    endloop
  endfacet
  facet normal 0 0 1
    outer loop
      vertex -0.4326237921249266 -1.3314791228132148 -10.015
      vertex -0.412537687490555 -1.26966044925403 -10.015
      vertex -0.4565968913397675 -1.2544896487491877 -10.015
    endloop
  endfacet
  facet normal 0 0 1
    outer loop
      vertex -0.412537687490555 -1.26966044925403 -10.015
      vertex -0.38589229814379844 -1.3457663743136465 -10.015
      vertex -0.36797587001569354 -1.283284364077656 -10.015
    endloop
  endfacet
  facet normal 0 0 1
    outer loop
      vertex -0.38589229814379844 -1.3457663743136465 -10.015
      vertex -0.3386906538395349 -1.358414016786395 -10.015
      vertex -0.36797587001569354 -1.283284364077656 -10.015
    endloop
  endfacet
  facet normal 0 0 1
    outer loop
      vertex -0.3386906538395349 -1.358414016786395 -10.015
      vertex -0.2910763671448637 -1.3694066410273278 -10.015
      vertex -0.3229657306255565 -1.2953447945784553 -10.015
    endloop
  endfacet
  facet normal 0 0 1
    outer loop
      vertex -0.3386906538395349 -1.358414016786395 -10.015
      vertex -0.3229657306255565 -1.2953447945784553 -10.015
      vertex -0.36797587001569354 -1.283284364077656 -10.015
    endloop
  endfacet
  facet normal 0 0 1
    outer loop
      vertex -0.3229657306255565 -1.2953447945784553 -10.015
      vertex -0.2910763671448637 -1.3694066410273278 -10.015
      vertex -0.2775621072417093 -1.3058270469796305 -10.015
    endloop
  endfacet
  facet normal 0 0 1
    outer loop
      vertex -0.2910763671448637 -1.3694066410273278 -10.015
      vertex -0.24310744873370244 -1.378730854217091 -10.015
      vertex -0.2775621072417093 -1.3058270469796305 -10.015
    endloop
  endfacet
  facet normal 0 0 1
    outer loop
      vertex -0.24310744873370244 -1.378730854217091 -10.015
      vertex -0.23182031718535198 -1.3147183502712976 -10.015
      vertex -0.2775621072417093 -1.3058270469796305 -10.015
    endloop
  endfacet
  facet normal 0 0 1
    outer loop
      vertex -0.24310744873370244 -1.378730854217091 -10.015
      vertex -0.19484234134409215 -1.3863752962381983 -10.015
      vertex -0.23182031718535198 -1.3147183502712976 -10.015
    endloop
  endfacet
  facet normal 0 0 1
    outer loop
      vertex -0.19484234134409215 -1.3863752962381983 -10.015
      vertex -0.18579608978168788 -1.3220078717699963 -10.015
      vertex -0.23182031718535198 -1.3147183502712976 -10.015
    endloop
  endfacet
  facet normal 0 0 1
    outer loop
      vertex -0.19484234134409215 -1.3863752962381983 -10.015
      vertex -0.1463398485747147 -1.3923306535155826 -10.015
      vertex -0.18579608978168788 -1.3220078717699963 -10.015
    endloop
  endfacet
  facet normal 0 0 1
    outer loop
      vertex -0.18579608978168788 -1.3220078717699963 -10.015
      vertex -0.1463398485747147 -1.3923306535155826 -10.015
      vertex -0.13954549846231723 -1.3276867303166449 -10.015
    endloop
  endfacet
  facet normal 0 0 1
    outer loop
      vertex -0.1463398485747147 -1.3923306535155826 -10.015
      vertex -0.09765906324177581 -1.3965896703637537 -10.015
      vertex -0.13954549846231723 -1.3276867303166449 -10.015
    endloop
  endfacet
  facet normal 0 0 1
    outer loop
      vertex -0.09765906324177581 -1.3965896703637537 -10.015
      vertex -0.04885929538350106 -1.399147157826734 -10.015
      vertex -0.09312489244840766 -1.3317480070968652 -10.015
    endloop
  endfacet
  facet normal 0 0 1
    outer loop
      vertex -0.04885929538350106 -1.399147157826734 -10.015
      vertex 0 -1.4 -10.015
      vertex -0.046590828097838516 -1.3341867540704928 -10.015
    endloop
  endfacet
  facet normal 0 0 1
    outer loop
      vertex -0.09765906324177581 -1.3965896703637537 -10.015
      vertex -0.09312489244840766 -1.3317480070968652 -10.015
      vertex -0.13954549846231723 -1.3276867303166449 -10.015
    endloop
  endfacet
  facet normal 0 0 1
    outer loop
      vertex -0.09312489244840766 -1.3317480070968652 -10.015
      vertex -0.04885929538350106 -1.399147157826734 -10.015
      vertex -0.046590828097838516 -1.3341867540704928 -10.015
    endloop
  endfacet
  facet normal 0 0 1
    outer loop
      vertex -0.046590828097838516 -1.3341867540704928 -10.015
      vertex 0 -1.4 -10.015
      vertex 0 -1.335 -10.015
    endloop
  endfacet
  facet normal 0 0 1
    outer loop
      vertex -1.0070757204741114 -0.9725217186425961 -10.015
      vertex -0.9725217186425961 -1.0070757204741116 -10.015
      vertex -0.9603186334520991 -0.9273689245627612 -10.015
    endloop
  endfacet
  facet normal 0 0 1
    outer loop
      vertex -0.9725217186425961 -1.0070757204741116 -10.015
      vertex -0.9273689245627613 -0.9603186334520993 -10.015
      vertex -0.9603186334520991 -0.9273689245627612 -10.015
    endloop
  endfacet
  facet normal 0 0 1
    outer loop
      vertex -1.0070757204741114 -0.9725217186425961 -10.015
      vertex -0.9603186334520991 -0.9273689245627612 -10.015
      vertex -0.9920983420123213 -0.8932893594890756 -10.015
    endloop
  endfacet
  facet normal 0 0 1
    outer loop
      vertex -0.9367828489024013 -1.040402755668352 -10.015
      vertex -0.8932893594890756 -0.9920983420123214 -10.015
      vertex -0.9273689245627613 -0.9603186334520993 -10.015
    endloop
  endfacet
  facet normal 0.9063077870366503 0.42261826174069894 0
    outer loop
      vertex -1.2583116648188337 -0.6137196055047084 -10.015
      vertex -1.2789636406996412 -0.5694313003061202 -10.015
      vertex -1.2583116648188337 -0.6137196055047084 -1.59
    endloop
  endfacet
  facet normal 0.9205048534524406 0.39073112848927327 5.148945938119425e-18
    outer loop
      vertex -1.2789636406996412 -0.5694313003061202 -10.015
      vertex -1.2980573963935023 -0.5244492307822768 -10.015
      vertex -1.2789636406996412 -0.5694313003061203 -1.59
    endloop
  endfacet
  facet normal 0.9335804264972021 0.35836794954529927 0
    outer loop
      vertex -1.2980573963935023 -0.5244492307822768 -10.015
      vertex -1.3155696691002716 -0.47882820065593606 -10.015
      vertex -1.2980573963935023 -0.5244492307822768 -1.5900000000000003
    endloop
  endfacet
  facet normal 0.8386705679454248 0.544639035015026 6.604871666662313e-18
    outer loop
      vertex -1.1606526015770584 -0.7828700648590453 -10.015
      vertex -1.1872673346189964 -0.7418869699264866 -10.015
      vertex -1.1606526015770582 -0.7828700648590458 -1.5900000000000003
    endloop
  endfacet
  facet normal 0.8191520442889904 0.5735764363510482 7.900385233238422e-18
    outer loop
      vertex -1.1606526015770584 -0.7828700648590453 -10.015
      vertex -1.1326237921249263 -0.8228993532094623 -1.5900000000000005
      vertex -1.1326237921249263 -0.8228993532094622 -10.015
    endloop
  endfacet
  facet normal 0.7771459614569713 0.6293203910498368 -1.211392402429897e-17
    outer loop
      vertex -1.1032150550494106 -0.8619260654559214 -10.015
      vertex -1.072462220366569 -0.899902653561155 -1.5900000000000003
      vertex -1.0724622203665692 -0.8999026535611548 -10.015
    endloop
  endfacet
  facet normal 0.7313537016191675 0.6819983600625018 0
    outer loop
      vertex -1.0070757204741114 -0.9725217186425961 -10.015
      vertex -1.040402755668352 -0.9367828489024015 -10.015
      vertex -1.0070757204741114 -0.9725217186425961 -1.5900000000000007
    endloop
  endfacet
  facet normal 0.754709580222774 0.6560590289905049 -1.1587231675416348e-17
    outer loop
      vertex -1.0724622203665692 -0.8999026535611548 -10.015
      vertex -1.0404027556683517 -0.9367828489024016 -1.59
      vertex -1.040402755668352 -0.9367828489024015 -10.015
    endloop
  endfacet
  facet normal 0.7986355100472937 0.6018150231520472 7.93055068568219e-18
    outer loop
      vertex -1.1032150550494106 -0.8619260654559214 -10.015
      vertex -1.1326237921249263 -0.8228993532094622 -10.015
      vertex -1.1032150550494106 -0.8619260654559215 -1.5900000000000005
    endloop
  endfacet
  facet normal 0.8571673007021117 0.5150380749100553 6.787028241231566e-18
    outer loop
      vertex -1.1872673346189964 -0.7418869699264866 -10.015
      vertex -1.212435565298214 -0.7000000000000001 -10.015
      vertex -1.1872673346189964 -0.7418869699264867 -1.5900000000000003
    endloop
  endfacet
  facet normal 0.8746197071393955 0.4848096202463375 0
    outer loop
      vertex -1.212435565298214 -0.7000000000000001 -10.015
      vertex -1.2361266300024976 -0.6572601879002472 -10.015
      vertex -1.212435565298214 -0.7000000000000001 -1.5900000000000003
    endloop
  endfacet
  facet normal 0.8910065241883677 0.45399049973954725 0
    outer loop
      vertex -1.2583116648188337 -0.6137196055047084 -10.015
      vertex -1.2361266300024976 -0.6572601879002472 -1.5900000000000005
      vertex -1.2361266300024976 -0.6572601879002472 -10.015
    endloop
  endfacet
  facet normal 0.9455185755993162 0.3255681544571587 2.145123211650189e-18
    outer loop
      vertex -1.3155696691002716 -0.47882820065593606 -10.015
      vertex -1.331479122813215 -0.4326237921249262 -10.015
      vertex -1.3155696691002716 -0.4788282006559361 -1.5900000000000003
    endloop
  endfacet
  facet normal 0.9563047559630362 0.2923717047227343 7.705585717082189e-18
    outer loop
      vertex -1.331479122813215 -0.4326237921249262 -10.015
      vertex -1.3457663743136463 -0.38589229814379855 -10.015
      vertex -1.331479122813215 -0.4326237921249264 -1.59
    endloop
  endfacet
  facet normal 0.9659258262890684 0.25881904510252035 6.821290518322016e-18
    outer loop
      vertex -1.3457663743136463 -0.38589229814379855 -10.015
      vertex -1.358414016786395 -0.3386906538395345 -10.015
      vertex -1.3457663743136463 -0.3858922981437988 -1.5900000000000003
    endloop
  endfacet
  facet normal 0.9743700647852347 0.22495105434386745 7.410855784755681e-18
    outer loop
      vertex -1.358414016786395 -0.3386906538395345 -10.015
      vertex -1.3694066410273278 -0.2910763671448633 -10.015
      vertex -1.358414016786395 -0.3386906538395348 -1.5900000000000003
    endloop
  endfacet
  facet normal 0.9816271834476645 0.19080899537654247 0
    outer loop
      vertex -1.3694066410273278 -0.2910763671448633 -10.015
      vertex -1.378730854217091 -0.24310744873370263 -10.015
      vertex -1.3694066410273278 -0.2910763671448633 -1.5900000000000003
    endloop
  endfacet
  facet normal 0.9876883405951374 0.15643446504023273 0
    outer loop
      vertex -1.378730854217091 -0.24310744873370263 -10.015
      vertex -1.3863752962381983 -0.19484234134409173 -10.015
      vertex -1.378730854217091 -0.24310744873370263 -1.5900000000000003
    endloop
  endfacet
  facet normal 0.9925461516413219 0.12186934340514818 0
    outer loop
      vertex -1.3863752962381983 -0.19484234134409173 -10.015
      vertex -1.3923306535155826 -0.14633984857471488 -10.015
      vertex -1.3863752962381983 -0.19484234134409173 -1.5900000000000007
    endloop
  endfacet
  facet normal 0.9961946980917459 0.08715574274765436 0
    outer loop
      vertex -1.3923306535155826 -0.14633984857471488 -10.015
      vertex -1.3965896703637537 -0.09765906324177538 -10.015
      vertex -1.3923306535155826 -0.14633984857471488 -1.5900000000000007
    endloop
  endfacet
  facet normal 0.9986295347545736 0.052335956242949275 2.586257431900459e-19
    outer loop
      vertex -1.3965896703637537 -0.09765906324177538 -10.015
      vertex -1.399147157826734 -0.048859295383501256 -10.015
      vertex -1.3965896703637537 -0.09765906324177542 -1.5900000000000003
    endloop
  endfacet
  facet normal 0.9998476951563913 0.017452406437281267 2.29982949101317e-19
    outer loop
      vertex -1.399147157826734 -0.048859295383501256 -10.015
      vertex -1.4 0 -10.015
      vertex -1.399147157826734 -0.04885929538350137 -1.59
    endloop
  endfacet
  facet normal 0.8910065241883677 0.45399049973954725 0
    outer loop
      vertex -1.2583116648188337 -0.6137196055047084 -10.015
      vertex -1.2583116648188337 -0.6137196055047084 -1.59
      vertex -1.2361266300024976 -0.6572601879002472 -1.5900000000000005
    endloop
  endfacet
  facet normal 0.9063077870366498 0.42261826174069983 5.569145695093006e-18
    outer loop
      vertex -1.2789636406996412 -0.5694313003061202 -10.015
      vertex -1.2789636406996412 -0.5694313003061203 -1.59
      vertex -1.2583116648188337 -0.6137196055047084 -1.59
    endloop
  endfacet
  facet normal 0.9205048534524409 0.3907311284892724 0
    outer loop
      vertex -1.2980573963935023 -0.5244492307822768 -10.015
      vertex -1.2980573963935023 -0.5244492307822768 -1.5900000000000003
      vertex -1.2789636406996412 -0.5694313003061203 -1.59
    endloop
  endfacet
  facet normal 0.8386705679454248 0.5446390350150261 7.177101445499213e-18
    outer loop
      vertex -1.1872673346189964 -0.7418869699264866 -10.015
      vertex -1.1872673346189964 -0.7418869699264867 -1.5900000000000003
      vertex -1.1606526015770582 -0.7828700648590458 -1.5900000000000003
    endloop
  endfacet
  facet normal 0.8191520442889902 0.5735764363510483 8.644607045705777e-18
    outer loop
      vertex -1.1606526015770584 -0.7828700648590453 -10.015
      vertex -1.1606526015770582 -0.7828700648590458 -1.5900000000000003
      vertex -1.1326237921249263 -0.8228993532094623 -1.5900000000000005
    endloop
  endfacet
  facet normal 0.7313537016191687 0.6819983600625005 -1.0287966234621832e-17
    outer loop
      vertex -1.040402755668352 -0.9367828489024015 -10.015
      vertex -1.0404027556683517 -0.9367828489024016 -1.59
      vertex -1.0070757204741114 -0.9725217186425961 -1.5900000000000007
    endloop
  endfacet
  facet normal 0.754709580222774 0.6560590289905049 -1.1245342032504916e-17
    outer loop
      vertex -1.0724622203665692 -0.8999026535611548 -10.015
      vertex -1.072462220366569 -0.899902653561155 -1.5900000000000003
      vertex -1.0404027556683517 -0.9367828489024016 -1.59
    endloop
  endfacet
  facet normal 0.7986355100472936 0.6018150231520472 7.93055068568219e-18
    outer loop
      vertex -1.1326237921249263 -0.8228993532094622 -10.015
      vertex -1.1326237921249263 -0.8228993532094623 -1.5900000000000005
      vertex -1.1032150550494106 -0.8619260654559215 -1.5900000000000005
    endloop
  endfacet
  facet normal 0.7771459614569691 0.6293203910498397 8.293008759758328e-18
    outer loop
      vertex -1.1032150550494106 -0.8619260654559214 -10.015
      vertex -1.1032150550494106 -0.8619260654559215 -1.5900000000000005
      vertex -1.072462220366569 -0.899902653561155 -1.5900000000000003
    endloop
  endfacet
  facet normal 0.8571673007021122 0.5150380749100542 0
    outer loop
      vertex -1.212435565298214 -0.7000000000000001 -10.015
      vertex -1.212435565298214 -0.7000000000000001 -1.5900000000000003
      vertex -1.1872673346189964 -0.7418869699264867 -1.5900000000000003
    endloop
  endfacet
  facet normal 0.8746197071393955 0.4848096202463375 0
    outer loop
      vertex -1.2361266300024976 -0.6572601879002472 -10.015
      vertex -1.2361266300024976 -0.6572601879002472 -1.5900000000000005
      vertex -1.212435565298214 -0.7000000000000001 -1.5900000000000003
    endloop
  endfacet
  facet normal 0.9816271834476645 0.19080899537654247 0
    outer loop
      vertex -1.378730854217091 -0.24310744873370263 -10.015
      vertex -1.378730854217091 -0.24310744873370263 -1.5900000000000003
      vertex -1.3694066410273278 -0.2910763671448633 -1.5900000000000003
    endloop
  endfacet
  facet normal 0.9455185755993157 0.32556815445715975 8.580492846600783e-18
    outer loop
      vertex -1.331479122813215 -0.4326237921249262 -10.015
      vertex -1.331479122813215 -0.4326237921249264 -1.59
      vertex -1.3155696691002716 -0.4788282006559361 -1.5900000000000003
    endloop
  endfacet
  facet normal 0.9563047559630362 0.2923717047227343 7.705585717082189e-18
    outer loop
      vertex -1.3457663743136463 -0.38589229814379855 -10.015
      vertex -1.3457663743136463 -0.3858922981437988 -1.5900000000000003
      vertex -1.331479122813215 -0.4326237921249264 -1.59
    endloop
  endfacet
  facet normal 0.9335804264972021 0.35836794954529966 2.3612364918272883e-18
    outer loop
      vertex -1.3155696691002716 -0.47882820065593606 -10.015
      vertex -1.3155696691002716 -0.4788282006559361 -1.5900000000000003
      vertex -1.2980573963935023 -0.5244492307822768 -1.5900000000000003
    endloop
  endfacet
  facet normal 0.9659258262890682 0.25881904510252063 8.526613147902528e-18
    outer loop
      vertex -1.358414016786395 -0.3386906538395345 -10.015
      vertex -1.358414016786395 -0.3386906538395348 -1.5900000000000003
      vertex -1.3457663743136463 -0.3858922981437988 -1.5900000000000003
    endloop
  endfacet
  facet normal 0.974370064785235 0.2249510543438662 0
    outer loop
      vertex -1.3694066410273278 -0.2910763671448633 -10.015
      vertex -1.3694066410273278 -0.2910763671448633 -1.5900000000000003
      vertex -1.358414016786395 -0.3386906538395348 -1.5900000000000003
    endloop
  endfacet
  facet normal 0.9876883405951374 0.15643446504023273 0
    outer loop
      vertex -1.3863752962381983 -0.19484234134409173 -10.015
      vertex -1.3863752962381983 -0.19484234134409173 -1.5900000000000007
      vertex -1.378730854217091 -0.24310744873370263 -1.5900000000000003
    endloop
  endfacet
  facet normal 0.9925461516413219 0.12186934340514818 0
    outer loop
      vertex -1.3923306535155826 -0.14633984857471488 -10.015
      vertex -1.3923306535155826 -0.14633984857471488 -1.5900000000000007
      vertex -1.3863752962381983 -0.19484234134409173 -1.5900000000000007
    endloop
  endfacet
  facet normal 0.9961946980917459 0.08715574274765443 4.3069278483717934e-19
    outer loop
      vertex -1.3965896703637537 -0.09765906324177538 -10.015
      vertex -1.3965896703637537 -0.09765906324177542 -1.5900000000000003
      vertex -1.3923306535155826 -0.14633984857471488 -1.5900000000000007
    endloop
  endfacet
  facet normal 0.9986295347545736 0.05233595624294936 6.896686485067902e-19
    outer loop
      vertex -1.399147157826734 -0.048859295383501256 -10.015
      vertex -1.399147157826734 -0.04885929538350137 -1.59
      vertex -1.3965896703637537 -0.09765906324177542 -1.5900000000000003
    endloop
  endfacet
  facet normal 0.9998476951563913 0.017452406437281225 0
    outer loop
      vertex -1.399147157826734 -0.04885929538350137 -1.59
      vertex -1.4 0 -10.015
      vertex -1.4 0 -1.5900000000000003
    endloop
  endfacet
  facet normal 0.6819983600624971 0.7313537016191719 0
    outer loop
      vertex -0.9725217186425961 -1.0070757204741116 -10.015
      vertex -0.9367828489024013 -1.040402755668352 -1.5900000000000003
      vertex -0.9367828489024013 -1.040402755668352 -10.015
    endloop
  endfacet
  facet normal 0.656059028990508 0.7547095802227713 2.599978952404092e-18
    outer loop
      vertex -0.8999026535611552 -1.072462220366569 -10.015
      vertex -0.9367828489024013 -1.040402755668352 -10.015
      vertex -0.899902653561155 -1.0724622203665692 -1.5900000000000003
    endloop
  endfacet
  facet normal 0.5735764363510438 0.8191520442889934 0
    outer loop
      vertex -0.8228993532094625 -1.1326237921249263 -10.015
      vertex -0.7828700648590452 -1.1606526015770584 -1.5900000000000003
      vertex -0.7828700648590452 -1.1606526015770584 -10.015
    endloop
  endfacet
  facet normal 0.5446390350150301 0.838670567945422 0
    outer loop
      vertex -0.7828700648590452 -1.1606526015770584 -10.015
      vertex -0.741886969926487 -1.1872673346189964 -1.59
      vertex -0.741886969926487 -1.1872673346189964 -10.015
    endloop
  endfacet
  facet normal 0.6293203910498367 0.7771459614569713 0
    outer loop
      vertex -0.8619260654559212 -1.1032150550494109 -10.015
      vertex -0.8999026535611552 -1.072462220366569 -10.015
      vertex -0.8619260654559212 -1.1032150550494109 -1.5900000000000003
    endloop
  endfacet
  facet normal 0.6018150231520498 0.7986355100472917 -7.900385233238534e-18
    outer loop
      vertex -0.8619260654559212 -1.1032150550494109 -10.015
      vertex -0.8228993532094624 -1.1326237921249263 -1.5900000000000003
      vertex -0.8228993532094625 -1.1326237921249263 -10.015
    endloop
  endfacet
  facet normal 0.4539904997395455 0.8910065241883686 -4.4736981124489e-19
    outer loop
      vertex -0.6137196055047088 -1.2583116648188335 -10.015
      vertex -0.657260187900247 -1.2361266300024978 -10.015
      vertex -0.6137196055047084 -1.2583116648188337 -1.5900000000000003
    endloop
  endfacet
  facet normal 0.42261826174069833 0.9063077870366505 0
    outer loop
      vertex -0.6137196055047088 -1.2583116648188335 -10.015
      vertex -0.5694313003061201 -1.2789636406996412 -1.5900000000000003
      vertex -0.5694313003061201 -1.2789636406996412 -10.015
    endloop
  endfacet
  facet normal 0.3907311284892773 0.9205048534524388 3.686846442177981e-18
    outer loop
      vertex -0.5694313003061201 -1.2789636406996412 -10.015
      vertex -0.5244492307822768 -1.2980573963935025 -1.5900000000000003
      vertex -0.5244492307822772 -1.2980573963935023 -10.015
    endloop
  endfacet
  facet normal 0.5150380749100539 0.8571673007021124 -1.1060539326533982e-17
    outer loop
      vertex -0.741886969926487 -1.1872673346189964 -10.015
      vertex -0.7000000000000001 -1.212435565298214 -1.59
      vertex -0.7000000000000006 -1.2124355652982137 -10.015
    endloop
  endfacet
  facet normal 0.4848096202463377 0.8746197071393954 0
    outer loop
      vertex -0.7000000000000006 -1.2124355652982137 -10.015
      vertex -0.657260187900247 -1.2361266300024978 -1.5900000000000003
      vertex -0.657260187900247 -1.2361266300024978 -10.015
    endloop
  endfacet
  facet normal 0.32556815445715775 0.9455185755993164 -8.690423756562369e-18
    outer loop
      vertex -0.47882820065593595 -1.3155696691002716 -10.015
      vertex -0.43262379212492635 -1.3314791228132148 -1.5900000000000003
      vertex -0.4326237921249266 -1.3314791228132148 -10.015
    endloop
  endfacet
  facet normal 0.35836794954529555 0.9335804264972036 0
    outer loop
      vertex -0.5244492307822772 -1.2980573963935023 -10.015
      vertex -0.47882820065593595 -1.3155696691002716 -1.5900000000000005
      vertex -0.47882820065593595 -1.3155696691002716 -10.015
    endloop
  endfacet
  facet normal 0.29237170472273977 0.9563047559630345 0
    outer loop
      vertex -0.4326237921249266 -1.3314791228132148 -10.015
      vertex -0.38589229814379844 -1.3457663743136465 -1.5900000000000003
      vertex -0.38589229814379844 -1.3457663743136465 -10.015
    endloop
  endfacet
  facet normal 0.19080899537654022 0.9816271834476649 0
    outer loop
      vertex -0.2910763671448637 -1.3694066410273278 -10.015
      vertex -0.24310744873370244 -1.378730854217091 -1.5900000000000003
      vertex -0.24310744873370244 -1.378730854217091 -10.015
    endloop
  endfacet
  facet normal 0.2588190451025187 0.965925826289069 -3.423500267736697e-18
    outer loop
      vertex -0.38589229814379844 -1.3457663743136465 -10.015
      vertex -0.3386906538395348 -1.358414016786395 -1.5900000000000003
      vertex -0.3386906538395349 -1.358414016786395 -10.015
    endloop
  endfacet
  facet normal 0.22495105434386745 0.9743700647852347 9.480462279886231e-18
    outer loop
      vertex -0.3386906538395349 -1.358414016786395 -10.015
      vertex -0.29107636714486307 -1.369406641027328 -1.5900000000000003
      vertex -0.2910763671448637 -1.3694066410273278 -10.015
    endloop
  endfacet
  facet normal 0.15643446504023467 0.9876883405951371 -9.743808454327524e-18
    outer loop
      vertex -0.24310744873370244 -1.378730854217091 -10.015
      vertex -0.19484234134409162 -1.3863752962381983 -1.59
      vertex -0.19484234134409215 -1.3863752962381983 -10.015
    endloop
  endfacet
  facet normal 0.12186934340514667 0.9925461516413221 0
    outer loop
      vertex -0.19484234134409215 -1.3863752962381983 -10.015
      vertex -0.1463398485747147 -1.3923306535155826 -1.5900000000000003
      vertex -0.1463398485747147 -1.3923306535155826 -10.015
    endloop
  endfacet
  facet normal 0.08715574274765549 0.9961946980917458 -4.147702247450232e-18
    outer loop
      vertex -0.1463398485747147 -1.3923306535155826 -10.015
      vertex -0.09765906324177541 -1.3965896703637537 -1.5900000000000005
      vertex -0.09765906324177581 -1.3965896703637537 -10.015
    endloop
  endfacet
  facet normal 0.05233595624294861 0.9986295347545736 0
    outer loop
      vertex -0.09765906324177581 -1.3965896703637537 -10.015
      vertex -0.04885929538350106 -1.399147157826734 -1.5900000000000003
      vertex -0.04885929538350106 -1.399147157826734 -10.015
    endloop
  endfacet
  facet normal 0.017452406437281336 0.9998476951563913 0
    outer loop
      vertex -0.04885929538350106 -1.399147157826734 -10.015
      vertex 0 -1.4 -1.5900000000000003
      vertex 0 -1.4 -10.015
    endloop
  endfacet
  facet normal 0.6819983600624971 0.7313537016191719 0
    outer loop
      vertex -0.9725217186425961 -1.0070757204741116 -10.015
      vertex -0.9725217186425961 -1.0070757204741116 -1.5900000000000003
      vertex -0.9367828489024013 -1.040402755668352 -1.5900000000000003
    endloop
  endfacet
  facet normal 0.6293203910498363 0.7771459614569719 3.896008353575051e-18
    outer loop
      vertex -0.8999026535611552 -1.072462220366569 -10.015
      vertex -0.899902653561155 -1.0724622203665692 -1.5900000000000003
      vertex -0.8619260654559212 -1.1032150550494109 -1.5900000000000003
    endloop
  endfacet
  facet normal 0.6560590289905084 0.754709580222771 0
    outer loop
      vertex -0.9367828489024013 -1.040402755668352 -10.015
      vertex -0.9367828489024013 -1.040402755668352 -1.5900000000000003
      vertex -0.899902653561155 -1.0724622203665692 -1.5900000000000003
    endloop
  endfacet
  facet normal 0.5735764363510449 0.8191520442889926 -7.558430457203272e-18
    outer loop
      vertex -0.8228993532094625 -1.1326237921249263 -10.015
      vertex -0.8228993532094624 -1.1326237921249263 -1.5900000000000003
      vertex -0.7828700648590452 -1.1606526015770584 -1.5900000000000003
    endloop
  endfacet
  facet normal 0.5446390350150301 0.838670567945422 0
    outer loop
      vertex -0.7828700648590452 -1.1606526015770584 -10.015
      vertex -0.7828700648590452 -1.1606526015770584 -1.5900000000000003
      vertex -0.741886969926487 -1.1872673346189964 -1.59
    endloop
  endfacet
  facet normal 0.6018150231520488 0.7986355100472926 0
    outer loop
      vertex -0.8619260654559212 -1.1032150550494109 -10.015
      vertex -0.8619260654559212 -1.1032150550494109 -1.5900000000000003
      vertex -0.8228993532094624 -1.1326237921249263 -1.5900000000000003
    endloop
  endfacet
  facet normal 0.4226182617406981 0.9063077870366506 1.6095601885339986e-18
    outer loop
      vertex -0.6137196055047088 -1.2583116648188335 -10.015
      vertex -0.6137196055047084 -1.2583116648188337 -1.5900000000000003
      vertex -0.5694313003061201 -1.2789636406996412 -1.5900000000000003
    endloop
  endfacet
  facet normal 0.3907311284892779 0.9205048534524386 0
    outer loop
      vertex -0.5694313003061201 -1.2789636406996412 -10.015
      vertex -0.5694313003061201 -1.2789636406996412 -1.5900000000000003
      vertex -0.5244492307822768 -1.2980573963935025 -1.5900000000000003
    endloop
  endfacet
  facet normal 0.3583679495452946 0.9335804264972039 5.715033521442954e-18
    outer loop
      vertex -0.5244492307822772 -1.2980573963935023 -10.015
      vertex -0.5244492307822768 -1.2980573963935025 -1.5900000000000003
      vertex -0.47882820065593595 -1.3155696691002716 -1.5900000000000005
    endloop
  endfacet
  facet normal 0.5150380749100522 0.8571673007021134 0
    outer loop
      vertex -0.741886969926487 -1.1872673346189964 -10.015
      vertex -0.741886969926487 -1.1872673346189964 -1.59
      vertex -0.7000000000000001 -1.212435565298214 -1.59
    endloop
  endfacet
  facet normal 0.48480962024633906 0.8746197071393947 -8.892440848334547e-18
    outer loop
      vertex -0.7000000000000006 -1.2124355652982137 -10.015
      vertex -0.7000000000000001 -1.212435565298214 -1.59
      vertex -0.657260187900247 -1.2361266300024978 -1.5900000000000003
    endloop
  endfacet
  facet normal 0.45399049973954547 0.8910065241883686 0
    outer loop
      vertex -0.657260187900247 -1.2361266300024978 -10.015
      vertex -0.657260187900247 -1.2361266300024978 -1.5900000000000003
      vertex -0.6137196055047084 -1.2583116648188337 -1.5900000000000003
    endloop
  endfacet
  facet normal 0.32556815445715637 0.9455185755993168 0
    outer loop
      vertex -0.47882820065593595 -1.3155696691002716 -10.015
      vertex -0.47882820065593595 -1.3155696691002716 -1.5900000000000005
      vertex -0.43262379212492635 -1.3314791228132148 -1.5900000000000003
    endloop
  endfacet
  facet normal 0.292371704722741 0.9563047559630341 -7.705585717082366e-18
    outer loop
      vertex -0.4326237921249266 -1.3314791228132148 -10.015
      vertex -0.43262379212492635 -1.3314791228132148 -1.5900000000000003
      vertex -0.38589229814379844 -1.3457663743136465 -1.5900000000000003
    endloop
  endfacet
  facet normal 0.25881904510251813 0.965925826289069 0
    outer loop
      vertex -0.38589229814379844 -1.3457663743136465 -10.015
      vertex -0.38589229814379844 -1.3457663743136465 -1.5900000000000003
      vertex -0.3386906538395348 -1.358414016786395 -1.5900000000000003
    endloop
  endfacet
  facet normal 0.2249510543438695 0.9743700647852341 -2.9643423139022996e-18
    outer loop
      vertex -0.3386906538395349 -1.358414016786395 -10.015
      vertex -0.3386906538395348 -1.358414016786395 -1.5900000000000003
      vertex -0.29107636714486307 -1.369406641027328 -1.5900000000000003
    endloop
  endfacet
  facet normal 0.1908089953765382 0.9816271834476653 1.204186624894514e-17
    outer loop
      vertex -0.2910763671448637 -1.3694066410273278 -10.015
      vertex -0.29107636714486307 -1.369406641027328 -1.5900000000000003
      vertex -0.24310744873370244 -1.378730854217091 -1.5900000000000003
    endloop
  endfacet
  facet normal 0.156434465040233 0.9876883405951374 0
    outer loop
      vertex -0.24310744873370244 -1.378730854217091 -10.015
      vertex -0.24310744873370244 -1.378730854217091 -1.5900000000000003
      vertex -0.19484234134409162 -1.3863752962381983 -1.59
    endloop
  endfacet
  facet normal 0.12186934340514799 0.992546151641322 -7.62831118647644e-18
    outer loop
      vertex -0.19484234134409215 -1.3863752962381983 -10.015
      vertex -0.19484234134409162 -1.3863752962381983 -1.59
      vertex -0.1463398485747147 -1.3923306535155826 -1.5900000000000003
    endloop
  endfacet
  facet normal 0.08715574274765477 0.9961946980917459 0
    outer loop
      vertex -0.1463398485747147 -1.3923306535155826 -10.015
      vertex -0.1463398485747147 -1.3923306535155826 -1.5900000000000003
      vertex -0.09765906324177541 -1.3965896703637537 -1.5900000000000005
    endloop
  endfacet
  facet normal 0.05233595624294904 0.9986295347545736 -2.500048850837099e-18
    outer loop
      vertex -0.09765906324177581 -1.3965896703637537 -10.015
      vertex -0.09765906324177541 -1.3965896703637537 -1.5900000000000005
      vertex -0.04885929538350106 -1.399147157826734 -1.5900000000000003
    endloop
  endfacet
  facet normal 0.017452406437281336 0.9998476951563913 0
    outer loop
      vertex -0.04885929538350106 -1.399147157826734 -10.015
      vertex -0.04885929538350106 -1.399147157826734 -1.5900000000000003
      vertex 0 -1.4 -1.5900000000000003
    endloop
  endfacet
  facet normal 0.7071067811865498 0.7071067811865452 0
    outer loop
      vertex -1.0070757204741114 -0.9725217186425961 -10.015
      vertex -0.9725217186425961 -1.0070757204741116 -1.5900000000000003
      vertex -0.9725217186425961 -1.0070757204741116 -10.015
    endloop
  endfacet
  facet normal 0.7071067811865498 0.7071067811865452 0
    outer loop
      vertex -1.0070757204741114 -0.9725217186425961 -10.015
      vertex -1.0070757204741114 -0.9725217186425961 -1.5900000000000007
      vertex -0.9725217186425961 -1.0070757204741116 -1.5900000000000003
    endloop
  endfacet
  facet normal 0 0 1
    outer loop
      vertex -1.4 0 -10.015
      vertex -1.3341867540704928 0.04659082809783902 -10.015
      vertex -1.399147157826734 0.048859295383501596 -10.015
    endloop
  endfacet
  facet normal 0 0 1
    outer loop
      vertex -1.399147157826734 0.048859295383501596 -10.015
      vertex -1.3317480070968652 0.09312489244840758 -10.015
      vertex -1.3965896703637537 0.09765906324177573 -10.015
    endloop
  endfacet
  facet normal 0 0 1
    outer loop
      vertex -1.4 0 -10.015
      vertex -1.335 0 -10.015
      vertex -1.3341867540704928 0.04659082809783902 -10.015
    endloop
  endfacet
  facet normal 0 0 1
    outer loop
      vertex -1.399147157826734 0.048859295383501596 -10.015
      vertex -1.3341867540704928 0.04659082809783902 -10.015
      vertex -1.3317480070968652 0.09312489244840758 -10.015
    endloop
  endfacet
  facet normal 0 0 1
    outer loop
      vertex -1.3965896703637537 0.09765906324177573 -10.015
      vertex -1.3317480070968652 0.09312489244840758 -10.015
      vertex -1.3276867303166449 0.13954549846231773 -10.015
    endloop
  endfacet
  facet normal 0 0 1
    outer loop
      vertex -1.3965896703637537 0.09765906324177573 -10.015
      vertex -1.3276867303166449 0.13954549846231773 -10.015
      vertex -1.3923306535155826 0.14633984857471521 -10.015
    endloop
  endfacet
  facet normal 0 0 1
    outer loop
      vertex -1.3923306535155826 0.14633984857471521 -10.015
      vertex -1.3220078717699963 0.1857960897816872 -10.015
      vertex -1.3863752962381983 0.19484234134409145 -10.015
    endloop
  endfacet
  facet normal 0 0 1
    outer loop
      vertex -1.3923306535155826 0.14633984857471521 -10.015
      vertex -1.3276867303166449 0.13954549846231773 -10.015
      vertex -1.3220078717699963 0.1857960897816872 -10.015
    endloop
  endfacet
  facet normal 0 0 1
    outer loop
      vertex -1.3863752962381983 0.19484234134409145 -10.015
      vertex -1.3147183502712976 0.23182031718535193 -10.015
      vertex -1.378730854217091 0.24310744873370238 -10.015
    endloop
  endfacet
  facet normal 0 0 1
    outer loop
      vertex -1.3863752962381983 0.19484234134409145 -10.015
      vertex -1.3220078717699963 0.1857960897816872 -10.015
      vertex -1.3147183502712976 0.23182031718535193 -10.015
    endloop
  endfacet
  facet normal 0 0 1
    outer loop
      vertex -1.378730854217091 0.24310744873370238 -10.015
      vertex -1.3058270469796305 0.27756210724170866 -10.015
      vertex -1.3694066410273278 0.291076367144863 -10.015
    endloop
  endfacet
  facet normal 0 0 1
    outer loop
      vertex -1.378730854217091 0.24310744873370238 -10.015
      vertex -1.3147183502712976 0.23182031718535193 -10.015
      vertex -1.3058270469796305 0.27756210724170866 -10.015
    endloop
  endfacet
  facet normal 0 0 1
    outer loop
      vertex -1.3694066410273278 0.291076367144863 -10.015
      vertex -1.3058270469796305 0.27756210724170866 -10.015
      vertex -1.2953447945784553 0.3229657306255564 -10.015
    endloop
  endfacet
  facet normal 0 0 1
    outer loop
      vertex -1.3694066410273278 0.291076367144863 -10.015
      vertex -1.2953447945784553 0.3229657306255564 -10.015
      vertex -1.358414016786395 0.3386906538395348 -10.015
    endloop
  endfacet
  facet normal 0 0 1
    outer loop
      vertex -1.358414016786395 0.3386906538395348 -10.015
      vertex -1.2832843640776557 0.367975870015694 -10.015
      vertex -1.3457663743136463 0.3858922981437989 -10.015
    endloop
  endfacet
  facet normal 0 0 1
    outer loop
      vertex -1.358414016786395 0.3386906538395348 -10.015
      vertex -1.2953447945784553 0.3229657306255564 -10.015
      vertex -1.2832843640776557 0.367975870015694 -10.015
    endloop
  endfacet
  facet normal 0 0 1
    outer loop
      vertex -1.3457663743136463 0.3858922981437989 -10.015
      vertex -1.26966044925403 0.4125376874905549 -10.015
      vertex -1.3314791228132148 0.43262379212492647 -10.015
    endloop
  endfacet
  facet normal 0 0 1
    outer loop
      vertex -1.3457663743136463 0.3858922981437989 -10.015
      vertex -1.2832843640776557 0.367975870015694 -10.015
      vertex -1.26966044925403 0.4125376874905549 -10.015
    endloop
  endfacet
  facet normal 0 0 1
    outer loop
      vertex -1.3314791228132148 0.43262379212492647 -10.015
      vertex -1.26966044925403 0.4125376874905549 -10.015
      vertex -1.2544896487491877 0.45659689133976794 -10.015
    endloop
  endfacet
  facet normal 0 0 1
    outer loop
      vertex -1.3314791228132148 0.43262379212492647 -10.015
      vertex -1.2544896487491877 0.45659689133976794 -10.015
      vertex -1.3155696691002716 0.4788282006559364 -10.015
    endloop
  endfacet
  facet normal 0 0 1
    outer loop
      vertex -1.2544896487491877 0.45659689133976794 -10.015
      vertex -1.237790445846661 0.5000998022102429 -10.015
      vertex -1.3155696691002716 0.4788282006559364 -10.015
    endloop
  endfacet
  facet normal 0 0 1
    outer loop
      vertex -1.3155696691002716 0.4788282006559364 -10.015
      vertex -1.237790445846661 0.5000998022102429 -10.015
      vertex -1.2980573963935023 0.5244492307822771 -10.015
    endloop
  endfacet
  facet normal 0 0 1
    outer loop
      vertex -1.2980573963935023 0.5244492307822771 -10.015
      vertex -1.237790445846661 0.5000998022102429 -10.015
      vertex -1.219583185952872 0.5429934185061935 -10.015
    endloop
  endfacet
  facet normal 0 0 1
    outer loop
      vertex -1.2980573963935023 0.5244492307822771 -10.015
      vertex -1.219583185952872 0.5429934185061935 -10.015
      vertex -1.278963640699641 0.5694313003061205 -10.015
    endloop
  endfacet
  facet normal 0 0 1
    outer loop
      vertex -1.278963640699641 0.5694313003061205 -10.015
      vertex -1.199890051809388 0.5852254809634182 -10.015
      vertex -1.2583116648188337 0.6137196055047082 -10.015
    endloop
  endfacet
  facet normal 0 0 1
    outer loop
      vertex -1.278963640699641 0.5694313003061205 -10.015
      vertex -1.219583185952872 0.5429934185061935 -10.015
      vertex -1.199890051809388 0.5852254809634182 -10.015
    endloop
  endfacet
  facet normal 0 0 1
    outer loop
      vertex -1.2583116648188337 0.6137196055047082 -10.015
      vertex -1.199890051809388 0.5852254809634182 -10.015
      vertex -1.1787350364666676 0.626744536319164 -10.015
    endloop
  endfacet
  facet normal 0 0 1
    outer loop
      vertex -1.2583116648188337 0.6137196055047082 -10.015
      vertex -1.1787350364666676 0.626744536319164 -10.015
      vertex -1.2361266300024978 0.657260187900247 -10.015
    endloop
  endfacet
  facet normal 0 0 1
    outer loop
      vertex -1.2361266300024978 0.657260187900247 -10.015
      vertex -1.1787350364666676 0.626744536319164 -10.015
      vertex -1.1561439140522256 0.6674999999999999 -10.015
    endloop
  endfacet
  facet normal 0 0 1
    outer loop
      vertex -1.2361266300024978 0.657260187900247 -10.015
      vertex -1.1561439140522256 0.6674999999999999 -10.015
      vertex -1.2124355652982142 0.6999999999999998 -10.015
    endloop
  endfacet
  facet normal 0 0 1
    outer loop
      vertex -1.2124355652982142 0.6999999999999998 -10.015
      vertex -1.1321442083688287 0.7074422177513285 -10.015
      vertex -1.1872673346189964 0.7418869699264868 -10.015
    endloop
  endfacet
  facet normal 0 0 1
    outer loop
      vertex -1.2124355652982142 0.6999999999999998 -10.015
      vertex -1.1561439140522256 0.6674999999999999 -10.015
      vertex -1.1321442083688287 0.7074422177513285 -10.015
    endloop
  endfacet
  facet normal 0 0 1
    outer loop
      vertex -1.1872673346189964 0.7418869699264868 -10.015
      vertex -1.1321442083688287 0.7074422177513285 -10.015
      vertex -1.1067651593609806 0.7465225261334472 -10.015
    endloop
  endfacet
  facet normal 0 0 1
    outer loop
      vertex -1.1872673346189964 0.7418869699264868 -10.015
      vertex -1.1067651593609806 0.7465225261334472 -10.015
      vertex -1.1606526015770582 0.7828700648590456 -10.015
    endloop
  endfacet
  facet normal 0 0 1
    outer loop
      vertex -1.1067651593609806 0.7465225261334472 -10.015
      vertex -1.0800376874905546 0.7846933118104518 -10.015
      vertex -1.1606526015770582 0.7828700648590456 -10.015
    endloop
  endfacet
  facet normal 0 0 1
    outer loop
      vertex -1.1606526015770582 0.7828700648590456 -10.015
      vertex -1.0800376874905546 0.7846933118104518 -10.015
      vertex -1.1326237921249263 0.8228993532094625 -10.015
    endloop
  endfacet
  facet normal 0 0 1
    outer loop
      vertex -1.1326237921249263 0.8228993532094625 -10.015
      vertex -1.0800376874905546 0.7846933118104518 -10.015
      vertex -1.0519943560649738 0.821908069559754 -10.015
    endloop
  endfacet
  facet normal 0 0 1
    outer loop
      vertex -1.1326237921249263 0.8228993532094625 -10.015
      vertex -1.0519943560649738 0.821908069559754 -10.015
      vertex -1.1032150550494106 0.8619260654559218 -10.015
    endloop
  endfacet
  facet normal 0 0 1
    outer loop
      vertex -1.1032150550494106 0.8619260654559218 -10.015
      vertex -1.0226693315638355 0.8581214589315302 -10.015
      vertex -1.072462220366569 0.8999026535611552 -10.015
    endloop
  endfacet
  facet normal 0 0 1
    outer loop
      vertex -1.1032150550494106 0.8619260654559218 -10.015
      vertex -1.0519943560649738 0.821908069559754 -10.015
      vertex -1.0226693315638355 0.8581214589315302 -10.015
    endloop
  endfacet
  facet normal 0 0 1
    outer loop
      vertex -1.072462220366569 0.8999026535611552 -10.015
      vertex -0.9920983420123212 0.8932893594890758 -10.015
      vertex -1.0404027556683517 0.9367828489024016 -10.015
    endloop
  endfacet
  facet normal 0 0 1
    outer loop
      vertex -1.0226693315638355 0.8581214589315302 -10.015
      vertex -0.9920983420123212 0.8932893594890758 -10.015
      vertex -1.072462220366569 0.8999026535611552 -10.015
    endloop
  endfacet
  facet normal 0 0 1
    outer loop
      vertex -1.0404027556683517 0.9367828489024016 -10.015
      vertex -0.9603186334520994 0.9273689245627612 -10.015
      vertex -1.0070757204741119 0.972521718642596 -10.015
    endloop
  endfacet
  facet normal 0 0 1
    outer loop
      vertex -1.0404027556683517 0.9367828489024016 -10.015
      vertex -0.9920983420123212 0.8932893594890758 -10.015
      vertex -0.9603186334520994 0.9273689245627612 -10.015
    endloop
  endfacet
  facet normal 0 0 1
    outer loop
      vertex -1.0070757204741119 0.972521718642596 -10.015
      vertex -0.9273689245627614 0.9603186334520991 -10.015
      vertex -0.9725217186425963 1.0070757204741114 -10.015
    endloop
  endfacet
  facet normal 0 0 1
    outer loop
      vertex -0.9603186334520994 0.9273689245627612 -10.015
      vertex -0.9273689245627614 0.9603186334520991 -10.015
      vertex -1.0070757204741119 0.972521718642596 -10.015
    endloop
  endfacet
  facet normal 0 0 1
    outer loop
      vertex -0.9725217186425963 1.0070757204741114 -10.015
      vertex -0.9273689245627614 0.9603186334520991 -10.015
      vertex -0.8932893594890756 0.9920983420123213 -10.015
    endloop
  endfacet
  facet normal 0 0 1
    outer loop
      vertex -0.9725217186425963 1.0070757204741114 -10.015
      vertex -0.8932893594890756 0.9920983420123213 -10.015
      vertex -0.9367828489024015 1.040402755668352 -10.015
    endloop
  endfacet
  facet normal 0 0 1
    outer loop
      vertex -0.8932893594890756 0.9920983420123213 -10.015
      vertex -0.8581214589315299 1.0226693315638355 -10.015
      vertex -0.9367828489024015 1.040402755668352 -10.015
    endloop
  endfacet
  facet normal 0 0 1
    outer loop
      vertex -0.9367828489024015 1.040402755668352 -10.015
      vertex -0.8581214589315299 1.0226693315638355 -10.015
      vertex -0.8999026535611551 1.0724622203665692 -10.015
    endloop
  endfacet
  facet normal 0 0 1
    outer loop
      vertex -0.8999026535611551 1.0724622203665692 -10.015
      vertex -0.8581214589315299 1.0226693315638355 -10.015
      vertex -0.8219080695597538 1.0519943560649738 -10.015
    endloop
  endfacet
  facet normal 0 0 1
    outer loop
      vertex -0.8999026535611551 1.0724622203665692 -10.015
      vertex -0.8219080695597538 1.0519943560649738 -10.015
      vertex -0.8619260654559215 1.1032150550494106 -10.015
    endloop
  endfacet
  facet normal 0 0 1
    outer loop
      vertex -0.8219080695597538 1.0519943560649738 -10.015
      vertex -0.7846933118104514 1.0800376874905548 -10.015
      vertex -0.8619260654559215 1.1032150550494106 -10.015
    endloop
  endfacet
  facet normal 0 0 1
    outer loop
      vertex -0.7846933118104514 1.0800376874905548 -10.015
      vertex -0.8228993532094622 1.1326237921249263 -10.015
      vertex -0.8619260654559215 1.1032150550494106 -10.015
    endloop
  endfacet
  facet normal 0 0 1
    outer loop
      vertex -0.7846933118104514 1.0800376874905548 -10.015
      vertex -0.7465225261334467 1.1067651593609806 -10.015
      vertex -0.8228993532094622 1.1326237921249263 -10.015
    endloop
  endfacet
  facet normal 0 0 1
    outer loop
      vertex -0.8228993532094622 1.1326237921249263 -10.015
      vertex -0.7465225261334467 1.1067651593609806 -10.015
      vertex -0.7828700648590453 1.1606526015770584 -10.015
    endloop
  endfacet
  facet normal 0 0 1
    outer loop
      vertex -0.7828700648590453 1.1606526015770584 -10.015
      vertex -0.7465225261334467 1.1067651593609806 -10.015
      vertex -0.7074422177513283 1.1321442083688287 -10.015
    endloop
  endfacet
  facet normal 0 0 1
    outer loop
      vertex -0.7828700648590453 1.1606526015770584 -10.015
      vertex -0.7074422177513283 1.1321442083688287 -10.015
      vertex -0.7418869699264866 1.1872673346189964 -10.015
    endloop
  endfacet
  facet normal 0 0 1
    outer loop
      vertex -0.7074422177513283 1.1321442083688287 -10.015
      vertex -0.6674999999999996 1.1561439140522256 -10.015
      vertex -0.7418869699264866 1.1872673346189964 -10.015
    endloop
  endfacet
  facet normal 0 0 1
    outer loop
      vertex -0.7418869699264866 1.1872673346189964 -10.015
      vertex -0.6674999999999996 1.1561439140522256 -10.015
      vertex -0.6999999999999996 1.2124355652982142 -10.015
    endloop
  endfacet
  facet normal 0 0 1
    outer loop
      vertex -0.6674999999999996 1.1561439140522256 -10.015
      vertex -0.6267445363191643 1.1787350364666673 -10.015
      vertex -0.6999999999999996 1.2124355652982142 -10.015
    endloop
  endfacet
  facet normal 0 0 1
    outer loop
      vertex -0.6999999999999996 1.2124355652982142 -10.015
      vertex -0.6267445363191643 1.1787350364666673 -10.015
      vertex -0.6572601879002472 1.2361266300024976 -10.015
    endloop
  endfacet
  facet normal 0 0 1
    outer loop
      vertex -0.6267445363191643 1.1787350364666673 -10.015
      vertex -0.5852254809634184 1.1998900518093878 -10.015
      vertex -0.6572601879002472 1.2361266300024976 -10.015
    endloop
  endfacet
  facet normal 0 0 1
    outer loop
      vertex -0.6572601879002472 1.2361266300024976 -10.015
      vertex -0.5852254809634184 1.1998900518093878 -10.015
      vertex -0.6137196055047085 1.2583116648188337 -10.015
    endloop
  endfacet
  facet normal 0 0 1
    outer loop
      vertex -0.5852254809634184 1.1998900518093878 -10.015
      vertex -0.5429934185061933 1.219583185952872 -10.015
      vertex -0.6137196055047085 1.2583116648188337 -10.015
    endloop
  endfacet
  facet normal 0 0 1
    outer loop
      vertex -0.5429934185061933 1.219583185952872 -10.015
      vertex -0.5000998022102426 1.237790445846661 -10.015
      vertex -0.5694313003061203 1.2789636406996412 -10.015
    endloop
  endfacet
  facet normal 0 0 1
    outer loop
      vertex -0.5429934185061933 1.219583185952872 -10.015
      vertex -0.5694313003061203 1.2789636406996412 -10.015
      vertex -0.6137196055047085 1.2583116648188337 -10.015
    endloop
  endfacet
  facet normal 0 0 1
    outer loop
      vertex -0.5000998022102426 1.237790445846661 -10.015
      vertex -0.5244492307822769 1.2980573963935023 -10.015
      vertex -0.5694313003061203 1.2789636406996412 -10.015
    endloop
  endfacet
  facet normal 0 0 1
    outer loop
      vertex -0.5000998022102426 1.237790445846661 -10.015
      vertex -0.4565968913397677 1.2544896487491877 -10.015
      vertex -0.5244492307822769 1.2980573963935023 -10.015
    endloop
  endfacet
  facet normal 0 0 1
    outer loop
      vertex -0.5244492307822769 1.2980573963935023 -10.015
      vertex -0.4565968913397677 1.2544896487491877 -10.015
      vertex -0.4788282006559362 1.3155696691002716 -10.015
    endloop
  endfacet
  facet normal 0 0 1
    outer loop
      vertex -0.4788282006559362 1.3155696691002716 -10.015
      vertex -0.4565968913397677 1.2544896487491877 -10.015
      vertex -0.41253768749055464 1.26966044925403 -10.015
    endloop
  endfacet
  facet normal 0 0 1
    outer loop
      vertex -0.4788282006559362 1.3155696691002716 -10.015
      vertex -0.41253768749055464 1.26966044925403 -10.015
      vertex -0.43262379212492624 1.331479122813215 -10.015
    endloop
  endfacet
  facet normal 0 0 1
    outer loop
      vertex -0.41253768749055464 1.26966044925403 -10.015
      vertex -0.3679758700156937 1.2832843640776557 -10.015
      vertex -0.43262379212492624 1.331479122813215 -10.015
    endloop
  endfacet
  facet normal 0 0 1
    outer loop
      vertex -0.43262379212492624 1.331479122813215 -10.015
      vertex -0.3679758700156937 1.2832843640776557 -10.015
      vertex -0.38589229814379866 1.3457663743136463 -10.015
    endloop
  endfacet
  facet normal 0 0 1
    outer loop
      vertex -0.3679758700156937 1.2832843640776557 -10.015
      vertex -0.3229657306255565 1.2953447945784553 -10.015
      vertex -0.38589229814379866 1.3457663743136463 -10.015
    endloop
  endfacet
  facet normal 0 0 1
    outer loop
      vertex -0.3229657306255565 1.2953447945784553 -10.015
      vertex -0.3386906538395349 1.358414016786395 -10.015
      vertex -0.38589229814379866 1.3457663743136463 -10.015
    endloop
  endfacet
  facet normal 0 0 1
    outer loop
      vertex -0.3229657306255565 1.2953447945784553 -10.015
      vertex -0.2775621072417087 1.3058270469796305 -10.015
      vertex -0.3386906538395349 1.358414016786395 -10.015
    endloop
  endfacet
  facet normal 0 0 1
    outer loop
      vertex -0.3386906538395349 1.358414016786395 -10.015
      vertex -0.2775621072417087 1.3058270469796305 -10.015
      vertex -0.29107636714486307 1.3694066410273278 -10.015
    endloop
  endfacet
  facet normal 0 0 1
    outer loop
      vertex -0.2775621072417087 1.3058270469796305 -10.015
      vertex -0.23182031718535195 1.3147183502712976 -10.015
      vertex -0.29107636714486307 1.3694066410273278 -10.015
    endloop
  endfacet
  facet normal 0 0 1
    outer loop
      vertex -0.29107636714486307 1.3694066410273278 -10.015
      vertex -0.23182031718535195 1.3147183502712976 -10.015
      vertex -0.2431074487337024 1.378730854217091 -10.015
    endloop
  endfacet
  facet normal 0 0 1
    outer loop
      vertex -0.2431074487337024 1.378730854217091 -10.015
      vertex -0.23182031718535195 1.3147183502712976 -10.015
      vertex -0.18579608978168724 1.3220078717699963 -10.015
    endloop
  endfacet
  facet normal 0 0 1
    outer loop
      vertex -0.2431074487337024 1.378730854217091 -10.015
      vertex -0.18579608978168724 1.3220078717699963 -10.015
      vertex -0.19484234134409148 1.3863752962381983 -10.015
    endloop
  endfacet
  facet normal 0 0 1
    outer loop
      vertex -0.18579608978168724 1.3220078717699963 -10.015
      vertex -0.13954549846231748 1.3276867303166449 -10.015
      vertex -0.19484234134409148 1.3863752962381983 -10.015
    endloop
  endfacet
  facet normal 0 0 1
    outer loop
      vertex -0.19484234134409148 1.3863752962381983 -10.015
      vertex -0.13954549846231748 1.3276867303166449 -10.015
      vertex -0.14633984857471496 1.3923306535155826 -10.015
    endloop
  endfacet
  facet normal 0 0 1
    outer loop
      vertex -0.13954549846231748 1.3276867303166449 -10.015
      vertex -0.09312489244840731 1.3317480070968652 -10.015
      vertex -0.14633984857471496 1.3923306535155826 -10.015
    endloop
  endfacet
  facet normal 0 0 1
    outer loop
      vertex -0.14633984857471496 1.3923306535155826 -10.015
      vertex -0.09312489244840731 1.3317480070968652 -10.015
      vertex -0.09765906324177545 1.3965896703637537 -10.015
    endloop
  endfacet
  facet normal 0 0 1
    outer loop
      vertex -0.09312489244840731 1.3317480070968652 -10.015
      vertex -0.04659082809783877 1.3341867540704928 -10.015
      vertex -0.09765906324177545 1.3965896703637537 -10.015
    endloop
  endfacet
  facet normal 0 0 1
    outer loop
      vertex -0.04659082809783877 1.3341867540704928 -10.015
      vertex 0 1.335 -10.015
      vertex -0.04885929538350133 1.399147157826734 -10.015
    endloop
  endfacet
  facet normal 0 0 1
    outer loop
      vertex -0.09765906324177545 1.3965896703637537 -10.015
      vertex -0.04659082809783877 1.3341867540704928 -10.015
      vertex -0.04885929538350133 1.399147157826734 -10.015
    endloop
  endfacet
  facet normal 0 0 1
    outer loop
      vertex -0.04885929538350133 1.399147157826734 -10.015
      vertex 0 1.335 -10.015
      vertex 0 1.4 -10.015
    endloop
  endfacet
  facet normal 0.9998476951563913 -0.017452406437281145 0
    outer loop
      vertex -1.4 0 -10.015
      vertex -1.399147157826734 0.048859295383501596 -10.015
      vertex -1.4 0 -1.5900000000000003
    endloop
  endfacet
  facet normal 0.9986295347545736 -0.05233595624294927 -1.4224415875452524e-18
    outer loop
      vertex -1.399147157826734 0.048859295383501596 -10.015
      vertex -1.3965896703637537 0.09765906324177573 -10.015
      vertex -1.399147157826734 0.04885929538350137 -1.59
    endloop
  endfacet
  facet normal 0.9961946980917459 -0.08715574274765439 -3.30197801708504e-18
    outer loop
      vertex -1.3965896703637537 0.09765906324177573 -10.015
      vertex -1.3923306535155826 0.14633984857471521 -10.015
      vertex -1.3965896703637537 0.09765906324177541 -1.5900000000000005
    endloop
  endfacet
  facet normal 0.9925461516413218 -0.1218693434051497 -4.817880749353608e-18
    outer loop
      vertex -1.3923306535155826 0.14633984857471521 -10.015
      vertex -1.3863752962381983 0.19484234134409145 -10.015
      vertex -1.3923306535155826 0.14633984857471488 -1.5900000000000003
    endloop
  endfacet
  facet normal 0.9876883405951374 -0.15643446504023265 0
    outer loop
      vertex -1.3863752962381983 0.19484234134409145 -10.015
      vertex -1.378730854217091 0.24310744873370238 -10.015
      vertex -1.3863752962381983 0.19484234134409145 -1.5900000000000005
    endloop
  endfacet
  facet normal 0.9816271834476644 -0.1908089953765426 0
    outer loop
      vertex -1.378730854217091 0.24310744873370238 -10.015
      vertex -1.3694066410273278 0.291076367144863 -10.015
      vertex -1.378730854217091 0.24310744873370238 -1.5900000000000003
    endloop
  endfacet
  facet normal 0.9743700647852352 -0.22495105434386495 0
    outer loop
      vertex -1.3694066410273278 0.291076367144863 -10.015
      vertex -1.358414016786395 0.3386906538395348 -10.015
      vertex -1.3694066410273278 0.291076367144863 -1.59
    endloop
  endfacet
  facet normal 0.9659258262890684 -0.2588190451025201 0
    outer loop
      vertex -1.358414016786395 0.3386906538395348 -10.015
      vertex -1.3457663743136463 0.3858922981437989 -10.015
      vertex -1.358414016786395 0.3386906538395348 -1.5900000000000007
    endloop
  endfacet
  facet normal 0.9563047559630349 -0.29237170472273877 -1.926396429270577e-18
    outer loop
      vertex -1.3457663743136463 0.3858922981437989 -10.015
      vertex -1.3314791228132148 0.43262379212492647 -10.015
      vertex -1.3457663743136463 0.38589229814379883 -1.5900000000000003
    endloop
  endfacet
  facet normal 0.9455185755993176 -0.3255681544571543 -4.29024642330032e-18
    outer loop
      vertex -1.3314791228132148 0.43262379212492647 -10.015
      vertex -1.3155696691002716 0.4788282006559364 -10.015
      vertex -1.3314791228132148 0.43262379212492635 -1.5900000000000003
    endloop
  endfacet
  facet normal 0.9335804264972021 -0.35836794954529927 1.043750650509723e-17
    outer loop
      vertex -1.3155696691002716 0.4788282006559364 -10.015
      vertex -1.2980573963935023 0.5244492307822771 -10.015
      vertex -1.3155696691002718 0.47882820065593606 -1.5900000000000005
    endloop
  endfacet
  facet normal 0.920504853452439 -0.3907311284892771 -1.544683781435843e-17
    outer loop
      vertex -1.2980573963935023 0.5244492307822771 -10.015
      vertex -1.278963640699641 0.5694313003061205 -10.015
      vertex -1.2980573963935023 0.5244492307822768 -1.59
    endloop
  endfacet
  facet normal 0.9063077870366499 -0.42261826174069955 7.178705883626905e-18
    outer loop
      vertex -1.278963640699641 0.5694313003061205 -10.015
      vertex -1.2583116648188337 0.6137196055047082 -10.015
      vertex -1.2789636406996412 0.5694313003061202 -1.59
    endloop
  endfacet
  facet normal 0.8910065241883696 -0.45399049973954364 0
    outer loop
      vertex -1.2583116648188337 0.6137196055047082 -10.015
      vertex -1.2361266300024978 0.657260187900247 -10.015
      vertex -1.2583116648188337 0.6137196055047082 -1.5900000000000003
    endloop
  endfacet
  facet normal 0.8746197071393955 -0.4848096202463375 0
    outer loop
      vertex -1.2361266300024978 0.657260187900247 -10.015
      vertex -1.2124355652982142 0.6999999999999998 -10.015
      vertex -1.2361266300024978 0.657260187900247 -1.5900000000000003
    endloop
  endfacet
  facet normal 0.8571673007021121 -0.5150380749100546 0
    outer loop
      vertex -1.2124355652982142 0.6999999999999998 -10.015
      vertex -1.1872673346189964 0.7418869699264868 -10.015
      vertex -1.2124355652982142 0.6999999999999998 -1.59
    endloop
  endfacet
  facet normal 0.8386705679454234 -0.5446390350150281 0
    outer loop
      vertex -1.1872673346189964 0.7418869699264868 -10.015
      vertex -1.1606526015770582 0.7828700648590456 -10.015
      vertex -1.1872673346189964 0.7418869699264868 -1.5899999999999999
    endloop
  endfacet
  facet normal 0.8191520442889926 -0.5735764363510452 0
    outer loop
      vertex -1.1606526015770582 0.7828700648590456 -10.015
      vertex -1.1326237921249263 0.8228993532094625 -10.015
      vertex -1.1606526015770582 0.7828700648590456 -1.59
    endloop
  endfacet
  facet normal 0.7986355100472937 -0.6018150231520472 -7.93055068568219e-18
    outer loop
      vertex -1.1326237921249263 0.8228993532094625 -10.015
      vertex -1.1032150550494106 0.8619260654559218 -10.015
      vertex -1.1326237921249263 0.8228993532094624 -1.5900000000000003
    endloop
  endfacet
  facet normal 0.7771459614569691 -0.6293203910498397 -8.293008759758328e-18
    outer loop
      vertex -1.1032150550494106 0.8619260654559218 -10.015
      vertex -1.072462220366569 0.8999026535611552 -10.015
      vertex -1.1032150550494106 0.8619260654559217 -1.59
    endloop
  endfacet
  facet normal 0.754709580222772 -0.6560590289905073 2.5999789524041307e-18
    outer loop
      vertex -1.072462220366569 0.8999026535611552 -10.015
      vertex -1.0404027556683517 0.9367828489024016 -10.015
      vertex -1.0724622203665692 0.899902653561155 -1.59
    endloop
  endfacet
  facet normal 0.7313537016191721 -0.6819983600624967 -8.987184357246073e-18
    outer loop
      vertex -1.0404027556683517 0.9367828489024016 -10.015
      vertex -1.0070757204741119 0.972521718642596 -10.015
      vertex -1.0404027556683517 0.9367828489024015 -1.59
    endloop
  endfacet
  facet normal 0.9998476951563913 -0.01745240643728123 -4.743398325214653e-19
    outer loop
      vertex -1.399147157826734 0.048859295383501596 -10.015
      vertex -1.399147157826734 0.04885929538350137 -1.59
      vertex -1.4 0 -1.5900000000000003
    endloop
  endfacet
  facet normal 0.9986295347545736 -0.052335956242949365 -1.982797364457022e-18
    outer loop
      vertex -1.3965896703637537 0.09765906324177573 -10.015
      vertex -1.3965896703637537 0.09765906324177541 -1.5900000000000005
      vertex -1.399147157826734 0.04885929538350137 -1.59
    endloop
  endfacet
  facet normal 0.9961946980917459 -0.08715574274765443 -3.4455422786974344e-18
    outer loop
      vertex -1.3923306535155826 0.14633984857471521 -10.015
      vertex -1.3923306535155826 0.14633984857471488 -1.5900000000000003
      vertex -1.3965896703637537 0.09765906324177541 -1.5900000000000005
    endloop
  endfacet
  facet normal 0.9925461516413218 -0.12186934340514888 0
    outer loop
      vertex -1.3863752962381983 0.19484234134409145 -10.015
      vertex -1.3863752962381983 0.19484234134409145 -1.5900000000000005
      vertex -1.3923306535155826 0.14633984857471488 -1.5900000000000003
    endloop
  endfacet
  facet normal 0.9876883405951374 -0.15643446504023265 0
    outer loop
      vertex -1.378730854217091 0.24310744873370238 -10.015
      vertex -1.378730854217091 0.24310744873370238 -1.5900000000000003
      vertex -1.3863752962381983 0.19484234134409145 -1.5900000000000005
    endloop
  endfacet
  facet normal 0.9816271834476644 -0.1908089953765426 0
    outer loop
      vertex -1.3694066410273278 0.291076367144863 -10.015
      vertex -1.3694066410273278 0.291076367144863 -1.59
      vertex -1.378730854217091 0.24310744873370238 -1.5900000000000003
    endloop
  endfacet
  facet normal 0.9743700647852352 -0.22495105434386495 0
    outer loop
      vertex -1.358414016786395 0.3386906538395348 -10.015
      vertex -1.358414016786395 0.3386906538395348 -1.5900000000000007
      vertex -1.3694066410273278 0.291076367144863 -1.59
    endloop
  endfacet
  facet normal 0.9659258262890684 -0.25881904510252035 -1.705322629580504e-18
    outer loop
      vertex -1.3457663743136463 0.3858922981437989 -10.015
      vertex -1.3457663743136463 0.38589229814379883 -1.5900000000000003
      vertex -1.358414016786395 0.3386906538395348 -1.5900000000000007
    endloop
  endfacet
  facet normal 0.9563047559630347 -0.29237170472273905 -3.852792858541158e-18
    outer loop
      vertex -1.3314791228132148 0.43262379212492647 -10.015
      vertex -1.3314791228132148 0.43262379212492635 -1.5900000000000003
      vertex -1.3457663743136463 0.38589229814379883 -1.5900000000000003
    endloop
  endfacet
  facet normal 0.9455185755993185 -0.32556815445715165 1.2048821391016539e-17
    outer loop
      vertex -1.3155696691002716 0.4788282006559364 -10.015
      vertex -1.3155696691002718 0.47882820065593606 -1.5900000000000005
      vertex -1.3314791228132148 0.43262379212492635 -1.5900000000000003
    endloop
  endfacet
  facet normal 0.9335804264972006 -0.3583679495453033 -1.4167418950963872e-17
    outer loop
      vertex -1.2980573963935023 0.5244492307822771 -10.015
      vertex -1.2980573963935023 0.5244492307822768 -1.59
      vertex -1.3155696691002718 0.47882820065593606 -1.5900000000000005
    endloop
  endfacet
  facet normal 0.9205048534524406 -0.39073112848927327 8.813475125276266e-18
    outer loop
      vertex -1.278963640699641 0.5694313003061205 -10.015
      vertex -1.2789636406996412 0.5694313003061202 -1.59
      vertex -1.2980573963935023 0.5244492307822768 -1.59
    endloop
  endfacet
  facet normal 0.9063077870366494 -0.42261826174070066 0
    outer loop
      vertex -1.2583116648188337 0.6137196055047082 -10.015
      vertex -1.2583116648188337 0.6137196055047082 -1.5900000000000003
      vertex -1.2789636406996412 0.5694313003061202 -1.59
    endloop
  endfacet
  facet normal 0.8910065241883696 -0.45399049973954364 0
    outer loop
      vertex -1.2361266300024978 0.657260187900247 -10.015
      vertex -1.2361266300024978 0.657260187900247 -1.5900000000000003
      vertex -1.2583116648188337 0.6137196055047082 -1.5900000000000003
    endloop
  endfacet
  facet normal 0.8746197071393955 -0.4848096202463375 0
    outer loop
      vertex -1.2124355652982142 0.6999999999999998 -10.015
      vertex -1.2124355652982142 0.6999999999999998 -1.59
      vertex -1.2361266300024978 0.657260187900247 -1.5900000000000003
    endloop
  endfacet
  facet normal 0.8571673007021121 -0.5150380749100546 0
    outer loop
      vertex -1.1872673346189964 0.7418869699264868 -10.015
      vertex -1.1872673346189964 0.7418869699264868 -1.5899999999999999
      vertex -1.2124355652982142 0.6999999999999998 -1.59
    endloop
  endfacet
  facet normal 0.8386705679454234 -0.5446390350150281 0
    outer loop
      vertex -1.1606526015770582 0.7828700648590456 -10.015
      vertex -1.1606526015770582 0.7828700648590456 -1.59
      vertex -1.1872673346189964 0.7418869699264868 -1.5899999999999999
    endloop
  endfacet
  facet normal 0.8191520442889917 -0.5735764363510462 -7.558430457203288e-18
    outer loop
      vertex -1.1326237921249263 0.8228993532094625 -10.015
      vertex -1.1326237921249263 0.8228993532094624 -1.5900000000000003
      vertex -1.1606526015770582 0.7828700648590456 -1.59
    endloop
  endfacet
  facet normal 0.7986355100472936 -0.6018150231520472 -7.93055068568219e-18
    outer loop
      vertex -1.1032150550494106 0.8619260654559218 -10.015
      vertex -1.1032150550494106 0.8619260654559217 -1.59
      vertex -1.1326237921249263 0.8228993532094624 -1.5900000000000003
    endloop
  endfacet
  facet normal 0.7771459614569705 -0.629320391049838 3.896008353574969e-18
    outer loop
      vertex -1.072462220366569 0.8999026535611552 -10.015
      vertex -1.0724622203665692 0.899902653561155 -1.59
      vertex -1.1032150550494106 0.8619260654559217 -1.59
    endloop
  endfacet
  facet normal 0.7547095802227708 -0.6560590289905086 -8.64536308010072e-18
    outer loop
      vertex -1.0404027556683517 0.9367828489024016 -10.015
      vertex -1.0404027556683517 0.9367828489024015 -1.59
      vertex -1.0724622203665692 0.899902653561155 -1.59
    endloop
  endfacet
  facet normal 0.7313537016191732 -0.6819983600624956 0
    outer loop
      vertex -1.0070757204741119 0.972521718642596 -10.015
      vertex -1.0070757204741119 0.972521718642596 -1.59
      vertex -1.0404027556683517 0.9367828489024015 -1.59
    endloop
  endfacet
  facet normal 0.7071067811865465 -0.7071067811865487 0
    outer loop
      vertex -1.0070757204741119 0.972521718642596 -10.015
      vertex -0.9725217186425963 1.0070757204741114 -10.015
      vertex -1.0070757204741119 0.972521718642596 -1.59
    endloop
  endfacet
  facet normal 0.7071067811865465 -0.7071067811865487 0
    outer loop
      vertex -0.9725217186425963 1.0070757204741114 -10.015
      vertex -0.9725217186425963 1.0070757204741114 -1.59
      vertex -1.0070757204741119 0.972521718642596 -1.59
    endloop
  endfacet
  facet normal 0.6819983600624996 -0.7313537016191696 0
    outer loop
      vertex -0.9725217186425963 1.0070757204741114 -10.015
      vertex -0.9367828489024015 1.040402755668352 -10.015
      vertex -0.9725217186425963 1.0070757204741114 -1.59
    endloop
  endfacet
  facet normal 0.6560590289905073 -0.754709580222772 0
    outer loop
      vertex -0.9367828489024015 1.040402755668352 -10.015
      vertex -0.8999026535611551 1.0724622203665692 -10.015
      vertex -0.9367828489024015 1.040402755668352 -1.5900000000000003
    endloop
  endfacet
  facet normal 0.6293203910498357 -0.7771459614569722 0
    outer loop
      vertex -0.8999026535611551 1.0724622203665692 -10.015
      vertex -0.8619260654559215 1.1032150550494106 -10.015
      vertex -0.8999026535611551 1.0724622203665692 -1.59
    endloop
  endfacet
  facet normal 0.6018150231520462 -0.7986355100472945 7.930550685682176e-18
    outer loop
      vertex -0.8619260654559215 1.1032150550494106 -10.015
      vertex -0.8228993532094622 1.1326237921249263 -10.015
      vertex -0.8619260654559217 1.1032150550494106 -1.59
    endloop
  endfacet
  facet normal 0.5735764363510482 -0.8191520442889904 7.558430457203314e-18
    outer loop
      vertex -0.8228993532094622 1.1326237921249263 -10.015
      vertex -0.7828700648590453 1.1606526015770584 -10.015
      vertex -0.8228993532094623 1.1326237921249263 -1.5900000000000005
    endloop
  endfacet
  facet normal 0.544639035015026 -0.8386705679454248 6.604871666662313e-18
    outer loop
      vertex -0.7828700648590453 1.1606526015770584 -10.015
      vertex -0.7418869699264866 1.1872673346189964 -10.015
      vertex -0.7828700648590458 1.1606526015770582 -1.5900000000000003
    endloop
  endfacet
  facet normal 0.5150380749100546 -0.8571673007021121 -9.016967213567268e-18
    outer loop
      vertex -0.7418869699264866 1.1872673346189964 -10.015
      vertex -0.6999999999999996 1.2124355652982142 -10.015
      vertex -0.7418869699264868 1.1872673346189961 -1.5900000000000003
    endloop
  endfacet
  facet normal 0.4848096202463379 -0.8746197071393953 -3.884931328692555e-18
    outer loop
      vertex -0.6999999999999996 1.2124355652982142 -10.015
      vertex -0.6572601879002472 1.2361266300024976 -10.015
      vertex -0.7 1.212435565298214 -1.5900000000000003
    endloop
  endfacet
  facet normal 0.4539904997395482 -0.8910065241883672 0
    outer loop
      vertex -0.6572601879002472 1.2361266300024976 -10.015
      vertex -0.6137196055047085 1.2583116648188337 -10.015
      vertex -0.6572601879002472 1.2361266300024976 -1.5900000000000005
    endloop
  endfacet
  facet normal 0.42261826174069894 -0.9063077870366503 0
    outer loop
      vertex -0.6137196055047085 1.2583116648188337 -10.015
      vertex -0.5694313003061203 1.2789636406996412 -10.015
      vertex -0.6137196055047085 1.2583116648188337 -1.5900000000000003
    endloop
  endfacet
  facet normal 0.39073112848927327 -0.9205048534524406 0
    outer loop
      vertex -0.5694313003061203 1.2789636406996412 -10.015
      vertex -0.5244492307822769 1.2980573963935023 -10.015
      vertex -0.5694313003061203 1.2789636406996412 -1.59
    endloop
  endfacet
  facet normal 0.35836794954529927 -0.9335804264972021 0
    outer loop
      vertex -0.5244492307822769 1.2980573963935023 -10.015
      vertex -0.4788282006559362 1.3155696691002716 -10.015
      vertex -0.5244492307822769 1.2980573963935023 -1.5900000000000003
    endloop
  endfacet
  facet normal 0.3255681544571583 -0.9455185755993162 0
    outer loop
      vertex -0.4788282006559362 1.3155696691002716 -10.015
      vertex -0.43262379212492624 1.331479122813215 -10.015
      vertex -0.4788282006559362 1.3155696691002716 -1.5900000000000005
    endloop
  endfacet
  facet normal 0.29237170472273466 -0.9563047559630361 3.852792858541099e-18
    outer loop
      vertex -0.43262379212492624 1.331479122813215 -10.015
      vertex -0.38589229814379866 1.3457663743136463 -10.015
      vertex -0.43262379212492635 1.331479122813215 -1.59
    endloop
  endfacet
  facet normal 0.25881904510252174 -0.9659258262890681 3.4106452591610267e-18
    outer loop
      vertex -0.38589229814379866 1.3457663743136463 -10.015
      vertex -0.3386906538395349 1.358414016786395 -10.015
      vertex -0.3858922981437988 1.3457663743136463 -1.5900000000000003
    endloop
  endfacet
  facet normal 0.22495105434386467 -0.9743700647852352 0
    outer loop
      vertex -0.3386906538395349 1.358414016786395 -10.015
      vertex -0.29107636714486307 1.3694066410273278 -10.015
      vertex -0.3386906538395349 1.358414016786395 -1.5900000000000003
    endloop
  endfacet
  facet normal 0.19080899537654247 -0.9816271834476645 0
    outer loop
      vertex -0.29107636714486307 1.3694066410273278 -10.015
      vertex -0.2431074487337024 1.378730854217091 -10.015
      vertex -0.29107636714486307 1.3694066410273278 -1.5900000000000003
    endloop
  endfacet
  facet normal 0.15643446504023265 -0.9876883405951374 5.153624478711732e-19
    outer loop
      vertex -0.2431074487337024 1.378730854217091 -10.015
      vertex -0.19484234134409148 1.3863752962381983 -10.015
      vertex -0.24310744873370244 1.378730854217091 -1.5900000000000003
    endloop
  endfacet
  facet normal 0.12186934340514902 -0.9925461516413218 1.605960249784527e-18
    outer loop
      vertex -0.19484234134409148 1.3863752962381983 -10.015
      vertex -0.14633984857471496 1.3923306535155826 -10.015
      vertex -0.1948423413440916 1.3863752962381983 -1.5900000000000003
    endloop
  endfacet
  facet normal 0.08715574274765435 -0.9961946980917459 0
    outer loop
      vertex -0.14633984857471496 1.3923306535155826 -10.015
      vertex -0.09765906324177545 1.3965896703637537 -10.015
      vertex -0.14633984857471496 1.3923306535155826 -1.5900000000000003
    endloop
  endfacet
  facet normal 0.05233595624294928 -0.9986295347545736 0
    outer loop
      vertex -0.09765906324177545 1.3965896703637537 -10.015
      vertex -0.04885929538350133 1.399147157826734 -10.015
      vertex -0.09765906324177545 1.3965896703637537 -1.5900000000000005
    endloop
  endfacet
  facet normal 0.01745240643728124 -0.9998476951563913 5.749573727532917e-20
    outer loop
      vertex -0.04885929538350133 1.399147157826734 -10.015
      vertex 0 1.4 -10.015
      vertex -0.04885929538350136 1.399147157826734 -1.59
    endloop
  endfacet
  facet normal 0.6819983600624996 -0.7313537016191696 0
    outer loop
      vertex -0.9367828489024015 1.040402755668352 -10.015
      vertex -0.9367828489024015 1.040402755668352 -1.5900000000000003
      vertex -0.9725217186425963 1.0070757204741114 -1.59
    endloop
  endfacet
  facet normal 0.6560590289905073 -0.754709580222772 0
    outer loop
      vertex -0.8999026535611551 1.0724622203665692 -10.015
      vertex -0.8999026535611551 1.0724622203665692 -1.59
      vertex -0.9367828489024015 1.040402755668352 -1.5900000000000003
    endloop
  endfacet
  facet normal 0.6293203910498368 -0.7771459614569713 8.293008759758293e-18
    outer loop
      vertex -0.8619260654559215 1.1032150550494106 -10.015
      vertex -0.8619260654559217 1.1032150550494106 -1.59
      vertex -0.8999026535611551 1.0724622203665692 -1.59
    endloop
  endfacet
  facet normal 0.6018150231520462 -0.7986355100472945 7.930550685682176e-18
    outer loop
      vertex -0.8228993532094622 1.1326237921249263 -10.015
      vertex -0.8228993532094623 1.1326237921249263 -1.5900000000000005
      vertex -0.8619260654559217 1.1032150550494106 -1.59
    endloop
  endfacet
  facet normal 0.5735764363510483 -0.8191520442889902 8.644607045705777e-18
    outer loop
      vertex -0.7828700648590453 1.1606526015770584 -10.015
      vertex -0.7828700648590458 1.1606526015770582 -1.5900000000000003
      vertex -0.8228993532094623 1.1326237921249263 -1.5900000000000005
    endloop
  endfacet
  facet normal 0.5446390350150239 -0.8386705679454262 -7.7493312243362e-18
    outer loop
      vertex -0.7418869699264866 1.1872673346189964 -10.015
      vertex -0.7418869699264868 1.1872673346189961 -1.5900000000000003
      vertex -0.7828700648590458 1.1606526015770582 -1.5900000000000003
    endloop
  endfacet
  facet normal 0.5150380749100557 -0.8571673007021114 -2.229938972335655e-18
    outer loop
      vertex -0.6999999999999996 1.2124355652982142 -10.015
      vertex -0.7 1.212435565298214 -1.5900000000000003
      vertex -0.7418869699264868 1.1872673346189961 -1.5900000000000003
    endloop
  endfacet
  facet normal 0.48480962024633845 -0.874619707139395 0
    outer loop
      vertex -0.6572601879002472 1.2361266300024976 -10.015
      vertex -0.6572601879002472 1.2361266300024976 -1.5900000000000005
      vertex -0.7 1.212435565298214 -1.5900000000000003
    endloop
  endfacet
  facet normal 0.4539904997395482 -0.8910065241883672 0
    outer loop
      vertex -0.6137196055047085 1.2583116648188337 -10.015
      vertex -0.6137196055047085 1.2583116648188337 -1.5900000000000003
      vertex -0.6572601879002472 1.2361266300024976 -1.5900000000000005
    endloop
  endfacet
  facet normal 0.42261826174069894 -0.9063077870366503 0
    outer loop
      vertex -0.5694313003061203 1.2789636406996412 -10.015
      vertex -0.5694313003061203 1.2789636406996412 -1.59
      vertex -0.6137196055047085 1.2583116648188337 -1.5900000000000003
    endloop
  endfacet
  facet normal 0.39073112848927327 -0.9205048534524406 0
    outer loop
      vertex -0.5244492307822769 1.2980573963935023 -10.015
      vertex -0.5244492307822769 1.2980573963935023 -1.5900000000000003
      vertex -0.5694313003061203 1.2789636406996412 -1.59
    endloop
  endfacet
  facet normal 0.35836794954529927 -0.9335804264972021 0
    outer loop
      vertex -0.4788282006559362 1.3155696691002716 -10.015
      vertex -0.4788282006559362 1.3155696691002716 -1.5900000000000005
      vertex -0.5244492307822769 1.2980573963935023 -1.5900000000000003
    endloop
  endfacet
  facet normal 0.32556815445715903 -0.945518575599316 4.2902464233003824e-18
    outer loop
      vertex -0.43262379212492624 1.331479122813215 -10.015
      vertex -0.43262379212492635 1.331479122813215 -1.59
      vertex -0.4788282006559362 1.3155696691002716 -1.5900000000000005
    endloop
  endfacet
  facet normal 0.29237170472273466 -0.9563047559630361 3.852792858541099e-18
    outer loop
      vertex -0.38589229814379866 1.3457663743136463 -10.015
      vertex -0.3858922981437988 1.3457663743136463 -1.5900000000000003
      vertex -0.43262379212492635 1.331479122813215 -1.59
    endloop
  endfacet
  facet normal 0.2588190451025212 -0.9659258262890681 0
    outer loop
      vertex -0.3386906538395349 1.358414016786395 -10.015
      vertex -0.3386906538395349 1.358414016786395 -1.5900000000000003
      vertex -0.3858922981437988 1.3457663743136463 -1.5900000000000003
    endloop
  endfacet
  facet normal 0.22495105434386467 -0.9743700647852352 0
    outer loop
      vertex -0.29107636714486307 1.3694066410273278 -10.015
      vertex -0.29107636714486307 1.3694066410273278 -1.5900000000000003
      vertex -0.3386906538395349 1.358414016786395 -1.5900000000000003
    endloop
  endfacet
  facet normal 0.19080899537654256 -0.9816271834476643 6.286069435389691e-19
    outer loop
      vertex -0.2431074487337024 1.378730854217091 -10.015
      vertex -0.24310744873370244 1.378730854217091 -1.5900000000000003
      vertex -0.29107636714486307 1.3694066410273278 -1.5900000000000003
    endloop
  endfacet
  facet normal 0.1564344650402329 -0.9876883405951374 2.0614497914846963e-18
    outer loop
      vertex -0.19484234134409148 1.3863752962381983 -10.015
      vertex -0.1948423413440916 1.3863752962381983 -1.5900000000000003
      vertex -0.24310744873370244 1.378730854217091 -1.5900000000000003
    endloop
  endfacet
  facet normal 0.12186934340514873 -0.9925461516413219 0
    outer loop
      vertex -0.14633984857471496 1.3923306535155826 -10.015
      vertex -0.14633984857471496 1.3923306535155826 -1.5900000000000003
      vertex -0.1948423413440916 1.3863752962381983 -1.5900000000000003
    endloop
  endfacet
  facet normal 0.08715574274765435 -0.9961946980917459 0
    outer loop
      vertex -0.09765906324177545 1.3965896703637537 -10.015
      vertex -0.09765906324177545 1.3965896703637537 -1.5900000000000005
      vertex -0.14633984857471496 1.3923306535155826 -1.5900000000000003
    endloop
  endfacet
  facet normal 0.052335956242949316 -0.9986295347545736 1.724171621266974e-19
    outer loop
      vertex -0.04885929538350133 1.399147157826734 -10.015
      vertex -0.04885929538350136 1.399147157826734 -1.59
      vertex -0.09765906324177545 1.3965896703637537 -1.5900000000000005
    endloop
  endfacet
  facet normal 0.01745240643728123 -0.9998476951563913 0
    outer loop
      vertex -0.04885929538350136 1.399147157826734 -1.59
      vertex 0 1.4 -10.015
      vertex 0 1.4 -1.5900000000000003
    endloop
  endfacet
  facet normal 0 0 1
    outer loop
      vertex 0 -1.4 -10.015
      vertex 0.04885929538350179 -1.399147157826734 -10.015
      vertex 0 -1.335 -10.015
    endloop
  endfacet
  facet normal 0 0 1
    outer loop
      vertex 0.04885929538350179 -1.399147157826734 -10.015
      vertex 0.0976590632417753 -1.396589670363754 -10.015
      vertex 0.04659082809783921 -1.3341867540704928 -10.015
    endloop
  endfacet
  facet normal 0 0 1
    outer loop
      vertex 0 -1.335 -10.015
      vertex 0.04885929538350179 -1.399147157826734 -10.015
      vertex 0.04659082809783921 -1.3341867540704928 -10.015
    endloop
  endfacet
  facet normal 0 0 1
    outer loop
      vertex 0.04659082809783921 -1.3341867540704928 -10.015
      vertex 0.0976590632417753 -1.396589670363754 -10.015
      vertex 0.09312489244840716 -1.3317480070968655 -10.015
    endloop
  endfacet
  facet normal 0 0 1
    outer loop
      vertex 0.0976590632417753 -1.396589670363754 -10.015
      vertex 0.14633984857471416 -1.3923306535155826 -10.015
      vertex 0.09312489244840716 -1.3317480070968655 -10.015
    endloop
  endfacet
  facet normal 0 0 1
    outer loop
      vertex 0.09312489244840716 -1.3317480070968655 -10.015
      vertex 0.14633984857471416 -1.3923306535155826 -10.015
      vertex 0.13954549846231673 -1.3276867303166449 -10.015
    endloop
  endfacet
  facet normal 0 0 1
    outer loop
      vertex 0.14633984857471416 -1.3923306535155826 -10.015
      vertex 0.19484234134409165 -1.3863752962381983 -10.015
      vertex 0.13954549846231673 -1.3276867303166449 -10.015
    endloop
  endfacet
  facet normal 0 0 1
    outer loop
      vertex 0.13954549846231673 -1.3276867303166449 -10.015
      vertex 0.19484234134409165 -1.3863752962381983 -10.015
      vertex 0.18579608978168738 -1.3220078717699963 -10.015
    endloop
  endfacet
  facet normal 0 0 1
    outer loop
      vertex 0.19484234134409165 -1.3863752962381983 -10.015
      vertex 0.24310744873370194 -1.3787308542170913 -10.015
      vertex 0.18579608978168738 -1.3220078717699963 -10.015
    endloop
  endfacet
  facet normal 0 0 1
    outer loop
      vertex 0.18579608978168738 -1.3220078717699963 -10.015
      vertex 0.24310744873370194 -1.3787308542170913 -10.015
      vertex 0.2318203171853515 -1.3147183502712978 -10.015
    endloop
  endfacet
  facet normal 0 0 1
    outer loop
      vertex 0.2318203171853515 -1.3147183502712978 -10.015
      vertex 0.24310744873370194 -1.3787308542170913 -10.015
      vertex 0.2910763671448632 -1.3694066410273278 -10.015
    endloop
  endfacet
  facet normal 0 0 1
    outer loop
      vertex 0.2318203171853515 -1.3147183502712978 -10.015
      vertex 0.2910763671448632 -1.3694066410273278 -10.015
      vertex 0.2775621072417088 -1.3058270469796305 -10.015
    endloop
  endfacet
  facet normal 0 0 1
    outer loop
      vertex 0.2910763671448632 -1.3694066410273278 -10.015
      vertex 0.3386906538395344 -1.3584140167863952 -10.015
      vertex 0.2775621072417088 -1.3058270469796305 -10.015
    endloop
  endfacet
  facet normal 0 0 1
    outer loop
      vertex 0.2775621072417088 -1.3058270469796305 -10.015
      vertex 0.3386906538395344 -1.3584140167863952 -10.015
      vertex 0.322965730625556 -1.2953447945784553 -10.015
    endloop
  endfacet
  facet normal 0 0 1
    outer loop
      vertex 0.3386906538395344 -1.3584140167863952 -10.015
      vertex 0.3858922981437991 -1.3457663743136463 -10.015
      vertex 0.322965730625556 -1.2953447945784553 -10.015
    endloop
  endfacet
  facet normal 0 0 1
    outer loop
      vertex 0.3858922981437991 -1.3457663743136463 -10.015
      vertex 0.3679758700156941 -1.2832843640776554 -10.015
      vertex 0.322965730625556 -1.2953447945784553 -10.015
    endloop
  endfacet
  facet normal 0 0 1
    outer loop
      vertex 0.3858922981437991 -1.3457663743136463 -10.015
      vertex 0.4326237921249261 -1.331479122813215 -10.015
      vertex 0.3679758700156941 -1.2832843640776554 -10.015
    endloop
  endfacet
  facet normal 0 0 1
    outer loop
      vertex 0.3679758700156941 -1.2832843640776554 -10.015
      vertex 0.4326237921249261 -1.331479122813215 -10.015
      vertex 0.4125376874905545 -1.26966044925403 -10.015
    endloop
  endfacet
  facet normal 0 0 1
    outer loop
      vertex 0.4326237921249261 -1.331479122813215 -10.015
      vertex 0.47882820065593656 -1.3155696691002716 -10.015
      vertex 0.4125376874905545 -1.26966044925403 -10.015
    endloop
  endfacet
  facet normal 0 0 1
    outer loop
      vertex 0.4125376874905545 -1.26966044925403 -10.015
      vertex 0.47882820065593656 -1.3155696691002716 -10.015
      vertex 0.4565968913397681 -1.2544896487491877 -10.015
    endloop
  endfacet
  facet normal 0 0 1
    outer loop
      vertex 0.4565968913397681 -1.2544896487491877 -10.015
      vertex 0.47882820065593656 -1.3155696691002716 -10.015
      vertex 0.5244492307822767 -1.2980573963935023 -10.015
    endloop
  endfacet
  facet normal 0 0 1
    outer loop
      vertex 0.4565968913397681 -1.2544896487491877 -10.015
      vertex 0.5244492307822767 -1.2980573963935023 -10.015
      vertex 0.5000998022102424 -1.237790445846661 -10.015
    endloop
  endfacet
  facet normal 0 0 1
    outer loop
      vertex 0.5244492307822767 -1.2980573963935023 -10.015
      vertex 0.5694313003061197 -1.2789636406996414 -10.015
      vertex 0.5000998022102424 -1.237790445846661 -10.015
    endloop
  endfacet
  facet normal 0 0 1
    outer loop
      vertex 0.5694313003061197 -1.2789636406996414 -10.015
      vertex 0.6137196055047083 -1.2583116648188337 -10.015
      vertex 0.5429934185061926 -1.2195831859528725 -10.015
    endloop
  endfacet
  facet normal 0 0 1
    outer loop
      vertex 0.5694313003061197 -1.2789636406996414 -10.015
      vertex 0.5429934185061926 -1.2195831859528725 -10.015
      vertex 0.5000998022102424 -1.237790445846661 -10.015
    endloop
  endfacet
  facet normal 0 0 1
    outer loop
      vertex 0.6137196055047083 -1.2583116648188337 -10.015
      vertex 0.5852254809634183 -1.199890051809388 -10.015
      vertex 0.5429934185061926 -1.2195831859528725 -10.015
    endloop
  endfacet
  facet normal 0 0 1
    outer loop
      vertex 0.6137196055047083 -1.2583116648188337 -10.015
      vertex 0.6572601879002465 -1.2361266300024978 -10.015
      vertex 0.5852254809634183 -1.199890051809388 -10.015
    endloop
  endfacet
  facet normal 0 0 1
    outer loop
      vertex 0.5852254809634183 -1.199890051809388 -10.015
      vertex 0.6572601879002465 -1.2361266300024978 -10.015
      vertex 0.6267445363191637 -1.1787350364666676 -10.015
    endloop
  endfacet
  facet normal 0 0 1
    outer loop
      vertex 0.6572601879002465 -1.2361266300024978 -10.015
      vertex 0.7000000000000001 -1.212435565298214 -10.015
      vertex 0.6267445363191637 -1.1787350364666676 -10.015
    endloop
  endfacet
  facet normal 0 0 1
    outer loop
      vertex 0.6267445363191637 -1.1787350364666676 -10.015
      vertex 0.7000000000000001 -1.212435565298214 -10.015
      vertex 0.6675000000000001 -1.1561439140522254 -10.015
    endloop
  endfacet
  facet normal 0 0 1
    outer loop
      vertex 0.7000000000000001 -1.212435565298214 -10.015
      vertex 0.7418869699264865 -1.1872673346189964 -10.015
      vertex 0.6675000000000001 -1.1561439140522254 -10.015
    endloop
  endfacet
  facet normal 0 0 1
    outer loop
      vertex 0.6675000000000001 -1.1561439140522254 -10.015
      vertex 0.7418869699264865 -1.1872673346189964 -10.015
      vertex 0.7074422177513282 -1.1321442083688287 -10.015
    endloop
  endfacet
  facet normal 0 0 1
    outer loop
      vertex 0.7418869699264865 -1.1872673346189964 -10.015
      vertex 0.7828700648590458 -1.1606526015770582 -10.015
      vertex 0.7074422177513282 -1.1321442083688287 -10.015
    endloop
  endfacet
  facet normal 0 0 1
    outer loop
      vertex 0.7074422177513282 -1.1321442083688287 -10.015
      vertex 0.7828700648590458 -1.1606526015770582 -10.015
      vertex 0.7465225261334473 -1.1067651593609806 -10.015
    endloop
  endfacet
  facet normal 0 0 1
    outer loop
      vertex 0.7465225261334473 -1.1067651593609806 -10.015
      vertex 0.7828700648590458 -1.1606526015770582 -10.015
      vertex 0.8228993532094621 -1.1326237921249265 -10.015
    endloop
  endfacet
  facet normal 0 0 1
    outer loop
      vertex 0.7465225261334473 -1.1067651593609806 -10.015
      vertex 0.8228993532094621 -1.1326237921249265 -10.015
      vertex 0.7846933118104513 -1.080037687490555 -10.015
    endloop
  endfacet
  facet normal 0 0 1
    outer loop
      vertex 0.8228993532094621 -1.1326237921249265 -10.015
      vertex 0.8619260654559219 -1.1032150550494104 -10.015
      vertex 0.7846933118104513 -1.080037687490555 -10.015
    endloop
  endfacet
  facet normal 0 0 1
    outer loop
      vertex 0.8619260654559219 -1.1032150550494104 -10.015
      vertex 0.821908069559754 -1.0519943560649736 -10.015
      vertex 0.7846933118104513 -1.080037687490555 -10.015
    endloop
  endfacet
  facet normal 0 0 1
    outer loop
      vertex 0.8619260654559219 -1.1032150550494104 -10.015
      vertex 0.8999026535611548 -1.0724622203665692 -10.015
      vertex 0.821908069559754 -1.0519943560649736 -10.015
    endloop
  endfacet
  facet normal 0 0 1
    outer loop
      vertex 0.821908069559754 -1.0519943560649736 -10.015
      vertex 0.8999026535611548 -1.0724622203665692 -10.015
      vertex 0.8581214589315299 -1.0226693315638358 -10.015
    endloop
  endfacet
  facet normal 0 0 1
    outer loop
      vertex 0.8581214589315299 -1.0226693315638358 -10.015
      vertex 0.8999026535611548 -1.0724622203665692 -10.015
      vertex 0.9367828489024008 -1.0404027556683524 -10.015
    endloop
  endfacet
  facet normal 0 0 1
    outer loop
      vertex 0.8581214589315299 -1.0226693315638358 -10.015
      vertex 0.9367828489024008 -1.0404027556683524 -10.015
      vertex 0.8932893594890751 -0.9920983420123217 -10.015
    endloop
  endfacet
  facet normal 0 0 1
    outer loop
      vertex 0.9367828489024008 -1.0404027556683524 -10.015
      vertex 0.9725217186425961 -1.0070757204741114 -10.015
      vertex 0.8932893594890751 -0.9920983420123217 -10.015
    endloop
  endfacet
  facet normal 0 0 1
    outer loop
      vertex 0.8932893594890751 -0.9920983420123217 -10.015
      vertex 0.9725217186425961 -1.0070757204741114 -10.015
      vertex 0.9273689245627612 -0.9603186334520991 -10.015
    endloop
  endfacet
  facet normal 0 0 1
    outer loop
      vertex 0.9273689245627612 -0.9603186334520991 -10.015
      vertex 1.0070757204741112 -0.9725217186425965 -10.015
      vertex 0.9603186334520989 -0.9273689245627618 -10.015
    endloop
  endfacet
  facet normal 0 0 1
    outer loop
      vertex 0.9273689245627612 -0.9603186334520991 -10.015
      vertex 0.9725217186425961 -1.0070757204741114 -10.015
      vertex 1.0070757204741112 -0.9725217186425965 -10.015
    endloop
  endfacet
  facet normal 0 0 1
    outer loop
      vertex 0.9603186334520989 -0.9273689245627618 -10.015
      vertex 1.040402755668352 -0.9367828489024013 -10.015
      vertex 0.9920983420123213 -0.8932893594890756 -10.015
    endloop
  endfacet
  facet normal 0 0 1
    outer loop
      vertex 1.0070757204741112 -0.9725217186425965 -10.015
      vertex 1.040402755668352 -0.9367828489024013 -10.015
      vertex 0.9603186334520989 -0.9273689245627618 -10.015
    endloop
  endfacet
  facet normal 0 0 1
    outer loop
      vertex 0.9920983420123213 -0.8932893594890756 -10.015
      vertex 1.0724622203665688 -0.8999026535611554 -10.015
      vertex 1.0226693315638353 -0.8581214589315304 -10.015
    endloop
  endfacet
  facet normal 0 0 1
    outer loop
      vertex 0.9920983420123213 -0.8932893594890756 -10.015
      vertex 1.040402755668352 -0.9367828489024013 -10.015
      vertex 1.0724622203665688 -0.8999026535611554 -10.015
    endloop
  endfacet
  facet normal 0 0 1
    outer loop
      vertex 1.0226693315638353 -0.8581214589315304 -10.015
      vertex 1.1032150550494106 -0.8619260654559214 -10.015
      vertex 1.0519943560649738 -0.8219080695597537 -10.015
    endloop
  endfacet
  facet normal 0 0 1
    outer loop
      vertex 1.0724622203665688 -0.8999026535611554 -10.015
      vertex 1.1032150550494106 -0.8619260654559214 -10.015
      vertex 1.0226693315638353 -0.8581214589315304 -10.015
    endloop
  endfacet
  facet normal 0 0 1
    outer loop
      vertex 1.0519943560649738 -0.8219080695597537 -10.015
      vertex 1.1032150550494106 -0.8619260654559214 -10.015
      vertex 1.1326237921249263 -0.8228993532094626 -10.015
    endloop
  endfacet
  facet normal 0 0 1
    outer loop
      vertex 1.0519943560649738 -0.8219080695597537 -10.015
      vertex 1.1326237921249263 -0.8228993532094626 -10.015
      vertex 1.0800376874905546 -0.7846933118104519 -10.015
    endloop
  endfacet
  facet normal 0 0 1
    outer loop
      vertex 1.0800376874905546 -0.7846933118104519 -10.015
      vertex 1.1326237921249263 -0.8228993532094626 -10.015
      vertex 1.1606526015770584 -0.7828700648590452 -10.015
    endloop
  endfacet
  facet normal 0 0 1
    outer loop
      vertex 1.0800376874905546 -0.7846933118104519 -10.015
      vertex 1.1606526015770584 -0.7828700648590452 -10.015
      vertex 1.1067651593609809 -0.7465225261334467 -10.015
    endloop
  endfacet
  facet normal 0 0 1
    outer loop
      vertex 1.1606526015770584 -0.7828700648590452 -10.015
      vertex 1.1872673346189961 -0.741886969926487 -10.015
      vertex 1.1067651593609809 -0.7465225261334467 -10.015
    endloop
  endfacet
  facet normal 0 0 1
    outer loop
      vertex 1.1067651593609809 -0.7465225261334467 -10.015
      vertex 1.1872673346189961 -0.741886969926487 -10.015
      vertex 1.1321442083688285 -0.7074422177513287 -10.015
    endloop
  endfacet
  facet normal 0 0 1
    outer loop
      vertex 1.1321442083688285 -0.7074422177513287 -10.015
      vertex 1.2124355652982137 -0.7000000000000006 -10.015
      vertex 1.1561439140522252 -0.6675000000000005 -10.015
    endloop
  endfacet
  facet normal 0 0 1
    outer loop
      vertex 1.1321442083688285 -0.7074422177513287 -10.015
      vertex 1.1872673346189961 -0.741886969926487 -10.015
      vertex 1.2124355652982137 -0.7000000000000006 -10.015
    endloop
  endfacet
  facet normal 0 0 1
    outer loop
      vertex 1.1561439140522252 -0.6675000000000005 -10.015
      vertex 1.2124355652982137 -0.7000000000000006 -10.015
      vertex 1.2361266300024978 -0.6572601879002471 -10.015
    endloop
  endfacet
  facet normal 0 0 1
    outer loop
      vertex 1.1561439140522252 -0.6675000000000005 -10.015
      vertex 1.2361266300024978 -0.6572601879002471 -10.015
      vertex 1.1787350364666676 -0.6267445363191642 -10.015
    endloop
  endfacet
  facet normal 0 0 1
    outer loop
      vertex 1.1787350364666676 -0.6267445363191642 -10.015
      vertex 1.2361266300024978 -0.6572601879002471 -10.015
      vertex 1.2583116648188335 -0.6137196055047088 -10.015
    endloop
  endfacet
  facet normal 0 0 1
    outer loop
      vertex 1.1787350364666676 -0.6267445363191642 -10.015
      vertex 1.2583116648188335 -0.6137196055047088 -10.015
      vertex 1.1998900518093876 -0.5852254809634189 -10.015
    endloop
  endfacet
  facet normal 0 0 1
    outer loop
      vertex 1.1998900518093876 -0.5852254809634189 -10.015
      vertex 1.2789636406996412 -0.5694313003061202 -10.015
      vertex 1.2195831859528723 -0.5429934185061933 -10.015
    endloop
  endfacet
  facet normal 0 0 1
    outer loop
      vertex 1.1998900518093876 -0.5852254809634189 -10.015
      vertex 1.2583116648188335 -0.6137196055047088 -10.015
      vertex 1.2789636406996412 -0.5694313003061202 -10.015
    endloop
  endfacet
  facet normal 0 0 1
    outer loop
      vertex 1.2195831859528723 -0.5429934185061933 -10.015
      vertex 1.2789636406996412 -0.5694313003061202 -10.015
      vertex 1.2980573963935023 -0.5244492307822772 -10.015
    endloop
  endfacet
  facet normal 0 0 1
    outer loop
      vertex 1.2195831859528723 -0.5429934185061933 -10.015
      vertex 1.2980573963935023 -0.5244492307822772 -10.015
      vertex 1.237790445846661 -0.500099802210243 -10.015
    endloop
  endfacet
  facet normal 0 0 1
    outer loop
      vertex 1.237790445846661 -0.500099802210243 -10.015
      vertex 1.2980573963935023 -0.5244492307822772 -10.015
      vertex 1.3155696691002716 -0.478828200655936 -10.015
    endloop
  endfacet
  facet normal 0 0 1
    outer loop
      vertex 1.237790445846661 -0.500099802210243 -10.015
      vertex 1.3155696691002716 -0.478828200655936 -10.015
      vertex 1.2544896487491877 -0.4565968913397676 -10.015
    endloop
  endfacet
  facet normal 0 0 1
    outer loop
      vertex 1.3155696691002716 -0.478828200655936 -10.015
      vertex 1.3314791228132148 -0.43262379212492674 -10.015
      vertex 1.2544896487491877 -0.4565968913397676 -10.015
    endloop
  endfacet
  facet normal 0 0 1
    outer loop
      vertex 1.2544896487491877 -0.4565968913397676 -10.015
      vertex 1.3314791228132148 -0.43262379212492674 -10.015
      vertex 1.26966044925403 -0.4125376874905552 -10.015
    endloop
  endfacet
  facet normal 0 0 1
    outer loop
      vertex 1.26966044925403 -0.4125376874905552 -10.015
      vertex 1.3457663743136463 -0.3858922981437985 -10.015
      vertex 1.2832843640776557 -0.3679758700156936 -10.015
    endloop
  endfacet
  facet normal 0 0 1
    outer loop
      vertex 1.26966044925403 -0.4125376874905552 -10.015
      vertex 1.3314791228132148 -0.43262379212492674 -10.015
      vertex 1.3457663743136463 -0.3858922981437985 -10.015
    endloop
  endfacet
  facet normal 0 0 1
    outer loop
      vertex 1.2832843640776557 -0.3679758700156936 -10.015
      vertex 1.358414016786395 -0.338690653839535 -10.015
      vertex 1.2953447945784553 -0.3229657306255566 -10.015
    endloop
  endfacet
  facet normal 0 0 1
    outer loop
      vertex 1.2832843640776557 -0.3679758700156936 -10.015
      vertex 1.3457663743136463 -0.3858922981437985 -10.015
      vertex 1.358414016786395 -0.338690653839535 -10.015
    endloop
  endfacet
  facet normal 0 0 1
    outer loop
      vertex 1.2953447945784553 -0.3229657306255566 -10.015
      vertex 1.358414016786395 -0.338690653839535 -10.015
      vertex 1.3694066410273278 -0.2910763671448638 -10.015
    endloop
  endfacet
  facet normal 0 0 1
    outer loop
      vertex 1.2953447945784553 -0.3229657306255566 -10.015
      vertex 1.3694066410273278 -0.2910763671448638 -10.015
      vertex 1.3058270469796305 -0.27756210724170943 -10.015
    endloop
  endfacet
  facet normal 0 0 1
    outer loop
      vertex 1.3058270469796305 -0.27756210724170943 -10.015
      vertex 1.378730854217091 -0.24310744873370252 -10.015
      vertex 1.3147183502712976 -0.23182031718535206 -10.015
    endloop
  endfacet
  facet normal 0 0 1
    outer loop
      vertex 1.3058270469796305 -0.27756210724170943 -10.015
      vertex 1.3694066410273278 -0.2910763671448638 -10.015
      vertex 1.378730854217091 -0.24310744873370252 -10.015
    endloop
  endfacet
  facet normal 0 0 1
    outer loop
      vertex 1.3147183502712976 -0.23182031718535206 -10.015
      vertex 1.3863752962381983 -0.19484234134409223 -10.015
      vertex 1.3220078717699963 -0.18579608978168796 -10.015
    endloop
  endfacet
  facet normal 0 0 1
    outer loop
      vertex 1.3147183502712976 -0.23182031718535206 -10.015
      vertex 1.378730854217091 -0.24310744873370252 -10.015
      vertex 1.3863752962381983 -0.19484234134409223 -10.015
    endloop
  endfacet
  facet normal 0 0 1
    outer loop
      vertex 1.3220078717699963 -0.18579608978168796 -10.015
      vertex 1.3923306535155826 -0.14633984857471477 -10.015
      vertex 1.3276867303166449 -0.1395454984623173 -10.015
    endloop
  endfacet
  facet normal 0 0 1
    outer loop
      vertex 1.3220078717699963 -0.18579608978168796 -10.015
      vertex 1.3863752962381983 -0.19484234134409223 -10.015
      vertex 1.3923306535155826 -0.14633984857471477 -10.015
    endloop
  endfacet
  facet normal 0 0 1
    outer loop
      vertex 1.3276867303166449 -0.1395454984623173 -10.015
      vertex 1.3923306535155826 -0.14633984857471477 -10.015
      vertex 1.3965896703637537 -0.09765906324177588 -10.015
    endloop
  endfacet
  facet normal 0 0 1
    outer loop
      vertex 1.3276867303166449 -0.1395454984623173 -10.015
      vertex 1.3965896703637537 -0.09765906324177588 -10.015
      vertex 1.3317480070968652 -0.09312489244840773 -10.015
    endloop
  endfacet
  facet normal 0 0 1
    outer loop
      vertex 1.3317480070968652 -0.09312489244840773 -10.015
      vertex 1.399147157826734 -0.04885929538350115 -10.015
      vertex 1.3341867540704928 -0.0465908280978386 -10.015
    endloop
  endfacet
  facet normal 0 0 1
    outer loop
      vertex 1.3341867540704928 -0.0465908280978386 -10.015
      vertex 1.4 0 -10.015
      vertex 1.335 0 -10.015
    endloop
  endfacet
  facet normal 0 0 1
    outer loop
      vertex 1.3317480070968652 -0.09312489244840773 -10.015
      vertex 1.3965896703637537 -0.09765906324177588 -10.015
      vertex 1.399147157826734 -0.04885929538350115 -10.015
    endloop
  endfacet
  facet normal 0 0 1
    outer loop
      vertex 1.3341867540704928 -0.0465908280978386 -10.015
      vertex 1.399147157826734 -0.04885929538350115 -10.015
      vertex 1.4 0 -10.015
    endloop
  endfacet
  facet normal -0.017452406437281076 0.9998476951563913 0
    outer loop
      vertex 0 -1.4 -10.015
      vertex 0.04885929538350179 -1.399147157826734 -1.5900000000000003
      vertex 0.04885929538350179 -1.399147157826734 -10.015
    endloop
  endfacet
  facet normal -0.05233595624294541 0.9986295347545738 7.900385233238533e-19
    outer loop
      vertex 0.04885929538350179 -1.399147157826734 -10.015
      vertex 0.09765906324177542 -1.396589670363754 -1.5900000000000003
      vertex 0.0976590632417753 -1.396589670363754 -10.015
    endloop
  endfacet
  facet normal -0.08715574274766003 0.9961946980917454 7.176183253525003e-18
    outer loop
      vertex 0.0976590632417753 -1.396589670363754 -10.015
      vertex 0.14633984857471485 -1.3923306535155826 -1.5900000000000005
      vertex 0.14633984857471416 -1.3923306535155826 -10.015
    endloop
  endfacet
  facet normal -0.12186934340514662 0.9925461516413221 0
    outer loop
      vertex 0.14633984857471416 -1.3923306535155826 -10.015
      vertex 0.19484234134409165 -1.3863752962381983 -1.59
      vertex 0.19484234134409165 -1.3863752962381983 -10.015
    endloop
  endfacet
  facet normal -0.1564344650402302 0.9876883405951378 9.74380845432753e-18
    outer loop
      vertex 0.19484234134409165 -1.3863752962381983 -10.015
      vertex 0.24310744873370246 -1.3787308542170913 -1.59
      vertex 0.24310744873370194 -1.3787308542170913 -10.015
    endloop
  endfacet
  facet normal -0.1908089953765446 0.9816271834476639 0
    outer loop
      vertex 0.24310744873370194 -1.3787308542170913 -10.015
      vertex 0.2910763671448632 -1.3694066410273278 -1.5900000000000005
      vertex 0.2910763671448632 -1.3694066410273278 -10.015
    endloop
  endfacet
  facet normal -0.22495105434386312 0.9743700647852356 -1.52740781175945e-17
    outer loop
      vertex 0.2910763671448632 -1.3694066410273278 -10.015
      vertex 0.3386906538395348 -1.358414016786395 -1.5900000000000003
      vertex 0.3386906538395344 -1.3584140167863952 -10.015
    endloop
  endfacet
  facet normal -0.2588190451025212 0.9659258262890682 0
    outer loop
      vertex 0.3386906538395344 -1.3584140167863952 -10.015
      vertex 0.3858922981437991 -1.3457663743136463 -1.5900000000000005
      vertex 0.3858922981437991 -1.3457663743136463 -10.015
    endloop
  endfacet
  facet normal -0.2923717047227381 0.956304755963035 9.743808454327524e-18
    outer loop
      vertex 0.3858922981437991 -1.3457663743136463 -10.015
      vertex 0.43262379212492635 -1.331479122813215 -1.59
      vertex 0.4326237921249261 -1.331479122813215 -10.015
    endloop
  endfacet
  facet normal -0.3255681544571548 0.9455185755993175 0
    outer loop
      vertex 0.4326237921249261 -1.331479122813215 -10.015
      vertex 0.47882820065593656 -1.3155696691002716 -1.5900000000000005
      vertex 0.47882820065593656 -1.3155696691002716 -10.015
    endloop
  endfacet
  facet normal -0.35836794954530343 0.9335804264972005 0
    outer loop
      vertex 0.47882820065593656 -1.3155696691002716 -10.015
      vertex 0.5244492307822767 -1.2980573963935023 -1.5900000000000005
      vertex 0.5244492307822767 -1.2980573963935023 -10.015
    endloop
  endfacet
  facet normal -0.39073112848927255 0.9205048534524408 6.583654361032106e-18
    outer loop
      vertex 0.5244492307822767 -1.2980573963935023 -10.015
      vertex 0.5694313003061203 -1.2789636406996412 -1.5900000000000003
      vertex 0.5694313003061197 -1.2789636406996414 -10.015
    endloop
  endfacet
  facet normal -0.4226182617406992 0.90630778703665 0
    outer loop
      vertex 0.5694313003061197 -1.2789636406996414 -10.015
      vertex 0.6137196055047083 -1.2583116648188337 -1.5900000000000005
      vertex 0.6137196055047083 -1.2583116648188337 -10.015
    endloop
  endfacet
  facet normal -0.4539904997395482 0.8910065241883671 6.583654361032097e-18
    outer loop
      vertex 0.6137196055047083 -1.2583116648188337 -10.015
      vertex 0.6572601879002471 -1.2361266300024976 -1.5900000000000005
      vertex 0.6572601879002465 -1.2361266300024978 -10.015
    endloop
  endfacet
  facet normal -0.4848096202463353 0.8746197071393969 0
    outer loop
      vertex 0.6572601879002465 -1.2361266300024978 -10.015
      vertex 0.7000000000000001 -1.212435565298214 -1.5900000000000003
      vertex 0.7000000000000001 -1.212435565298214 -10.015
    endloop
  endfacet
  facet normal -0.5150380749100563 0.8571673007021109 -9.48046227988623e-18
    outer loop
      vertex 0.7000000000000001 -1.212435565298214 -10.015
      vertex 0.7418869699264867 -1.1872673346189961 -1.5900000000000005
      vertex 0.7418869699264865 -1.1872673346189964 -10.015
    endloop
  endfacet
  facet normal -0.544639035015024 0.838670567945426 0
    outer loop
      vertex 0.7418869699264865 -1.1872673346189964 -10.015
      vertex 0.7828700648590458 -1.1606526015770582 -1.5900000000000003
      vertex 0.7828700648590458 -1.1606526015770582 -10.015
    endloop
  endfacet
  facet normal -0.5735764363510474 0.8191520442889909 1.0533846977651382e-18
    outer loop
      vertex 0.7828700648590458 -1.1606526015770582 -10.015
      vertex 0.8228993532094624 -1.1326237921249263 -1.5900000000000005
      vertex 0.8228993532094621 -1.1326237921249265 -10.015
    endloop
  endfacet
  facet normal -0.6018150231520476 0.7986355100472934 0
    outer loop
      vertex 0.8228993532094621 -1.1326237921249265 -10.015
      vertex 0.8619260654559219 -1.1032150550494104 -1.5900000000000003
      vertex 0.8619260654559219 -1.1032150550494104 -10.015
    endloop
  endfacet
  facet normal -0.6293203910498386 0.77714596145697 8.427077582121107e-18
    outer loop
      vertex 0.8619260654559219 -1.1032150550494104 -10.015
      vertex 0.899902653561155 -1.0724622203665692 -1.59
      vertex 0.8999026535611548 -1.0724622203665692 -10.015
    endloop
  endfacet
  facet normal -0.6560590289905065 0.7547095802227727 3.1601540932954193e-18
    outer loop
      vertex 0.8999026535611548 -1.0724622203665692 -10.015
      vertex 0.9367828489024014 -1.040402755668352 -1.5900000000000003
      vertex 0.9367828489024008 -1.0404027556683524 -10.015
    endloop
  endfacet
  facet normal -0.6819983600624998 0.7313537016191693 0
    outer loop
      vertex 0.9367828489024008 -1.0404027556683524 -10.015
      vertex 0.9725217186425961 -1.0070757204741114 -1.5900000000000003
      vertex 0.9725217186425961 -1.0070757204741114 -10.015
    endloop
  endfacet
  facet normal -0.017452406437281076 0.9998476951563913 0
    outer loop
      vertex 0 -1.4 -10.015
      vertex 0 -1.4 -1.5900000000000003
      vertex 0.04885929538350179 -1.399147157826734 -1.5900000000000003
    endloop
  endfacet
  facet normal -0.05233595624294528 0.9986295347545738 0
    outer loop
      vertex 0.04885929538350179 -1.399147157826734 -10.015
      vertex 0.04885929538350179 -1.399147157826734 -1.5900000000000003
      vertex 0.09765906324177542 -1.396589670363754 -1.5900000000000003
    endloop
  endfacet
  facet normal -0.08715574274765901 0.9961946980917454 1.2920783545116058e-18
    outer loop
      vertex 0.0976590632417753 -1.396589670363754 -10.015
      vertex 0.09765906324177542 -1.396589670363754 -1.5900000000000003
      vertex 0.14633984857471485 -1.3923306535155826 -1.5900000000000005
    endloop
  endfacet
  facet normal -0.12186934340514832 0.9925461516413219 1.0037251561153236e-17
    outer loop
      vertex 0.14633984857471416 -1.3923306535155826 -10.015
      vertex 0.14633984857471485 -1.3923306535155826 -1.5900000000000005
      vertex 0.19484234134409165 -1.3863752962381983 -1.59
    endloop
  endfacet
  facet normal -0.15643446504022854 0.9876883405951381 0
    outer loop
      vertex 0.19484234134409165 -1.3863752962381983 -10.015
      vertex 0.19484234134409165 -1.3863752962381983 -1.59
      vertex 0.24310744873370246 -1.3787308542170913 -1.59
    endloop
  endfacet
  facet normal -0.19080899537654664 0.9816271834476635 1.1943531927240668e-17
    outer loop
      vertex 0.24310744873370194 -1.3787308542170913 -10.015
      vertex 0.24310744873370246 -1.3787308542170913 -1.59
      vertex 0.2910763671448632 -1.3694066410273278 -1.5900000000000005
    endloop
  endfacet
  facet normal -0.2249510543438657 0.974370064785235 0
    outer loop
      vertex 0.2910763671448632 -1.3694066410273278 -10.015
      vertex 0.2910763671448632 -1.3694066410273278 -1.5900000000000005
      vertex 0.3386906538395348 -1.358414016786395 -1.5900000000000003
    endloop
  endfacet
  facet normal -0.2588190451025189 0.9659258262890688 -1.3520144380502195e-17
    outer loop
      vertex 0.3386906538395344 -1.3584140167863952 -10.015
      vertex 0.3386906538395348 -1.358414016786395 -1.5900000000000003
      vertex 0.3858922981437991 -1.3457663743136463 -1.5900000000000005
    endloop
  endfacet
  facet normal -0.2923717047227365 0.9563047559630354 0
    outer loop
      vertex 0.3858922981437991 -1.3457663743136463 -10.015
      vertex 0.3858922981437991 -1.3457663743136463 -1.5900000000000005
      vertex 0.43262379212492635 -1.331479122813215 -1.59
    endloop
  endfacet
  facet normal -0.3255681544571566 0.945518575599317 1.0725616058250875e-17
    outer loop
      vertex 0.4326237921249261 -1.331479122813215 -10.015
      vertex 0.43262379212492635 -1.331479122813215 -1.59
      vertex 0.47882820065593656 -1.3155696691002716 -1.5900000000000005
    endloop
  endfacet
  facet normal -0.35836794954530343 0.9335804264972005 0
    outer loop
      vertex 0.47882820065593656 -1.3155696691002716 -10.015
      vertex 0.47882820065593656 -1.3155696691002716 -1.5900000000000005
      vertex 0.5244492307822767 -1.2980573963935023 -1.5900000000000005
    endloop
  endfacet
  facet normal -0.39073112848927155 0.9205048534524413 0
    outer loop
      vertex 0.5244492307822767 -1.2980573963935023 -10.015
      vertex 0.5244492307822767 -1.2980573963935023 -1.5900000000000005
      vertex 0.5694313003061203 -1.2789636406996412 -1.5900000000000003
    endloop
  endfacet
  facet normal -0.4226182617407007 0.9063077870366494 9.528731201652206e-18
    outer loop
      vertex 0.5694313003061197 -1.2789636406996414 -10.015
      vertex 0.5694313003061203 -1.2789636406996412 -1.5900000000000003
      vertex 0.6137196055047083 -1.2583116648188337 -1.5900000000000005
    endloop
  endfacet
  facet normal -0.45399049973954725 0.8910065241883677 0
    outer loop
      vertex 0.6137196055047083 -1.2583116648188337 -10.015
      vertex 0.6137196055047083 -1.2583116648188337 -1.5900000000000005
      vertex 0.6572601879002471 -1.2361266300024976 -1.5900000000000005
    endloop
  endfacet
  facet normal -0.48480962024633656 0.8746197071393961 8.892440848334346e-18
    outer loop
      vertex 0.6572601879002465 -1.2361266300024978 -10.015
      vertex 0.6572601879002471 -1.2361266300024976 -1.5900000000000005
      vertex 0.7000000000000001 -1.212435565298214 -1.5900000000000003
    endloop
  endfacet
  facet normal -0.5150380749100576 0.8571673007021102 0
    outer loop
      vertex 0.7000000000000001 -1.212435565298214 -10.015
      vertex 0.7000000000000001 -1.212435565298214 -1.5900000000000003
      vertex 0.7418869699264867 -1.1872673346189961 -1.5900000000000005
    endloop
  endfacet
  facet normal -0.5446390350150229 0.8386705679454267 -7.749331224336247e-18
    outer loop
      vertex 0.7418869699264865 -1.1872673346189964 -10.015
      vertex 0.7418869699264867 -1.1872673346189961 -1.5900000000000005
      vertex 0.7828700648590458 -1.1606526015770582 -1.5900000000000003
    endloop
  endfacet
  facet normal -0.5735764363510472 0.8191520442889909 0
    outer loop
      vertex 0.7828700648590458 -1.1606526015770582 -10.015
      vertex 0.7828700648590458 -1.1606526015770582 -1.5900000000000003
      vertex 0.8228993532094624 -1.1326237921249263 -1.5900000000000005
    endloop
  endfacet
  facet normal -0.6018150231520479 0.798635510047293 2.74325961698107e-18
    outer loop
      vertex 0.8228993532094621 -1.1326237921249265 -10.015
      vertex 0.8228993532094624 -1.1326237921249263 -1.5900000000000005
      vertex 0.8619260654559219 -1.1032150550494104 -1.5900000000000003
    endloop
  endfacet
  facet normal -0.6293203910498375 0.7771459614569709 0
    outer loop
      vertex 0.8619260654559219 -1.1032150550494104 -10.015
      vertex 0.8619260654559219 -1.1032150550494104 -1.5900000000000003
      vertex 0.899902653561155 -1.0724622203665692 -1.59
    endloop
  endfacet
  facet normal -0.6560590289905073 0.754709580222772 8.645363080100702e-18
    outer loop
      vertex 0.8999026535611548 -1.0724622203665692 -10.015
      vertex 0.899902653561155 -1.0724622203665692 -1.59
      vertex 0.9367828489024014 -1.040402755668352 -1.5900000000000003
    endloop
  endfacet
  facet normal -0.6819983600625006 0.7313537016191686 6.3856206024947185e-18
    outer loop
      vertex 0.9367828489024008 -1.0404027556683524 -10.015
      vertex 0.9367828489024014 -1.040402755668352 -1.5900000000000003
      vertex 0.9725217186425961 -1.0070757204741114 -1.5900000000000003
    endloop
  endfacet
  facet normal -0.7071067811865452 0.7071067811865498 0
    outer loop
      vertex 0.9725217186425961 -1.0070757204741114 -10.015
      vertex 1.0070757204741116 -0.9725217186425961 -1.5900000000000005
      vertex 1.0070757204741112 -0.9725217186425965 -10.015
    endloop
  endfacet
  facet normal -0.7071067811865452 0.7071067811865498 0
    outer loop
      vertex 0.9725217186425961 -1.0070757204741114 -10.015
      vertex 0.9725217186425961 -1.0070757204741114 -1.5900000000000003
      vertex 1.0070757204741116 -0.9725217186425961 -1.5900000000000005
    endloop
  endfacet
  facet normal -0.7313537016191716 0.6819983600624975 0
    outer loop
      vertex 1.0070757204741112 -0.9725217186425965 -10.015
      vertex 1.040402755668352 -0.9367828489024013 -1.59
      vertex 1.040402755668352 -0.9367828489024013 -10.015
    endloop
  endfacet
  facet normal -0.7547095802227717 0.6560590289905076 -1.4747385768711982e-17
    outer loop
      vertex 1.040402755668352 -0.9367828489024013 -10.015
      vertex 1.072462220366569 -0.899902653561155 -1.5900000000000003
      vertex 1.0724622203665688 -0.8999026535611554 -10.015
    endloop
  endfacet
  facet normal -0.7771459614569713 0.6293203910498367 0
    outer loop
      vertex 1.0724622203665688 -0.8999026535611554 -10.015
      vertex 1.1032150550494106 -0.8619260654559214 -1.5900000000000003
      vertex 1.1032150550494106 -0.8619260654559214 -10.015
    endloop
  endfacet
  facet normal -0.7986355100472904 0.6018150231520516 -7.900385233238497e-18
    outer loop
      vertex 1.1032150550494106 -0.8619260654559214 -10.015
      vertex 1.1326237921249263 -0.8228993532094625 -1.59
      vertex 1.1326237921249263 -0.8228993532094626 -10.015
    endloop
  endfacet
  facet normal -0.819152044288994 0.5735764363510427 0
    outer loop
      vertex 1.1326237921249263 -0.8228993532094626 -10.015
      vertex 1.1606526015770584 -0.7828700648590452 -1.5900000000000003
      vertex 1.1606526015770584 -0.7828700648590452 -10.015
    endloop
  endfacet
  facet normal -0.8386705679454242 0.5446390350150269 -6.8470005354733805e-18
    outer loop
      vertex 1.1606526015770584 -0.7828700648590452 -10.015
      vertex 1.1872673346189961 -0.7418869699264868 -1.59
      vertex 1.1872673346189961 -0.741886969926487 -10.015
    endloop
  endfacet
  facet normal -0.8571673007021106 0.5150380749100573 4.740231139943125e-18
    outer loop
      vertex 1.1872673346189961 -0.741886969926487 -10.015
      vertex 1.2124355652982142 -0.7 -1.5900000000000003
      vertex 1.2124355652982137 -0.7000000000000006 -10.015
    endloop
  endfacet
  facet normal -0.8746197071393949 0.48480962024633867 0
    outer loop
      vertex 1.2124355652982137 -0.7000000000000006 -10.015
      vertex 1.2361266300024978 -0.6572601879002471 -1.5900000000000003
      vertex 1.2361266300024978 -0.6572601879002471 -10.015
    endloop
  endfacet
  facet normal -0.8910065241883689 0.4539904997395446 -5.266923488825688e-19
    outer loop
      vertex 1.2361266300024978 -0.6572601879002471 -10.015
      vertex 1.2583116648188337 -0.6137196055047084 -1.5900000000000005
      vertex 1.2583116648188335 -0.6137196055047088 -10.015
    endloop
  endfacet
  facet normal -0.90630778703665 0.4226182617406992 0
    outer loop
      vertex 1.2583116648188335 -0.6137196055047088 -10.015
      vertex 1.2789636406996412 -0.5694313003061202 -1.59
      vertex 1.2789636406996412 -0.5694313003061202 -10.015
    endloop
  endfacet
  facet normal -0.9205048534524392 0.39073112848927644 8.690423756562364e-18
    outer loop
      vertex 1.2789636406996412 -0.5694313003061202 -10.015
      vertex 1.2980573963935025 -0.5244492307822769 -1.59
      vertex 1.2980573963935023 -0.5244492307822772 -10.015
    endloop
  endfacet
  facet normal -0.9335804264972035 0.35836794954529594 0
    outer loop
      vertex 1.2980573963935023 -0.5244492307822772 -10.015
      vertex 1.3155696691002716 -0.478828200655936 -1.5900000000000007
      vertex 1.3155696691002716 -0.478828200655936 -10.015
    endloop
  endfacet
  facet normal -0.9455185755993163 0.32556815445715853 -1.2903962547622942e-17
    outer loop
      vertex 1.3155696691002716 -0.478828200655936 -10.015
      vertex 1.3314791228132148 -0.4326237921249264 -1.59
      vertex 1.3314791228132148 -0.43262379212492674 -10.015
    endloop
  endfacet
  facet normal -0.956304755963036 0.29237170472273494 0
    outer loop
      vertex 1.3314791228132148 -0.43262379212492674 -10.015
      vertex 1.3457663743136463 -0.3858922981437985 -1.5900000000000003
      vertex 1.3457663743136463 -0.3858922981437985 -10.015
    endloop
  endfacet
  facet normal -0.9659258262890676 0.2588190451025232 -6.8470005354733936e-18
    outer loop
      vertex 1.3457663743136463 -0.3858922981437985 -10.015
      vertex 1.358414016786395 -0.3386906538395348 -1.5900000000000007
      vertex 1.358414016786395 -0.338690653839535 -10.015
    endloop
  endfacet
  facet normal -0.9743700647852347 0.22495105434386745 7.900385233238525e-18
    outer loop
      vertex 1.358414016786395 -0.338690653839535 -10.015
      vertex 1.369406641027328 -0.2910763671448631 -1.5899999999999999
      vertex 1.3694066410273278 -0.2910763671448638 -10.015
    endloop
  endfacet
  facet normal -0.9816271834476649 0.19080899537654014 -1.8434232210889454e-18
    outer loop
      vertex 1.3694066410273278 -0.2910763671448638 -10.015
      vertex 1.378730854217091 -0.24310744873370244 -1.5900000000000003
      vertex 1.378730854217091 -0.24310744873370252 -10.015
    endloop
  endfacet
  facet normal -0.9876883405951371 0.15643446504023467 -1.2377270198740368e-17
    outer loop
      vertex 1.378730854217091 -0.24310744873370252 -10.015
      vertex 1.3863752962381983 -0.19484234134409156 -1.5900000000000005
      vertex 1.3863752962381983 -0.19484234134409223 -10.015
    endloop
  endfacet
  facet normal -0.9925461516413221 0.12186934340514667 0
    outer loop
      vertex 1.3863752962381983 -0.19484234134409223 -10.015
      vertex 1.3923306535155826 -0.14633984857471477 -1.5900000000000003
      vertex 1.3923306535155826 -0.14633984857471477 -10.015
    endloop
  endfacet
  facet normal -0.9961946980917457 0.08715574274765545 -4.871904227163762e-18
    outer loop
      vertex 1.3923306535155826 -0.14633984857471477 -10.015
      vertex 1.3965896703637537 -0.09765906324177541 -1.5900000000000005
      vertex 1.3965896703637537 -0.09765906324177588 -10.015
    endloop
  endfacet
  facet normal -0.9986295347545736 0.052335956242948636 0
    outer loop
      vertex 1.3965896703637537 -0.09765906324177588 -10.015
      vertex 1.399147157826734 -0.04885929538350115 -1.59
      vertex 1.399147157826734 -0.04885929538350115 -10.015
    endloop
  endfacet
  facet normal -0.9998476951563913 0.017452406437281305 0
    outer loop
      vertex 1.399147157826734 -0.04885929538350115 -10.015
      vertex 1.4 0 -1.5900000000000003
      vertex 1.4 0 -10.015
    endloop
  endfacet
  facet normal -0.7313537016191718 0.681998360062497 2.6015637547517677e-18
    outer loop
      vertex 1.0070757204741112 -0.9725217186425965 -10.015
      vertex 1.0070757204741116 -0.9725217186425961 -1.5900000000000005
      vertex 1.040402755668352 -0.9367828489024013 -1.59
    endloop
  endfacet
  facet normal -0.7547095802227733 0.6560590289905057 0
    outer loop
      vertex 1.040402755668352 -0.9367828489024013 -10.015
      vertex 1.040402755668352 -0.9367828489024013 -1.59
      vertex 1.072462220366569 -0.899902653561155 -1.5900000000000003
    endloop
  endfacet
  facet normal -0.77714596145697 0.6293203910498384 -1.2690009165941684e-17
    outer loop
      vertex 1.0724622203665688 -0.8999026535611554 -10.015
      vertex 1.072462220366569 -0.899902653561155 -1.5900000000000003
      vertex 1.1032150550494106 -0.8619260654559214 -1.5900000000000003
    endloop
  endfacet
  facet normal -0.7986355100472913 0.6018150231520505 0
    outer loop
      vertex 1.1032150550494106 -0.8619260654559214 -10.015
      vertex 1.1032150550494106 -0.8619260654559214 -1.5900000000000003
      vertex 1.1326237921249263 -0.8228993532094625 -1.59
    endloop
  endfacet
  facet normal -0.8191520442889934 0.5735764363510438 -7.558430457203257e-18
    outer loop
      vertex 1.1326237921249263 -0.8228993532094626 -10.015
      vertex 1.1326237921249263 -0.8228993532094625 -1.59
      vertex 1.1606526015770584 -0.7828700648590452 -1.5900000000000003
    endloop
  endfacet
  facet normal -0.8386705679454248 0.5446390350150259 0
    outer loop
      vertex 1.1606526015770584 -0.7828700648590452 -10.015
      vertex 1.1606526015770584 -0.7828700648590452 -1.5900000000000003
      vertex 1.1872673346189961 -0.7418869699264868 -1.59
    endloop
  endfacet
  facet normal -0.8571673007021094 0.5150380749100589 -6.7870282412316145e-18
    outer loop
      vertex 1.1872673346189961 -0.741886969926487 -10.015
      vertex 1.1872673346189961 -0.7418869699264868 -1.59
      vertex 1.2124355652982142 -0.7 -1.5900000000000003
    endloop
  endfacet
  facet normal -0.8746197071393955 0.4848096202463375 7.769862657385152e-18
    outer loop
      vertex 1.2124355652982137 -0.7000000000000006 -10.015
      vertex 1.2124355652982142 -0.7 -1.5900000000000003
      vertex 1.2361266300024978 -0.6572601879002471 -1.5900000000000003
    endloop
  endfacet
  facet normal -0.891006524188369 0.45399049973954453 0
    outer loop
      vertex 1.2361266300024978 -0.6572601879002471 -10.015
      vertex 1.2361266300024978 -0.6572601879002471 -1.5900000000000003
      vertex 1.2583116648188337 -0.6137196055047084 -1.5900000000000005
    endloop
  endfacet
  facet normal -0.9063077870366503 0.422618261740699 1.6095601885339422e-18
    outer loop
      vertex 1.2583116648188335 -0.6137196055047088 -10.015
      vertex 1.2583116648188337 -0.6137196055047084 -1.5900000000000005
      vertex 1.2789636406996412 -0.5694313003061202 -1.59
    endloop
  endfacet
  facet normal -0.9205048534524386 0.3907311284892779 0
    outer loop
      vertex 1.2789636406996412 -0.5694313003061202 -10.015
      vertex 1.2789636406996412 -0.5694313003061202 -1.59
      vertex 1.2980573963935025 -0.5244492307822769 -1.59
    endloop
  endfacet
  facet normal -0.9335804264972041 0.3583679495452943 1.0437506505097483e-17
    outer loop
      vertex 1.2980573963935023 -0.5244492307822772 -10.015
      vertex 1.2980573963935025 -0.5244492307822769 -1.59
      vertex 1.3155696691002716 -0.478828200655936 -1.5900000000000007
    endloop
  endfacet
  facet normal -0.9455185755993168 0.32556815445715637 0
    outer loop
      vertex 1.3155696691002716 -0.478828200655936 -10.015
      vertex 1.3155696691002716 -0.478828200655936 -1.5900000000000007
      vertex 1.3314791228132148 -0.4326237921249264 -1.59
    endloop
  endfacet
  facet normal -0.9563047559630354 0.2923717047227369 -1.1558378575623387e-17
    outer loop
      vertex 1.3314791228132148 -0.43262379212492674 -10.015
      vertex 1.3314791228132148 -0.4326237921249264 -1.59
      vertex 1.3457663743136463 -0.3858922981437985 -1.5900000000000003
    endloop
  endfacet
  facet normal -0.9659258262890679 0.258819045102522 0
    outer loop
      vertex 1.3457663743136463 -0.3858922981437985 -10.015
      vertex 1.3457663743136463 -0.3858922981437985 -1.5900000000000003
      vertex 1.358414016786395 -0.3386906538395348 -1.5900000000000007
    endloop
  endfacet
  facet normal -0.9743700647852341 0.22495105434386978 -5.928684627804606e-18
    outer loop
      vertex 1.358414016786395 -0.338690653839535 -10.015
      vertex 1.358414016786395 -0.3386906538395348 -1.5900000000000007
      vertex 1.369406641027328 -0.2910763671448631 -1.5899999999999999
    endloop
  endfacet
  facet normal -0.9816271834476653 0.19080899537653798 1.0784652361867246e-17
    outer loop
      vertex 1.3694066410273278 -0.2910763671448638 -10.015
      vertex 1.369406641027328 -0.2910763671448631 -1.5899999999999999
      vertex 1.378730854217091 -0.24310744873370244 -1.5900000000000003
    endloop
  endfacet
  facet normal -0.9876883405951374 0.1564344650402328 -1.5460873436135214e-18
    outer loop
      vertex 1.378730854217091 -0.24310744873370252 -10.015
      vertex 1.378730854217091 -0.24310744873370244 -1.5900000000000003
      vertex 1.3863752962381983 -0.19484234134409156 -1.5900000000000005
    endloop
  endfacet
  facet normal -0.9925461516413219 0.12186934340514832 -9.635761498707108e-18
    outer loop
      vertex 1.3863752962381983 -0.19484234134409223 -10.015
      vertex 1.3863752962381983 -0.19484234134409156 -1.5900000000000005
      vertex 1.3923306535155826 -0.14633984857471477 -1.5900000000000003
    endloop
  endfacet
  facet normal -0.9961946980917459 0.08715574274765461 0
    outer loop
      vertex 1.3923306535155826 -0.14633984857471477 -10.015
      vertex 1.3923306535155826 -0.14633984857471477 -1.5900000000000003
      vertex 1.3965896703637537 -0.09765906324177541 -1.5900000000000005
    endloop
  endfacet
  facet normal -0.9986295347545736 0.05233595624294914 -2.9310917561538465e-18
    outer loop
      vertex 1.3965896703637537 -0.09765906324177588 -10.015
      vertex 1.3965896703637537 -0.09765906324177541 -1.5900000000000005
      vertex 1.399147157826734 -0.04885929538350115 -1.59
    endloop
  endfacet
  facet normal -0.9998476951563913 0.017452406437281305 0
    outer loop
      vertex 1.399147157826734 -0.04885929538350115 -10.015
      vertex 1.399147157826734 -0.04885929538350115 -1.59
      vertex 1.4 0 -1.5900000000000003
    endloop
  endfacet
  facet normal 0 0 1
    outer loop
      vertex 0.8932893594890757 0.9920983420123213 -10.015
      vertex 0.9273689245627613 0.9603186334520993 -10.015
      vertex 0.9367828489024015 1.040402755668352 -10.015
    endloop
  endfacet
  facet normal 0 0 1
    outer loop
      vertex 0.9603186334520993 0.9273689245627612 -10.015
      vertex 0.9920983420123213 0.8932893594890756 -10.015
      vertex 1.0070757204741116 0.9725217186425961 -10.015
    endloop
  endfacet
  facet normal 0 0 1
    outer loop
      vertex 0.9273689245627613 0.9603186334520993 -10.015
      vertex 0.9603186334520993 0.9273689245627612 -10.015
      vertex 0.9725217186425961 1.0070757204741116 -10.015
    endloop
  endfacet
  facet normal 0 0 1
    outer loop
      vertex 0.9603186334520993 0.9273689245627612 -10.015
      vertex 1.0070757204741116 0.9725217186425961 -10.015
      vertex 0.9725217186425961 1.0070757204741116 -10.015
    endloop
  endfacet
  facet normal 0 0 1
    outer loop
      vertex 0 1.335 -10.015
      vertex 0.04659082809783894 1.3341867540704928 -10.015
      vertex 0 1.4 -10.015
    endloop
  endfacet
  facet normal 0 0 1
    outer loop
      vertex 0.04659082809783894 1.3341867540704928 -10.015
      vertex 0.09312489244840719 1.3317480070968652 -10.015
      vertex 0.04885929538350151 1.399147157826734 -10.015
    endloop
  endfacet
  facet normal 0 0 1
    outer loop
      vertex 0.13954549846231737 1.3276867303166449 -10.015
      vertex 0.09765906324177533 1.3965896703637537 -10.015
      vertex 0.09312489244840719 1.3317480070968652 -10.015
    endloop
  endfacet
  facet normal 0 0 1
    outer loop
      vertex 0 1.4 -10.015
      vertex 0.04659082809783894 1.3341867540704928 -10.015
      vertex 0.04885929538350151 1.399147157826734 -10.015
    endloop
  endfacet
  facet normal 0 0 1
    outer loop
      vertex 0.04885929538350151 1.399147157826734 -10.015
      vertex 0.09312489244840719 1.3317480070968652 -10.015
      vertex 0.09765906324177533 1.3965896703637537 -10.015
    endloop
  endfacet
  facet normal 0 0 1
    outer loop
      vertex 0.13954549846231737 1.3276867303166449 -10.015
      vertex 0.14633984857471483 1.3923306535155826 -10.015
      vertex 0.09765906324177533 1.3965896703637537 -10.015
    endloop
  endfacet
  facet normal 0 0 1
    outer loop
      vertex 0.13954549846231737 1.3276867303166449 -10.015
      vertex 0.1857960897816874 1.3220078717699963 -10.015
      vertex 0.14633984857471483 1.3923306535155826 -10.015
    endloop
  endfacet
  facet normal 0 0 1
    outer loop
      vertex 0.14633984857471483 1.3923306535155826 -10.015
      vertex 0.1857960897816874 1.3220078717699963 -10.015
      vertex 0.19484234134409165 1.3863752962381983 -10.015
    endloop
  endfacet
  facet normal 0 0 1
    outer loop
      vertex 0.1857960897816874 1.3220078717699963 -10.015
      vertex 0.2318203171853521 1.3147183502712976 -10.015
      vertex 0.19484234134409165 1.3863752962381983 -10.015
    endloop
  endfacet
  facet normal 0 0 1
    outer loop
      vertex 0.2318203171853521 1.3147183502712976 -10.015
      vertex 0.24310744873370257 1.378730854217091 -10.015
      vertex 0.19484234134409165 1.3863752962381983 -10.015
    endloop
  endfacet
  facet normal 0 0 1
    outer loop
      vertex 0.2318203171853521 1.3147183502712976 -10.015
      vertex 0.2775621072417089 1.3058270469796305 -10.015
      vertex 0.24310744873370257 1.378730854217091 -10.015
    endloop
  endfacet
  facet normal 0 0 1
    outer loop
      vertex 0.2775621072417089 1.3058270469796305 -10.015
      vertex 0.29107636714486324 1.3694066410273278 -10.015
      vertex 0.24310744873370257 1.378730854217091 -10.015
    endloop
  endfacet
  facet normal 0 0 1
    outer loop
      vertex 0.2775621072417089 1.3058270469796305 -10.015
      vertex 0.32296573062555634 1.2953447945784553 -10.015
      vertex 0.29107636714486324 1.3694066410273278 -10.015
    endloop
  endfacet
  facet normal 0 0 1
    outer loop
      vertex 0.32296573062555634 1.2953447945784553 -10.015
      vertex 0.3679758700156939 1.2832843640776557 -10.015
      vertex 0.3386906538395347 1.358414016786395 -10.015
    endloop
  endfacet
  facet normal 0 0 1
    outer loop
      vertex 0.29107636714486324 1.3694066410273278 -10.015
      vertex 0.32296573062555634 1.2953447945784553 -10.015
      vertex 0.3386906538395347 1.358414016786395 -10.015
    endloop
  endfacet
  facet normal 0 0 1
    outer loop
      vertex 0.3679758700156939 1.2832843640776557 -10.015
      vertex 0.38589229814379883 1.3457663743136463 -10.015
      vertex 0.3386906538395347 1.358414016786395 -10.015
    endloop
  endfacet
  facet normal 0 0 1
    outer loop
      vertex 0.3679758700156939 1.2832843640776557 -10.015
      vertex 0.41253768749055486 1.26966044925403 -10.015
      vertex 0.38589229814379883 1.3457663743136463 -10.015
    endloop
  endfacet
  facet normal 0 0 1
    outer loop
      vertex 0.41253768749055486 1.26966044925403 -10.015
      vertex 0.4565968913397679 1.2544896487491877 -10.015
      vertex 0.4326237921249264 1.3314791228132148 -10.015
    endloop
  endfacet
  facet normal 0 0 1
    outer loop
      vertex 0.38589229814379883 1.3457663743136463 -10.015
      vertex 0.41253768749055486 1.26966044925403 -10.015
      vertex 0.4326237921249264 1.3314791228132148 -10.015
    endloop
  endfacet
  facet normal 0 0 1
    outer loop
      vertex 0.4565968913397679 1.2544896487491877 -10.015
      vertex 0.47882820065593634 1.3155696691002716 -10.015
      vertex 0.4326237921249264 1.3314791228132148 -10.015
    endloop
  endfacet
  facet normal 0 0 1
    outer loop
      vertex 0.5000998022102424 1.237790445846661 -10.015
      vertex 0.47882820065593634 1.3155696691002716 -10.015
      vertex 0.4565968913397679 1.2544896487491877 -10.015
    endloop
  endfacet
  facet normal 0 0 1
    outer loop
      vertex 0.5429934185061933 1.219583185952872 -10.015
      vertex 0.5852254809634184 1.199890051809388 -10.015
      vertex 0.5694313003061202 1.2789636406996412 -10.015
    endloop
  endfacet
  facet normal 0 0 1
    outer loop
      vertex 0.5852254809634184 1.199890051809388 -10.015
      vertex 0.6137196055047084 1.2583116648188337 -10.015
      vertex 0.5694313003061202 1.2789636406996412 -10.015
    endloop
  endfacet
  facet normal 0 0 1
    outer loop
      vertex 0.5852254809634184 1.199890051809388 -10.015
      vertex 0.6267445363191643 1.1787350364666673 -10.015
      vertex 0.6137196055047084 1.2583116648188337 -10.015
    endloop
  endfacet
  facet normal 0 0 1
    outer loop
      vertex 0.6675000000000001 1.1561439140522254 -10.015
      vertex 0.6572601879002472 1.2361266300024976 -10.015
      vertex 0.6267445363191643 1.1787350364666673 -10.015
    endloop
  endfacet
  facet normal 0 0 1
    outer loop
      vertex 0.6267445363191643 1.1787350364666673 -10.015
      vertex 0.6572601879002472 1.2361266300024976 -10.015
      vertex 0.6137196055047084 1.2583116648188337 -10.015
    endloop
  endfacet
  facet normal 0 0 1
    outer loop
      vertex 0.6675000000000001 1.1561439140522254 -10.015
      vertex 0.7000000000000001 1.212435565298214 -10.015
      vertex 0.6572601879002472 1.2361266300024976 -10.015
    endloop
  endfacet
  facet normal 0 0 1
    outer loop
      vertex 0.6675000000000001 1.1561439140522254 -10.015
      vertex 0.7074422177513285 1.1321442083688287 -10.015
      vertex 0.7000000000000001 1.212435565298214 -10.015
    endloop
  endfacet
  facet normal 0 0 1
    outer loop
      vertex 0.7000000000000001 1.212435565298214 -10.015
      vertex 0.7074422177513285 1.1321442083688287 -10.015
      vertex 0.7418869699264868 1.1872673346189964 -10.015
    endloop
  endfacet
  facet normal 0 0 1
    outer loop
      vertex 0.7074422177513285 1.1321442083688287 -10.015
      vertex 0.7465225261334469 1.1067651593609806 -10.015
      vertex 0.7418869699264868 1.1872673346189964 -10.015
    endloop
  endfacet
  facet normal 0 0 1
    outer loop
      vertex 0.5000998022102424 1.237790445846661 -10.015
      vertex 0.5429934185061933 1.219583185952872 -10.015
      vertex 0.5244492307822767 1.2980573963935023 -10.015
    endloop
  endfacet
  facet normal 0 0 1
    outer loop
      vertex 0.5000998022102424 1.237790445846661 -10.015
      vertex 0.5244492307822767 1.2980573963935023 -10.015
      vertex 0.47882820065593634 1.3155696691002716 -10.015
    endloop
  endfacet
  facet normal 0 0 1
    outer loop
      vertex 0.5429934185061933 1.219583185952872 -10.015
      vertex 0.5694313003061202 1.2789636406996412 -10.015
      vertex 0.5244492307822767 1.2980573963935023 -10.015
    endloop
  endfacet
  facet normal 0 0 1
    outer loop
      vertex 0.7465225261334469 1.1067651593609806 -10.015
      vertex 0.7846933118104518 1.0800376874905548 -10.015
      vertex 0.7828700648590454 1.1606526015770584 -10.015
    endloop
  endfacet
  facet normal 0 0 1
    outer loop
      vertex 0.7846933118104518 1.0800376874905548 -10.015
      vertex 0.8219080695597538 1.0519943560649738 -10.015
      vertex 0.8228993532094624 1.1326237921249263 -10.015
    endloop
  endfacet
  facet normal 0 0 1
    outer loop
      vertex 0.7846933118104518 1.0800376874905548 -10.015
      vertex 0.8228993532094624 1.1326237921249263 -10.015
      vertex 0.7828700648590454 1.1606526015770584 -10.015
    endloop
  endfacet
  facet normal 0 0 1
    outer loop
      vertex 0.8219080695597538 1.0519943560649738 -10.015
      vertex 0.85812145893153 1.0226693315638355 -10.015
      vertex 0.8619260654559215 1.1032150550494106 -10.015
    endloop
  endfacet
  facet normal 0 0 1
    outer loop
      vertex 0.8219080695597538 1.0519943560649738 -10.015
      vertex 0.8619260654559215 1.1032150550494106 -10.015
      vertex 0.8228993532094624 1.1326237921249263 -10.015
    endloop
  endfacet
  facet normal 0 0 1
    outer loop
      vertex 0.85812145893153 1.0226693315638355 -10.015
      vertex 0.8999026535611551 1.0724622203665692 -10.015
      vertex 0.8619260654559215 1.1032150550494106 -10.015
    endloop
  endfacet
  facet normal 0 0 1
    outer loop
      vertex 0.7465225261334469 1.1067651593609806 -10.015
      vertex 0.7828700648590454 1.1606526015770584 -10.015
      vertex 0.7418869699264868 1.1872673346189964 -10.015
    endloop
  endfacet
  facet normal 0 0 1
    outer loop
      vertex 0.85812145893153 1.0226693315638355 -10.015
      vertex 0.8932893594890757 0.9920983420123213 -10.015
      vertex 0.8999026535611551 1.0724622203665692 -10.015
    endloop
  endfacet
  facet normal 0 0 1
    outer loop
      vertex 0.8932893594890757 0.9920983420123213 -10.015
      vertex 0.9367828489024015 1.040402755668352 -10.015
      vertex 0.8999026535611551 1.0724622203665692 -10.015
    endloop
  endfacet
  facet normal 0 0 1
    outer loop
      vertex 0.9273689245627613 0.9603186334520993 -10.015
      vertex 0.9725217186425961 1.0070757204741116 -10.015
      vertex 0.9367828489024015 1.040402755668352 -10.015
    endloop
  endfacet
  facet normal 0 0 1
    outer loop
      vertex 1.335 0 -10.015
      vertex 1.399147157826734 0.04885929538350135 -10.015
      vertex 1.3341867540704928 0.046590828097838786 -10.015
    endloop
  endfacet
  facet normal 0 0 1
    outer loop
      vertex 1.3341867540704928 0.046590828097838786 -10.015
      vertex 1.3965896703637537 0.09765906324177542 -10.015
      vertex 1.3317480070968652 0.09312489244840727 -10.015
    endloop
  endfacet
  facet normal 0 0 1
    outer loop
      vertex 1.3317480070968652 0.09312489244840727 -10.015
      vertex 1.3965896703637537 0.09765906324177542 -10.015
      vertex 1.3923306535155826 0.14633984857471485 -10.015
    endloop
  endfacet
  facet normal 0 0 1
    outer loop
      vertex 1.3276867303166449 0.13954549846231737 -10.015
      vertex 1.3317480070968652 0.09312489244840727 -10.015
      vertex 1.3923306535155826 0.14633984857471485 -10.015
    endloop
  endfacet
  facet normal 0 0 1
    outer loop
      vertex 1.3276867303166449 0.13954549846231737 -10.015
      vertex 1.3863752962381983 0.1948423413440916 -10.015
      vertex 1.3220078717699963 0.18579608978168735 -10.015
    endloop
  endfacet
  facet normal 0 0 1
    outer loop
      vertex 1.3276867303166449 0.13954549846231737 -10.015
      vertex 1.3923306535155826 0.14633984857471485 -10.015
      vertex 1.3863752962381983 0.1948423413440916 -10.015
    endloop
  endfacet
  facet normal 0 0 1
    outer loop
      vertex 1.3220078717699963 0.18579608978168735 -10.015
      vertex 1.378730854217091 0.24310744873370244 -10.015
      vertex 1.3147183502712976 0.23182031718535195 -10.015
    endloop
  endfacet
  facet normal 0 0 1
    outer loop
      vertex 1.3220078717699963 0.18579608978168735 -10.015
      vertex 1.3863752962381983 0.1948423413440916 -10.015
      vertex 1.378730854217091 0.24310744873370244 -10.015
    endloop
  endfacet
  facet normal 0 0 1
    outer loop
      vertex 1.335 0 -10.015
      vertex 1.4 0 -10.015
      vertex 1.399147157826734 0.04885929538350135 -10.015
    endloop
  endfacet
  facet normal 0 0 1
    outer loop
      vertex 1.3341867540704928 0.046590828097838786 -10.015
      vertex 1.399147157826734 0.04885929538350135 -10.015
      vertex 1.3965896703637537 0.09765906324177542 -10.015
    endloop
  endfacet
  facet normal 0 0 1
    outer loop
      vertex 1.2832843640776557 0.3679758700156939 -10.015
      vertex 1.2953447945784553 0.3229657306255564 -10.015
      vertex 1.3457663743136463 0.38589229814379883 -10.015
    endloop
  endfacet
  facet normal 0 0 1
    outer loop
      vertex 1.3147183502712976 0.23182031718535195 -10.015
      vertex 1.3694066410273278 0.29107636714486307 -10.015
      vertex 1.3058270469796305 0.2775621072417087 -10.015
    endloop
  endfacet
  facet normal 0 0 1
    outer loop
      vertex 1.3147183502712976 0.23182031718535195 -10.015
      vertex 1.378730854217091 0.24310744873370244 -10.015
      vertex 1.3694066410273278 0.29107636714486307 -10.015
    endloop
  endfacet
  facet normal 0 0 1
    outer loop
      vertex 1.3058270469796305 0.2775621072417087 -10.015
      vertex 1.3694066410273278 0.29107636714486307 -10.015
      vertex 1.358414016786395 0.3386906538395348 -10.015
    endloop
  endfacet
  facet normal 0 0 1
    outer loop
      vertex 1.3058270469796305 0.2775621072417087 -10.015
      vertex 1.358414016786395 0.3386906538395348 -10.015
      vertex 1.2953447945784553 0.3229657306255564 -10.015
    endloop
  endfacet
  facet normal 0 0 1
    outer loop
      vertex 1.2953447945784553 0.3229657306255564 -10.015
      vertex 1.358414016786395 0.3386906538395348 -10.015
      vertex 1.3457663743136463 0.38589229814379883 -10.015
    endloop
  endfacet
  facet normal 0 0 1
    outer loop
      vertex 1.2832843640776557 0.3679758700156939 -10.015
      vertex 1.3314791228132148 0.43262379212492635 -10.015
      vertex 1.26966044925403 0.41253768749055475 -10.015
    endloop
  endfacet
  facet normal 0 0 1
    outer loop
      vertex 1.26966044925403 0.41253768749055475 -10.015
      vertex 1.3155696691002716 0.4788282006559362 -10.015
      vertex 1.2544896487491877 0.4565968913397677 -10.015
    endloop
  endfacet
  facet normal 0 0 1
    outer loop
      vertex 1.237790445846661 0.5000998022102425 -10.015
      vertex 1.2544896487491877 0.4565968913397677 -10.015
      vertex 1.2980573963935023 0.5244492307822768 -10.015
    endloop
  endfacet
  facet normal 0 0 1
    outer loop
      vertex 1.26966044925403 0.41253768749055475 -10.015
      vertex 1.3314791228132148 0.43262379212492635 -10.015
      vertex 1.3155696691002716 0.4788282006559362 -10.015
    endloop
  endfacet
  facet normal 0 0 1
    outer loop
      vertex 1.2544896487491877 0.4565968913397677 -10.015
      vertex 1.3155696691002716 0.4788282006559362 -10.015
      vertex 1.2980573963935023 0.5244492307822768 -10.015
    endloop
  endfacet
  facet normal 0 0 1
    outer loop
      vertex 1.2832843640776557 0.3679758700156939 -10.015
      vertex 1.3457663743136463 0.38589229814379883 -10.015
      vertex 1.3314791228132148 0.43262379212492635 -10.015
    endloop
  endfacet
  facet normal 0 0 1
    outer loop
      vertex 1.237790445846661 0.5000998022102425 -10.015
      vertex 1.2789636406996412 0.5694313003061202 -10.015
      vertex 1.219583185952872 0.5429934185061932 -10.015
    endloop
  endfacet
  facet normal 0 0 1
    outer loop
      vertex 1.199890051809388 0.5852254809634183 -10.015
      vertex 1.2361266300024978 0.6572601879002471 -10.015
      vertex 1.1787350364666676 0.6267445363191642 -10.015
    endloop
  endfacet
  facet normal 0 0 1
    outer loop
      vertex 1.219583185952872 0.5429934185061932 -10.015
      vertex 1.2583116648188337 0.6137196055047083 -10.015
      vertex 1.199890051809388 0.5852254809634183 -10.015
    endloop
  endfacet
  facet normal 0 0 1
    outer loop
      vertex 1.199890051809388 0.5852254809634183 -10.015
      vertex 1.2583116648188337 0.6137196055047083 -10.015
      vertex 1.2361266300024978 0.6572601879002471 -10.015
    endloop
  endfacet
  facet normal 0 0 1
    outer loop
      vertex 1.1561439140522256 0.6674999999999999 -10.015
      vertex 1.1787350364666676 0.6267445363191642 -10.015
      vertex 1.2124355652982142 0.6999999999999998 -10.015
    endloop
  endfacet
  facet normal 0 0 1
    outer loop
      vertex 1.1321442083688287 0.7074422177513285 -10.015
      vertex 1.1606526015770584 0.7828700648590456 -10.015
      vertex 1.1067651593609806 0.746522526133447 -10.015
    endloop
  endfacet
  facet normal 0 0 1
    outer loop
      vertex 1.1561439140522256 0.6674999999999999 -10.015
      vertex 1.1872673346189964 0.7418869699264868 -10.015
      vertex 1.1321442083688287 0.7074422177513285 -10.015
    endloop
  endfacet
  facet normal 0 0 1
    outer loop
      vertex 1.1561439140522256 0.6674999999999999 -10.015
      vertex 1.2124355652982142 0.6999999999999998 -10.015
      vertex 1.1872673346189964 0.7418869699264868 -10.015
    endloop
  endfacet
  facet normal 0 0 1
    outer loop
      vertex 1.1321442083688287 0.7074422177513285 -10.015
      vertex 1.1872673346189964 0.7418869699264868 -10.015
      vertex 1.1606526015770584 0.7828700648590456 -10.015
    endloop
  endfacet
  facet normal 0 0 1
    outer loop
      vertex 1.1787350364666676 0.6267445363191642 -10.015
      vertex 1.2361266300024978 0.6572601879002471 -10.015
      vertex 1.2124355652982142 0.6999999999999998 -10.015
    endloop
  endfacet
  facet normal 0 0 1
    outer loop
      vertex 1.0226693315638355 0.8581214589315298 -10.015
      vertex 1.0519943560649738 0.8219080695597538 -10.015
      vertex 1.0724622203665692 0.8999026535611548 -10.015
    endloop
  endfacet
  facet normal 0 0 1
    outer loop
      vertex 1.0800376874905548 0.7846933118104517 -10.015
      vertex 1.1067651593609806 0.746522526133447 -10.015
      vertex 1.1326237921249263 0.8228993532094624 -10.015
    endloop
  endfacet
  facet normal 0 0 1
    outer loop
      vertex 1.0519943560649738 0.8219080695597538 -10.015
      vertex 1.0800376874905548 0.7846933118104517 -10.015
      vertex 1.1032150550494106 0.8619260654559215 -10.015
    endloop
  endfacet
  facet normal 0 0 1
    outer loop
      vertex 1.0519943560649738 0.8219080695597538 -10.015
      vertex 1.1032150550494106 0.8619260654559215 -10.015
      vertex 1.0724622203665692 0.8999026535611548 -10.015
    endloop
  endfacet
  facet normal 0 0 1
    outer loop
      vertex 1.0800376874905548 0.7846933118104517 -10.015
      vertex 1.1326237921249263 0.8228993532094624 -10.015
      vertex 1.1032150550494106 0.8619260654559215 -10.015
    endloop
  endfacet
  facet normal 0 0 1
    outer loop
      vertex 0.9920983420123213 0.8932893594890756 -10.015
      vertex 1.0226693315638355 0.8581214589315298 -10.015
      vertex 1.040402755668352 0.9367828489024015 -10.015
    endloop
  endfacet
  facet normal 0 0 1
    outer loop
      vertex 0.9920983420123213 0.8932893594890756 -10.015
      vertex 1.040402755668352 0.9367828489024015 -10.015
      vertex 1.0070757204741116 0.9725217186425961 -10.015
    endloop
  endfacet
  facet normal 0 0 1
    outer loop
      vertex 1.0226693315638355 0.8581214589315298 -10.015
      vertex 1.0724622203665692 0.8999026535611548 -10.015
      vertex 1.040402755668352 0.9367828489024015 -10.015
    endloop
  endfacet
  facet normal 0 0 1
    outer loop
      vertex 1.1067651593609806 0.746522526133447 -10.015
      vertex 1.1606526015770584 0.7828700648590456 -10.015
      vertex 1.1326237921249263 0.8228993532094624 -10.015
    endloop
  endfacet
  facet normal 0 0 1
    outer loop
      vertex 1.237790445846661 0.5000998022102425 -10.015
      vertex 1.2980573963935023 0.5244492307822768 -10.015
      vertex 1.2789636406996412 0.5694313003061202 -10.015
    endloop
  endfacet
  facet normal 0 0 1
    outer loop
      vertex 1.219583185952872 0.5429934185061932 -10.015
      vertex 1.2789636406996412 0.5694313003061202 -10.015
      vertex 1.2583116648188337 0.6137196055047083 -10.015
    endloop
  endfacet
  facet normal -0.7071067811865476 -0.7071067811865476 0
    outer loop
      vertex 0.9725217186425961 1.0070757204741116 -10.015
      vertex 1.0070757204741116 0.9725217186425961 -10.015
      vertex 0.9725217186425961 1.0070757204741116 -1.5900000000000003
    endloop
  endfacet
  facet normal -0.7071067811865465 -0.7071067811865487 9.318056134621825e-18
    outer loop
      vertex 1.0070757204741116 0.9725217186425961 -10.015
      vertex 1.0070757204741116 0.9725217186425962 -1.5900000000000003
      vertex 0.9725217186425961 1.0070757204741116 -1.5900000000000003
    endloop
  endfacet
  facet normal -0.017452406437281173 -0.9998476951563913 0
    outer loop
      vertex 0 1.4 -10.015
      vertex 0.04885929538350151 1.399147157826734 -10.015
      vertex 0 1.4 -1.5900000000000003
    endloop
  endfacet
  facet normal -0.052335956242949615 -0.9986295347545736 -9.482943916968412e-19
    outer loop
      vertex 0.04885929538350151 1.399147157826734 -10.015
      vertex 0.09765906324177533 1.3965896703637537 -10.015
      vertex 0.04885929538350136 1.399147157826734 -1.59
    endloop
  endfacet
  facet normal -0.08715574274765436 -0.9961946980917459 0
    outer loop
      vertex 0.09765906324177533 1.3965896703637537 -10.015
      vertex 0.14633984857471483 1.3923306535155826 -10.015
      vertex 0.09765906324177533 1.3965896703637537 -1.5900000000000005
    endloop
  endfacet
  facet normal -0.12186934340514827 -0.992546151641322 0
    outer loop
      vertex 0.14633984857471483 1.3923306535155826 -10.015
      vertex 0.19484234134409165 1.3863752962381983 -10.015
      vertex 0.14633984857471483 1.3923306535155826 -1.5900000000000003
    endloop
  endfacet
  facet normal -0.15643446504023265 -0.9876883405951374 -5.153624478711732e-19
    outer loop
      vertex 0.19484234134409165 1.3863752962381983 -10.015
      vertex 0.24310744873370257 1.378730854217091 -10.015
      vertex 0.19484234134409162 1.3863752962381983 -1.59
    endloop
  endfacet
  facet normal -0.2249510543438662 -0.974370064785235 -4.4465134708533835e-18
    outer loop
      vertex 0.29107636714486324 1.3694066410273278 -10.015
      vertex 0.3386906538395347 1.358414016786395 -10.015
      vertex 0.29107636714486307 1.3694066410273278 -1.5900000000000005
    endloop
  endfacet
  facet normal -0.2588190451025201 -0.9659258262890684 0
    outer loop
      vertex 0.3386906538395347 1.358414016786395 -10.015
      vertex 0.38589229814379883 1.3457663743136463 -10.015
      vertex 0.3386906538395347 1.358414016786395 -1.5900000000000005
    endloop
  endfacet
  facet normal -0.19080899537654247 -0.9816271834476645 -3.143034717694844e-18
    outer loop
      vertex 0.24310744873370257 1.378730854217091 -10.015
      vertex 0.29107636714486324 1.3694066410273278 -10.015
      vertex 0.24310744873370244 1.378730854217091 -1.5900000000000005
    endloop
  endfacet
  facet normal -0.29237170472273877 -0.9563047559630349 -1.926396429270577e-18
    outer loop
      vertex 0.38589229814379883 1.3457663743136463 -10.015
      vertex 0.4326237921249264 1.3314791228132148 -10.015
      vertex 0.3858922981437988 1.3457663743136463 -1.5900000000000003
    endloop
  endfacet
  facet normal -0.35836794954530193 -0.9335804264972011 -9.444945967309213e-18
    outer loop
      vertex 0.47882820065593634 1.3155696691002716 -10.015
      vertex 0.5244492307822767 1.2980573963935023 -10.015
      vertex 0.4788282006559361 1.3155696691002716 -1.5900000000000003
    endloop
  endfacet
  facet normal -0.3255681544571543 -0.9455185755993176 -4.29024642330032e-18
    outer loop
      vertex 0.4326237921249264 1.3314791228132148 -10.015
      vertex 0.47882820065593634 1.3155696691002716 -10.015
      vertex 0.4326237921249263 1.3314791228132148 -1.5900000000000003
    endloop
  endfacet
  facet normal -0.4848096202463375 -0.8746197071393955 -6.3886860885135e-18
    outer loop
      vertex 0.6572601879002472 1.2361266300024976 -10.015
      vertex 0.7000000000000001 1.212435565298214 -10.015
      vertex 0.6572601879002471 1.2361266300024976 -1.5900000000000005
    endloop
  endfacet
  facet normal -0.5150380749100533 -0.8571673007021129 -6.78702824123154e-18
    outer loop
      vertex 0.7000000000000001 1.212435565298214 -10.015
      vertex 0.7418869699264868 1.1872673346189964 -10.015
      vertex 0.7 1.212435565298214 -1.5900000000000003
    endloop
  endfacet
  facet normal -0.3907311284892724 -0.9205048534524409 0
    outer loop
      vertex 0.5244492307822767 1.2980573963935023 -10.015
      vertex 0.5694313003061202 1.2789636406996412 -10.015
      vertex 0.5244492307822767 1.2980573963935023 -1.5900000000000005
    endloop
  endfacet
  facet normal -0.42261826174069894 -0.9063077870366503 0
    outer loop
      vertex 0.5694313003061202 1.2789636406996412 -10.015
      vertex 0.6137196055047084 1.2583116648188337 -10.015
      vertex 0.5694313003061202 1.2789636406996412 -1.59
    endloop
  endfacet
  facet normal -0.45399049973954725 -0.8910065241883677 0
    outer loop
      vertex 0.6572601879002472 1.2361266300024976 -10.015
      vertex 0.6137196055047084 1.2583116648188337 -1.5900000000000003
      vertex 0.6137196055047084 1.2583116648188337 -10.015
    endloop
  endfacet
  facet normal -0.6018150231520483 -0.7986355100472928 0
    outer loop
      vertex 0.8228993532094624 1.1326237921249263 -10.015
      vertex 0.8619260654559215 1.1032150550494106 -10.015
      vertex 0.8228993532094624 1.1326237921249263 -1.5900000000000003
    endloop
  endfacet
  facet normal -0.6293203910498357 -0.7771459614569722 0
    outer loop
      vertex 0.8999026535611551 1.0724622203665692 -10.015
      vertex 0.8619260654559215 1.1032150550494106 -1.59
      vertex 0.8619260654559215 1.1032150550494106 -10.015
    endloop
  endfacet
  facet normal -0.544639035015027 -0.838670567945424 0
    outer loop
      vertex 0.7418869699264868 1.1872673346189964 -10.015
      vertex 0.7828700648590454 1.1606526015770584 -10.015
      vertex 0.7418869699264868 1.1872673346189964 -1.5900000000000003
    endloop
  endfacet
  facet normal -0.573576436351047 -0.819152044288991 0
    outer loop
      vertex 0.7828700648590454 1.1606526015770584 -10.015
      vertex 0.8228993532094624 1.1326237921249263 -10.015
      vertex 0.7828700648590454 1.1606526015770584 -1.59
    endloop
  endfacet
  facet normal -0.6560590289905073 -0.754709580222772 0
    outer loop
      vertex 0.9367828489024015 1.040402755668352 -10.015
      vertex 0.8999026535611551 1.0724622203665692 -1.59
      vertex 0.8999026535611551 1.0724622203665692 -10.015
    endloop
  endfacet
  facet normal -0.6819983600624994 -0.7313537016191698 0
    outer loop
      vertex 0.9367828489024015 1.040402755668352 -10.015
      vertex 0.9725217186425961 1.0070757204741116 -10.015
      vertex 0.9367828489024015 1.040402755668352 -1.59
    endloop
  endfacet
  facet normal -0.01745240643728123 -0.9998476951563913 -3.162265550143102e-19
    outer loop
      vertex 0.04885929538350151 1.399147157826734 -10.015
      vertex 0.04885929538350136 1.399147157826734 -1.59
      vertex 0 1.4 -1.5900000000000003
    endloop
  endfacet
  facet normal -0.05233595624294945 -0.9986295347545736 0
    outer loop
      vertex 0.09765906324177533 1.3965896703637537 -10.015
      vertex 0.09765906324177533 1.3965896703637537 -1.5900000000000005
      vertex 0.04885929538350136 1.399147157826734 -1.59
    endloop
  endfacet
  facet normal -0.08715574274765436 -0.9961946980917459 0
    outer loop
      vertex 0.14633984857471483 1.3923306535155826 -10.015
      vertex 0.14633984857471483 1.3923306535155826 -1.5900000000000003
      vertex 0.09765906324177533 1.3965896703637537 -1.5900000000000005
    endloop
  endfacet
  facet normal -0.12186934340514832 -0.9925461516413219 -4.0149006244612946e-19
    outer loop
      vertex 0.19484234134409165 1.3863752962381983 -10.015
      vertex 0.19484234134409162 1.3863752962381983 -1.59
      vertex 0.14633984857471483 1.3923306535155826 -1.5900000000000003
    endloop
  endfacet
  facet normal -0.156434465040233 -0.9876883405951374 -2.576812239355872e-18
    outer loop
      vertex 0.24310744873370257 1.378730854217091 -10.015
      vertex 0.24310744873370244 1.378730854217091 -1.5900000000000005
      vertex 0.19484234134409162 1.3863752962381983 -1.59
    endloop
  endfacet
  facet normal -0.19080899537654256 -0.9816271834476643 -3.771641661233814e-18
    outer loop
      vertex 0.29107636714486324 1.3694066410273278 -10.015
      vertex 0.29107636714486307 1.3694066410273278 -1.5900000000000005
      vertex 0.24310744873370244 1.378730854217091 -1.5900000000000005
    endloop
  endfacet
  facet normal -0.22495105434386545 -0.9743700647852352 0
    outer loop
      vertex 0.3386906538395347 1.358414016786395 -10.015
      vertex 0.3386906538395347 1.358414016786395 -1.5900000000000005
      vertex 0.29107636714486307 1.3694066410273278 -1.5900000000000005
    endloop
  endfacet
  facet normal -0.25881904510252035 -0.9659258262890684 -1.705322629580504e-18
    outer loop
      vertex 0.38589229814379883 1.3457663743136463 -10.015
      vertex 0.3858922981437988 1.3457663743136463 -1.5900000000000003
      vertex 0.3386906538395347 1.358414016786395 -1.5900000000000005
    endloop
  endfacet
  facet normal -0.29237170472273905 -0.9563047559630347 -3.852792858541158e-18
    outer loop
      vertex 0.4326237921249264 1.3314791228132148 -10.015
      vertex 0.4326237921249263 1.3314791228132148 -1.5900000000000003
      vertex 0.3858922981437988 1.3457663743136463 -1.5900000000000003
    endloop
  endfacet
  facet normal -0.325568154457155 -0.9455185755993174 -8.580492846600659e-18
    outer loop
      vertex 0.47882820065593634 1.3155696691002716 -10.015
      vertex 0.4788282006559361 1.3155696691002716 -1.5900000000000003
      vertex 0.4326237921249263 1.3314791228132148 -1.5900000000000003
    endloop
  endfacet
  facet normal -0.4539904997395482 -0.8910065241883672 -5.982560305898249e-18
    outer loop
      vertex 0.6572601879002472 1.2361266300024976 -10.015
      vertex 0.6572601879002471 1.2361266300024976 -1.5900000000000005
      vertex 0.6137196055047084 1.2583116648188337 -1.5900000000000003
    endloop
  endfacet
  facet normal -0.4848096202463375 -0.8746197071393955 -6.3886860885135e-18
    outer loop
      vertex 0.7000000000000001 1.212435565298214 -10.015
      vertex 0.7 1.212435565298214 -1.5900000000000003
      vertex 0.6572601879002471 1.2361266300024976 -1.5900000000000005
    endloop
  endfacet
  facet normal -0.5150380749100522 -0.8571673007021134 0
    outer loop
      vertex 0.7418869699264868 1.1872673346189964 -10.015
      vertex 0.7418869699264868 1.1872673346189964 -1.5900000000000003
      vertex 0.7 1.212435565298214 -1.5900000000000003
    endloop
  endfacet
  facet normal -0.35836794954530043 -0.9335804264972017 0
    outer loop
      vertex 0.5244492307822767 1.2980573963935023 -10.015
      vertex 0.5244492307822767 1.2980573963935023 -1.5900000000000005
      vertex 0.4788282006559361 1.3155696691002716 -1.5900000000000003
    endloop
  endfacet
  facet normal -0.3907311284892724 -0.9205048534524409 0
    outer loop
      vertex 0.5694313003061202 1.2789636406996412 -10.015
      vertex 0.5694313003061202 1.2789636406996412 -1.59
      vertex 0.5244492307822767 1.2980573963935023 -1.5900000000000005
    endloop
  endfacet
  facet normal -0.42261826174069894 -0.9063077870366503 0
    outer loop
      vertex 0.6137196055047084 1.2583116648188337 -10.015
      vertex 0.6137196055047084 1.2583116648188337 -1.5900000000000003
      vertex 0.5694313003061202 1.2789636406996412 -1.59
    endloop
  endfacet
  facet normal -0.6018150231520483 -0.7986355100472928 0
    outer loop
      vertex 0.8619260654559215 1.1032150550494106 -10.015
      vertex 0.8619260654559215 1.1032150550494106 -1.59
      vertex 0.8228993532094624 1.1326237921249263 -1.5900000000000003
    endloop
  endfacet
  facet normal -0.544639035015027 -0.838670567945424 0
    outer loop
      vertex 0.7828700648590454 1.1606526015770584 -10.015
      vertex 0.7828700648590454 1.1606526015770584 -1.59
      vertex 0.7418869699264868 1.1872673346189964 -1.5900000000000003
    endloop
  endfacet
  facet normal -0.573576436351047 -0.819152044288991 0
    outer loop
      vertex 0.8228993532094624 1.1326237921249263 -10.015
      vertex 0.8228993532094624 1.1326237921249263 -1.5900000000000003
      vertex 0.7828700648590454 1.1606526015770584 -1.59
    endloop
  endfacet
  facet normal -0.6560590289905073 -0.754709580222772 0
    outer loop
      vertex 0.9367828489024015 1.040402755668352 -10.015
      vertex 0.9367828489024015 1.040402755668352 -1.59
      vertex 0.8999026535611551 1.0724622203665692 -1.59
    endloop
  endfacet
  facet normal -0.6293203910498357 -0.7771459614569722 0
    outer loop
      vertex 0.8999026535611551 1.0724622203665692 -10.015
      vertex 0.8999026535611551 1.0724622203665692 -1.59
      vertex 0.8619260654559215 1.1032150550494106 -1.59
    endloop
  endfacet
  facet normal -0.6819983600624994 -0.7313537016191698 0
    outer loop
      vertex 0.9725217186425961 1.0070757204741116 -10.015
      vertex 0.9725217186425961 1.0070757204741116 -1.5900000000000003
      vertex 0.9367828489024015 1.040402755668352 -1.59
    endloop
  endfacet
  facet normal -0.9998476951563913 -0.017452406437281232 3.291827180516019e-20
    outer loop
      vertex 1.4 0 -10.015
      vertex 1.399147157826734 0.04885929538350137 -1.59
      vertex 1.399147157826734 0.04885929538350135 -10.015
    endloop
  endfacet
  facet normal -0.9986295347545736 -0.052335956242949344 0
    outer loop
      vertex 1.399147157826734 0.04885929538350135 -10.015
      vertex 1.3965896703637537 0.09765906324177542 -1.5900000000000003
      vertex 1.3965896703637537 0.09765906324177542 -10.015
    endloop
  endfacet
  facet normal -0.9961946980917459 -0.0871557427476545 3.2918271805160196e-19
    outer loop
      vertex 1.3965896703637537 0.09765906324177542 -10.015
      vertex 1.3923306535155826 0.14633984857471488 -1.5900000000000007
      vertex 1.3923306535155826 0.14633984857471485 -10.015
    endloop
  endfacet
  facet normal -0.9925461516413219 -0.12186934340514845 0
    outer loop
      vertex 1.3923306535155826 0.14633984857471485 -10.015
      vertex 1.3863752962381983 0.1948423413440916 -1.5900000000000007
      vertex 1.3863752962381983 0.1948423413440916 -10.015
    endloop
  endfacet
  facet normal -0.9876883405951374 -0.1564344650402329 0
    outer loop
      vertex 1.3863752962381983 0.1948423413440916 -10.015
      vertex 1.378730854217091 0.24310744873370244 -1.5900000000000003
      vertex 1.378730854217091 0.24310744873370244 -10.015
    endloop
  endfacet
  facet normal -0.9816271834476644 -0.1908089953765426 0
    outer loop
      vertex 1.378730854217091 0.24310744873370244 -10.015
      vertex 1.3694066410273278 0.29107636714486307 -1.5900000000000003
      vertex 1.3694066410273278 0.29107636714486307 -10.015
    endloop
  endfacet
  facet normal -0.9743700647852352 -0.2249510543438652 0
    outer loop
      vertex 1.3694066410273278 0.29107636714486307 -10.015
      vertex 1.358414016786395 0.3386906538395348 -1.5900000000000003
      vertex 1.358414016786395 0.3386906538395348 -10.015
    endloop
  endfacet
  facet normal -0.9659258262890684 -0.25881904510252035 0
    outer loop
      vertex 1.358414016786395 0.3386906538395348 -10.015
      vertex 1.3457663743136463 0.38589229814379883 -1.5900000000000003
      vertex 1.3457663743136463 0.38589229814379883 -10.015
    endloop
  endfacet
  facet normal -0.9563047559630347 -0.29237170472273905 0
    outer loop
      vertex 1.3457663743136463 0.38589229814379883 -10.015
      vertex 1.3314791228132148 0.43262379212492635 -1.5900000000000003
      vertex 1.3314791228132148 0.43262379212492635 -10.015
    endloop
  endfacet
  facet normal -0.9455185755993174 -0.3255681544571549 0
    outer loop
      vertex 1.3314791228132148 0.43262379212492635 -10.015
      vertex 1.3155696691002716 0.4788282006559362 -1.5900000000000003
      vertex 1.3155696691002716 0.4788282006559362 -10.015
    endloop
  endfacet
  facet normal -0.8910065241883696 -0.45399049973954364 5.982560305898189e-18
    outer loop
      vertex 1.2361266300024978 0.6572601879002471 -10.015
      vertex 1.2583116648188337 0.6137196055047083 -10.015
      vertex 1.2361266300024978 0.6572601879002472 -1.5900000000000003
    endloop
  endfacet
  facet normal -0.874619707139395 -0.48480962024633845 6.320308186590773e-18
    outer loop
      vertex 1.2361266300024978 0.6572601879002471 -10.015
      vertex 1.2124355652982142 0.7 -1.5900000000000003
      vertex 1.2124355652982142 0.6999999999999998 -10.015
    endloop
  endfacet
  facet normal -0.8571673007021121 -0.5150380749100546 0
    outer loop
      vertex 1.2124355652982142 0.6999999999999998 -10.015
      vertex 1.1872673346189964 0.7418869699264868 -1.5900000000000003
      vertex 1.1872673346189964 0.7418869699264868 -10.015
    endloop
  endfacet
  facet normal -0.7986355100472928 -0.6018150231520483 7.900385233238454e-18
    outer loop
      vertex 1.1326237921249263 0.8228993532094624 -10.015
      vertex 1.1032150550494106 0.8619260654559217 -1.5900000000000003
      vertex 1.1032150550494106 0.8619260654559215 -10.015
    endloop
  endfacet
  facet normal -0.754709580222774 -0.6560590289905049 -1.1245342032504913e-17
    outer loop
      vertex 1.040402755668352 0.9367828489024015 -10.015
      vertex 1.0724622203665692 0.8999026535611548 -10.015
      vertex 1.0404027556683517 0.9367828489024016 -1.59
    endloop
  endfacet
  facet normal -0.7313537016191698 -0.6819983600624994 8.95376993100359e-18
    outer loop
      vertex 1.040402755668352 0.9367828489024015 -10.015
      vertex 1.0070757204741116 0.9725217186425962 -1.5900000000000003
      vertex 1.0070757204741116 0.9725217186425961 -10.015
    endloop
  endfacet
  facet normal -0.7771459614569705 -0.629320391049838 -1.2189017113333276e-17
    outer loop
      vertex 1.0724622203665692 0.8999026535611548 -10.015
      vertex 1.1032150550494106 0.8619260654559215 -10.015
      vertex 1.072462220366569 0.899902653561155 -1.5900000000000003
    endloop
  endfacet
  facet normal -0.8191520442889897 -0.5735764363510493 0
    outer loop
      vertex 1.1326237921249263 0.8228993532094624 -10.015
      vertex 1.1606526015770584 0.7828700648590456 -10.015
      vertex 1.1326237921249263 0.8228993532094624 -1.5900000000000003
    endloop
  endfacet
  facet normal -0.8386705679454254 -0.5446390350150249 -7.900385233238422e-18
    outer loop
      vertex 1.1872673346189964 0.7418869699264868 -10.015
      vertex 1.1606526015770582 0.7828700648590459 -1.59
      vertex 1.1606526015770584 0.7828700648590456 -10.015
    endloop
  endfacet
  facet normal -0.9335804264972019 -0.35836794954530005 0
    outer loop
      vertex 1.3155696691002716 0.4788282006559362 -10.015
      vertex 1.2980573963935023 0.5244492307822768 -1.5900000000000003
      vertex 1.2980573963935023 0.5244492307822768 -10.015
    endloop
  endfacet
  facet normal -0.9205048534524406 -0.39073112848927327 5.266923488825632e-18
    outer loop
      vertex 1.2980573963935023 0.5244492307822768 -10.015
      vertex 1.2789636406996412 0.5694313003061203 -1.59
      vertex 1.2789636406996412 0.5694313003061202 -10.015
    endloop
  endfacet
  facet normal -0.9063077870366498 -0.42261826174069983 0
    outer loop
      vertex 1.2789636406996412 0.5694313003061202 -10.015
      vertex 1.2583116648188337 0.6137196055047083 -1.59
      vertex 1.2583116648188337 0.6137196055047083 -10.015
    endloop
  endfacet
  facet normal -0.9998476951563913 -0.017452406437281225 0
    outer loop
      vertex 1.4 0 -10.015
      vertex 1.4 0 -1.5900000000000003
      vertex 1.399147157826734 0.04885929538350137 -1.59
    endloop
  endfacet
  facet normal -0.9986295347545736 -0.05233595624294936 8.620858106334878e-20
    outer loop
      vertex 1.399147157826734 0.04885929538350135 -10.015
      vertex 1.399147157826734 0.04885929538350137 -1.59
      vertex 1.3965896703637537 0.09765906324177542 -1.5900000000000003
    endloop
  endfacet
  facet normal -0.9961946980917459 -0.08715574274765445 0
    outer loop
      vertex 1.3965896703637537 0.09765906324177542 -10.015
      vertex 1.3965896703637537 0.09765906324177542 -1.5900000000000003
      vertex 1.3923306535155826 0.14633984857471488 -1.5900000000000007
    endloop
  endfacet
  facet normal -0.9925461516413219 -0.12186934340514852 4.0149006244613013e-19
    outer loop
      vertex 1.3923306535155826 0.14633984857471485 -10.015
      vertex 1.3923306535155826 0.14633984857471488 -1.5900000000000007
      vertex 1.3863752962381983 0.1948423413440916 -1.5900000000000007
    endloop
  endfacet
  facet normal -0.9876883405951374 -0.1564344650402329 0
    outer loop
      vertex 1.3863752962381983 0.1948423413440916 -10.015
      vertex 1.3863752962381983 0.1948423413440916 -1.5900000000000007
      vertex 1.378730854217091 0.24310744873370244 -1.5900000000000003
    endloop
  endfacet
  facet normal -0.9743700647852352 -0.2249510543438652 0
    outer loop
      vertex 1.3694066410273278 0.29107636714486307 -10.015
      vertex 1.3694066410273278 0.29107636714486307 -1.5900000000000003
      vertex 1.358414016786395 0.3386906538395348 -1.5900000000000003
    endloop
  endfacet
  facet normal -0.9659258262890684 -0.25881904510252035 0
    outer loop
      vertex 1.358414016786395 0.3386906538395348 -10.015
      vertex 1.358414016786395 0.3386906538395348 -1.5900000000000003
      vertex 1.3457663743136463 0.38589229814379883 -1.5900000000000003
    endloop
  endfacet
  facet normal -0.9335804264972019 -0.35836794954530005 0
    outer loop
      vertex 1.3155696691002716 0.4788282006559362 -10.015
      vertex 1.3155696691002716 0.4788282006559362 -1.5900000000000003
      vertex 1.2980573963935023 0.5244492307822768 -1.5900000000000003
    endloop
  endfacet
  facet normal -0.9563047559630347 -0.29237170472273905 0
    outer loop
      vertex 1.3457663743136463 0.38589229814379883 -10.015
      vertex 1.3457663743136463 0.38589229814379883 -1.5900000000000003
      vertex 1.3314791228132148 0.43262379212492635 -1.5900000000000003
    endloop
  endfacet
  facet normal -0.9455185755993174 -0.3255681544571549 0
    outer loop
      vertex 1.3314791228132148 0.43262379212492635 -10.015
      vertex 1.3314791228132148 0.43262379212492635 -1.5900000000000003
      vertex 1.3155696691002716 0.4788282006559362 -1.5900000000000003
    endloop
  endfacet
  facet normal -0.9816271834476644 -0.1908089953765426 0
    outer loop
      vertex 1.378730854217091 0.24310744873370244 -10.015
      vertex 1.378730854217091 0.24310744873370244 -1.5900000000000003
      vertex 1.3694066410273278 0.29107636714486307 -1.5900000000000003
    endloop
  endfacet
  facet normal -0.874619707139395 -0.48480962024633845 6.388686088513512e-18
    outer loop
      vertex 1.2361266300024978 0.6572601879002471 -10.015
      vertex 1.2361266300024978 0.6572601879002472 -1.5900000000000003
      vertex 1.2124355652982142 0.7 -1.5900000000000003
    endloop
  endfacet
  facet normal -0.8571673007021114 -0.5150380749100556 6.7870282412315705e-18
    outer loop
      vertex 1.2124355652982142 0.6999999999999998 -10.015
      vertex 1.2124355652982142 0.7 -1.5900000000000003
      vertex 1.1872673346189964 0.7418869699264868 -1.5900000000000003
    endloop
  endfacet
  facet normal -0.7771459614569682 -0.6293203910498408 8.293008759758344e-18
    outer loop
      vertex 1.1032150550494106 0.8619260654559215 -10.015
      vertex 1.1032150550494106 0.8619260654559217 -1.5900000000000003
      vertex 1.072462220366569 0.899902653561155 -1.5900000000000003
    endloop
  endfacet
  facet normal -0.7986355100472937 -0.6018150231520472 0
    outer loop
      vertex 1.1326237921249263 0.8228993532094624 -10.015
      vertex 1.1326237921249263 0.8228993532094624 -1.5900000000000003
      vertex 1.1032150550494106 0.8619260654559217 -1.5900000000000003
    endloop
  endfacet
  facet normal -0.754709580222774 -0.6560590289905049 -1.1245342032504916e-17
    outer loop
      vertex 1.0724622203665692 0.8999026535611548 -10.015
      vertex 1.072462220366569 0.899902653561155 -1.5900000000000003
      vertex 1.0404027556683517 0.9367828489024016 -1.59
    endloop
  endfacet
  facet normal -0.731353701619172 -0.6819983600624969 -1.028796623462197e-17
    outer loop
      vertex 1.040402755668352 0.9367828489024015 -10.015
      vertex 1.0404027556683517 0.9367828489024016 -1.59
      vertex 1.0070757204741116 0.9725217186425962 -1.5900000000000003
    endloop
  endfacet
  facet normal -0.8191520442889902 -0.5735764363510483 -6.472253868700854e-18
    outer loop
      vertex 1.1606526015770584 0.7828700648590456 -10.015
      vertex 1.1606526015770582 0.7828700648590459 -1.59
      vertex 1.1326237921249263 0.8228993532094624 -1.5900000000000003
    endloop
  endfacet
  facet normal -0.8386705679454248 -0.5446390350150261 0
    outer loop
      vertex 1.1872673346189964 0.7418869699264868 -10.015
      vertex 1.1872673346189964 0.7418869699264868 -1.5900000000000003
      vertex 1.1606526015770582 0.7828700648590459 -1.59
    endloop
  endfacet
  facet normal -0.9205048534524409 -0.3907311284892724 0
    outer loop
      vertex 1.2980573963935023 0.5244492307822768 -10.015
      vertex 1.2980573963935023 0.5244492307822768 -1.5900000000000003
      vertex 1.2789636406996412 0.5694313003061203 -1.59
    endloop
  endfacet
  facet normal -0.9063077870366494 -0.42261826174070066 5.569145695093018e-18
    outer loop
      vertex 1.2789636406996412 0.5694313003061202 -10.015
      vertex 1.2789636406996412 0.5694313003061203 -1.59
      vertex 1.2583116648188337 0.6137196055047083 -1.59
    endloop
  endfacet
  facet normal -0.8910065241883699 -0.45399049973954264 0
    outer loop
      vertex 1.2583116648188337 0.6137196055047083 -10.015
      vertex 1.2583116648188337 0.6137196055047083 -1.59
      vertex 1.2361266300024978 0.6572601879002472 -1.5900000000000003
    endloop
  endfacet
  facet normal 0.8191520442889922 0.5735764363510454 -1.2799955095866858e-17
    outer loop
      vertex -1.1067651593609806 -0.7465225261334467 -10.015
      vertex -1.0800376874905548 -0.7846933118104514 -14.99
      vertex -1.1067651593609806 -0.7465225261334468 -14.99
    endloop
  endfacet
  facet normal 0.7986355100472925 0.6018150231520487 0
    outer loop
      vertex -1.0800376874905548 -0.7846933118104514 -10.015
      vertex -1.0519943560649738 -0.8219080695597536 -14.99
      vertex -1.0800376874905548 -0.7846933118104514 -14.99
    endloop
  endfacet
  facet normal 0.7771459614569705 0.629320391049838 0
    outer loop
      vertex -1.0519943560649738 -0.8219080695597536 -10.015
      vertex -1.0226693315638355 -0.8581214589315299 -14.99
      vertex -1.0519943560649738 -0.8219080695597536 -14.99
    endloop
  endfacet
  facet normal 0.754709580222774 0.6560590289905049 -1.464063998991923e-17
    outer loop
      vertex -1.0226693315638355 -0.8581214589315298 -10.015
      vertex -0.9920983420123213 -0.8932893594890757 -14.99
      vertex -1.0226693315638355 -0.8581214589315299 -14.99
    endloop
  endfacet
  facet normal 0.8746197071393953 0.4848096202463381 0
    outer loop
      vertex -1.1787350364666673 -0.6267445363191643 -10.015
      vertex -1.1561439140522254 -0.6675000000000001 -14.99
      vertex -1.1787350364666673 -0.6267445363191643 -14.99
    endloop
  endfacet
  facet normal 0.8571673007021128 0.5150380749100535 -1.149361063967352e-17
    outer loop
      vertex -1.1561439140522254 -0.6675 -10.015
      vertex -1.1321442083688287 -0.7074422177513284 -14.99
      vertex -1.1561439140522254 -0.6675000000000001 -14.99
    endloop
  endfacet
  facet normal 0.891006524188368 0.4539904997395466 -1.0131270467777402e-17
    outer loop
      vertex -1.1998900518093878 -0.5852254809634183 -10.015
      vertex -1.1787350364666673 -0.6267445363191643 -14.99
      vertex -1.1998900518093878 -0.5852254809634184 -14.99
    endloop
  endfacet
  facet normal 0.9205048534524403 0.39073112848927377 0
    outer loop
      vertex -1.237790445846661 -0.5000998022102425 -10.015
      vertex -1.219583185952872 -0.5429934185061933 -14.99
      vertex -1.237790445846661 -0.5000998022102425 -14.99
    endloop
  endfacet
  facet normal 0.9063077870366499 0.42261826174069955 -9.431166327871066e-18
    outer loop
      vertex -1.219583185952872 -0.5429934185061932 -10.015
      vertex -1.1998900518093878 -0.5852254809634184 -14.99
      vertex -1.219583185952872 -0.5429934185061933 -14.99
    endloop
  endfacet
  facet normal 0.8386705679454237 0.5446390350150275 -1.2154186870016292e-17
    outer loop
      vertex -1.1321442083688287 -0.7074422177513283 -10.015
      vertex -1.1067651593609806 -0.7465225261334468 -14.99
      vertex -1.1321442083688287 -0.7074422177513284 -14.99
    endloop
  endfacet
  facet normal 0.9455185755993171 0.32556815445715603 -3.6326960920909946e-18
    outer loop
      vertex -1.26966044925403 -0.4125376874905546 -10.015
      vertex -1.2544896487491877 -0.45659689133976766 -14.99
      vertex -1.26966044925403 -0.41253768749055464 -14.99
    endloop
  endfacet
  facet normal 0.9563047559630355 0.2923717047227366 0
    outer loop
      vertex -1.2832843640776557 -0.36797587001569365 -10.015
      vertex -1.26966044925403 -0.41253768749055464 -14.99
      vertex -1.2832843640776557 -0.36797587001569365 -14.99
    endloop
  endfacet
  facet normal 0.9659258262890682 0.2588190451025211 0
    outer loop
      vertex -1.2953447945784553 -0.3229657306255561 -10.015
      vertex -1.2832843640776557 -0.36797587001569365 -14.99
      vertex -1.2953447945784553 -0.3229657306255561 -14.99
    endloop
  endfacet
  facet normal 0.974370064785235 0.22495105434386617 0
    outer loop
      vertex -1.3058270469796305 -0.27756210724170893 -10.015
      vertex -1.2953447945784553 -0.3229657306255561 -14.99
      vertex -1.3058270469796305 -0.27756210724170893 -14.99
    endloop
  endfacet
  facet normal 0.9876883405951372 0.15643446504023395 0
    outer loop
      vertex -1.3220078717699963 -0.18579608978168746 -10.015
      vertex -1.3147183502712976 -0.23182031718535218 -14.99
      vertex -1.3220078717699963 -0.18579608978168746 -14.99
    endloop
  endfacet
  facet normal 0.9925461516413221 0.12186934340514691 -6.799103067554979e-19
    outer loop
      vertex -1.3276867303166449 -0.1395454984623174 -10.015
      vertex -1.3220078717699963 -0.18579608978168746 -14.99
      vertex -1.3276867303166449 -0.13954549846231742 -14.99
    endloop
  endfacet
  facet normal 0.9816271834476644 0.19080899537654175 -1.0645253264956367e-18
    outer loop
      vertex -1.3147183502712976 -0.23182031718535215 -10.015
      vertex -1.3058270469796305 -0.27756210724170893 -14.99
      vertex -1.3147183502712976 -0.23182031718535218 -14.99
    endloop
  endfacet
  facet normal 0.9961946980917457 0.08715574274765643 0
    outer loop
      vertex -1.3317480070968652 -0.09312489244840724 -10.015
      vertex -1.3276867303166449 -0.13954549846231742 -14.99
      vertex -1.3317480070968652 -0.09312489244840724 -14.99
    endloop
  endfacet
  facet normal 0.9986295347545737 0.05233595624294655 -7.299570808629894e-20
    outer loop
      vertex -1.3341867540704928 -0.046590828097838696 -10.015
      vertex -1.3317480070968652 -0.09312489244840724 -14.99
      vertex -1.3341867540704928 -0.0465908280978387 -14.99
    endloop
  endfacet
  facet normal 0.9998476951563913 0.017452406437282592 0
    outer loop
      vertex -1.335 0 -10.015
      vertex -1.3341867540704928 -0.0465908280978387 -14.99
      vertex -1.335 0 -14.99
    endloop
  endfacet
  facet normal 0.9335804264972014 0.35836794954530105 0
    outer loop
      vertex -1.2544896487491877 -0.45659689133976766 -10.015
      vertex -1.237790445846661 -0.5000998022102425 -14.99
      vertex -1.2544896487491877 -0.45659689133976766 -14.99
    endloop
  endfacet
  facet normal 0.754709580222774 0.6560590289905049 -1.4030458483586084e-17
    outer loop
      vertex -1.0226693315638355 -0.8581214589315298 -10.015
      vertex -0.9920983420123213 -0.8932893594890756 -10.015
      vertex -0.9920983420123213 -0.8932893594890757 -14.99
    endloop
  endfacet
  facet normal 0.8191520442889931 0.5735764363510443 0
    outer loop
      vertex -1.1067651593609806 -0.7465225261334467 -10.015
      vertex -1.0800376874905548 -0.7846933118104514 -10.015
      vertex -1.0800376874905548 -0.7846933118104514 -14.99
    endloop
  endfacet
  facet normal 0.7771459614569695 0.6293203910498391 -1.403045848358606e-17
    outer loop
      vertex -1.0519943560649738 -0.8219080695597536 -10.015
      vertex -1.0226693315638355 -0.8581214589315298 -10.015
      vertex -1.0226693315638355 -0.8581214589315299 -14.99
    endloop
  endfacet
  facet normal 0.7986355100472925 0.6018150231520487 0
    outer loop
      vertex -1.0800376874905548 -0.7846933118104514 -10.015
      vertex -1.0519943560649738 -0.8219080695597536 -10.015
      vertex -1.0519943560649738 -0.8219080695597536 -14.99
    endloop
  endfacet
  facet normal 0.8571673007021128 0.5150380749100535 -1.149361063967352e-17
    outer loop
      vertex -1.1321442083688287 -0.7074422177513283 -10.015
      vertex -1.1321442083688287 -0.7074422177513284 -14.99
      vertex -1.1561439140522254 -0.6675 -10.015
    endloop
  endfacet
  facet normal 0.8746197071393946 0.4848096202463391 -1.0756684837416013e-17
    outer loop
      vertex -1.1787350364666673 -0.6267445363191643 -10.015
      vertex -1.1561439140522254 -0.6675 -10.015
      vertex -1.1561439140522254 -0.6675000000000001 -14.99
    endloop
  endfacet
  facet normal 0.9063077870366499 0.42261826174069955 -9.431166327871066e-18
    outer loop
      vertex -1.1998900518093878 -0.5852254809634183 -10.015
      vertex -1.1998900518093878 -0.5852254809634184 -14.99
      vertex -1.219583185952872 -0.5429934185061932 -10.015
    endloop
  endfacet
  facet normal 0.9205048534524399 0.39073112848927466 -8.719571764554034e-18
    outer loop
      vertex -1.219583185952872 -0.5429934185061932 -10.015
      vertex -1.219583185952872 -0.5429934185061933 -14.99
      vertex -1.237790445846661 -0.5000998022102425 -10.015
    endloop
  endfacet
  facet normal 0.8910065241883685 0.4539904997395456 0
    outer loop
      vertex -1.1787350364666673 -0.6267445363191643 -10.015
      vertex -1.1787350364666673 -0.6267445363191643 -14.99
      vertex -1.1998900518093878 -0.5852254809634183 -10.015
    endloop
  endfacet
  facet normal 0.8386705679454237 0.5446390350150275 -1.2154186870016292e-17
    outer loop
      vertex -1.1067651593609806 -0.7465225261334467 -10.015
      vertex -1.1067651593609806 -0.7465225261334468 -14.99
      vertex -1.1321442083688287 -0.7074422177513283 -10.015
    endloop
  endfacet
  facet normal 0.9455185755993171 0.32556815445715565 0
    outer loop
      vertex -1.2544896487491877 -0.45659689133976766 -10.015
      vertex -1.2544896487491877 -0.45659689133976766 -14.99
      vertex -1.26966044925403 -0.4125376874905546 -10.015
    endloop
  endfacet
  facet normal 0.9563047559630354 0.29237170472273694 -3.262289430473268e-18
    outer loop
      vertex -1.26966044925403 -0.4125376874905546 -10.015
      vertex -1.26966044925403 -0.41253768749055464 -14.99
      vertex -1.2832843640776557 -0.36797587001569365 -10.015
    endloop
  endfacet
  facet normal 0.9659258262890682 0.2588190451025211 0
    outer loop
      vertex -1.2953447945784553 -0.3229657306255561 -10.015
      vertex -1.2832843640776557 -0.36797587001569365 -10.015
      vertex -1.2832843640776557 -0.36797587001569365 -14.99
    endloop
  endfacet
  facet normal 0.974370064785235 0.22495105434386617 0
    outer loop
      vertex -1.2953447945784553 -0.3229657306255561 -10.015
      vertex -1.2953447945784553 -0.3229657306255561 -14.99
      vertex -1.3058270469796305 -0.27756210724170893 -10.015
    endloop
  endfacet
  facet normal 0.9816271834476645 0.19080899537654167 0
    outer loop
      vertex -1.3058270469796305 -0.27756210724170893 -10.015
      vertex -1.3058270469796305 -0.27756210724170893 -14.99
      vertex -1.3147183502712976 -0.23182031718535215 -10.015
    endloop
  endfacet
  facet normal 0.9876883405951372 0.15643446504023403 -8.727494720230502e-19
    outer loop
      vertex -1.3147183502712976 -0.23182031718535215 -10.015
      vertex -1.3147183502712976 -0.23182031718535218 -14.99
      vertex -1.3220078717699963 -0.18579608978168746 -10.015
    endloop
  endfacet
  facet normal 0.9925461516413221 0.12186934340514684 0
    outer loop
      vertex -1.3220078717699963 -0.18579608978168746 -10.015
      vertex -1.3220078717699963 -0.18579608978168746 -14.99
      vertex -1.3276867303166449 -0.1395454984623174 -10.015
    endloop
  endfacet
  facet normal 0.9961946980917457 0.08715574274765649 -4.676819494528691e-19
    outer loop
      vertex -1.3317480070968652 -0.09312489244840724 -10.015
      vertex -1.3276867303166449 -0.1395454984623174 -10.015
      vertex -1.3276867303166449 -0.13954549846231742 -14.99
    endloop
  endfacet
  facet normal 0.9986295347545737 0.05233595624294654 0
    outer loop
      vertex -1.3317480070968652 -0.09312489244840724 -10.015
      vertex -1.3317480070968652 -0.09312489244840724 -14.99
      vertex -1.3341867540704928 -0.046590828097838696 -10.015
    endloop
  endfacet
  facet normal 0.9998476951563913 0.017452406437282596 -2.434178826857718e-20
    outer loop
      vertex -1.3341867540704928 -0.046590828097838696 -10.015
      vertex -1.3341867540704928 -0.0465908280978387 -14.99
      vertex -1.335 0 -10.015
    endloop
  endfacet
  facet normal 0.9335804264972014 0.35836794954530105 0
    outer loop
      vertex -1.2544896487491877 -0.45659689133976766 -10.015
      vertex -1.237790445846661 -0.5000998022102425 -10.015
      vertex -1.237790445846661 -0.5000998022102425 -14.99
    endloop
  endfacet
  facet normal 0.656059028990507 0.7547095802227721 0
    outer loop
      vertex -0.8932893594890756 -0.9920983420123214 -10.015
      vertex -0.8581214589315301 -1.0226693315638355 -14.99
      vertex -0.8932893594890756 -0.9920983420123214 -14.99
    endloop
  endfacet
  facet normal 0.6293203910498374 0.7771459614569709 0
    outer loop
      vertex -0.8581214589315301 -1.0226693315638355 -10.015
      vertex -0.8219080695597535 -1.051994356064974 -14.99
      vertex -0.8581214589315301 -1.0226693315638355 -14.99
    endloop
  endfacet
  facet normal 0.573576436351046 0.8191520442889918 0
    outer loop
      vertex -0.7846933118104518 -1.0800376874905546 -10.015
      vertex -0.7465225261334466 -1.1067651593609809 -14.99
      vertex -0.7846933118104518 -1.0800376874905546 -14.99
    endloop
  endfacet
  facet normal 0.6018150231520472 0.7986355100472936 0
    outer loop
      vertex -0.8219080695597535 -1.051994356064974 -10.015
      vertex -0.7846933118104518 -1.0800376874905546 -14.99
      vertex -0.8219080695597535 -1.051994356064974 -14.99
    endloop
  endfacet
  facet normal 0.5150380749100556 0.8571673007021114 0
    outer loop
      vertex -0.7074422177513287 -1.1321442083688287 -10.015
      vertex -0.6675000000000005 -1.1561439140522254 -14.99
      vertex -0.7074422177513287 -1.1321442083688287 -14.99
    endloop
  endfacet
  facet normal 0.48480962024633667 0.874619707139396 1.0819031215221336e-17
    outer loop
      vertex -0.6675000000000006 -1.1561439140522254 -10.015
      vertex -0.6267445363191642 -1.1787350364666676 -14.99
      vertex -0.6675000000000005 -1.1561439140522254 -14.99
    endloop
  endfacet
  facet normal 0.5446390350150286 0.8386705679454232 1.2154186870016316e-17
    outer loop
      vertex -0.7465225261334467 -1.1067651593609809 -10.015
      vertex -0.7074422177513287 -1.1321442083688287 -14.99
      vertex -0.7465225261334466 -1.1067651593609809 -14.99
    endloop
  endfacet
  facet normal 0.42261826174070277 0.9063077870366484 0
    outer loop
      vertex -0.5852254809634188 -1.1998900518093876 -10.015
      vertex -0.5429934185061931 -1.2195831859528723 -14.99
      vertex -0.5852254809634188 -1.1998900518093876 -14.99
    endloop
  endfacet
  facet normal 0.45399049973954286 0.8910065241883699 0
    outer loop
      vertex -0.6267445363191642 -1.1787350364666676 -10.015
      vertex -0.5852254809634188 -1.1998900518093876 -14.99
      vertex -0.6267445363191642 -1.1787350364666676 -14.99
    endloop
  endfacet
  facet normal 0.39073112848927405 0.9205048534524402 8.71957176455402e-18
    outer loop
      vertex -0.5429934185061932 -1.2195831859528723 -10.015
      vertex -0.5000998022102429 -1.237790445846661 -14.99
      vertex -0.5429934185061931 -1.2195831859528723 -14.99
    endloop
  endfacet
  facet normal 0.3255681544571593 0.9455185755993158 0
    outer loop
      vertex -0.4565968913397675 -1.2544896487491877 -10.015
      vertex -0.41253768749055497 -1.26966044925403 -14.99
      vertex -0.4565968913397675 -1.2544896487491877 -14.99
    endloop
  endfacet
  facet normal 0.29237170472273794 0.9563047559630351 3.2622894304732797e-18
    outer loop
      vertex -0.412537687490555 -1.26966044925403 -10.015
      vertex -0.3679758700156935 -1.283284364077656 -14.99
      vertex -0.41253768749055497 -1.26966044925403 -14.99
    endloop
  endfacet
  facet normal 0.25881904510251963 0.9659258262890685 2.88790817170165e-18
    outer loop
      vertex -0.36797587001569354 -1.283284364077656 -10.015
      vertex -0.3229657306255565 -1.2953447945784553 -14.99
      vertex -0.3679758700156935 -1.283284364077656 -14.99
    endloop
  endfacet
  facet normal 0.22495105434386617 0.974370064785235 0
    outer loop
      vertex -0.3229657306255565 -1.2953447945784553 -10.015
      vertex -0.2775621072417093 -1.3058270469796305 -14.99
      vertex -0.3229657306255565 -1.2953447945784553 -14.99
    endloop
  endfacet
  facet normal 0.19080899537653945 0.981627183447665 0
    outer loop
      vertex -0.2775621072417093 -1.3058270469796305 -10.015
      vertex -0.23182031718535198 -1.3147183502712976 -14.99
      vertex -0.2775621072417093 -1.3058270469796305 -14.99
    endloop
  endfacet
  facet normal 0.3583679495452975 0.9335804264972029 7.99735374618886e-18
    outer loop
      vertex -0.500099802210243 -1.237790445846661 -10.015
      vertex -0.4565968913397675 -1.2544896487491877 -14.99
      vertex -0.5000998022102429 -1.237790445846661 -14.99
    endloop
  endfacet
  facet normal 0.156434465040236 0.987688340595137 0
    outer loop
      vertex -0.23182031718535198 -1.3147183502712976 -10.015
      vertex -0.18579608978168788 -1.3220078717699963 -14.99
      vertex -0.23182031718535198 -1.3147183502712976 -14.99
    endloop
  endfacet
  facet normal 0.12186934340514531 0.9925461516413223 0
    outer loop
      vertex -0.18579608978168788 -1.3220078717699963 -10.015
      vertex -0.13954549846231723 -1.3276867303166449 -14.99
      vertex -0.18579608978168788 -1.3220078717699963 -14.99
    endloop
  endfacet
  facet normal 0.08715574274765756 0.9961946980917457 0
    outer loop
      vertex -0.13954549846231723 -1.3276867303166449 -10.015
      vertex -0.09312489244840765 -1.3317480070968652 -14.99
      vertex -0.13954549846231723 -1.3276867303166449 -14.99
    endloop
  endfacet
  facet normal 0.05233595624294589 0.9986295347545737 1.4599141617259606e-19
    outer loop
      vertex -0.09312489244840766 -1.3317480070968652 -10.015
      vertex -0.046590828097838516 -1.3341867540704928 -14.99
      vertex -0.09312489244840765 -1.3317480070968652 -14.99
    endloop
  endfacet
  facet normal 0.01745240643728266 0.9998476951563913 0
    outer loop
      vertex -0.046590828097838516 -1.3341867540704928 -10.015
      vertex 0 -1.335 -14.99
      vertex -0.046590828097838516 -1.3341867540704928 -14.99
    endloop
  endfacet
  facet normal 0.656059028990507 0.7547095802227721 0
    outer loop
      vertex -0.8932893594890756 -0.9920983420123214 -10.015
      vertex -0.8581214589315301 -1.0226693315638355 -10.015
      vertex -0.8581214589315301 -1.0226693315638355 -14.99
    endloop
  endfacet
  facet normal 0.6293203910498374 0.7771459614569709 0
    outer loop
      vertex -0.8581214589315301 -1.0226693315638355 -10.015
      vertex -0.8219080695597535 -1.051994356064974 -10.015
      vertex -0.8219080695597535 -1.051994356064974 -14.99
    endloop
  endfacet
  facet normal 0.6018150231520472 0.7986355100472936 0
    outer loop
      vertex -0.8219080695597535 -1.051994356064974 -10.015
      vertex -0.7846933118104518 -1.0800376874905546 -10.015
      vertex -0.7846933118104518 -1.0800376874905546 -14.99
    endloop
  endfacet
  facet normal 0.5735764363510472 0.819152044288991 1.3095094584680184e-17
    outer loop
      vertex -0.7846933118104518 -1.0800376874905546 -10.015
      vertex -0.7465225261334467 -1.1067651593609809 -10.015
      vertex -0.7465225261334466 -1.1067651593609809 -14.99
    endloop
  endfacet
  facet normal 0.5150380749100567 0.8571673007021108 1.1692048736321899e-17
    outer loop
      vertex -0.7074422177513287 -1.1321442083688287 -10.015
      vertex -0.6675000000000006 -1.1561439140522254 -10.015
      vertex -0.6675000000000005 -1.1561439140522254 -14.99
    endloop
  endfacet
  facet normal 0.48480962024633567 0.8746197071393965 0
    outer loop
      vertex -0.6267445363191642 -1.1787350364666676 -10.015
      vertex -0.6267445363191642 -1.1787350364666676 -14.99
      vertex -0.6675000000000006 -1.1561439140522254 -10.015
    endloop
  endfacet
  facet normal 0.5446390350150274 0.8386705679454237 0
    outer loop
      vertex -0.7465225261334467 -1.1067651593609809 -10.015
      vertex -0.7074422177513287 -1.1321442083688287 -10.015
      vertex -0.7074422177513287 -1.1321442083688287 -14.99
    endloop
  endfacet
  facet normal 0.45399049973954286 0.8910065241883699 0
    outer loop
      vertex -0.6267445363191642 -1.1787350364666676 -10.015
      vertex -0.5852254809634188 -1.1998900518093876 -10.015
      vertex -0.5852254809634188 -1.1998900518093876 -14.99
    endloop
  endfacet
  facet normal 0.4226182617407037 0.9063077870366479 9.353638989057265e-18
    outer loop
      vertex -0.5852254809634188 -1.1998900518093876 -10.015
      vertex -0.5429934185061932 -1.2195831859528723 -10.015
      vertex -0.5429934185061931 -1.2195831859528723 -14.99
    endloop
  endfacet
  facet normal 0.39073112848927405 0.9205048534524402 8.88595703960462e-18
    outer loop
      vertex -0.5429934185061932 -1.2195831859528723 -10.015
      vertex -0.500099802210243 -1.237790445846661 -10.015
      vertex -0.5000998022102429 -1.237790445846661 -14.99
    endloop
  endfacet
  facet normal 0.3255681544571597 0.9455185755993158 3.741455595622993e-18
    outer loop
      vertex -0.4565968913397675 -1.2544896487491877 -10.015
      vertex -0.412537687490555 -1.26966044925403 -10.015
      vertex -0.41253768749055497 -1.26966044925403 -14.99
    endloop
  endfacet
  facet normal 0.29237170472273794 0.9563047559630351 3.2737736461700425e-18
    outer loop
      vertex -0.412537687490555 -1.26966044925403 -10.015
      vertex -0.36797587001569354 -1.283284364077656 -10.015
      vertex -0.3679758700156935 -1.283284364077656 -14.99
    endloop
  endfacet
  facet normal 0.2588190451025193 0.9659258262890686 0
    outer loop
      vertex -0.36797587001569354 -1.283284364077656 -10.015
      vertex -0.3229657306255565 -1.2953447945784553 -10.015
      vertex -0.3229657306255565 -1.2953447945784553 -14.99
    endloop
  endfacet
  facet normal 0.22495105434386617 0.974370064785235 0
    outer loop
      vertex -0.3229657306255565 -1.2953447945784553 -10.015
      vertex -0.2775621072417093 -1.3058270469796305 -10.015
      vertex -0.2775621072417093 -1.3058270469796305 -14.99
    endloop
  endfacet
  facet normal 0.35836794954529666 0.9335804264972031 0
    outer loop
      vertex -0.4565968913397675 -1.2544896487491877 -10.015
      vertex -0.4565968913397675 -1.2544896487491877 -14.99
      vertex -0.500099802210243 -1.237790445846661 -10.015
    endloop
  endfacet
  facet normal 0.156434465040236 0.987688340595137 0
    outer loop
      vertex -0.23182031718535198 -1.3147183502712976 -10.015
      vertex -0.18579608978168788 -1.3220078717699963 -10.015
      vertex -0.18579608978168788 -1.3220078717699963 -14.99
    endloop
  endfacet
  facet normal 0.19080899537653945 0.981627183447665 0
    outer loop
      vertex -0.2775621072417093 -1.3058270469796305 -10.015
      vertex -0.23182031718535198 -1.3147183502712976 -10.015
      vertex -0.23182031718535198 -1.3147183502712976 -14.99
    endloop
  endfacet
  facet normal 0.12186934340514531 0.9925461516413223 0
    outer loop
      vertex -0.18579608978168788 -1.3220078717699963 -10.015
      vertex -0.13954549846231723 -1.3276867303166449 -10.015
      vertex -0.13954549846231723 -1.3276867303166449 -14.99
    endloop
  endfacet
  facet normal 0.08715574274765758 0.9961946980917457 2.431213877556695e-19
    outer loop
      vertex -0.09312489244840766 -1.3317480070968652 -10.015
      vertex -0.09312489244840765 -1.3317480070968652 -14.99
      vertex -0.13954549846231723 -1.3276867303166449 -10.015
    endloop
  endfacet
  facet normal 0.052335956242945875 0.9986295347545737 0
    outer loop
      vertex -0.09312489244840766 -1.3317480070968652 -10.015
      vertex -0.046590828097838516 -1.3341867540704928 -10.015
      vertex -0.046590828097838516 -1.3341867540704928 -14.99
    endloop
  endfacet
  facet normal 0.01745240643728266 0.9998476951563913 0
    outer loop
      vertex -0.046590828097838516 -1.3341867540704928 -10.015
      vertex 0 -1.335 -10.015
      vertex 0 -1.335 -14.99
    endloop
  endfacet
  facet normal 0.7071067811865499 0.7071067811865451 -1.577982370536452e-17
    outer loop
      vertex -0.9603186334520991 -0.9273689245627612 -10.015
      vertex -0.9273689245627613 -0.9603186334520993 -14.99
      vertex -0.9603186334520991 -0.9273689245627613 -14.99
    endloop
  endfacet
  facet normal 0.7313537016191684 0.6819983600625007 -1.5219503157748464e-17
    outer loop
      vertex -0.9920983420123213 -0.8932893594890756 -10.015
      vertex -0.9603186334520991 -0.9273689245627613 -14.99
      vertex -0.9920983420123213 -0.8932893594890757 -14.99
    endloop
  endfacet
  facet normal 0.6819983600624983 0.7313537016191707 0
    outer loop
      vertex -0.9273689245627613 -0.9603186334520993 -10.015
      vertex -0.8932893594890756 -0.9920983420123214 -14.99
      vertex -0.9273689245627613 -0.9603186334520993 -14.99
    endloop
  endfacet
  facet normal 0.7071067811865511 0.7071067811865439 0
    outer loop
      vertex -0.9603186334520991 -0.9273689245627612 -10.015
      vertex -0.9273689245627613 -0.9603186334520993 -10.015
      vertex -0.9273689245627613 -0.9603186334520993 -14.99
    endloop
  endfacet
  facet normal 0.7313537016191684 0.6819983600625007 -1.590118628139755e-17
    outer loop
      vertex -0.9920983420123213 -0.8932893594890756 -10.015
      vertex -0.9603186334520991 -0.9273689245627612 -10.015
      vertex -0.9603186334520991 -0.9273689245627613 -14.99
    endloop
  endfacet
  facet normal 0.6819983600624983 0.7313537016191707 0
    outer loop
      vertex -0.9273689245627613 -0.9603186334520993 -10.015
      vertex -0.8932893594890756 -0.9920983420123214 -10.015
      vertex -0.8932893594890756 -0.9920983420123214 -14.99
    endloop
  endfacet
  facet normal 0.9998476951563913 -0.01745240643728247 0
    outer loop
      vertex -1.3341867540704928 0.04659082809783902 -10.015
      vertex -1.335 0 -14.99
      vertex -1.3341867540704928 0.04659082809783902 -14.99
    endloop
  endfacet
  facet normal 0.9986295347545737 -0.05233595624294654 0
    outer loop
      vertex -1.3317480070968652 0.09312489244840758 -10.015
      vertex -1.3341867540704928 0.04659082809783902 -14.99
      vertex -1.3317480070968652 0.09312489244840758 -14.99
    endloop
  endfacet
  facet normal 0.9961946980917457 -0.08715574274765649 0
    outer loop
      vertex -1.3276867303166449 0.13954549846231773 -10.015
      vertex -1.3317480070968652 0.09312489244840758 -14.99
      vertex -1.3276867303166449 0.13954549846231773 -14.99
    endloop
  endfacet
  facet normal 0.992546151641322 -0.12186934340514834 0
    outer loop
      vertex -1.3220078717699963 0.1857960897816872 -10.015
      vertex -1.3276867303166449 0.13954549846231773 -14.99
      vertex -1.3220078717699963 0.1857960897816872 -14.99
    endloop
  endfacet
  facet normal 0.9876883405951372 -0.15643446504023403 8.727494720230502e-19
    outer loop
      vertex -1.3147183502712976 0.23182031718535193 -10.015
      vertex -1.3220078717699963 0.1857960897816872 -14.99
      vertex -1.3147183502712976 0.2318203171853519 -14.99
    endloop
  endfacet
  facet normal 0.9816271834476644 -0.19080899537654175 0
    outer loop
      vertex -1.3058270469796305 0.27756210724170866 -10.015
      vertex -1.3147183502712976 0.2318203171853519 -14.99
      vertex -1.3058270469796305 0.27756210724170866 -14.99
    endloop
  endfacet
  facet normal 0.9743700647852356 -0.22495105434386356 0
    outer loop
      vertex -1.2953447945784553 0.3229657306255564 -10.015
      vertex -1.3058270469796305 0.27756210724170866 -14.99
      vertex -1.2953447945784553 0.3229657306255564 -14.99
    endloop
  endfacet
  facet normal 0.9659258262890682 -0.2588190451025211 2.887908171701666e-18
    outer loop
      vertex -1.2832843640776557 0.367975870015694 -10.015
      vertex -1.2953447945784553 0.3229657306255564 -14.99
      vertex -1.2832843640776557 0.36797587001569393 -14.99
    endloop
  endfacet
  facet normal 0.9563047559630355 -0.2923717047227366 0
    outer loop
      vertex -1.26966044925403 0.4125376874905549 -10.015
      vertex -1.2832843640776557 0.36797587001569393 -14.99
      vertex -1.26966044925403 0.4125376874905549 -14.99
    endloop
  endfacet
  facet normal 0.9455185755993171 -0.32556815445715603 0
    outer loop
      vertex -1.2544896487491877 0.45659689133976794 -10.015
      vertex -1.26966044925403 0.4125376874905549 -14.99
      vertex -1.2544896487491877 0.45659689133976794 -14.99
    endloop
  endfacet
  facet normal 0.9335804264972016 -0.35836794954530066 0
    outer loop
      vertex -1.237790445846661 0.5000998022102429 -10.015
      vertex -1.2544896487491877 0.45659689133976794 -14.99
      vertex -1.237790445846661 0.5000998022102429 -14.99
    endloop
  endfacet
  facet normal 0.9205048534524399 -0.39073112848927466 0
    outer loop
      vertex -1.219583185952872 0.5429934185061935 -10.015
      vertex -1.237790445846661 0.5000998022102429 -14.99
      vertex -1.219583185952872 0.5429934185061935 -14.99
    endloop
  endfacet
  facet normal 0.9063077870366499 -0.4226182617406993 0
    outer loop
      vertex -1.199890051809388 0.5852254809634182 -10.015
      vertex -1.219583185952872 0.5429934185061935 -14.99
      vertex -1.199890051809388 0.5852254809634182 -14.99
    endloop
  endfacet
  facet normal 0.891006524188368 -0.4539904997395466 0
    outer loop
      vertex -1.1787350364666676 0.626744536319164 -10.015
      vertex -1.199890051809388 0.5852254809634182 -14.99
      vertex -1.1787350364666676 0.626744536319164 -14.99
    endloop
  endfacet
  facet normal 0.8746197071393953 -0.4848096202463381 0
    outer loop
      vertex -1.1561439140522256 0.6674999999999999 -10.015
      vertex -1.1787350364666676 0.626744536319164 -14.99
      vertex -1.1561439140522256 0.6674999999999999 -14.99
    endloop
  endfacet
  facet normal 0.8571673007021126 -0.5150380749100538 0
    outer loop
      vertex -1.1321442083688287 0.7074422177513285 -10.015
      vertex -1.1561439140522256 0.6674999999999999 -14.99
      vertex -1.1321442083688287 0.7074422177513285 -14.99
    endloop
  endfacet
  facet normal 0.8386705679454245 -0.5446390350150265 1.2154186870016268e-17
    outer loop
      vertex -1.1067651593609806 0.7465225261334472 -10.015
      vertex -1.1321442083688287 0.7074422177513285 -14.99
      vertex -1.1067651593609806 0.746522526133447 -14.99
    endloop
  endfacet
  facet normal 0.8191520442889909 -0.5735764363510474 0
    outer loop
      vertex -1.0800376874905546 0.7846933118104518 -10.015
      vertex -1.1067651593609806 0.746522526133447 -14.99
      vertex -1.0800376874905546 0.7846933118104518 -14.99
    endloop
  endfacet
  facet normal 0.7986355100472948 -0.6018150231520457 1.3430128548115032e-17
    outer loop
      vertex -1.0519943560649738 0.821908069559754 -10.015
      vertex -1.0800376874905546 0.7846933118104518 -14.99
      vertex -1.0519943560649738 0.8219080695597539 -14.99
    endloop
  endfacet
  facet normal 0.7771459614569695 -0.6293203910498391 1.4043939457480177e-17
    outer loop
      vertex -1.0226693315638355 0.8581214589315302 -10.015
      vertex -1.0519943560649738 0.8219080695597539 -14.99
      vertex -1.0226693315638355 0.8581214589315301 -14.99
    endloop
  endfacet
  facet normal 0.7547095802227718 -0.6560590289905075 0
    outer loop
      vertex -0.9920983420123212 0.8932893594890758 -10.015
      vertex -1.0226693315638355 0.8581214589315301 -14.99
      vertex -0.9920983420123212 0.8932893594890758 -14.99
    endloop
  endfacet
  facet normal 0.9998476951563913 -0.01745240643728247 0
    outer loop
      vertex -1.335 0 -10.015
      vertex -1.335 0 -14.99
      vertex -1.3341867540704928 0.04659082809783902 -10.015
    endloop
  endfacet
  facet normal 0.9986295347545737 -0.05233595624294654 0
    outer loop
      vertex -1.3341867540704928 0.04659082809783902 -10.015
      vertex -1.3341867540704928 0.04659082809783902 -14.99
      vertex -1.3317480070968652 0.09312489244840758 -10.015
    endloop
  endfacet
  facet normal 0.9961946980917457 -0.08715574274765649 0
    outer loop
      vertex -1.3317480070968652 0.09312489244840758 -10.015
      vertex -1.3317480070968652 0.09312489244840758 -14.99
      vertex -1.3276867303166449 0.13954549846231773 -10.015
    endloop
  endfacet
  facet normal 0.992546151641322 -0.12186934340514834 0
    outer loop
      vertex -1.3276867303166449 0.13954549846231773 -10.015
      vertex -1.3276867303166449 0.13954549846231773 -14.99
      vertex -1.3220078717699963 0.1857960897816872 -10.015
    endloop
  endfacet
  facet normal 0.9876883405951372 -0.15643446504023395 0
    outer loop
      vertex -1.3220078717699963 0.1857960897816872 -10.015
      vertex -1.3220078717699963 0.1857960897816872 -14.99
      vertex -1.3147183502712976 0.23182031718535193 -10.015
    endloop
  endfacet
  facet normal 0.9816271834476645 -0.1908089953765419 1.0645253264956374e-18
    outer loop
      vertex -1.3147183502712976 0.23182031718535193 -10.015
      vertex -1.3147183502712976 0.2318203171853519 -14.99
      vertex -1.3058270469796305 0.27756210724170866 -10.015
    endloop
  endfacet
  facet normal 0.9743700647852356 -0.22495105434386356 0
    outer loop
      vertex -1.3058270469796305 0.27756210724170866 -10.015
      vertex -1.3058270469796305 0.27756210724170866 -14.99
      vertex -1.2953447945784553 0.3229657306255564 -10.015
    endloop
  endfacet
  facet normal 0.9659258262890683 -0.2588190451025208 0
    outer loop
      vertex -1.2953447945784553 0.3229657306255564 -10.015
      vertex -1.2953447945784553 0.3229657306255564 -14.99
      vertex -1.2832843640776557 0.367975870015694 -10.015
    endloop
  endfacet
  facet normal 0.9563047559630354 -0.29237170472273694 3.262289430473268e-18
    outer loop
      vertex -1.2832843640776557 0.367975870015694 -10.015
      vertex -1.2832843640776557 0.36797587001569393 -14.99
      vertex -1.26966044925403 0.4125376874905549 -10.015
    endloop
  endfacet
  facet normal 0.9455185755993171 -0.32556815445715603 0
    outer loop
      vertex -1.26966044925403 0.4125376874905549 -10.015
      vertex -1.26966044925403 0.4125376874905549 -14.99
      vertex -1.2544896487491877 0.45659689133976794 -10.015
    endloop
  endfacet
  facet normal 0.9335804264972016 -0.35836794954530066 0
    outer loop
      vertex -1.2544896487491877 0.45659689133976794 -10.015
      vertex -1.2544896487491877 0.45659689133976794 -14.99
      vertex -1.237790445846661 0.5000998022102429 -10.015
    endloop
  endfacet
  facet normal 0.9205048534524399 -0.39073112848927466 0
    outer loop
      vertex -1.237790445846661 0.5000998022102429 -10.015
      vertex -1.237790445846661 0.5000998022102429 -14.99
      vertex -1.219583185952872 0.5429934185061935 -10.015
    endloop
  endfacet
  facet normal 0.9063077870366499 -0.4226182617406993 0
    outer loop
      vertex -1.219583185952872 0.5429934185061935 -10.015
      vertex -1.219583185952872 0.5429934185061935 -14.99
      vertex -1.199890051809388 0.5852254809634182 -10.015
    endloop
  endfacet
  facet normal 0.891006524188368 -0.4539904997395466 0
    outer loop
      vertex -1.199890051809388 0.5852254809634182 -10.015
      vertex -1.199890051809388 0.5852254809634182 -14.99
      vertex -1.1787350364666676 0.626744536319164 -10.015
    endloop
  endfacet
  facet normal 0.8746197071393953 -0.4848096202463381 0
    outer loop
      vertex -1.1787350364666676 0.626744536319164 -10.015
      vertex -1.1787350364666676 0.626744536319164 -14.99
      vertex -1.1561439140522256 0.6674999999999999 -10.015
    endloop
  endfacet
  facet normal 0.8571673007021126 -0.5150380749100538 0
    outer loop
      vertex -1.1561439140522256 0.6674999999999999 -10.015
      vertex -1.1561439140522256 0.6674999999999999 -14.99
      vertex -1.1321442083688287 0.7074422177513285 -10.015
    endloop
  endfacet
  facet normal 0.8386705679454252 -0.5446390350150254 0
    outer loop
      vertex -1.1321442083688287 0.7074422177513285 -10.015
      vertex -1.1321442083688287 0.7074422177513285 -14.99
      vertex -1.1067651593609806 0.7465225261334472 -10.015
    endloop
  endfacet
  facet normal 0.8191520442889901 -0.5735764363510485 1.279995509586693e-17
    outer loop
      vertex -1.1067651593609806 0.7465225261334472 -10.015
      vertex -1.1067651593609806 0.746522526133447 -14.99
      vertex -1.0800376874905546 0.7846933118104518 -10.015
    endloop
  endfacet
  facet normal 0.7986355100472956 -0.6018150231520445 0
    outer loop
      vertex -1.0800376874905546 0.7846933118104518 -10.015
      vertex -1.0800376874905546 0.7846933118104518 -14.99
      vertex -1.0519943560649738 0.821908069559754 -10.015
    endloop
  endfacet
  facet normal 0.7771459614569695 -0.6293203910498391 1.4043939457480177e-17
    outer loop
      vertex -1.0519943560649738 0.821908069559754 -10.015
      vertex -1.0519943560649738 0.8219080695597539 -14.99
      vertex -1.0226693315638355 0.8581214589315302 -10.015
    endloop
  endfacet
  facet normal 0.7547095802227708 -0.6560590289905086 1.4640639989919314e-17
    outer loop
      vertex -1.0226693315638355 0.8581214589315302 -10.015
      vertex -1.0226693315638355 0.8581214589315301 -14.99
      vertex -0.9920983420123212 0.8932893594890758 -10.015
    endloop
  endfacet
  facet normal 0.7313537016191709 -0.681998360062498 0
    outer loop
      vertex -0.9603186334520994 0.9273689245627612 -10.015
      vertex -0.9920983420123212 0.8932893594890758 -14.99
      vertex -0.9603186334520994 0.9273689245627612 -14.99
    endloop
  endfacet
  facet normal 0.7071067811865464 -0.7071067811865488 0
    outer loop
      vertex -0.9273689245627614 0.9603186334520991 -10.015
      vertex -0.9603186334520994 0.9273689245627612 -14.99
      vertex -0.9273689245627614 0.9603186334520991 -14.99
    endloop
  endfacet
  facet normal 0.6819983600624996 -0.7313537016191695 -1.521950315774844e-17
    outer loop
      vertex -0.8932893594890756 0.9920983420123213 -10.015
      vertex -0.9273689245627614 0.9603186334520991 -14.99
      vertex -0.8932893594890757 0.9920983420123213 -14.99
    endloop
  endfacet
  facet normal 0.7313537016191709 -0.681998360062498 0
    outer loop
      vertex -0.9920983420123212 0.8932893594890758 -10.015
      vertex -0.9920983420123212 0.8932893594890758 -14.99
      vertex -0.9603186334520994 0.9273689245627612 -10.015
    endloop
  endfacet
  facet normal 0.7071067811865464 -0.7071067811865488 0
    outer loop
      vertex -0.9603186334520994 0.9273689245627612 -10.015
      vertex -0.9603186334520994 0.9273689245627612 -14.99
      vertex -0.9273689245627614 0.9603186334520991 -10.015
    endloop
  endfacet
  facet normal 0.6819983600624984 -0.7313537016191706 0
    outer loop
      vertex -0.9273689245627614 0.9603186334520991 -10.015
      vertex -0.9273689245627614 0.9603186334520991 -14.99
      vertex -0.8932893594890756 0.9920983420123213 -10.015
    endloop
  endfacet
  facet normal 0.6560590289905062 -0.754709580222773 -1.4640639989919258e-17
    outer loop
      vertex -0.8581214589315299 1.0226693315638355 -10.015
      vertex -0.8932893594890757 0.9920983420123213 -14.99
      vertex -0.85812145893153 1.0226693315638355 -14.99
    endloop
  endfacet
  facet normal 0.6293203910498391 -0.7771459614569695 0
    outer loop
      vertex -0.8219080695597538 1.0519943560649738 -10.015
      vertex -0.85812145893153 1.0226693315638355 -14.99
      vertex -0.8219080695597538 1.0519943560649738 -14.99
    endloop
  endfacet
  facet normal 0.6018150231520465 -0.7986355100472943 0
    outer loop
      vertex -0.7846933118104514 1.0800376874905548 -10.015
      vertex -0.8219080695597538 1.0519943560649738 -14.99
      vertex -0.7846933118104514 1.0800376874905548 -14.99
    endloop
  endfacet
  facet normal 0.5735764363510454 -0.8191520442889922 -1.2799955095866858e-17
    outer loop
      vertex -0.7465225261334467 1.1067651593609806 -10.015
      vertex -0.7846933118104514 1.0800376874905548 -14.99
      vertex -0.7465225261334468 1.1067651593609806 -14.99
    endloop
  endfacet
  facet normal 0.5446390350150275 -0.8386705679454237 -1.2154186870016292e-17
    outer loop
      vertex -0.7074422177513283 1.1321442083688287 -10.015
      vertex -0.7465225261334468 1.1067651593609806 -14.99
      vertex -0.7074422177513284 1.1321442083688287 -14.99
    endloop
  endfacet
  facet normal 0.5150380749100528 -0.8571673007021132 0
    outer loop
      vertex -0.6674999999999996 1.1561439140522256 -10.015
      vertex -0.7074422177513284 1.1321442083688287 -14.99
      vertex -0.6674999999999996 1.1561439140522256 -14.99
    endloop
  endfacet
  facet normal 0.48480962024633956 -0.8746197071393945 -1.08190312152214e-17
    outer loop
      vertex -0.6267445363191643 1.1787350364666673 -10.015
      vertex -0.6674999999999996 1.1561439140522256 -14.99
      vertex -0.6267445363191644 1.1787350364666673 -14.99
    endloop
  endfacet
  facet normal 0.4539904997395456 -0.8910065241883685 0
    outer loop
      vertex -0.5852254809634184 1.1998900518093878 -10.015
      vertex -0.6267445363191644 1.1787350364666673 -14.99
      vertex -0.5852254809634184 1.1998900518093878 -14.99
    endloop
  endfacet
  facet normal 0.42261826174069955 -0.9063077870366499 0
    outer loop
      vertex -0.5429934185061933 1.219583185952872 -10.015
      vertex -0.5852254809634184 1.1998900518093878 -14.99
      vertex -0.5429934185061933 1.219583185952872 -14.99
    endloop
  endfacet
  facet normal 0.39073112848927466 -0.9205048534524399 0
    outer loop
      vertex -0.5000998022102426 1.237790445846661 -10.015
      vertex -0.5429934185061933 1.219583185952872 -14.99
      vertex -0.5000998022102426 1.237790445846661 -14.99
    endloop
  endfacet
  facet normal 0.35836794954530066 -0.9335804264972016 0
    outer loop
      vertex -0.4565968913397677 1.2544896487491877 -10.015
      vertex -0.5000998022102426 1.237790445846661 -14.99
      vertex -0.4565968913397677 1.2544896487491877 -14.99
    endloop
  endfacet
  facet normal 0.32556815445715603 -0.9455185755993171 -3.6326960920909946e-18
    outer loop
      vertex -0.41253768749055464 1.26966044925403 -10.015
      vertex -0.4565968913397677 1.2544896487491877 -14.99
      vertex -0.4125376874905547 1.26966044925403 -14.99
    endloop
  endfacet
  facet normal 0.2923717047227366 -0.9563047559630355 0
    outer loop
      vertex -0.3679758700156937 1.2832843640776557 -10.015
      vertex -0.4125376874905547 1.26966044925403 -14.99
      vertex -0.3679758700156937 1.2832843640776557 -14.99
    endloop
  endfacet
  facet normal 0.2588190451025229 -0.9659258262890678 0
    outer loop
      vertex -0.3229657306255565 1.2953447945784553 -10.015
      vertex -0.3679758700156937 1.2832843640776557 -14.99
      vertex -0.3229657306255565 1.2953447945784553 -14.99
    endloop
  endfacet
  facet normal 0.22495105434386328 -0.9743700647852356 0
    outer loop
      vertex -0.2775621072417087 1.3058270469796305 -10.015
      vertex -0.3229657306255565 1.2953447945784553 -14.99
      vertex -0.2775621072417087 1.3058270469796305 -14.99
    endloop
  endfacet
  facet normal 0.19080899537654175 -0.9816271834476644 0
    outer loop
      vertex -0.23182031718535195 1.3147183502712976 -10.015
      vertex -0.2775621072417087 1.3058270469796305 -14.99
      vertex -0.23182031718535195 1.3147183502712976 -14.99
    endloop
  endfacet
  facet normal 0.15643446504023395 -0.9876883405951372 0
    outer loop
      vertex -0.18579608978168724 1.3220078717699963 -10.015
      vertex -0.23182031718535195 1.3147183502712976 -14.99
      vertex -0.18579608978168724 1.3220078717699963 -14.99
    endloop
  endfacet
  facet normal 0.1218693434051476 -0.992546151641322 0
    outer loop
      vertex -0.13954549846231748 1.3276867303166449 -10.015
      vertex -0.18579608978168724 1.3220078717699963 -14.99
      vertex -0.13954549846231748 1.3276867303166449 -14.99
    endloop
  endfacet
  facet normal 0.08715574274765646 -0.9961946980917457 0
    outer loop
      vertex -0.09312489244840731 1.3317480070968652 -10.015
      vertex -0.13954549846231748 1.3276867303166449 -14.99
      vertex -0.09312489244840731 1.3317480070968652 -14.99
    endloop
  endfacet
  facet normal 0.05233595624294655 -0.9986295347545737 0
    outer loop
      vertex -0.04659082809783877 1.3341867540704928 -10.015
      vertex -0.09312489244840731 1.3317480070968652 -14.99
      vertex -0.04659082809783877 1.3341867540704928 -14.99
    endloop
  endfacet
  facet normal 0.017452406437282564 -0.9998476951563913 0
    outer loop
      vertex 0 1.335 -10.015
      vertex -0.04659082809783877 1.3341867540704928 -14.99
      vertex 0 1.335 -14.99
    endloop
  endfacet
  facet normal 0.6560590289905062 -0.754709580222773 -1.4640639989919258e-17
    outer loop
      vertex -0.8932893594890756 0.9920983420123213 -10.015
      vertex -0.8932893594890757 0.9920983420123213 -14.99
      vertex -0.8581214589315299 1.0226693315638355 -10.015
    endloop
  endfacet
  facet normal 0.6293203910498403 -0.7771459614569686 -1.40439394574802e-17
    outer loop
      vertex -0.8581214589315299 1.0226693315638355 -10.015
      vertex -0.85812145893153 1.0226693315638355 -14.99
      vertex -0.8219080695597538 1.0519943560649738 -10.015
    endloop
  endfacet
  facet normal 0.6018150231520465 -0.7986355100472943 0
    outer loop
      vertex -0.8219080695597538 1.0519943560649738 -10.015
      vertex -0.8219080695597538 1.0519943560649738 -14.99
      vertex -0.7846933118104514 1.0800376874905548 -10.015
    endloop
  endfacet
  facet normal 0.5735764363510443 -0.8191520442889931 0
    outer loop
      vertex -0.7846933118104514 1.0800376874905548 -10.015
      vertex -0.7846933118104514 1.0800376874905548 -14.99
      vertex -0.7465225261334467 1.1067651593609806 -10.015
    endloop
  endfacet
  facet normal 0.5446390350150275 -0.8386705679454237 -1.2154186870016292e-17
    outer loop
      vertex -0.7465225261334467 1.1067651593609806 -10.015
      vertex -0.7465225261334468 1.1067651593609806 -14.99
      vertex -0.7074422177513283 1.1321442083688287 -10.015
    endloop
  endfacet
  facet normal 0.5150380749100538 -0.8571673007021126 -1.1493610639673528e-17
    outer loop
      vertex -0.7074422177513283 1.1321442083688287 -10.015
      vertex -0.7074422177513284 1.1321442083688287 -14.99
      vertex -0.6674999999999996 1.1561439140522256 -10.015
    endloop
  endfacet
  facet normal 0.4848096202463385 -0.874619707139395 0
    outer loop
      vertex -0.6674999999999996 1.1561439140522256 -10.015
      vertex -0.6674999999999996 1.1561439140522256 -14.99
      vertex -0.6267445363191643 1.1787350364666673 -10.015
    endloop
  endfacet
  facet normal 0.4539904997395466 -0.891006524188368 -1.0131270467777402e-17
    outer loop
      vertex -0.6267445363191643 1.1787350364666673 -10.015
      vertex -0.6267445363191644 1.1787350364666673 -14.99
      vertex -0.5852254809634184 1.1998900518093878 -10.015
    endloop
  endfacet
  facet normal 0.42261826174069955 -0.9063077870366499 0
    outer loop
      vertex -0.5852254809634184 1.1998900518093878 -10.015
      vertex -0.5852254809634184 1.1998900518093878 -14.99
      vertex -0.5429934185061933 1.219583185952872 -10.015
    endloop
  endfacet
  facet normal 0.39073112848927466 -0.9205048534524399 0
    outer loop
      vertex -0.5429934185061933 1.219583185952872 -10.015
      vertex -0.5429934185061933 1.219583185952872 -14.99
      vertex -0.5000998022102426 1.237790445846661 -10.015
    endloop
  endfacet
  facet normal 0.35836794954530066 -0.9335804264972016 0
    outer loop
      vertex -0.5000998022102426 1.237790445846661 -10.015
      vertex -0.5000998022102426 1.237790445846661 -14.99
      vertex -0.4565968913397677 1.2544896487491877 -10.015
    endloop
  endfacet
  facet normal 0.32556815445715565 -0.9455185755993171 0
    outer loop
      vertex -0.4565968913397677 1.2544896487491877 -10.015
      vertex -0.4565968913397677 1.2544896487491877 -14.99
      vertex -0.41253768749055464 1.26966044925403 -10.015
    endloop
  endfacet
  facet normal 0.29237170472273694 -0.9563047559630354 -3.262289430473268e-18
    outer loop
      vertex -0.41253768749055464 1.26966044925403 -10.015
      vertex -0.4125376874905547 1.26966044925403 -14.99
      vertex -0.3679758700156937 1.2832843640776557 -10.015
    endloop
  endfacet
  facet normal 0.2588190451025229 -0.9659258262890678 0
    outer loop
      vertex -0.3679758700156937 1.2832843640776557 -10.015
      vertex -0.3679758700156937 1.2832843640776557 -14.99
      vertex -0.3229657306255565 1.2953447945784553 -10.015
    endloop
  endfacet
  facet normal 0.22495105434386328 -0.9743700647852356 0
    outer loop
      vertex -0.3229657306255565 1.2953447945784553 -10.015
      vertex -0.3229657306255565 1.2953447945784553 -14.99
      vertex -0.2775621072417087 1.3058270469796305 -10.015
    endloop
  endfacet
  facet normal 0.19080899537654175 -0.9816271834476644 0
    outer loop
      vertex -0.2775621072417087 1.3058270469796305 -10.015
      vertex -0.2775621072417087 1.3058270469796305 -14.99
      vertex -0.23182031718535195 1.3147183502712976 -10.015
    endloop
  endfacet
  facet normal 0.15643446504023395 -0.9876883405951372 0
    outer loop
      vertex -0.23182031718535195 1.3147183502712976 -10.015
      vertex -0.23182031718535195 1.3147183502712976 -14.99
      vertex -0.18579608978168724 1.3220078717699963 -10.015
    endloop
  endfacet
  facet normal 0.1218693434051476 -0.992546151641322 0
    outer loop
      vertex -0.18579608978168724 1.3220078717699963 -10.015
      vertex -0.18579608978168724 1.3220078717699963 -14.99
      vertex -0.13954549846231748 1.3276867303166449 -10.015
    endloop
  endfacet
  facet normal 0.08715574274765646 -0.9961946980917457 0
    outer loop
      vertex -0.13954549846231748 1.3276867303166449 -10.015
      vertex -0.13954549846231748 1.3276867303166449 -14.99
      vertex -0.09312489244840731 1.3317480070968652 -10.015
    endloop
  endfacet
  facet normal 0.05233595624294655 -0.9986295347545737 0
    outer loop
      vertex -0.09312489244840731 1.3317480070968652 -10.015
      vertex -0.09312489244840731 1.3317480070968652 -14.99
      vertex -0.04659082809783877 1.3341867540704928 -10.015
    endloop
  endfacet
  facet normal 0.017452406437282564 -0.9998476951563913 0
    outer loop
      vertex -0.04659082809783877 1.3341867540704928 -10.015
      vertex -0.04659082809783877 1.3341867540704928 -14.99
      vertex 0 1.335 -10.015
    endloop
  endfacet
  facet normal -0.017452406437282405 0.9998476951563913 0
    outer loop
      vertex 0 -1.335 -10.015
      vertex 0.04659082809783921 -1.3341867540704928 -14.99
      vertex 0 -1.335 -14.99
    endloop
  endfacet
  facet normal -0.05233595624294246 0.9986295347545739 0
    outer loop
      vertex 0.04659082809783921 -1.3341867540704928 -10.015
      vertex 0.09312489244840716 -1.3317480070968655 -14.99
      vertex 0.04659082809783921 -1.3341867540704928 -14.99
    endloop
  endfacet
  facet normal -0.08715574274766233 0.9961946980917452 0
    outer loop
      vertex 0.09312489244840716 -1.3317480070968655 -10.015
      vertex 0.13954549846231673 -1.3276867303166449 -14.99
      vertex 0.09312489244840716 -1.3317480070968655 -14.99
    endloop
  endfacet
  facet normal -0.12186934340514531 0.9925461516413223 0
    outer loop
      vertex 0.13954549846231673 -1.3276867303166449 -10.015
      vertex 0.18579608978168738 -1.3220078717699963 -14.99
      vertex 0.13954549846231673 -1.3276867303166449 -14.99
    endloop
  endfacet
  facet normal -0.15643446504023126 0.9876883405951377 0
    outer loop
      vertex 0.18579608978168738 -1.3220078717699963 -10.015
      vertex 0.2318203171853515 -1.3147183502712978 -14.99
      vertex 0.18579608978168738 -1.3220078717699963 -14.99
    endloop
  endfacet
  facet normal -0.19080899537654414 0.9816271834476641 0
    outer loop
      vertex 0.2318203171853515 -1.3147183502712978 -10.015
      vertex 0.2775621072417088 -1.3058270469796305 -14.99
      vertex 0.2318203171853515 -1.3147183502712978 -14.99
    endloop
  endfacet
  facet normal -0.22495105434386617 0.974370064785235 0
    outer loop
      vertex 0.2775621072417088 -1.3058270469796305 -10.015
      vertex 0.322965730625556 -1.2953447945784553 -14.99
      vertex 0.2775621072417088 -1.3058270469796305 -14.99
    endloop
  endfacet
  facet normal -0.25881904510252224 0.9659258262890679 0
    outer loop
      vertex 0.322965730625556 -1.2953447945784553 -10.015
      vertex 0.36797587001569415 -1.2832843640776554 -14.99
      vertex 0.322965730625556 -1.2953447945784553 -14.99
    endloop
  endfacet
  facet normal -0.2923717047227359 0.9563047559630357 -3.2622894304732566e-18
    outer loop
      vertex 0.3679758700156941 -1.2832843640776554 -10.015
      vertex 0.4125376874905545 -1.26966044925403 -14.99
      vertex 0.36797587001569415 -1.2832843640776554 -14.99
    endloop
  endfacet
  facet normal -0.32556815445715237 0.9455185755993184 0
    outer loop
      vertex 0.4125376874905545 -1.26966044925403 -10.015
      vertex 0.4565968913397681 -1.2544896487491877 -14.99
      vertex 0.4125376874905545 -1.26966044925403 -14.99
    endloop
  endfacet
  facet normal -0.35836794954530504 0.9335804264971999 0
    outer loop
      vertex 0.4565968913397681 -1.2544896487491877 -10.015
      vertex 0.5000998022102424 -1.237790445846661 -14.99
      vertex 0.4565968913397681 -1.2544896487491877 -14.99
    endloop
  endfacet
  facet normal -0.39073112848927 0.9205048534524419 0
    outer loop
      vertex 0.5000998022102424 -1.237790445846661 -10.015
      vertex 0.5429934185061926 -1.2195831859528725 -14.99
      vertex 0.5000998022102424 -1.237790445846661 -14.99
    endloop
  endfacet
  facet normal -0.4226182617406989 0.9063077870366503 0
    outer loop
      vertex 0.5429934185061926 -1.2195831859528725 -10.015
      vertex 0.5852254809634183 -1.199890051809388 -14.99
      vertex 0.5429934185061926 -1.2195831859528725 -14.99
    endloop
  endfacet
  facet normal -0.4539904997395504 0.891006524188366 0
    outer loop
      vertex 0.5852254809634183 -1.199890051809388 -10.015
      vertex 0.6267445363191637 -1.1787350364666676 -14.99
      vertex 0.5852254809634183 -1.199890051809388 -14.99
    endloop
  endfacet
  facet normal -0.48480962024633667 0.874619707139396 0
    outer loop
      vertex 0.6267445363191637 -1.1787350364666676 -10.015
      vertex 0.6675000000000001 -1.1561439140522254 -14.99
      vertex 0.6267445363191637 -1.1787350364666676 -14.99
    endloop
  endfacet
  facet normal -0.5150380749100556 0.8571673007021114 0
    outer loop
      vertex 0.6675000000000001 -1.1561439140522254 -10.015
      vertex 0.7074422177513282 -1.1321442083688287 -14.99
      vertex 0.6675000000000001 -1.1561439140522254 -14.99
    endloop
  endfacet
  facet normal -0.544639035015021 0.8386705679454279 0
    outer loop
      vertex 0.7074422177513282 -1.1321442083688287 -10.015
      vertex 0.7465225261334473 -1.1067651593609806 -14.99
      vertex 0.7074422177513282 -1.1321442083688287 -14.99
    endloop
  endfacet
  facet normal -0.5735764363510477 0.8191520442889907 0
    outer loop
      vertex 0.7465225261334473 -1.1067651593609806 -10.015
      vertex 0.7846933118104513 -1.080037687490555 -14.99
      vertex 0.7465225261334473 -1.1067651593609806 -14.99
    endloop
  endfacet
  facet normal -0.601815023152049 0.7986355100472923 0
    outer loop
      vertex 0.7846933118104513 -1.080037687490555 -10.015
      vertex 0.821908069559754 -1.0519943560649736 -14.99
      vertex 0.7846933118104513 -1.080037687490555 -14.99
    endloop
  endfacet
  facet normal -0.629320391049837 0.7771459614569713 0
    outer loop
      vertex 0.821908069559754 -1.0519943560649736 -10.015
      vertex 0.8581214589315299 -1.0226693315638358 -14.99
      vertex 0.821908069559754 -1.0519943560649736 -14.99
    endloop
  endfacet
  facet normal -0.656059028990508 0.7547095802227712 0
    outer loop
      vertex 0.8581214589315299 -1.0226693315638358 -10.015
      vertex 0.8932893594890752 -0.9920983420123217 -14.99
      vertex 0.8581214589315299 -1.0226693315638358 -14.99
    endloop
  endfacet
  facet normal -0.017452406437282405 0.9998476951563913 0
    outer loop
      vertex 0 -1.335 -10.015
      vertex 0.04659082809783921 -1.3341867540704928 -10.015
      vertex 0.04659082809783921 -1.3341867540704928 -14.99
    endloop
  endfacet
  facet normal -0.05233595624294246 0.9986295347545739 0
    outer loop
      vertex 0.04659082809783921 -1.3341867540704928 -10.015
      vertex 0.09312489244840716 -1.3317480070968655 -10.015
      vertex 0.09312489244840716 -1.3317480070968655 -14.99
    endloop
  endfacet
  facet normal -0.08715574274766233 0.9961946980917452 0
    outer loop
      vertex 0.09312489244840716 -1.3317480070968655 -10.015
      vertex 0.13954549846231673 -1.3276867303166449 -10.015
      vertex 0.13954549846231673 -1.3276867303166449 -14.99
    endloop
  endfacet
  facet normal -0.12186934340514531 0.9925461516413223 0
    outer loop
      vertex 0.13954549846231673 -1.3276867303166449 -10.015
      vertex 0.18579608978168738 -1.3220078717699963 -10.015
      vertex 0.18579608978168738 -1.3220078717699963 -14.99
    endloop
  endfacet
  facet normal -0.15643446504023126 0.9876883405951377 0
    outer loop
      vertex 0.18579608978168738 -1.3220078717699963 -10.015
      vertex 0.2318203171853515 -1.3147183502712978 -10.015
      vertex 0.2318203171853515 -1.3147183502712978 -14.99
    endloop
  endfacet
  facet normal -0.19080899537654414 0.9816271834476641 0
    outer loop
      vertex 0.2318203171853515 -1.3147183502712978 -10.015
      vertex 0.2775621072417088 -1.3058270469796305 -10.015
      vertex 0.2775621072417088 -1.3058270469796305 -14.99
    endloop
  endfacet
  facet normal -0.22495105434386617 0.974370064785235 0
    outer loop
      vertex 0.2775621072417088 -1.3058270469796305 -10.015
      vertex 0.322965730625556 -1.2953447945784553 -10.015
      vertex 0.322965730625556 -1.2953447945784553 -14.99
    endloop
  endfacet
  facet normal -0.25881904510252257 0.9659258262890679 -2.8060916967171796e-18
    outer loop
      vertex 0.322965730625556 -1.2953447945784553 -10.015
      vertex 0.3679758700156941 -1.2832843640776554 -10.015
      vertex 0.36797587001569415 -1.2832843640776554 -14.99
    endloop
  endfacet
  facet normal -0.29237170472273555 0.9563047559630358 0
    outer loop
      vertex 0.3679758700156941 -1.2832843640776554 -10.015
      vertex 0.4125376874905545 -1.26966044925403 -10.015
      vertex 0.4125376874905545 -1.26966044925403 -14.99
    endloop
  endfacet
  facet normal -0.32556815445715237 0.9455185755993184 0
    outer loop
      vertex 0.4125376874905545 -1.26966044925403 -10.015
      vertex 0.4565968913397681 -1.2544896487491877 -10.015
      vertex 0.4565968913397681 -1.2544896487491877 -14.99
    endloop
  endfacet
  facet normal -0.35836794954530504 0.9335804264971999 0
    outer loop
      vertex 0.4565968913397681 -1.2544896487491877 -10.015
      vertex 0.5000998022102424 -1.237790445846661 -10.015
      vertex 0.5000998022102424 -1.237790445846661 -14.99
    endloop
  endfacet
  facet normal -0.39073112848927 0.9205048534524419 0
    outer loop
      vertex 0.5000998022102424 -1.237790445846661 -10.015
      vertex 0.5429934185061926 -1.2195831859528725 -10.015
      vertex 0.5429934185061926 -1.2195831859528725 -14.99
    endloop
  endfacet
  facet normal -0.4226182617406989 0.9063077870366503 0
    outer loop
      vertex 0.5429934185061926 -1.2195831859528725 -10.015
      vertex 0.5852254809634183 -1.199890051809388 -10.015
      vertex 0.5852254809634183 -1.199890051809388 -14.99
    endloop
  endfacet
  facet normal -0.4539904997395504 0.891006524188366 0
    outer loop
      vertex 0.5852254809634183 -1.199890051809388 -10.015
      vertex 0.6267445363191637 -1.1787350364666676 -10.015
      vertex 0.6267445363191637 -1.1787350364666676 -14.99
    endloop
  endfacet
  facet normal -0.48480962024633667 0.874619707139396 0
    outer loop
      vertex 0.6267445363191637 -1.1787350364666676 -10.015
      vertex 0.6675000000000001 -1.1561439140522254 -10.015
      vertex 0.6675000000000001 -1.1561439140522254 -14.99
    endloop
  endfacet
  facet normal -0.5150380749100556 0.8571673007021114 0
    outer loop
      vertex 0.6675000000000001 -1.1561439140522254 -10.015
      vertex 0.7074422177513282 -1.1321442083688287 -10.015
      vertex 0.7074422177513282 -1.1321442083688287 -14.99
    endloop
  endfacet
  facet normal -0.544639035015021 0.8386705679454279 0
    outer loop
      vertex 0.7074422177513282 -1.1321442083688287 -10.015
      vertex 0.7465225261334473 -1.1067651593609806 -10.015
      vertex 0.7465225261334473 -1.1067651593609806 -14.99
    endloop
  endfacet
  facet normal -0.5735764363510477 0.8191520442889907 0
    outer loop
      vertex 0.7465225261334473 -1.1067651593609806 -10.015
      vertex 0.7846933118104513 -1.080037687490555 -10.015
      vertex 0.7846933118104513 -1.080037687490555 -14.99
    endloop
  endfacet
  facet normal -0.601815023152049 0.7986355100472923 0
    outer loop
      vertex 0.7846933118104513 -1.080037687490555 -10.015
      vertex 0.821908069559754 -1.0519943560649736 -10.015
      vertex 0.821908069559754 -1.0519943560649736 -14.99
    endloop
  endfacet
  facet normal -0.629320391049837 0.7771459614569713 0
    outer loop
      vertex 0.821908069559754 -1.0519943560649736 -10.015
      vertex 0.8581214589315299 -1.0226693315638358 -10.015
      vertex 0.8581214589315299 -1.0226693315638358 -14.99
    endloop
  endfacet
  facet normal -0.6560590289905093 0.7547095802227702 -1.496582238249203e-17
    outer loop
      vertex 0.8581214589315299 -1.0226693315638358 -10.015
      vertex 0.8932893594890751 -0.9920983420123217 -10.015
      vertex 0.8932893594890752 -0.9920983420123217 -14.99
    endloop
  endfacet
  facet normal -0.6819983600624999 0.7313537016191691 -1.521950315774845e-17
    outer loop
      vertex 0.8932893594890751 -0.9920983420123217 -10.015
      vertex 0.9273689245627613 -0.9603186334520991 -14.99
      vertex 0.8932893594890752 -0.9920983420123217 -14.99
    endloop
  endfacet
  facet normal -0.7071067811865451 0.7071067811865499 -1.5779823705364523e-17
    outer loop
      vertex 0.9273689245627612 -0.9603186334520991 -10.015
      vertex 0.9603186334520989 -0.9273689245627618 -14.99
      vertex 0.9273689245627613 -0.9603186334520991 -14.99
    endloop
  endfacet
  facet normal -0.7313537016191716 0.6819983600624974 0
    outer loop
      vertex 0.9603186334520989 -0.9273689245627618 -10.015
      vertex 0.9920983420123213 -0.8932893594890756 -14.99
      vertex 0.9603186334520989 -0.9273689245627618 -14.99
    endloop
  endfacet
  facet normal -0.6819983600624999 0.7313537016191691 -1.590118628139731e-17
    outer loop
      vertex 0.8932893594890751 -0.9920983420123217 -10.015
      vertex 0.9273689245627612 -0.9603186334520991 -10.015
      vertex 0.9273689245627613 -0.9603186334520991 -14.99
    endloop
  endfacet
  facet normal -0.7071067811865439 0.7071067811865511 0
    outer loop
      vertex 0.9273689245627612 -0.9603186334520991 -10.015
      vertex 0.9603186334520989 -0.9273689245627618 -10.015
      vertex 0.9603186334520989 -0.9273689245627618 -14.99
    endloop
  endfacet
  facet normal -0.7313537016191716 0.6819983600624974 0
    outer loop
      vertex 0.9603186334520989 -0.9273689245627618 -10.015
      vertex 0.9920983420123213 -0.8932893594890756 -10.015
      vertex 0.9920983420123213 -0.8932893594890756 -14.99
    endloop
  endfacet
  facet normal -0.7547095802227712 0.656059028990508 0
    outer loop
      vertex 0.9920983420123213 -0.8932893594890756 -10.015
      vertex 1.0226693315638353 -0.8581214589315304 -14.99
      vertex 0.9920983420123213 -0.8932893594890756 -14.99
    endloop
  endfacet
  facet normal -0.7771459614569719 0.6293203910498363 0
    outer loop
      vertex 1.0226693315638353 -0.8581214589315304 -10.015
      vertex 1.0519943560649738 -0.8219080695597536 -14.99
      vertex 1.0226693315638353 -0.8581214589315304 -14.99
    endloop
  endfacet
  facet normal -0.7986355100472914 0.6018150231520503 1.3430128548115133e-17
    outer loop
      vertex 1.0519943560649738 -0.8219080695597537 -10.015
      vertex 1.0800376874905546 -0.7846933118104519 -14.99
      vertex 1.0519943560649738 -0.8219080695597536 -14.99
    endloop
  endfacet
  facet normal -0.8191520442889926 0.5735764363510449 0
    outer loop
      vertex 1.0800376874905546 -0.7846933118104519 -10.015
      vertex 1.1067651593609809 -0.7465225261334466 -14.99
      vertex 1.0800376874905546 -0.7846933118104519 -14.99
    endloop
  endfacet
  facet normal -0.8386705679454252 0.5446390350150253 1.2154186870016239e-17
    outer loop
      vertex 1.1067651593609809 -0.7465225261334467 -10.015
      vertex 1.1321442083688285 -0.7074422177513287 -14.99
      vertex 1.1067651593609809 -0.7465225261334466 -14.99
    endloop
  endfacet
  facet normal -0.8571673007021114 0.5150380749100556 0
    outer loop
      vertex 1.1321442083688285 -0.7074422177513287 -10.015
      vertex 1.1561439140522252 -0.6675000000000005 -14.99
      vertex 1.1321442083688285 -0.7074422177513287 -14.99
    endloop
  endfacet
  facet normal -0.874619707139394 0.48480962024634033 0
    outer loop
      vertex 1.1561439140522252 -0.6675000000000005 -10.015
      vertex 1.1787350364666676 -0.6267445363191642 -14.99
      vertex 1.1561439140522252 -0.6675000000000005 -14.99
    endloop
  endfacet
  facet normal -0.8910065241883693 0.4539904997395438 0
    outer loop
      vertex 1.1787350364666676 -0.6267445363191642 -10.015
      vertex 1.1998900518093876 -0.5852254809634189 -14.99
      vertex 1.1787350364666676 -0.6267445363191642 -14.99
    endloop
  endfacet
  facet normal -0.9063077870366484 0.42261826174070277 0
    outer loop
      vertex 1.1998900518093876 -0.5852254809634189 -10.015
      vertex 1.2195831859528723 -0.5429934185061932 -14.99
      vertex 1.1998900518093876 -0.5852254809634189 -14.99
    endloop
  endfacet
  facet normal -0.9205048534524402 0.39073112848927405 8.71957176455402e-18
    outer loop
      vertex 1.2195831859528723 -0.5429934185061933 -10.015
      vertex 1.237790445846661 -0.500099802210243 -14.99
      vertex 1.2195831859528723 -0.5429934185061932 -14.99
    endloop
  endfacet
  facet normal -0.933580426497203 0.3583679495452971 0
    outer loop
      vertex 1.237790445846661 -0.500099802210243 -10.015
      vertex 1.2544896487491877 -0.45659689133976755 -14.99
      vertex 1.237790445846661 -0.500099802210243 -14.99
    endloop
  endfacet
  facet normal -0.9455185755993156 0.3255681544571601 3.632696092091039e-18
    outer loop
      vertex 1.2544896487491877 -0.4565968913397676 -10.015
      vertex 1.26966044925403 -0.41253768749055514 -14.99
      vertex 1.2544896487491877 -0.45659689133976755 -14.99
    endloop
  endfacet
  facet normal -0.9563047559630365 0.2923717047227332 3.2622894304732273e-18
    outer loop
      vertex 1.26966044925403 -0.4125376874905552 -10.015
      vertex 1.2832843640776557 -0.3679758700156936 -14.99
      vertex 1.26966044925403 -0.41253768749055514 -14.99
    endloop
  endfacet
  facet normal -0.9659258262890674 0.25881904510252407 0
    outer loop
      vertex 1.2832843640776557 -0.3679758700156936 -10.015
      vertex 1.2953447945784553 -0.3229657306255566 -14.99
      vertex 1.2832843640776557 -0.3679758700156936 -14.99
    endloop
  endfacet
  facet normal -0.974370064785235 0.22495105434386617 0
    outer loop
      vertex 1.2953447945784553 -0.3229657306255566 -10.015
      vertex 1.3058270469796305 -0.27756210724170943 -14.99
      vertex 1.2953447945784553 -0.3229657306255566 -14.99
    endloop
  endfacet
  facet normal -0.9816271834476651 0.19080899537653934 0
    outer loop
      vertex 1.3058270469796305 -0.27756210724170943 -10.015
      vertex 1.3147183502712976 -0.23182031718535206 -14.99
      vertex 1.3058270469796305 -0.27756210724170943 -14.99
    endloop
  endfacet
  facet normal -0.987688340595137 0.1564344650402359 0
    outer loop
      vertex 1.3147183502712976 -0.23182031718535206 -10.015
      vertex 1.3220078717699963 -0.18579608978168793 -14.99
      vertex 1.3147183502712976 -0.23182031718535206 -14.99
    endloop
  endfacet
  facet normal -0.9925461516413223 0.1218693434051454 6.799103067554894e-19
    outer loop
      vertex 1.3220078717699963 -0.18579608978168796 -10.015
      vertex 1.3276867303166449 -0.1395454984623173 -14.99
      vertex 1.3220078717699963 -0.18579608978168793 -14.99
    endloop
  endfacet
  facet normal -0.9961946980917457 0.08715574274765753 0
    outer loop
      vertex 1.3276867303166449 -0.1395454984623173 -10.015
      vertex 1.3317480070968652 -0.09312489244840771 -14.99
      vertex 1.3276867303166449 -0.1395454984623173 -14.99
    endloop
  endfacet
  facet normal -0.9986295347545738 0.05233595624294591 1.459914161725961e-19
    outer loop
      vertex 1.3317480070968652 -0.09312489244840773 -10.015
      vertex 1.3341867540704928 -0.0465908280978386 -14.99
      vertex 1.3317480070968652 -0.09312489244840771 -14.99
    endloop
  endfacet
  facet normal -0.9998476951563913 0.01745240643728263 0
    outer loop
      vertex 1.3341867540704928 -0.0465908280978386 -10.015
      vertex 1.335 0 -14.99
      vertex 1.3341867540704928 -0.0465908280978386 -14.99
    endloop
  endfacet
  facet normal -0.7547095802227712 0.656059028990508 0
    outer loop
      vertex 0.9920983420123213 -0.8932893594890756 -10.015
      vertex 1.0226693315638353 -0.8581214589315304 -10.015
      vertex 1.0226693315638353 -0.8581214589315304 -14.99
    endloop
  endfacet
  facet normal -0.7771459614569709 0.6293203910498374 1.4030458483585914e-17
    outer loop
      vertex 1.0226693315638353 -0.8581214589315304 -10.015
      vertex 1.0519943560649738 -0.8219080695597537 -10.015
      vertex 1.0519943560649738 -0.8219080695597536 -14.99
    endloop
  endfacet
  facet normal -0.7986355100472923 0.6018150231520492 0
    outer loop
      vertex 1.0519943560649738 -0.8219080695597537 -10.015
      vertex 1.0800376874905546 -0.7846933118104519 -10.015
      vertex 1.0800376874905546 -0.7846933118104519 -14.99
    endloop
  endfacet
  facet normal -0.8191520442889918 0.573576436351046 1.3095094584680159e-17
    outer loop
      vertex 1.0800376874905546 -0.7846933118104519 -10.015
      vertex 1.1067651593609809 -0.7465225261334467 -10.015
      vertex 1.1067651593609809 -0.7465225261334466 -14.99
    endloop
  endfacet
  facet normal -0.8386705679454259 0.5446390350150242 0
    outer loop
      vertex 1.1067651593609809 -0.7465225261334467 -10.015
      vertex 1.1321442083688285 -0.7074422177513287 -10.015
      vertex 1.1321442083688285 -0.7074422177513287 -14.99
    endloop
  endfacet
  facet normal -0.8571673007021114 0.5150380749100556 0
    outer loop
      vertex 1.1321442083688285 -0.7074422177513287 -10.015
      vertex 1.1561439140522252 -0.6675000000000005 -10.015
      vertex 1.1561439140522252 -0.6675000000000005 -14.99
    endloop
  endfacet
  facet normal -0.874619707139394 0.48480962024634033 0
    outer loop
      vertex 1.1561439140522252 -0.6675000000000005 -10.015
      vertex 1.1787350364666676 -0.6267445363191642 -10.015
      vertex 1.1787350364666676 -0.6267445363191642 -14.99
    endloop
  endfacet
  facet normal -0.8910065241883693 0.4539904997395438 0
    outer loop
      vertex 1.1787350364666676 -0.6267445363191642 -10.015
      vertex 1.1998900518093876 -0.5852254809634189 -10.015
      vertex 1.1998900518093876 -0.5852254809634189 -14.99
    endloop
  endfacet
  facet normal -0.9063077870366479 0.4226182617407037 9.353638989057265e-18
    outer loop
      vertex 1.1998900518093876 -0.5852254809634189 -10.015
      vertex 1.2195831859528723 -0.5429934185061933 -10.015
      vertex 1.2195831859528723 -0.5429934185061932 -14.99
    endloop
  endfacet
  facet normal -0.9205048534524406 0.3907311284892732 0
    outer loop
      vertex 1.2195831859528723 -0.5429934185061933 -10.015
      vertex 1.237790445846661 -0.500099802210243 -10.015
      vertex 1.237790445846661 -0.500099802210243 -14.99
    endloop
  endfacet
  facet normal -0.9335804264972029 0.3583679495452975 3.741455595622913e-18
    outer loop
      vertex 1.237790445846661 -0.500099802210243 -10.015
      vertex 1.2544896487491877 -0.4565968913397676 -10.015
      vertex 1.2544896487491877 -0.45659689133976755 -14.99
    endloop
  endfacet
  facet normal -0.9455185755993156 0.3255681544571601 3.741455595622997e-18
    outer loop
      vertex 1.2544896487491877 -0.4565968913397676 -10.015
      vertex 1.26966044925403 -0.4125376874905552 -10.015
      vertex 1.26966044925403 -0.41253768749055514 -14.99
    endloop
  endfacet
  facet normal -0.9563047559630368 0.29237170472273294 0
    outer loop
      vertex 1.26966044925403 -0.4125376874905552 -10.015
      vertex 1.2832843640776557 -0.3679758700156936 -10.015
      vertex 1.2832843640776557 -0.3679758700156936 -14.99
    endloop
  endfacet
  facet normal -0.9659258262890674 0.25881904510252407 0
    outer loop
      vertex 1.2832843640776557 -0.3679758700156936 -10.015
      vertex 1.2953447945784553 -0.3229657306255566 -10.015
      vertex 1.2953447945784553 -0.3229657306255566 -14.99
    endloop
  endfacet
  facet normal -0.974370064785235 0.22495105434386617 0
    outer loop
      vertex 1.2953447945784553 -0.3229657306255566 -10.015
      vertex 1.3058270469796305 -0.27756210724170943 -10.015
      vertex 1.3058270469796305 -0.27756210724170943 -14.99
    endloop
  endfacet
  facet normal -0.9816271834476651 0.19080899537653934 0
    outer loop
      vertex 1.3058270469796305 -0.27756210724170943 -10.015
      vertex 1.3147183502712976 -0.23182031718535206 -10.015
      vertex 1.3147183502712976 -0.23182031718535206 -14.99
    endloop
  endfacet
  facet normal -0.987688340595137 0.156434465040236 9.353638989057495e-19
    outer loop
      vertex 1.3147183502712976 -0.23182031718535206 -10.015
      vertex 1.3220078717699963 -0.18579608978168796 -10.015
      vertex 1.3220078717699963 -0.18579608978168793 -14.99
    endloop
  endfacet
  facet normal -0.9925461516413223 0.12186934340514531 0
    outer loop
      vertex 1.3220078717699963 -0.18579608978168796 -10.015
      vertex 1.3276867303166449 -0.1395454984623173 -10.015
      vertex 1.3276867303166449 -0.1395454984623173 -14.99
    endloop
  endfacet
  facet normal -0.9961946980917457 0.08715574274765756 2.3384097472643746e-19
    outer loop
      vertex 1.3276867303166449 -0.1395454984623173 -10.015
      vertex 1.3317480070968652 -0.09312489244840773 -10.015
      vertex 1.3317480070968652 -0.09312489244840771 -14.99
    endloop
  endfacet
  facet normal -0.9986295347545737 0.052335956242945895 0
    outer loop
      vertex 1.3317480070968652 -0.09312489244840773 -10.015
      vertex 1.3341867540704928 -0.0465908280978386 -10.015
      vertex 1.3341867540704928 -0.0465908280978386 -14.99
    endloop
  endfacet
  facet normal -0.9998476951563913 0.01745240643728263 0
    outer loop
      vertex 1.3341867540704928 -0.0465908280978386 -10.015
      vertex 1.335 0 -10.015
      vertex 1.335 0 -14.99
    endloop
  endfacet
  facet normal -0.6819983600624983 -0.7313537016191708 0
    outer loop
      vertex 0.9273689245627613 0.9603186334520993 -10.015
      vertex 0.8932893594890757 0.9920983420123213 -14.99
      vertex 0.9273689245627613 0.9603186334520993 -14.99
    endloop
  endfacet
  facet normal -0.7313537016191708 -0.6819983600624983 -1.521950315774841e-17
    outer loop
      vertex 0.9920983420123213 0.8932893594890756 -10.015
      vertex 0.9603186334520993 0.9273689245627613 -14.99
      vertex 0.9920983420123213 0.8932893594890757 -14.99
    endloop
  endfacet
  facet normal -0.7071067811865476 -0.7071067811865476 -1.5779823705364575e-17
    outer loop
      vertex 0.9603186334520993 0.9273689245627612 -10.015
      vertex 0.9273689245627613 0.9603186334520993 -14.99
      vertex 0.9603186334520993 0.9273689245627613 -14.99
    endloop
  endfacet
  facet normal -0.6819983600624983 -0.7313537016191708 0
    outer loop
      vertex 0.8932893594890757 0.9920983420123213 -10.015
      vertex 0.8932893594890757 0.9920983420123213 -14.99
      vertex 0.9273689245627613 0.9603186334520993 -10.015
    endloop
  endfacet
  facet normal -0.7313537016191708 -0.6819983600624983 -1.521950315774841e-17
    outer loop
      vertex 0.9603186334520993 0.9273689245627612 -10.015
      vertex 0.9603186334520993 0.9273689245627613 -14.99
      vertex 0.9920983420123213 0.8932893594890756 -10.015
    endloop
  endfacet
  facet normal -0.7071067811865487 -0.7071067811865462 0
    outer loop
      vertex 0.9273689245627613 0.9603186334520993 -10.015
      vertex 0.9273689245627613 0.9603186334520993 -14.99
      vertex 0.9603186334520993 0.9273689245627612 -10.015
    endloop
  endfacet
  facet normal -0.017452406437282502 -0.9998476951563913 0
    outer loop
      vertex 0.04659082809783894 1.3341867540704928 -10.015
      vertex 0 1.335 -14.99
      vertex 0.04659082809783894 1.3341867540704928 -14.99
    endloop
  endfacet
  facet normal -0.05233595624294688 -0.9986295347545737 0
    outer loop
      vertex 0.09312489244840719 1.3317480070968652 -10.015
      vertex 0.04659082809783894 1.3341867540704928 -14.99
      vertex 0.09312489244840719 1.3317480070968652 -14.99
    endloop
  endfacet
  facet normal -0.08715574274765643 -0.9961946980917457 0
    outer loop
      vertex 0.13954549846231737 1.3276867303166449 -10.015
      vertex 0.09312489244840719 1.3317480070968652 -14.99
      vertex 0.13954549846231737 1.3276867303166449 -14.99
    endloop
  endfacet
  facet normal -0.12186934340514698 -0.9925461516413221 6.799103067554983e-19
    outer loop
      vertex 0.1857960897816874 1.3220078717699963 -10.015
      vertex 0.13954549846231737 1.3276867303166449 -14.99
      vertex 0.18579608978168738 1.3220078717699963 -14.99
    endloop
  endfacet
  facet normal -0.15643446504023395 -0.9876883405951372 0
    outer loop
      vertex 0.2318203171853521 1.3147183502712976 -10.015
      vertex 0.18579608978168738 1.3220078717699963 -14.99
      vertex 0.2318203171853521 1.3147183502712976 -14.99
    endloop
  endfacet
  facet normal -0.3583679495453035 -0.9335804264972005 0
    outer loop
      vertex 0.5000998022102424 1.237790445846661 -10.015
      vertex 0.4565968913397679 1.2544896487491877 -14.99
      vertex 0.5000998022102424 1.237790445846661 -14.99
    endloop
  endfacet
  facet normal -0.19080899537654167 -0.9816271834476645 0
    outer loop
      vertex 0.2775621072417089 1.3058270469796305 -10.015
      vertex 0.2318203171853521 1.3147183502712976 -14.99
      vertex 0.2775621072417089 1.3058270469796305 -14.99
    endloop
  endfacet
  facet normal -0.22495105434386486 -0.9743700647852354 0
    outer loop
      vertex 0.32296573062555634 1.2953447945784553 -10.015
      vertex 0.2775621072417089 1.3058270469796305 -14.99
      vertex 0.32296573062555634 1.2953447945784553 -14.99
    endloop
  endfacet
  facet normal -0.2588190451025211 -0.9659258262890682 0
    outer loop
      vertex 0.3679758700156939 1.2832843640776557 -10.015
      vertex 0.32296573062555634 1.2953447945784553 -14.99
      vertex 0.3679758700156939 1.2832843640776557 -14.99
    endloop
  endfacet
  facet normal -0.2923717047227366 -0.9563047559630355 0
    outer loop
      vertex 0.41253768749055486 1.26966044925403 -10.015
      vertex 0.3679758700156939 1.2832843640776557 -14.99
      vertex 0.41253768749055486 1.26966044925403 -14.99
    endloop
  endfacet
  facet normal -0.32556815445715603 -0.9455185755993171 0
    outer loop
      vertex 0.4565968913397679 1.2544896487491877 -10.015
      vertex 0.41253768749055486 1.26966044925403 -14.99
      vertex 0.4565968913397679 1.2544896487491877 -14.99
    endloop
  endfacet
  facet normal -0.39073112848927377 -0.9205048534524403 8.719571764554014e-18
    outer loop
      vertex 0.5429934185061933 1.219583185952872 -10.015
      vertex 0.5000998022102424 1.237790445846661 -14.99
      vertex 0.5429934185061932 1.219583185952872 -14.99
    endloop
  endfacet
  facet normal -0.4539904997395504 -0.8910065241883661 0
    outer loop
      vertex 0.6267445363191643 1.1787350364666673 -10.015
      vertex 0.5852254809634184 1.199890051809388 -14.99
      vertex 0.6267445363191643 1.1787350364666673 -14.99
    endloop
  endfacet
  facet normal -0.4226182617406948 -0.9063077870366522 0
    outer loop
      vertex 0.5852254809634184 1.199890051809388 -10.015
      vertex 0.5429934185061932 1.219583185952872 -14.99
      vertex 0.5852254809634184 1.199890051809388 -14.99
    endloop
  endfacet
  facet normal -0.5446390350150275 -0.8386705679454237 0
    outer loop
      vertex 0.7465225261334469 1.1067651593609806 -10.015
      vertex 0.7074422177513285 1.1321442083688287 -14.99
      vertex 0.7465225261334469 1.1067651593609806 -14.99
    endloop
  endfacet
  facet normal -0.4848096202463381 -0.8746197071393953 0
    outer loop
      vertex 0.6675000000000001 1.1561439140522254 -10.015
      vertex 0.6267445363191643 1.1787350364666673 -14.99
      vertex 0.6675000000000001 1.1561439140522254 -14.99
    endloop
  endfacet
  facet normal -0.5150380749100525 -0.8571673007021134 0
    outer loop
      vertex 0.7074422177513285 1.1321442083688287 -10.015
      vertex 0.6675000000000001 1.1561439140522254 -14.99
      vertex 0.7074422177513285 1.1321442083688287 -14.99
    endloop
  endfacet
  facet normal -0.6018150231520487 -0.7986355100472925 0
    outer loop
      vertex 0.8219080695597538 1.0519943560649738 -10.015
      vertex 0.7846933118104517 1.0800376874905548 -14.99
      vertex 0.8219080695597538 1.0519943560649738 -14.99
    endloop
  endfacet
  facet normal -0.5735764363510443 -0.8191520442889931 1.2799955095866833e-17
    outer loop
      vertex 0.7846933118104518 1.0800376874905548 -10.015
      vertex 0.7465225261334469 1.1067651593609806 -14.99
      vertex 0.7846933118104517 1.0800376874905548 -14.99
    endloop
  endfacet
  facet normal -0.6293203910498391 -0.7771459614569695 0
    outer loop
      vertex 0.85812145893153 1.0226693315638355 -10.015
      vertex 0.8219080695597538 1.0519943560649738 -14.99
      vertex 0.85812145893153 1.0226693315638355 -14.99
    endloop
  endfacet
  facet normal -0.6560590289905062 -0.754709580222773 0
    outer loop
      vertex 0.8932893594890757 0.9920983420123213 -10.015
      vertex 0.85812145893153 1.0226693315638355 -14.99
      vertex 0.8932893594890757 0.9920983420123213 -14.99
    endloop
  endfacet
  facet normal -0.017452406437282502 -0.9998476951563913 0
    outer loop
      vertex 0 1.335 -10.015
      vertex 0 1.335 -14.99
      vertex 0.04659082809783894 1.3341867540704928 -10.015
    endloop
  endfacet
  facet normal -0.05233595624294688 -0.9986295347545737 0
    outer loop
      vertex 0.04659082809783894 1.3341867540704928 -10.015
      vertex 0.04659082809783894 1.3341867540704928 -14.99
      vertex 0.09312489244840719 1.3317480070968652 -10.015
    endloop
  endfacet
  facet normal -0.08715574274765643 -0.9961946980917457 0
    outer loop
      vertex 0.13954549846231737 1.3276867303166449 -10.015
      vertex 0.09312489244840719 1.3317480070968652 -10.015
      vertex 0.09312489244840719 1.3317480070968652 -14.99
    endloop
  endfacet
  facet normal -0.12186934340514691 -0.9925461516413221 0
    outer loop
      vertex 0.13954549846231737 1.3276867303166449 -10.015
      vertex 0.13954549846231737 1.3276867303166449 -14.99
      vertex 0.1857960897816874 1.3220078717699963 -10.015
    endloop
  endfacet
  facet normal -0.19080899537654167 -0.9816271834476645 0
    outer loop
      vertex 0.2318203171853521 1.3147183502712976 -10.015
      vertex 0.2318203171853521 1.3147183502712976 -14.99
      vertex 0.2775621072417089 1.3058270469796305 -10.015
    endloop
  endfacet
  facet normal -0.15643446504023403 -0.9876883405951372 8.727494720230502e-19
    outer loop
      vertex 0.1857960897816874 1.3220078717699963 -10.015
      vertex 0.18579608978168738 1.3220078717699963 -14.99
      vertex 0.2318203171853521 1.3147183502712976 -10.015
    endloop
  endfacet
  facet normal -0.3583679495453035 -0.9335804264972005 0
    outer loop
      vertex 0.5000998022102424 1.237790445846661 -10.015
      vertex 0.4565968913397679 1.2544896487491877 -10.015
      vertex 0.4565968913397679 1.2544896487491877 -14.99
    endloop
  endfacet
  facet normal -0.22495105434386486 -0.9743700647852354 0
    outer loop
      vertex 0.2775621072417089 1.3058270469796305 -10.015
      vertex 0.2775621072417089 1.3058270469796305 -14.99
      vertex 0.32296573062555634 1.2953447945784553 -10.015
    endloop
  endfacet
  facet normal -0.2588190451025211 -0.9659258262890682 0
    outer loop
      vertex 0.32296573062555634 1.2953447945784553 -10.015
      vertex 0.32296573062555634 1.2953447945784553 -14.99
      vertex 0.3679758700156939 1.2832843640776557 -10.015
    endloop
  endfacet
  facet normal -0.2923717047227366 -0.9563047559630355 0
    outer loop
      vertex 0.3679758700156939 1.2832843640776557 -10.015
      vertex 0.3679758700156939 1.2832843640776557 -14.99
      vertex 0.41253768749055486 1.26966044925403 -10.015
    endloop
  endfacet
  facet normal -0.32556815445715603 -0.9455185755993171 0
    outer loop
      vertex 0.41253768749055486 1.26966044925403 -10.015
      vertex 0.41253768749055486 1.26966044925403 -14.99
      vertex 0.4565968913397679 1.2544896487491877 -10.015
    endloop
  endfacet
  facet normal -0.3907311284892729 -0.9205048534524407 0
    outer loop
      vertex 0.5000998022102424 1.237790445846661 -10.015
      vertex 0.5000998022102424 1.237790445846661 -14.99
      vertex 0.5429934185061933 1.219583185952872 -10.015
    endloop
  endfacet
  facet normal -0.42261826174069567 -0.9063077870366517 9.43116632787098e-18
    outer loop
      vertex 0.5429934185061933 1.219583185952872 -10.015
      vertex 0.5429934185061932 1.219583185952872 -14.99
      vertex 0.5852254809634184 1.199890051809388 -10.015
    endloop
  endfacet
  facet normal -0.4539904997395504 -0.8910065241883661 0
    outer loop
      vertex 0.5852254809634184 1.199890051809388 -10.015
      vertex 0.5852254809634184 1.199890051809388 -14.99
      vertex 0.6267445363191643 1.1787350364666673 -10.015
    endloop
  endfacet
  facet normal -0.5446390350150275 -0.8386705679454237 0
    outer loop
      vertex 0.7074422177513285 1.1321442083688287 -10.015
      vertex 0.7074422177513285 1.1321442083688287 -14.99
      vertex 0.7465225261334469 1.1067651593609806 -10.015
    endloop
  endfacet
  facet normal -0.4848096202463381 -0.8746197071393953 0
    outer loop
      vertex 0.6675000000000001 1.1561439140522254 -10.015
      vertex 0.6267445363191643 1.1787350364666673 -10.015
      vertex 0.6267445363191643 1.1787350364666673 -14.99
    endloop
  endfacet
  facet normal -0.5150380749100525 -0.8571673007021134 0
    outer loop
      vertex 0.6675000000000001 1.1561439140522254 -10.015
      vertex 0.6675000000000001 1.1561439140522254 -14.99
      vertex 0.7074422177513285 1.1321442083688287 -10.015
    endloop
  endfacet
  facet normal -0.5735764363510432 -0.8191520442889939 0
    outer loop
      vertex 0.7465225261334469 1.1067651593609806 -10.015
      vertex 0.7465225261334469 1.1067651593609806 -14.99
      vertex 0.7846933118104518 1.0800376874905548 -10.015
    endloop
  endfacet
  facet normal -0.6018150231520498 -0.7986355100472916 1.3430128548115122e-17
    outer loop
      vertex 0.7846933118104518 1.0800376874905548 -10.015
      vertex 0.7846933118104517 1.0800376874905548 -14.99
      vertex 0.8219080695597538 1.0519943560649738 -10.015
    endloop
  endfacet
  facet normal -0.6293203910498391 -0.7771459614569695 0
    outer loop
      vertex 0.8219080695597538 1.0519943560649738 -10.015
      vertex 0.8219080695597538 1.0519943560649738 -14.99
      vertex 0.85812145893153 1.0226693315638355 -10.015
    endloop
  endfacet
  facet normal -0.6560590289905062 -0.754709580222773 0
    outer loop
      vertex 0.85812145893153 1.0226693315638355 -10.015
      vertex 0.85812145893153 1.0226693315638355 -14.99
      vertex 0.8932893594890757 0.9920983420123213 -10.015
    endloop
  endfacet
  facet normal -0.9335804264972013 -0.35836794954530143 0
    outer loop
      vertex 1.2544896487491877 0.4565968913397677 -10.015
      vertex 1.237790445846661 0.5000998022102425 -14.99
      vertex 1.2544896487491877 0.4565968913397677 -14.99
    endloop
  endfacet
  facet normal -0.9998476951563913 -0.01745240643728256 0
    outer loop
      vertex 1.335 0 -10.015
      vertex 1.3341867540704928 0.04659082809783879 -14.99
      vertex 1.335 0 -14.99
    endloop
  endfacet
  facet normal -0.9986295347545737 -0.05233595624294662 -7.299570808629904e-20
    outer loop
      vertex 1.3341867540704928 0.046590828097838786 -10.015
      vertex 1.3317480070968652 0.09312489244840727 -14.99
      vertex 1.3341867540704928 0.04659082809783879 -14.99
    endloop
  endfacet
  facet normal -0.9961946980917457 -0.08715574274765658 0
    outer loop
      vertex 1.3317480070968652 0.09312489244840727 -10.015
      vertex 1.3276867303166449 0.13954549846231737 -14.99
      vertex 1.3317480070968652 0.09312489244840727 -14.99
    endloop
  endfacet
  facet normal -0.9816271834476645 -0.1908089953765419 -1.0645253264956374e-18
    outer loop
      vertex 1.3147183502712976 0.23182031718535195 -10.015
      vertex 1.3058270469796305 0.2775621072417087 -14.99
      vertex 1.3147183502712976 0.23182031718535198 -14.99
    endloop
  endfacet
  facet normal -0.9925461516413221 -0.12186934340514706 0
    outer loop
      vertex 1.3276867303166449 0.13954549846231737 -10.015
      vertex 1.3220078717699963 0.18579608978168735 -14.99
      vertex 1.3276867303166449 0.13954549846231737 -14.99
    endloop
  endfacet
  facet normal -0.9876883405951372 -0.15643446504023423 0
    outer loop
      vertex 1.3220078717699963 0.18579608978168735 -10.015
      vertex 1.3147183502712976 0.23182031718535198 -14.99
      vertex 1.3220078717699963 0.18579608978168735 -14.99
    endloop
  endfacet
  facet normal -0.9743700647852356 -0.2249510543438638 0
    outer loop
      vertex 1.3058270469796305 0.2775621072417087 -10.015
      vertex 1.2953447945784553 0.3229657306255564 -14.99
      vertex 1.3058270469796305 0.2775621072417087 -14.99
    endloop
  endfacet
  facet normal -0.9659258262890681 -0.25881904510252135 0
    outer loop
      vertex 1.2953447945784553 0.3229657306255564 -10.015
      vertex 1.2832843640776557 0.3679758700156939 -14.99
      vertex 1.2953447945784553 0.3229657306255564 -14.99
    endloop
  endfacet
  facet normal -0.9563047559630353 -0.29237170472273727 0
    outer loop
      vertex 1.2832843640776557 0.3679758700156939 -10.015
      vertex 1.26966044925403 0.41253768749055475 -14.99
      vertex 1.2832843640776557 0.3679758700156939 -14.99
    endloop
  endfacet
  facet normal -0.945518575599317 -0.3255681544571564 0
    outer loop
      vertex 1.26966044925403 0.41253768749055475 -10.015
      vertex 1.2544896487491877 0.4565968913397677 -14.99
      vertex 1.26966044925403 0.41253768749055475 -14.99
    endloop
  endfacet
  facet normal -0.8386705679454245 -0.5446390350150265 0
    outer loop
      vertex 1.1321442083688287 0.7074422177513285 -10.015
      vertex 1.1067651593609806 0.746522526133447 -14.99
      vertex 1.1321442083688287 0.7074422177513285 -14.99
    endloop
  endfacet
  facet normal -0.9063077870366513 -0.42261826174069655 -9.431166327871e-18
    outer loop
      vertex 1.219583185952872 0.5429934185061932 -10.015
      vertex 1.199890051809388 0.5852254809634183 -14.99
      vertex 1.219583185952872 0.5429934185061933 -14.99
    endloop
  endfacet
  facet normal -0.9205048534524403 -0.39073112848927377 0
    outer loop
      vertex 1.237790445846661 0.5000998022102425 -10.015
      vertex 1.219583185952872 0.5429934185061933 -14.99
      vertex 1.237790445846661 0.5000998022102425 -14.99
    endloop
  endfacet
  facet normal -0.891006524188368 -0.4539904997395466 0
    outer loop
      vertex 1.199890051809388 0.5852254809634183 -10.015
      vertex 1.1787350364666676 0.6267445363191642 -14.99
      vertex 1.199890051809388 0.5852254809634183 -14.99
    endloop
  endfacet
  facet normal -0.8571673007021126 -0.5150380749100538 0
    outer loop
      vertex 1.1561439140522256 0.6674999999999999 -10.015
      vertex 1.1321442083688287 0.7074422177513285 -14.99
      vertex 1.1561439140522256 0.6674999999999999 -14.99
    endloop
  endfacet
  facet normal -0.8746197071393946 -0.4848096202463391 0
    outer loop
      vertex 1.1787350364666676 0.6267445363191642 -10.015
      vertex 1.1561439140522256 0.6674999999999999 -14.99
      vertex 1.1787350364666676 0.6267445363191642 -14.99
    endloop
  endfacet
  facet normal -0.754709580222774 -0.6560590289905049 -1.464063998991923e-17
    outer loop
      vertex 1.0226693315638355 0.8581214589315298 -10.015
      vertex 0.9920983420123213 0.8932893594890757 -14.99
      vertex 1.0226693315638355 0.8581214589315299 -14.99
    endloop
  endfacet
  facet normal -0.7771459614569676 -0.6293203910498414 -1.404393945748023e-17
    outer loop
      vertex 1.0519943560649738 0.8219080695597538 -10.015
      vertex 1.0226693315638355 0.8581214589315299 -14.99
      vertex 1.0519943560649738 0.8219080695597539 -14.99
    endloop
  endfacet
  facet normal -0.7986355100472934 -0.6018150231520476 0
    outer loop
      vertex 1.0800376874905548 0.7846933118104517 -10.015
      vertex 1.0519943560649738 0.8219080695597539 -14.99
      vertex 1.0800376874905548 0.7846933118104517 -14.99
    endloop
  endfacet
  facet normal -0.8191520442889922 -0.5735764363510454 0
    outer loop
      vertex 1.1067651593609806 0.746522526133447 -10.015
      vertex 1.0800376874905548 0.7846933118104517 -14.99
      vertex 1.1067651593609806 0.746522526133447 -14.99
    endloop
  endfacet
  facet normal -0.9335804264972013 -0.35836794954530143 0
    outer loop
      vertex 1.237790445846661 0.5000998022102425 -10.015
      vertex 1.237790445846661 0.5000998022102425 -14.99
      vertex 1.2544896487491877 0.4565968913397677 -10.015
    endloop
  endfacet
  facet normal -0.9998476951563913 -0.01745240643728256 -2.923012184080436e-20
    outer loop
      vertex 1.335 0 -10.015
      vertex 1.3341867540704928 0.046590828097838786 -10.015
      vertex 1.3341867540704928 0.04659082809783879 -14.99
    endloop
  endfacet
  facet normal -0.9986295347545737 -0.05233595624294661 0
    outer loop
      vertex 1.3341867540704928 0.046590828097838786 -10.015
      vertex 1.3317480070968652 0.09312489244840727 -10.015
      vertex 1.3317480070968652 0.09312489244840727 -14.99
    endloop
  endfacet
  facet normal -0.9961946980917457 -0.08715574274765658 0
    outer loop
      vertex 1.3276867303166449 0.13954549846231737 -10.015
      vertex 1.3276867303166449 0.13954549846231737 -14.99
      vertex 1.3317480070968652 0.09312489244840727 -10.015
    endloop
  endfacet
  facet normal -0.9925461516413221 -0.12186934340514706 0
    outer loop
      vertex 1.3276867303166449 0.13954549846231737 -10.015
      vertex 1.3220078717699963 0.18579608978168735 -10.015
      vertex 1.3220078717699963 0.18579608978168735 -14.99
    endloop
  endfacet
  facet normal -0.9876883405951372 -0.1564344650402343 -9.353638989057396e-19
    outer loop
      vertex 1.3220078717699963 0.18579608978168735 -10.015
      vertex 1.3147183502712976 0.23182031718535195 -10.015
      vertex 1.3147183502712976 0.23182031718535198 -14.99
    endloop
  endfacet
  facet normal -0.9816271834476644 -0.19080899537654175 0
    outer loop
      vertex 1.3147183502712976 0.23182031718535195 -10.015
      vertex 1.3058270469796305 0.2775621072417087 -10.015
      vertex 1.3058270469796305 0.2775621072417087 -14.99
    endloop
  endfacet
  facet normal -0.9743700647852356 -0.2249510543438638 0
    outer loop
      vertex 1.3058270469796305 0.2775621072417087 -10.015
      vertex 1.2953447945784553 0.3229657306255564 -10.015
      vertex 1.2953447945784553 0.3229657306255564 -14.99
    endloop
  endfacet
  facet normal -0.9659258262890681 -0.25881904510252135 0
    outer loop
      vertex 1.2832843640776557 0.3679758700156939 -10.015
      vertex 1.2832843640776557 0.3679758700156939 -14.99
      vertex 1.2953447945784553 0.3229657306255564 -10.015
    endloop
  endfacet
  facet normal -0.9563047559630353 -0.29237170472273727 0
    outer loop
      vertex 1.2832843640776557 0.3679758700156939 -10.015
      vertex 1.26966044925403 0.41253768749055475 -10.015
      vertex 1.26966044925403 0.41253768749055475 -14.99
    endloop
  endfacet
  facet normal -0.945518575599317 -0.3255681544571564 0
    outer loop
      vertex 1.26966044925403 0.41253768749055475 -10.015
      vertex 1.2544896487491877 0.4565968913397677 -10.015
      vertex 1.2544896487491877 0.4565968913397677 -14.99
    endloop
  endfacet
  facet normal -0.8386705679454245 -0.5446390350150265 0
    outer loop
      vertex 1.1321442083688287 0.7074422177513285 -10.015
      vertex 1.1067651593609806 0.746522526133447 -10.015
      vertex 1.1067651593609806 0.746522526133447 -14.99
    endloop
  endfacet
  facet normal -0.891006524188368 -0.4539904997395466 0
    outer loop
      vertex 1.199890051809388 0.5852254809634183 -10.015
      vertex 1.1787350364666676 0.6267445363191642 -10.015
      vertex 1.1787350364666676 0.6267445363191642 -14.99
    endloop
  endfacet
  facet normal -0.9205048534524399 -0.39073112848927466 -8.418275090151657e-18
    outer loop
      vertex 1.237790445846661 0.5000998022102425 -10.015
      vertex 1.219583185952872 0.5429934185061932 -10.015
      vertex 1.219583185952872 0.5429934185061933 -14.99
    endloop
  endfacet
  facet normal -0.9063077870366517 -0.42261826174069567 0
    outer loop
      vertex 1.219583185952872 0.5429934185061932 -10.015
      vertex 1.199890051809388 0.5852254809634183 -10.015
      vertex 1.199890051809388 0.5852254809634183 -14.99
    endloop
  endfacet
  facet normal -0.8746197071393946 -0.4848096202463391 0
    outer loop
      vertex 1.1561439140522256 0.6674999999999999 -10.015
      vertex 1.1561439140522256 0.6674999999999999 -14.99
      vertex 1.1787350364666676 0.6267445363191642 -10.015
    endloop
  endfacet
  facet normal -0.8571673007021126 -0.5150380749100538 0
    outer loop
      vertex 1.1561439140522256 0.6674999999999999 -10.015
      vertex 1.1321442083688287 0.7074422177513285 -10.015
      vertex 1.1321442083688287 0.7074422177513285 -14.99
    endloop
  endfacet
  facet normal -0.7986355100472925 -0.6018150231520487 -1.3430128548115098e-17
    outer loop
      vertex 1.0519943560649738 0.8219080695597538 -10.015
      vertex 1.0519943560649738 0.8219080695597539 -14.99
      vertex 1.0800376874905548 0.7846933118104517 -10.015
    endloop
  endfacet
  facet normal -0.7771459614569676 -0.6293203910498414 -1.404393945748023e-17
    outer loop
      vertex 1.0226693315638355 0.8581214589315298 -10.015
      vertex 1.0226693315638355 0.8581214589315299 -14.99
      vertex 1.0519943560649738 0.8219080695597538 -10.015
    endloop
  endfacet
  facet normal -0.8191520442889922 -0.5735764363510454 0
    outer loop
      vertex 1.0800376874905548 0.7846933118104517 -10.015
      vertex 1.0800376874905548 0.7846933118104517 -14.99
      vertex 1.1067651593609806 0.746522526133447 -10.015
    endloop
  endfacet
  facet normal -0.754709580222774 -0.6560590289905049 -1.464063998991923e-17
    outer loop
      vertex 0.9920983420123213 0.8932893594890756 -10.015
      vertex 0.9920983420123213 0.8932893594890757 -14.99
      vertex 1.0226693315638355 0.8581214589315298 -10.015
    endloop
  endfacet
endsolid OpenSCAD_Model
