solid OpenSCAD_Model
  facet normal 0 0 -1
    outer loop
      vertex -4.354270158816938 28.045894964016867 0
      vertex -2.53617418620967 29.649791354758 0
      vertex -2.926354830241926 27.688220793951544 0
    endloop
  endfacet
  facet normal 0 0 -1
    outer loop
      vertex -2.926354830241926 27.688220793951544 0
      vertex -2.5 29.399999998509884 0
      vertex -2.5 27.624977029165862 0
    endloop
  endfacet
  facet normal -0.3368898533922189 -0.9415440651830211 0
    outer loop
      vertex -5.74025148547635 28.541807012330697 0
      vertex -4.354270158816938 28.045894964016867 0
      vertex -5.74025148547635 28.541807012330697 12
    endloop
  endfacet
  facet normal -0.24298017990326337 -0.9700312531945442 0
    outer loop
      vertex -4.354270158816938 28.045894964016867 0
      vertex -2.926354830241926 27.688220793951544 0
      vertex -4.354270158816938 28.045894964016867 12
    endloop
  endfacet
  facet normal -0.14673047445536455 -0.9891765099647806 0
    outer loop
      vertex -2.926354830241926 27.688220793951544 0
      vertex -2.5 27.624977029165862 0
      vertex -2.926354830241926 27.688220793951544 12
    endloop
  endfacet
  facet normal -0.3368898533922189 -0.9415440651830211 0
    outer loop
      vertex -4.354270158816938 28.045894964016867 0
      vertex -4.354270158816938 28.045894964016867 12
      vertex -5.74025148547635 28.541807012330697 12
    endloop
  endfacet
  facet normal -0.24298017990326337 -0.9700312531945442 0
    outer loop
      vertex -2.926354830241926 27.688220793951544 0
      vertex -2.926354830241926 27.688220793951544 12
      vertex -4.354270158816938 28.045894964016867 12
    endloop
  endfacet
  facet normal -0.14673047445536455 -0.9891765099647806 0
    outer loop
      vertex -2.926354830241926 27.688220793951544 12
      vertex -2.5 27.624977029165862 0
      vertex -2.5 27.624977029165862 12
    endloop
  endfacet
  facet normal 0 0 1
    outer loop
      vertex -3.773700804308014 29.959775635481286 12
      vertex -4.354270158816938 28.045894964016867 12
      vertex -2.926354830241926 27.688220793951544 12
    endloop
  endfacet
  facet normal 0 0 1
    outer loop
      vertex -2.926354830241926 27.688220793951544 12
      vertex -2.5 27.624977029165862 12
      vertex -2.5 29.399999998509884 12
    endloop
  endfacet
  facet normal 0 0 -1
    outer loop
      vertex -12.47204418453818 34.066446504705965 0
      vertex -10.049135893715581 34.1528873058726 0
      vertex -11.595156800441055 32.88410073754531 0
    endloop
  endfacet
  facet normal 0 0 -1
    outer loop
      vertex -13.228818965225328 35.32904894761003 0
      vertex -10.80910495993309 35.17758697074517 0
      vertex -12.47204418453818 34.066446504705965 0
    endloop
  endfacet
  facet normal 0 0 -1
    outer loop
      vertex -13.228818965225328 35.32904894761003 0
      vertex -11.464976436528618 36.27184242126202 0
      vertex -10.80910495993309 35.17758697074517 0
    endloop
  endfacet
  facet normal 0 0 -1
    outer loop
      vertex -14.354105035983137 38.04572984118306 0
      vertex -12.010433922646731 37.42511537925383 0
      vertex -13.858192987669305 36.65974851452365 0
    endloop
  endfacet
  facet normal 0 0 -1
    outer loop
      vertex -14.71177920604846 39.47364516975807 0
      vertex -12.44022436451872 38.626299195691985 0
      vertex -14.354105035983137 38.04572984118306 0
    endloop
  endfacet
  facet normal 0 0 -1
    outer loop
      vertex -14.71177920604846 39.47364516975807 0
      vertex -12.750208645242 39.86382581379033 0
      vertex -12.44022436451872 38.626299195691985 0
    endloop
  endfacet
  facet normal 0 0 -1
    outer loop
      vertex -14.927770900082956 40.929742895056584 0
      vertex -12.750208645242 39.86382581379033 0
      vertex -14.71177920604846 39.47364516975807 0
    endloop
  endfacet
  facet normal 0 0 -1
    outer loop
      vertex -15.000000000000004 42.4 0
      vertex -12.937401446738562 41.125777175715704 0
      vertex -14.927770900082956 40.929742895056584 0
    endloop
  endfacet
  facet normal 0 0 -1
    outer loop
      vertex -14.927770900082958 43.870257104943406 0
      vertex -13.000000000000004 42.4 0
      vertex -15.000000000000004 42.4 0
    endloop
  endfacet
  facet normal 0 0 -1
    outer loop
      vertex -14.927770900082956 40.929742895056584 0
      vertex -12.937401446738562 41.125777175715704 0
      vertex -12.750208645242 39.86382581379033 0
    endloop
  endfacet
  facet normal 0 0 -1
    outer loop
      vertex -15.000000000000004 42.4 0
      vertex -13.000000000000004 42.4 0
      vertex -12.937401446738562 41.125777175715704 0
    endloop
  endfacet
  facet normal 0 0 -1
    outer loop
      vertex -13.858192987669305 36.65974851452365 0
      vertex -11.464976436528618 36.27184242126202 0
      vertex -13.228818965225328 35.32904894761003 0
    endloop
  endfacet
  facet normal 0 0 -1
    outer loop
      vertex -12.010433922646731 37.42511537925383 0
      vertex -11.464976436528618 36.27184242126202 0
      vertex -13.858192987669305 36.65974851452365 0
    endloop
  endfacet
  facet normal 0 0 -1
    outer loop
      vertex -14.354105035983137 38.04572984118306 0
      vertex -12.44022436451872 38.626299195691985 0
      vertex -12.010433922646731 37.42511537925383 0
    endloop
  endfacet
  facet normal 0 0 -1
    outer loop
      vertex -10.606601717798215 31.793398282201785 0
      vertex -8.247112694127393 32.35086410628442 0
      vertex -9.515899262454685 30.804843199558942 0
    endloop
  endfacet
  facet normal 0 0 -1
    outer loop
      vertex -11.595156800441055 32.88410073754531 0
      vertex -9.192388155425121 33.20761184457488 0
      vertex -10.606601717798215 31.793398282201785 0
    endloop
  endfacet
  facet normal 0 0 -1
    outer loop
      vertex -10.80910495993309 35.17758697074517 0
      vertex -10.049135893715581 34.1528873058726 0
      vertex -12.47204418453818 34.066446504705965 0
    endloop
  endfacet
  facet normal 0 0 -1
    outer loop
      vertex -11.595156800441055 32.88410073754531 0
      vertex -10.049135893715581 34.1528873058726 0
      vertex -9.192388155425121 33.20761184457488 0
    endloop
  endfacet
  facet normal 0 0 -1
    outer loop
      vertex -9.515899262454685 30.804843199558942 0
      vertex -7.222413029254832 31.59089504006691 0
      vertex -8.333553495294035 29.927955815461818 0
    endloop
  endfacet
  facet normal 0 0 -1
    outer loop
      vertex -8.247112694127393 32.35086410628442 0
      vertex -7.222413029254832 31.59089504006691 0
      vertex -9.515899262454685 30.804843199558942 0
    endloop
  endfacet
  facet normal 0 0 -1
    outer loop
      vertex -9.192388155425121 33.20761184457488 0
      vertex -8.247112694127393 32.35086410628442 0
      vertex -10.606601717798215 31.793398282201785 0
    endloop
  endfacet
  facet normal -0.9039892931234426 -0.42755509343028375 0
    outer loop
      vertex -13.858192987669305 36.65974851452365 0
      vertex -13.228818965225328 35.32904894761003 0
      vertex -13.228818965225328 35.32904894761003 12
    endloop
  endfacet
  facet normal -0.857728610000272 -0.5141027441932219 0
    outer loop
      vertex -13.228818965225328 35.32904894761003 0
      vertex -12.47204418453818 34.066446504705965 0
      vertex -12.47204418453818 34.066446504705965 12
    endloop
  endfacet
  facet normal -0.8032075314806457 -0.595699304492432 0
    outer loop
      vertex -12.47204418453818 34.066446504705965 0
      vertex -11.595156800441055 32.88410073754531 0
      vertex -11.595156800441055 32.88410073754531 12
    endloop
  endfacet
  facet normal -0.9700312531945442 -0.24298017990326345 0
    outer loop
      vertex -14.71177920604846 39.47364516975807 0
      vertex -14.354105035983137 38.04572984118306 0
      vertex -14.354105035983137 38.04572984118306 12
    endloop
  endfacet
  facet normal -0.9415440651830208 -0.33688985339222 0
    outer loop
      vertex -14.354105035983137 38.04572984118306 0
      vertex -13.858192987669305 36.65974851452365 0
      vertex -13.858192987669305 36.65974851452365 12
    endloop
  endfacet
  facet normal -0.9891765099647809 -0.14673047445536186 0
    outer loop
      vertex -14.927770900082956 40.929742895056584 0
      vertex -14.71177920604846 39.47364516975807 0
      vertex -14.71177920604846 39.47364516975807 12
    endloop
  endfacet
  facet normal -0.9987954562051724 -0.04906767432741817 0
    outer loop
      vertex -15.000000000000004 42.4 0
      vertex -14.927770900082956 40.929742895056584 0
      vertex -14.927770900082956 40.929742895056584 12
    endloop
  endfacet
  facet normal -0.9987954562051724 0.049067674327417196 0
    outer loop
      vertex -14.927770900082958 43.870257104943406 0
      vertex -15.000000000000004 42.4 0
      vertex -15.000000000000004 42.4 12
    endloop
  endfacet
  facet normal -0.7409511253549579 -0.6715589548470197 0
    outer loop
      vertex -11.595156800441055 32.88410073754531 0
      vertex -10.606601717798215 31.793398282201785 0
      vertex -10.606601717798215 31.793398282201785 12
    endloop
  endfacet
  facet normal -0.6715589548470192 -0.7409511253549584 0
    outer loop
      vertex -10.606601717798215 31.793398282201785 0
      vertex -9.515899262454685 30.804843199558942 0
      vertex -10.606601717798215 31.793398282201785 12
    endloop
  endfacet
  facet normal -0.5956993044924331 -0.8032075314806452 0
    outer loop
      vertex -9.515899262454685 30.804843199558942 0
      vertex -8.333553495294035 29.927955815461818 0
      vertex -9.515899262454685 30.804843199558942 12
    endloop
  endfacet
  facet normal -0.514102744193221 -0.8577286100002726 0
    outer loop
      vertex -8.333553495294035 29.927955815461818 0
      vertex -7.070951052389967 29.171181034774673 0
      vertex -8.333553495294035 29.927955815461818 12
    endloop
  endfacet
  facet normal 0 0 -1
    outer loop
      vertex -14.71177920604846 45.32635483024192 0
      vertex -12.937401446738564 43.674222824284286 0
      vertex -14.927770900082958 43.870257104943406 0
    endloop
  endfacet
  facet normal 0 0 -1
    outer loop
      vertex -14.927770900082958 43.870257104943406 0
      vertex -12.937401446738564 43.674222824284286 0
      vertex -13.000000000000004 42.4 0
    endloop
  endfacet
  facet normal 0 0 -1
    outer loop
      vertex -14.71177920604846 45.32635483024192 0
      vertex -12.750208645242 44.93617418620966 0
      vertex -12.937401446738564 43.674222824284286 0
    endloop
  endfacet
  facet normal 0 0 -1
    outer loop
      vertex -14.354105035983137 46.75427015881693 0
      vertex -12.750208645242 44.93617418620966 0
      vertex -14.71177920604846 45.32635483024192 0
    endloop
  endfacet
  facet normal 0 0 -1
    outer loop
      vertex -14.354105035983137 46.75427015881693 0
      vertex -12.44022436451872 46.173700804308005 0
      vertex -12.750208645242 44.93617418620966 0
    endloop
  endfacet
  facet normal 0 0 -1
    outer loop
      vertex -13.858192987669305 48.14025148547634 0
      vertex -12.44022436451872 46.173700804308005 0
      vertex -14.354105035983137 46.75427015881693 0
    endloop
  endfacet
  facet normal 0 0 -1
    outer loop
      vertex -13.858192987669305 48.14025148547634 0
      vertex -12.010433922646731 47.374884620746165 0
      vertex -12.44022436451872 46.173700804308005 0
    endloop
  endfacet
  facet normal 0 0 -1
    outer loop
      vertex -13.22881896522533 49.470951052389964 0
      vertex -12.010433922646731 47.374884620746165 0
      vertex -13.858192987669305 48.14025148547634 0
    endloop
  endfacet
  facet normal 0 0 -1
    outer loop
      vertex -13.22881896522533 49.470951052389964 0
      vertex -11.46497643652862 48.52815757873797 0
      vertex -12.010433922646731 47.374884620746165 0
    endloop
  endfacet
  facet normal 0 0 -1
    outer loop
      vertex -12.472044184538186 50.733553495294025 0
      vertex -11.46497643652862 48.52815757873797 0
      vertex -13.22881896522533 49.470951052389964 0
    endloop
  endfacet
  facet normal 0 0 -1
    outer loop
      vertex -12.472044184538186 50.733553495294025 0
      vertex -10.809104959933093 49.62241302925482 0
      vertex -11.46497643652862 48.52815757873797 0
    endloop
  endfacet
  facet normal 0 0 -1
    outer loop
      vertex -11.595156800441062 51.91589926245468 0
      vertex -10.809104959933093 49.62241302925482 0
      vertex -12.472044184538186 50.733553495294025 0
    endloop
  endfacet
  facet normal 0 0 -1
    outer loop
      vertex -11.595156800441062 51.91589926245468 0
      vertex -10.049135893715588 50.64711269412739 0
      vertex -10.809104959933093 49.62241302925482 0
    endloop
  endfacet
  facet normal 0 0 -1
    outer loop
      vertex -11.595156800441062 51.91589926245468 0
      vertex -10.606601717798219 53.006601717798205 0
      vertex -10.049135893715588 50.64711269412739 0
    endloop
  endfacet
  facet normal 0 0 -1
    outer loop
      vertex -10.606601717798219 53.006601717798205 0
      vertex -9.192388155425125 51.59238815542511 0
      vertex -10.049135893715588 50.64711269412739 0
    endloop
  endfacet
  facet normal 0 0 -1
    outer loop
      vertex -9.515899262454688 53.99515680044105 0
      vertex -9.192388155425125 51.59238815542511 0
      vertex -10.606601717798219 53.006601717798205 0
    endloop
  endfacet
  facet normal 0 0 -1
    outer loop
      vertex -9.515899262454688 53.99515680044105 0
      vertex -8.247112694127397 52.44913589371558 0
      vertex -9.192388155425125 51.59238815542511 0
    endloop
  endfacet
  facet normal 0 0 -1
    outer loop
      vertex -9.515899262454688 53.99515680044105 0
      vertex -8.333553495294039 54.872044184538176 0
      vertex -8.247112694127397 52.44913589371558 0
    endloop
  endfacet
  facet normal 0 0 -1
    outer loop
      vertex -8.333553495294039 54.872044184538176 0
      vertex -7.222413029254834 53.209104959933086 0
      vertex -8.247112694127397 52.44913589371558 0
    endloop
  endfacet
  facet normal 0 0 -1
    outer loop
      vertex -8.333553495294039 54.872044184538176 0
      vertex -7.070951052389973 55.62881896522532 0
      vertex -7.222413029254834 53.209104959933086 0
    endloop
  endfacet
  facet normal -0.9891765099647807 0.14673047445536302 0
    outer loop
      vertex -14.71177920604846 45.32635483024192 0
      vertex -14.927770900082958 43.870257104943406 0
      vertex -14.927770900082958 43.870257104943406 12
    endloop
  endfacet
  facet normal -0.9700312531945442 0.24298017990326345 0
    outer loop
      vertex -14.354105035983137 46.75427015881693 0
      vertex -14.71177920604846 45.32635483024192 0
      vertex -14.71177920604846 45.32635483024192 12
    endloop
  endfacet
  facet normal -0.9415440651830208 0.33688985339222 0
    outer loop
      vertex -13.858192987669305 48.14025148547634 0
      vertex -14.354105035983137 46.75427015881693 0
      vertex -14.354105035983137 46.75427015881693 12
    endloop
  endfacet
  facet normal -0.9039892931234439 0.42755509343028086 0
    outer loop
      vertex -13.22881896522533 49.470951052389964 0
      vertex -13.858192987669305 48.14025148547634 0
      vertex -13.858192987669305 48.14025148547634 12
    endloop
  endfacet
  facet normal -0.8577286100002719 0.5141027441932223 0
    outer loop
      vertex -12.472044184538186 50.733553495294025 0
      vertex -13.22881896522533 49.470951052389964 0
      vertex -13.22881896522533 49.470951052389964 12
    endloop
  endfacet
  facet normal -0.8032075314806463 0.5956993044924314 0
    outer loop
      vertex -11.595156800441062 51.91589926245468 0
      vertex -12.472044184538186 50.733553495294025 0
      vertex -12.472044184538186 50.733553495294025 12
    endloop
  endfacet
  facet normal -0.7409511253549568 0.671558954847021 0
    outer loop
      vertex -11.595156800441062 51.91589926245468 0
      vertex -11.595156800441062 51.91589926245468 12
      vertex -10.606601717798219 53.006601717798205 0
    endloop
  endfacet
  facet normal -0.6715589548470206 0.7409511253549572 0
    outer loop
      vertex -9.515899262454688 53.99515680044105 0
      vertex -10.606601717798219 53.006601717798205 0
      vertex -9.515899262454688 53.99515680044105 12
    endloop
  endfacet
  facet normal -0.5956993044924331 0.8032075314806452 0
    outer loop
      vertex -9.515899262454688 53.99515680044105 0
      vertex -8.333553495294039 54.872044184538176 12
      vertex -8.333553495294039 54.872044184538176 0
    endloop
  endfacet
  facet normal 0 0 -1
    outer loop
      vertex -8.333553495294035 29.927955815461818 0
      vertex -6.128157578737972 30.935023563471383 0
      vertex -7.070951052389967 29.171181034774673 0
    endloop
  endfacet
  facet normal 0 0 -1
    outer loop
      vertex -8.333553495294035 29.927955815461818 0
      vertex -7.222413029254832 31.59089504006691 0
      vertex -6.128157578737972 30.935023563471383 0
    endloop
  endfacet
  facet normal 0 0 -1
    outer loop
      vertex -4.974884620746169 30.389566077353273 0
      vertex -5.74025148547635 28.541807012330697 0
      vertex -7.070951052389967 29.171181034774673 0
    endloop
  endfacet
  facet normal 0 0 -1
    outer loop
      vertex -6.128157578737972 30.935023563471383 0
      vertex -4.974884620746169 30.389566077353273 0
      vertex -7.070951052389967 29.171181034774673 0
    endloop
  endfacet
  facet normal 0 0 -1
    outer loop
      vertex -4.974884620746169 30.389566077353273 0
      vertex -3.7737008043080134 29.959775635481286 0
      vertex -5.74025148547635 28.541807012330697 0
    endloop
  endfacet
  facet normal 0 0 -1
    outer loop
      vertex -3.7737008043080134 29.959775635481286 0
      vertex -4.354270158816938 28.045894964016867 0
      vertex -5.74025148547635 28.541807012330697 0
    endloop
  endfacet
  facet normal 0 0 -1
    outer loop
      vertex -3.7737008043080134 29.959775635481286 0
      vertex -2.53617418620967 29.649791354758 0
      vertex -4.354270158816938 28.045894964016867 0
    endloop
  endfacet
  facet normal 0 0 -1
    outer loop
      vertex -2.53617418620967 29.649791354758 0
      vertex -2.5 29.399999998509884 0
      vertex -2.926354830241926 27.688220793951544 0
    endloop
  endfacet
  facet normal 0 0 -1
    outer loop
      vertex -2.53617418620967 29.649791354758 0
      vertex -1.2742228242842903 29.462598553261437 0
      vertex -2.5 29.399999998509884 0
    endloop
  endfacet
  facet normal 0 0 -1
    outer loop
      vertex -1.2742228242842903 29.462598553261437 0
      vertex -2.6645352591003757e-15 29.4 0
      vertex -2.5 29.399999998509884 0
    endloop
  endfacet
  facet normal -0.42755509343028225 -0.9039892931234432 0
    outer loop
      vertex -7.070951052389967 29.171181034774673 0
      vertex -5.74025148547635 28.541807012330697 0
      vertex -7.070951052389967 29.171181034774673 12
    endloop
  endfacet
  facet normal 0 0 -1
    outer loop
      vertex -7.070951052389973 55.62881896522532 0
      vertex -6.128157578737977 53.864976436528615 0
      vertex -7.222413029254834 53.209104959933086 0
    endloop
  endfacet
  facet normal 0 0 -1
    outer loop
      vertex -7.070951052389973 55.62881896522532 0
      vertex -5.740251485476355 56.258192987669304 0
      vertex -6.128157578737977 53.864976436528615 0
    endloop
  endfacet
  facet normal 0 0 -1
    outer loop
      vertex -5.740251485476355 56.258192987669304 0
      vertex -4.974884620746175 54.410433922646725 0
      vertex -6.128157578737977 53.864976436528615 0
    endloop
  endfacet
  facet normal 0 0 -1
    outer loop
      vertex -5.740251485476355 56.258192987669304 0
      vertex -4.354270158816942 56.75410503598313 0
      vertex -4.974884620746175 54.410433922646725 0
    endloop
  endfacet
  facet normal 0 0 -1
    outer loop
      vertex -4.354270158816942 56.75410503598313 0
      vertex -3.7737008043080174 54.84022436451871 0
      vertex -4.974884620746175 54.410433922646725 0
    endloop
  endfacet
  facet normal 0 0 -1
    outer loop
      vertex -4.354270158816942 56.75410503598313 0
      vertex -2.9263548302419355 57.11177920604845 0
      vertex -3.7737008043080174 54.84022436451871 0
    endloop
  endfacet
  facet normal 0 0 -1
    outer loop
      vertex -3.7737008043080174 54.84022436451871 0
      vertex -2.9263548302419355 57.11177920604845 0
      vertex -2.5361741862096783 55.150208645241996 0
    endloop
  endfacet
  facet normal 0 0 -1
    outer loop
      vertex -2.9263548302419355 57.11177920604845 0
      vertex -1.4702571049434183 57.32777090008295 0
      vertex -2.5361741862096783 55.150208645241996 0
    endloop
  endfacet
  facet normal 0 0 -1
    outer loop
      vertex -1.4702571049434183 57.32777090008295 0
      vertex -1.2742228242842966 55.33740144673855 0
      vertex -2.5361741862096783 55.150208645241996 0
    endloop
  endfacet
  facet normal 0 0 -1
    outer loop
      vertex -1.4702571049434183 57.32777090008295 0
      vertex -6.0935462967129646e-15 57.4 0
      vertex -1.2742228242842966 55.33740144673855 0
    endloop
  endfacet
  facet normal 0 0 -1
    outer loop
      vertex -1.2742228242842966 55.33740144673855 0
      vertex -6.0935462967129646e-15 57.4 0
      vertex -5.848616936883494e-15 55.4 0
    endloop
  endfacet
  facet normal -0.5141027441932218 0.8577286100002719 0
    outer loop
      vertex -8.333553495294039 54.872044184538176 0
      vertex -7.070951052389973 55.62881896522532 12
      vertex -7.070951052389973 55.62881896522532 0
    endloop
  endfacet
  facet normal -0.42755509343028597 0.9039892931234415 0
    outer loop
      vertex -7.070951052389973 55.62881896522532 0
      vertex -5.740251485476355 56.258192987669304 12
      vertex -5.740251485476355 56.258192987669304 0
    endloop
  endfacet
  facet normal -0.33688985339221655 0.9415440651830219 0
    outer loop
      vertex -5.740251485476355 56.258192987669304 0
      vertex -4.354270158816942 56.75410503598313 12
      vertex -4.354270158816942 56.75410503598313 0
    endloop
  endfacet
  facet normal -0.24298017990326415 0.970031253194544 0
    outer loop
      vertex -4.354270158816942 56.75410503598313 0
      vertex -2.9263548302419355 57.11177920604845 12
      vertex -2.9263548302419355 57.11177920604845 0
    endloop
  endfacet
  facet normal -0.14673047445536377 0.9891765099647808 0
    outer loop
      vertex -2.9263548302419355 57.11177920604845 0
      vertex -1.4702571049434183 57.32777090008295 12
      vertex -1.4702571049434183 57.32777090008295 0
    endloop
  endfacet
  facet normal -0.04906767432741702 0.9987954562051724 0
    outer loop
      vertex -1.4702571049434183 57.32777090008295 0
      vertex -6.0935462967129646e-15 57.4 12
      vertex -6.0935462967129646e-15 57.4 0
    endloop
  endfacet
  facet normal -0.857728610000272 -0.5141027441932219 0
    outer loop
      vertex -13.228818965225328 35.32904894761003 0
      vertex -12.47204418453818 34.066446504705965 12
      vertex -13.228818965225328 35.32904894761003 12
    endloop
  endfacet
  facet normal -0.8032075314806457 -0.595699304492432 0
    outer loop
      vertex -12.47204418453818 34.066446504705965 0
      vertex -11.595156800441055 32.88410073754531 12
      vertex -12.47204418453818 34.066446504705965 12
    endloop
  endfacet
  facet normal -0.7409511253549579 -0.6715589548470197 0
    outer loop
      vertex -11.595156800441055 32.88410073754531 0
      vertex -10.606601717798215 31.793398282201785 12
      vertex -11.595156800441055 32.88410073754531 12
    endloop
  endfacet
  facet normal -0.9415440651830208 -0.33688985339222 0
    outer loop
      vertex -14.354105035983137 38.04572984118306 0
      vertex -13.858192987669305 36.65974851452365 12
      vertex -14.354105035983137 38.04572984118306 12
    endloop
  endfacet
  facet normal -0.9700312531945442 -0.24298017990326345 0
    outer loop
      vertex -14.71177920604846 39.47364516975807 0
      vertex -14.354105035983137 38.04572984118306 12
      vertex -14.71177920604846 39.47364516975807 12
    endloop
  endfacet
  facet normal -0.9039892931234426 -0.42755509343028375 0
    outer loop
      vertex -13.858192987669305 36.65974851452365 0
      vertex -13.228818965225328 35.32904894761003 12
      vertex -13.858192987669305 36.65974851452365 12
    endloop
  endfacet
  facet normal -0.9891765099647809 -0.14673047445536186 0
    outer loop
      vertex -14.927770900082956 40.929742895056584 0
      vertex -14.71177920604846 39.47364516975807 12
      vertex -14.927770900082956 40.929742895056584 12
    endloop
  endfacet
  facet normal -0.9987954562051724 -0.04906767432741817 0
    outer loop
      vertex -15.000000000000004 42.4 0
      vertex -14.927770900082956 40.929742895056584 12
      vertex -15.000000000000004 42.4 12
    endloop
  endfacet
  facet normal -0.6715589548470192 -0.7409511253549584 0
    outer loop
      vertex -9.515899262454685 30.804843199558942 0
      vertex -9.515899262454685 30.804843199558942 12
      vertex -10.606601717798215 31.793398282201785 12
    endloop
  endfacet
  facet normal -0.5956993044924331 -0.8032075314806452 0
    outer loop
      vertex -8.333553495294035 29.927955815461818 0
      vertex -8.333553495294035 29.927955815461818 12
      vertex -9.515899262454685 30.804843199558942 12
    endloop
  endfacet
  facet normal 0 0 1
    outer loop
      vertex -13.228818965225328 35.32904894761003 12
      vertex -12.47204418453818 34.066446504705965 12
      vertex -11.464976436528618 36.27184242126202 12
    endloop
  endfacet
  facet normal 0 0 1
    outer loop
      vertex -10.80910495993309 35.17758697074517 12
      vertex -12.47204418453818 34.066446504705965 12
      vertex -11.595156800441055 32.88410073754531 12
    endloop
  endfacet
  facet normal 0 0 1
    outer loop
      vertex -11.464976436528618 36.27184242126202 12
      vertex -12.47204418453818 34.066446504705965 12
      vertex -10.80910495993309 35.17758697074517 12
    endloop
  endfacet
  facet normal 0 0 1
    outer loop
      vertex -14.71177920604846 39.47364516975807 12
      vertex -14.354105035983137 38.04572984118306 12
      vertex -12.750208645242 39.86382581379033 12
    endloop
  endfacet
  facet normal 0 0 1
    outer loop
      vertex -14.354105035983137 38.04572984118306 12
      vertex -13.858192987669305 36.65974851452365 12
      vertex -12.44022436451872 38.626299195691985 12
    endloop
  endfacet
  facet normal 0 0 1
    outer loop
      vertex -12.750208645242 39.86382581379033 12
      vertex -14.354105035983137 38.04572984118306 12
      vertex -12.44022436451872 38.626299195691985 12
    endloop
  endfacet
  facet normal 0 0 1
    outer loop
      vertex -14.927770900082956 40.929742895056584 12
      vertex -14.71177920604846 39.47364516975807 12
      vertex -12.937401446738562 41.125777175715704 12
    endloop
  endfacet
  facet normal 0 0 1
    outer loop
      vertex -15.000000000000004 42.4 12
      vertex -14.927770900082956 40.929742895056584 12
      vertex -13.000000000000004 42.4 12
    endloop
  endfacet
  facet normal 0 0 1
    outer loop
      vertex -12.937401446738562 41.125777175715704 12
      vertex -14.71177920604846 39.47364516975807 12
      vertex -12.750208645242 39.86382581379033 12
    endloop
  endfacet
  facet normal 0 0 1
    outer loop
      vertex -14.927770900082956 40.929742895056584 12
      vertex -12.937401446738562 41.125777175715704 12
      vertex -13.000000000000004 42.4 12
    endloop
  endfacet
  facet normal 0 0 1
    outer loop
      vertex -12.937401446738564 43.674222824284286 12
      vertex -15.000000000000004 42.4 12
      vertex -13.000000000000004 42.4 12
    endloop
  endfacet
  facet normal 0 0 1
    outer loop
      vertex -12.010433922646731 37.42511537925383 12
      vertex -13.858192987669305 36.65974851452365 12
      vertex -13.228818965225328 35.32904894761003 12
    endloop
  endfacet
  facet normal 0 0 1
    outer loop
      vertex -12.44022436451872 38.626299195691985 12
      vertex -13.858192987669305 36.65974851452365 12
      vertex -12.010433922646731 37.42511537925383 12
    endloop
  endfacet
  facet normal 0 0 1
    outer loop
      vertex -12.010433922646731 37.42511537925383 12
      vertex -13.228818965225328 35.32904894761003 12
      vertex -11.464976436528618 36.27184242126202 12
    endloop
  endfacet
  facet normal 0 0 1
    outer loop
      vertex -9.192388155425121 33.20761184457488 12
      vertex -10.606601717798215 31.793398282201785 12
      vertex -9.515899262454685 30.804843199558942 12
    endloop
  endfacet
  facet normal 0 0 1
    outer loop
      vertex -10.80910495993309 35.17758697074517 12
      vertex -11.595156800441055 32.88410073754531 12
      vertex -10.049135893715581 34.1528873058726 12
    endloop
  endfacet
  facet normal 0 0 1
    outer loop
      vertex -11.595156800441055 32.88410073754531 12
      vertex -10.606601717798215 31.793398282201785 12
      vertex -10.049135893715581 34.1528873058726 12
    endloop
  endfacet
  facet normal 0 0 1
    outer loop
      vertex -10.049135893715581 34.1528873058726 12
      vertex -10.606601717798215 31.793398282201785 12
      vertex -9.192388155425121 33.20761184457488 12
    endloop
  endfacet
  facet normal 0 0 1
    outer loop
      vertex -9.192388155425121 33.20761184457488 12
      vertex -9.515899262454685 30.804843199558942 12
      vertex -8.247112694127393 32.35086410628442 12
    endloop
  endfacet
  facet normal 0 0 1
    outer loop
      vertex -8.247112694127393 32.35086410628442 12
      vertex -9.515899262454685 30.804843199558942 12
      vertex -8.333553495294035 29.927955815461818 12
    endloop
  endfacet
  facet normal 0 0 1
    outer loop
      vertex -8.333553495294035 29.927955815461818 12
      vertex -7.070951052389967 29.171181034774673 12
      vertex -7.222413029254832 31.59089504006691 12
    endloop
  endfacet
  facet normal 0 0 1
    outer loop
      vertex -8.247112694127393 32.35086410628442 12
      vertex -8.333553495294035 29.927955815461818 12
      vertex -7.222413029254832 31.59089504006691 12
    endloop
  endfacet
  facet normal -0.9987954562051724 0.049067674327417196 0
    outer loop
      vertex -14.927770900082958 43.870257104943406 0
      vertex -15.000000000000004 42.4 12
      vertex -14.927770900082958 43.870257104943406 12
    endloop
  endfacet
  facet normal -0.9891765099647807 0.14673047445536302 0
    outer loop
      vertex -14.71177920604846 45.32635483024192 0
      vertex -14.927770900082958 43.870257104943406 12
      vertex -14.71177920604846 45.32635483024192 12
    endloop
  endfacet
  facet normal -0.9700312531945442 0.24298017990326345 0
    outer loop
      vertex -14.354105035983137 46.75427015881693 0
      vertex -14.71177920604846 45.32635483024192 12
      vertex -14.354105035983137 46.75427015881693 12
    endloop
  endfacet
  facet normal -0.9415440651830208 0.33688985339222 0
    outer loop
      vertex -13.858192987669305 48.14025148547634 0
      vertex -14.354105035983137 46.75427015881693 12
      vertex -13.858192987669305 48.14025148547634 12
    endloop
  endfacet
  facet normal -0.9039892931234439 0.42755509343028086 0
    outer loop
      vertex -13.22881896522533 49.470951052389964 0
      vertex -13.858192987669305 48.14025148547634 12
      vertex -13.22881896522533 49.470951052389964 12
    endloop
  endfacet
  facet normal -0.8577286100002719 0.5141027441932223 0
    outer loop
      vertex -12.472044184538186 50.733553495294025 0
      vertex -13.22881896522533 49.470951052389964 12
      vertex -12.472044184538186 50.733553495294025 12
    endloop
  endfacet
  facet normal -0.8032075314806463 0.5956993044924314 0
    outer loop
      vertex -11.595156800441062 51.91589926245468 0
      vertex -12.472044184538186 50.733553495294025 12
      vertex -11.595156800441062 51.91589926245468 12
    endloop
  endfacet
  facet normal -0.7409511253549568 0.671558954847021 0
    outer loop
      vertex -10.606601717798219 53.006601717798205 0
      vertex -11.595156800441062 51.91589926245468 12
      vertex -10.606601717798219 53.006601717798205 12
    endloop
  endfacet
  facet normal -0.6715589548470206 0.7409511253549572 0
    outer loop
      vertex -10.606601717798219 53.006601717798205 0
      vertex -10.606601717798219 53.006601717798205 12
      vertex -9.515899262454688 53.99515680044105 12
    endloop
  endfacet
  facet normal -0.5956993044924331 0.8032075314806452 0
    outer loop
      vertex -9.515899262454688 53.99515680044105 0
      vertex -9.515899262454688 53.99515680044105 12
      vertex -8.333553495294039 54.872044184538176 12
    endloop
  endfacet
  facet normal -0.5141027441932218 0.8577286100002719 0
    outer loop
      vertex -8.333553495294039 54.872044184538176 0
      vertex -8.333553495294039 54.872044184538176 12
      vertex -7.070951052389973 55.62881896522532 12
    endloop
  endfacet
  facet normal 0 0 1
    outer loop
      vertex -14.927770900082958 43.870257104943406 12
      vertex -15.000000000000004 42.4 12
      vertex -12.937401446738564 43.674222824284286 12
    endloop
  endfacet
  facet normal 0 0 1
    outer loop
      vertex -14.71177920604846 45.32635483024192 12
      vertex -14.927770900082958 43.870257104943406 12
      vertex -12.750208645242 44.93617418620966 12
    endloop
  endfacet
  facet normal 0 0 1
    outer loop
      vertex -12.750208645242 44.93617418620966 12
      vertex -14.927770900082958 43.870257104943406 12
      vertex -12.937401446738564 43.674222824284286 12
    endloop
  endfacet
  facet normal 0 0 1
    outer loop
      vertex -14.354105035983137 46.75427015881693 12
      vertex -14.71177920604846 45.32635483024192 12
      vertex -12.44022436451872 46.173700804308005 12
    endloop
  endfacet
  facet normal 0 0 1
    outer loop
      vertex -12.44022436451872 46.173700804308005 12
      vertex -14.71177920604846 45.32635483024192 12
      vertex -12.750208645242 44.93617418620966 12
    endloop
  endfacet
  facet normal 0 0 1
    outer loop
      vertex -13.858192987669305 48.14025148547634 12
      vertex -14.354105035983137 46.75427015881693 12
      vertex -12.010433922646731 47.374884620746165 12
    endloop
  endfacet
  facet normal 0 0 1
    outer loop
      vertex -14.354105035983137 46.75427015881693 12
      vertex -12.44022436451872 46.173700804308005 12
      vertex -12.010433922646731 47.374884620746165 12
    endloop
  endfacet
  facet normal 0 0 1
    outer loop
      vertex -13.858192987669305 48.14025148547634 12
      vertex -12.010433922646731 47.374884620746165 12
      vertex -11.46497643652862 48.52815757873797 12
    endloop
  endfacet
  facet normal 0 0 1
    outer loop
      vertex -13.22881896522533 49.470951052389964 12
      vertex -13.858192987669305 48.14025148547634 12
      vertex -11.46497643652862 48.52815757873797 12
    endloop
  endfacet
  facet normal 0 0 1
    outer loop
      vertex -13.22881896522533 49.470951052389964 12
      vertex -11.46497643652862 48.52815757873797 12
      vertex -10.809104959933093 49.62241302925482 12
    endloop
  endfacet
  facet normal 0 0 1
    outer loop
      vertex -12.472044184538186 50.733553495294025 12
      vertex -13.22881896522533 49.470951052389964 12
      vertex -10.809104959933093 49.62241302925482 12
    endloop
  endfacet
  facet normal 0 0 1
    outer loop
      vertex -11.595156800441062 51.91589926245468 12
      vertex -12.472044184538186 50.733553495294025 12
      vertex -10.049135893715588 50.64711269412739 12
    endloop
  endfacet
  facet normal 0 0 1
    outer loop
      vertex -12.472044184538186 50.733553495294025 12
      vertex -10.809104959933093 49.62241302925482 12
      vertex -10.049135893715588 50.64711269412739 12
    endloop
  endfacet
  facet normal 0 0 1
    outer loop
      vertex -11.595156800441062 51.91589926245468 12
      vertex -9.192388155425125 51.59238815542511 12
      vertex -10.606601717798219 53.006601717798205 12
    endloop
  endfacet
  facet normal 0 0 1
    outer loop
      vertex -11.595156800441062 51.91589926245468 12
      vertex -10.049135893715588 50.64711269412739 12
      vertex -9.192388155425125 51.59238815542511 12
    endloop
  endfacet
  facet normal 0 0 1
    outer loop
      vertex -9.515899262454688 53.99515680044105 12
      vertex -10.606601717798219 53.006601717798205 12
      vertex -8.247112694127397 52.44913589371558 12
    endloop
  endfacet
  facet normal 0 0 1
    outer loop
      vertex -10.606601717798219 53.006601717798205 12
      vertex -9.192388155425125 51.59238815542511 12
      vertex -8.247112694127397 52.44913589371558 12
    endloop
  endfacet
  facet normal 0 0 1
    outer loop
      vertex -9.515899262454688 53.99515680044105 12
      vertex -8.247112694127397 52.44913589371558 12
      vertex -7.222413029254834 53.209104959933086 12
    endloop
  endfacet
  facet normal 0 0 1
    outer loop
      vertex -9.515899262454688 53.99515680044105 12
      vertex -7.222413029254834 53.209104959933086 12
      vertex -8.333553495294039 54.872044184538176 12
    endloop
  endfacet
  facet normal -0.514102744193221 -0.8577286100002726 0
    outer loop
      vertex -7.070951052389967 29.171181034774673 0
      vertex -7.070951052389967 29.171181034774673 12
      vertex -8.333553495294035 29.927955815461818 12
    endloop
  endfacet
  facet normal -0.42755509343028225 -0.9039892931234432 0
    outer loop
      vertex -5.74025148547635 28.541807012330697 0
      vertex -5.74025148547635 28.541807012330697 12
      vertex -7.070951052389967 29.171181034774673 12
    endloop
  endfacet
  facet normal 0 0 1
    outer loop
      vertex -7.222413029254832 31.59089504006691 12
      vertex -7.070951052389967 29.171181034774673 12
      vertex -6.128157578737972 30.935023563471383 12
    endloop
  endfacet
  facet normal 0 0 1
    outer loop
      vertex -6.128157578737972 30.935023563471383 12
      vertex -7.070951052389967 29.171181034774673 12
      vertex -5.74025148547635 28.541807012330697 12
    endloop
  endfacet
  facet normal 0 0 1
    outer loop
      vertex -6.128157578737972 30.935023563471383 12
      vertex -5.74025148547635 28.541807012330697 12
      vertex -4.974884620746169 30.389566077353273 12
    endloop
  endfacet
  facet normal 0 0 1
    outer loop
      vertex -4.974884620746169 30.389566077353273 12
      vertex -5.74025148547635 28.541807012330697 12
      vertex -4.354270158816938 28.045894964016867 12
    endloop
  endfacet
  facet normal 0 0 1
    outer loop
      vertex -4.974884620746169 30.389566077353273 12
      vertex -4.354270158816938 28.045894964016867 12
      vertex -3.773700804308014 29.959775635481286 12
    endloop
  endfacet
  facet normal 0 0 1
    outer loop
      vertex -3.773700804308014 29.959775635481286 12
      vertex -2.926354830241926 27.688220793951544 12
      vertex -2.53617418620967 29.649791354758 12
    endloop
  endfacet
  facet normal 0 0 1
    outer loop
      vertex -2.53617418620967 29.649791354758 12
      vertex -2.926354830241926 27.688220793951544 12
      vertex -2.5 29.399999998509884 12
    endloop
  endfacet
  facet normal 0 0 1
    outer loop
      vertex -2.53617418620967 29.649791354758 12
      vertex -2.5 29.399999998509884 12
      vertex -1.2742228242842906 29.462598553261437 12
    endloop
  endfacet
  facet normal 0 0 1
    outer loop
      vertex -1.2742228242842906 29.462598553261437 12
      vertex -2.5 29.399999998509884 12
      vertex -2.6645352591003757e-15 29.4 12
    endloop
  endfacet
  facet normal -0.42755509343028597 0.9039892931234415 0
    outer loop
      vertex -7.070951052389973 55.62881896522532 0
      vertex -7.070951052389973 55.62881896522532 12
      vertex -5.740251485476355 56.258192987669304 12
    endloop
  endfacet
  facet normal -0.33688985339221655 0.9415440651830219 0
    outer loop
      vertex -5.740251485476355 56.258192987669304 0
      vertex -5.740251485476355 56.258192987669304 12
      vertex -4.354270158816942 56.75410503598313 12
    endloop
  endfacet
  facet normal -0.24298017990326415 0.970031253194544 0
    outer loop
      vertex -4.354270158816942 56.75410503598313 0
      vertex -4.354270158816942 56.75410503598313 12
      vertex -2.9263548302419355 57.11177920604845 12
    endloop
  endfacet
  facet normal -0.14673047445536377 0.9891765099647808 0
    outer loop
      vertex -2.9263548302419355 57.11177920604845 0
      vertex -2.9263548302419355 57.11177920604845 12
      vertex -1.4702571049434183 57.32777090008295 12
    endloop
  endfacet
  facet normal -0.04906767432741702 0.9987954562051724 0
    outer loop
      vertex -1.4702571049434183 57.32777090008295 0
      vertex -1.4702571049434183 57.32777090008295 12
      vertex -6.0935462967129646e-15 57.4 12
    endloop
  endfacet
  facet normal 0 0 1
    outer loop
      vertex -8.333553495294039 54.872044184538176 12
      vertex -7.222413029254834 53.209104959933086 12
      vertex -6.128157578737977 53.864976436528615 12
    endloop
  endfacet
  facet normal 0 0 1
    outer loop
      vertex -8.333553495294039 54.872044184538176 12
      vertex -6.128157578737977 53.864976436528615 12
      vertex -7.070951052389973 55.62881896522532 12
    endloop
  endfacet
  facet normal 0 0 1
    outer loop
      vertex -7.070951052389973 55.62881896522532 12
      vertex -6.128157578737977 53.864976436528615 12
      vertex -4.974884620746175 54.410433922646725 12
    endloop
  endfacet
  facet normal 0 0 1
    outer loop
      vertex -7.070951052389973 55.62881896522532 12
      vertex -4.974884620746175 54.410433922646725 12
      vertex -5.740251485476355 56.258192987669304 12
    endloop
  endfacet
  facet normal 0 0 1
    outer loop
      vertex -5.740251485476355 56.258192987669304 12
      vertex -4.974884620746175 54.410433922646725 12
      vertex -3.773700804308017 54.84022436451871 12
    endloop
  endfacet
  facet normal 0 0 1
    outer loop
      vertex -5.740251485476355 56.258192987669304 12
      vertex -3.773700804308017 54.84022436451871 12
      vertex -4.354270158816942 56.75410503598313 12
    endloop
  endfacet
  facet normal 0 0 1
    outer loop
      vertex -4.354270158816942 56.75410503598313 12
      vertex -3.773700804308017 54.84022436451871 12
      vertex -2.5361741862096783 55.150208645241996 12
    endloop
  endfacet
  facet normal 0 0 1
    outer loop
      vertex -4.354270158816942 56.75410503598313 12
      vertex -2.5361741862096783 55.150208645241996 12
      vertex -2.9263548302419355 57.11177920604845 12
    endloop
  endfacet
  facet normal 0 0 1
    outer loop
      vertex -2.9263548302419355 57.11177920604845 12
      vertex -2.5361741862096783 55.150208645241996 12
      vertex -1.2742228242842963 55.33740144673855 12
    endloop
  endfacet
  facet normal 0 0 1
    outer loop
      vertex -2.9263548302419355 57.11177920604845 12
      vertex -1.2742228242842963 55.33740144673855 12
      vertex -1.4702571049434183 57.32777090008295 12
    endloop
  endfacet
  facet normal 0 0 1
    outer loop
      vertex -1.4702571049434183 57.32777090008295 12
      vertex -1.2742228242842963 55.33740144673855 12
      vertex -5.848616936883494e-15 55.4 12
    endloop
  endfacet
  facet normal 0 0 1
    outer loop
      vertex -1.4702571049434183 57.32777090008295 12
      vertex -5.848616936883494e-15 55.4 12
      vertex -6.0935462967129646e-15 57.4 12
    endloop
  endfacet
  facet normal 0 0 -1
    outer loop
      vertex 2.926354830241928 27.688220793951544 0
      vertex 2.5 27.624977029165862 0
      vertex 2.5 29.399999998509884 0
    endloop
  endfacet
  facet normal 0 0 -1
    outer loop
      vertex 2.926354830241928 27.688220793951544 0
      vertex 3.77370080430801 29.959775635481286 0
      vertex 4.354270158816935 28.045894964016867 0
    endloop
  endfacet
  facet normal 0.14673047445536394 -0.9891765099647807 0
    outer loop
      vertex 2.926354830241928 27.688220793951544 0
      vertex 2.5 27.624977029165862 12
      vertex 2.5 27.624977029165862 0
    endloop
  endfacet
  facet normal 0.2429801799032641 -0.970031253194544 0
    outer loop
      vertex 2.926354830241928 27.688220793951544 0
      vertex 4.354270158816935 28.045894964016867 0
      vertex 2.926354830241928 27.688220793951544 12
    endloop
  endfacet
  facet normal 0.3368898533922197 -0.9415440651830208 0
    outer loop
      vertex 4.354270158816935 28.045894964016867 0
      vertex 5.740251485476353 28.5418070123307 0
      vertex 4.354270158816935 28.045894964016867 12
    endloop
  endfacet
  facet normal 0.14673047445536394 -0.9891765099647807 0
    outer loop
      vertex 2.926354830241928 27.688220793951544 0
      vertex 2.926354830241928 27.688220793951544 12
      vertex 2.5 27.624977029165862 12
    endloop
  endfacet
  facet normal 0.2429801799032641 -0.970031253194544 0
    outer loop
      vertex 4.354270158816935 28.045894964016867 0
      vertex 4.354270158816935 28.045894964016867 12
      vertex 2.926354830241928 27.688220793951544 12
    endloop
  endfacet
  facet normal 0.3368898533922197 -0.9415440651830208 0
    outer loop
      vertex 5.740251485476353 28.5418070123307 0
      vertex 5.740251485476353 28.5418070123307 12
      vertex 4.354270158816935 28.045894964016867 12
    endloop
  endfacet
  facet normal 0 0 1
    outer loop
      vertex 2.926354830241928 27.688220793951544 12
      vertex 2.5 29.399999998509884 12
      vertex 2.5 27.624977029165862 12
    endloop
  endfacet
  facet normal 0 0 1
    outer loop
      vertex 2.5361741862096707 29.649791354758005 12
      vertex 2.926354830241928 27.688220793951544 12
      vertex 4.354270158816935 28.045894964016867 12
    endloop
  endfacet
  facet normal 0 0 -1
    outer loop
      vertex -2.6645352591003757e-15 29.4 0
      vertex 2.5 29.399999998509884 0
      vertex -2.5 29.399999998509884 0
    endloop
  endfacet
  facet normal 0 0 -1
    outer loop
      vertex -2.6645352591003757e-15 29.4 0
      vertex 1.274222824284284 29.462598553261437 0
      vertex 2.5 29.399999998509884 0
    endloop
  endfacet
  facet normal 0 0 -1
    outer loop
      vertex 1.274222824284284 29.462598553261437 0
      vertex 2.5361741862096707 29.649791354758005 0
      vertex 2.5 29.399999998509884 0
    endloop
  endfacet
  facet normal 0 0 -1
    outer loop
      vertex 2.5361741862096707 29.649791354758005 0
      vertex 2.926354830241928 27.688220793951544 0
      vertex 2.5 29.399999998509884 0
    endloop
  endfacet
  facet normal 0 0 -1
    outer loop
      vertex 2.5361741862096707 29.649791354758005 0
      vertex 3.77370080430801 29.959775635481286 0
      vertex 2.926354830241928 27.688220793951544 0
    endloop
  endfacet
  facet normal 0 0 -1
    outer loop
      vertex 4.974884620746172 30.389566077353273 0
      vertex 4.354270158816935 28.045894964016867 0
      vertex 3.77370080430801 29.959775635481286 0
    endloop
  endfacet
  facet normal 0 0 -1
    outer loop
      vertex 4.974884620746172 30.389566077353273 0
      vertex 5.740251485476353 28.5418070123307 0
      vertex 4.354270158816935 28.045894964016867 0
    endloop
  endfacet
  facet normal 0 0 -1
    outer loop
      vertex 4.974884620746172 30.389566077353273 0
      vertex 6.12815757873797 30.935023563471386 0
      vertex 5.740251485476353 28.5418070123307 0
    endloop
  endfacet
  facet normal 0 0 -1
    outer loop
      vertex 6.12815757873797 30.935023563471386 0
      vertex 7.070951052389966 29.171181034774676 0
      vertex 5.740251485476353 28.5418070123307 0
    endloop
  endfacet
  facet normal 0 0 -1
    outer loop
      vertex 7.222413029254825 31.59089504006691 0
      vertex 7.070951052389966 29.171181034774676 0
      vertex 6.12815757873797 30.935023563471386 0
    endloop
  endfacet
  facet normal 0.4275550934302835 -0.9039892931234428 0
    outer loop
      vertex 5.740251485476353 28.5418070123307 0
      vertex 7.070951052389966 29.171181034774676 0
      vertex 5.740251485476353 28.5418070123307 12
    endloop
  endfacet
  facet normal 0.5141027441932218 -0.8577286100002719 0
    outer loop
      vertex 7.070951052389966 29.171181034774676 0
      vertex 8.333553495294032 29.92795581546182 0
      vertex 7.070951052389966 29.171181034774676 12
    endloop
  endfacet
  facet normal 0 0 -1
    outer loop
      vertex 1.4702571049434028 57.32777090008295 0
      vertex 1.2742228242842817 55.33740144673856 0
      vertex -5.848616936883494e-15 55.4 0
    endloop
  endfacet
  facet normal 0 0 -1
    outer loop
      vertex -6.0935462967129646e-15 57.4 0
      vertex 1.4702571049434028 57.32777090008295 0
      vertex -5.848616936883494e-15 55.4 0
    endloop
  endfacet
  facet normal 0 0 -1
    outer loop
      vertex 2.926354830241919 57.11177920604845 0
      vertex 2.5361741862096623 55.150208645241996 0
      vertex 1.2742228242842817 55.33740144673856 0
    endloop
  endfacet
  facet normal 0 0 -1
    outer loop
      vertex 1.4702571049434028 57.32777090008295 0
      vertex 2.926354830241919 57.11177920604845 0
      vertex 1.2742228242842817 55.33740144673856 0
    endloop
  endfacet
  facet normal 0 0 -1
    outer loop
      vertex 2.5361741862096623 55.150208645241996 0
      vertex 4.3542701588169255 56.75410503598313 0
      vertex 3.773700804308002 54.84022436451872 0
    endloop
  endfacet
  facet normal 0 0 -1
    outer loop
      vertex 2.926354830241919 57.11177920604845 0
      vertex 4.3542701588169255 56.75410503598313 0
      vertex 2.5361741862096623 55.150208645241996 0
    endloop
  endfacet
  facet normal 0 0 -1
    outer loop
      vertex 4.3542701588169255 56.75410503598313 0
      vertex 5.740251485476339 56.258192987669304 0
      vertex 3.773700804308002 54.84022436451872 0
    endloop
  endfacet
  facet normal 0 0 -1
    outer loop
      vertex 5.740251485476339 56.258192987669304 0
      vertex 4.97488462074616 54.41043392264673 0
      vertex 3.773700804308002 54.84022436451872 0
    endloop
  endfacet
  facet normal 0 0 -1
    outer loop
      vertex 7.070951052389958 55.62881896522532 0
      vertex 6.128157578737963 53.864976436528615 0
      vertex 4.97488462074616 54.41043392264673 0
    endloop
  endfacet
  facet normal 0 0 -1
    outer loop
      vertex 5.740251485476339 56.258192987669304 0
      vertex 7.070951052389958 55.62881896522532 0
      vertex 4.97488462074616 54.41043392264673 0
    endloop
  endfacet
  facet normal 0 0 -1
    outer loop
      vertex 6.128157578737963 53.864976436528615 0
      vertex 8.333553495294025 54.87204418453818 0
      vertex 7.22241302925482 53.209104959933086 0
    endloop
  endfacet
  facet normal 0 0 -1
    outer loop
      vertex 7.070951052389958 55.62881896522532 0
      vertex 8.333553495294025 54.87204418453818 0
      vertex 6.128157578737963 53.864976436528615 0
    endloop
  endfacet
  facet normal 0.04906767432741714 0.9987954562051724 0
    outer loop
      vertex -6.0935462967129646e-15 57.4 0
      vertex 1.4702571049434028 57.32777090008295 12
      vertex 1.4702571049434028 57.32777090008295 0
    endloop
  endfacet
  facet normal 0.14673047445536383 0.9891765099647806 0
    outer loop
      vertex 1.4702571049434028 57.32777090008295 0
      vertex 2.926354830241919 57.11177920604845 12
      vertex 2.926354830241919 57.11177920604845 0
    endloop
  endfacet
  facet normal 0.2429801799032642 0.9700312531945439 0
    outer loop
      vertex 2.926354830241919 57.11177920604845 0
      vertex 4.3542701588169255 56.75410503598313 12
      vertex 4.3542701588169255 56.75410503598313 0
    endloop
  endfacet
  facet normal 0.33688985339221644 0.9415440651830222 0
    outer loop
      vertex 4.3542701588169255 56.75410503598313 0
      vertex 5.740251485476339 56.258192987669304 12
      vertex 5.740251485476339 56.258192987669304 0
    endloop
  endfacet
  facet normal 0.4275550934302857 0.9039892931234416 0
    outer loop
      vertex 5.740251485476339 56.258192987669304 0
      vertex 7.070951052389958 55.62881896522532 12
      vertex 7.070951052389958 55.62881896522532 0
    endloop
  endfacet
  facet normal 0 0 -1
    outer loop
      vertex 7.222413029254825 31.59089504006691 0
      vertex 8.333553495294032 29.92795581546182 0
      vertex 7.070951052389966 29.171181034774676 0
    endloop
  endfacet
  facet normal 0 0 -1
    outer loop
      vertex 7.222413029254825 31.59089504006691 0
      vertex 8.247112694127395 32.350864106284426 0
      vertex 8.333553495294032 29.92795581546182 0
    endloop
  endfacet
  facet normal 0 0 -1
    outer loop
      vertex 8.247112694127395 32.350864106284426 0
      vertex 9.515899262454687 30.804843199558952 0
      vertex 8.333553495294032 29.92795581546182 0
    endloop
  endfacet
  facet normal 0 0 -1
    outer loop
      vertex 9.192388155425117 33.207611844574885 0
      vertex 9.515899262454687 30.804843199558952 0
      vertex 8.247112694127395 32.350864106284426 0
    endloop
  endfacet
  facet normal 0 0 -1
    outer loop
      vertex 9.192388155425117 33.207611844574885 0
      vertex 10.606601717798213 31.793398282201792 0
      vertex 9.515899262454687 30.804843199558952 0
    endloop
  endfacet
  facet normal 0 0 -1
    outer loop
      vertex 9.192388155425117 33.207611844574885 0
      vertex 10.049135893715578 34.15288730587261 0
      vertex 10.606601717798213 31.793398282201792 0
    endloop
  endfacet
  facet normal 0 0 -1
    outer loop
      vertex 10.049135893715578 34.15288730587261 0
      vertex 11.595156800441051 32.88410073754532 0
      vertex 10.606601717798213 31.793398282201792 0
    endloop
  endfacet
  facet normal 0 0 -1
    outer loop
      vertex 10.809104959933087 35.177586970745175 0
      vertex 11.595156800441051 32.88410073754532 0
      vertex 10.049135893715578 34.15288730587261 0
    endloop
  endfacet
  facet normal 0 0 -1
    outer loop
      vertex 10.809104959933087 35.177586970745175 0
      vertex 12.47204418453818 34.06644650470597 0
      vertex 11.595156800441051 32.88410073754532 0
    endloop
  endfacet
  facet normal 0 0 -1
    outer loop
      vertex 10.809104959933087 35.177586970745175 0
      vertex 11.464976436528612 36.27184242126203 0
      vertex 12.47204418453818 34.06644650470597 0
    endloop
  endfacet
  facet normal 0 0 -1
    outer loop
      vertex 11.464976436528612 36.27184242126203 0
      vertex 13.228818965225322 35.32904894761003 0
      vertex 12.47204418453818 34.06644650470597 0
    endloop
  endfacet
  facet normal 0 0 -1
    outer loop
      vertex 12.010433922646722 37.42511537925383 0
      vertex 13.228818965225322 35.32904894761003 0
      vertex 11.464976436528612 36.27184242126203 0
    endloop
  endfacet
  facet normal 0 0 -1
    outer loop
      vertex 12.010433922646722 37.42511537925383 0
      vertex 13.858192987669296 36.65974851452365 0
      vertex 13.228818965225322 35.32904894761003 0
    endloop
  endfacet
  facet normal 0 0 -1
    outer loop
      vertex 12.440224364518713 38.62629919569199 0
      vertex 13.858192987669296 36.65974851452365 0
      vertex 12.010433922646722 37.42511537925383 0
    endloop
  endfacet
  facet normal 0 0 -1
    outer loop
      vertex 12.440224364518713 38.62629919569199 0
      vertex 14.35410503598313 38.04572984118307 0
      vertex 13.858192987669296 36.65974851452365 0
    endloop
  endfacet
  facet normal 0 0 -1
    outer loop
      vertex 12.750208645241992 39.863825813790335 0
      vertex 14.35410503598313 38.04572984118307 0
      vertex 12.440224364518713 38.62629919569199 0
    endloop
  endfacet
  facet normal 0 0 -1
    outer loop
      vertex 12.750208645241992 39.863825813790335 0
      vertex 14.711779206048453 39.47364516975808 0
      vertex 14.35410503598313 38.04572984118307 0
    endloop
  endfacet
  facet normal 0 0 -1
    outer loop
      vertex 12.937401446738557 41.12577717571572 0
      vertex 14.711779206048453 39.47364516975808 0
      vertex 12.750208645241992 39.863825813790335 0
    endloop
  endfacet
  facet normal 0 0 -1
    outer loop
      vertex 12.999999999999996 42.4 0
      vertex 14.927770900082951 40.9297428950566 0
      vertex 12.937401446738557 41.12577717571572 0
    endloop
  endfacet
  facet normal 0 0 -1
    outer loop
      vertex 12.937401446738557 43.674222824284286 0
      vertex 14.999999999999996 42.4 0
      vertex 12.999999999999996 42.4 0
    endloop
  endfacet
  facet normal 0 0 -1
    outer loop
      vertex 12.937401446738557 41.12577717571572 0
      vertex 14.927770900082951 40.9297428950566 0
      vertex 14.711779206048453 39.47364516975808 0
    endloop
  endfacet
  facet normal 0 0 -1
    outer loop
      vertex 12.999999999999996 42.4 0
      vertex 14.999999999999996 42.4 0
      vertex 14.927770900082951 40.9297428950566 0
    endloop
  endfacet
  facet normal 0.5956993044924345 -0.803207531480644 0
    outer loop
      vertex 8.333553495294032 29.92795581546182 0
      vertex 9.515899262454687 30.804843199558952 0
      vertex 8.333553495294032 29.92795581546182 12
    endloop
  endfacet
  facet normal 0.6715589548470191 -0.7409511253549586 0
    outer loop
      vertex 10.606601717798213 31.793398282201792 0
      vertex 9.515899262454687 30.804843199558952 12
      vertex 9.515899262454687 30.804843199558952 0
    endloop
  endfacet
  facet normal 0.7409511253549586 -0.671558954847019 0
    outer loop
      vertex 10.606601717798213 31.793398282201792 0
      vertex 11.595156800441051 32.88410073754532 0
      vertex 11.595156800441051 32.88410073754532 12
    endloop
  endfacet
  facet normal 0.8032075314806445 -0.5956993044924337 0
    outer loop
      vertex 12.47204418453818 34.06644650470597 0
      vertex 12.47204418453818 34.06644650470597 12
      vertex 11.595156800441051 32.88410073754532 0
    endloop
  endfacet
  facet normal 0.8577286100002723 -0.5141027441932213 0
    outer loop
      vertex 13.228818965225322 35.32904894761003 0
      vertex 13.228818965225322 35.32904894761003 12
      vertex 12.47204418453818 34.06644650470597 0
    endloop
  endfacet
  facet normal 0.9039892931234434 -0.42755509343028175 0
    outer loop
      vertex 13.858192987669296 36.65974851452365 0
      vertex 13.858192987669296 36.65974851452365 12
      vertex 13.228818965225322 35.32904894761003 0
    endloop
  endfacet
  facet normal 0.9415440651830209 -0.3368898533922195 0
    outer loop
      vertex 14.35410503598313 38.04572984118307 0
      vertex 14.35410503598313 38.04572984118307 12
      vertex 13.858192987669296 36.65974851452365 0
    endloop
  endfacet
  facet normal 0.9700312531945442 -0.24298017990326345 0
    outer loop
      vertex 14.711779206048453 39.47364516975808 0
      vertex 14.711779206048453 39.47364516975808 12
      vertex 14.35410503598313 38.04572984118307 0
    endloop
  endfacet
  facet normal 0.9891765099647808 -0.14673047445536233 0
    outer loop
      vertex 14.927770900082951 40.9297428950566 0
      vertex 14.927770900082951 40.9297428950566 12
      vertex 14.711779206048453 39.47364516975808 0
    endloop
  endfacet
  facet normal 0.9987954562051724 -0.04906767432741743 0
    outer loop
      vertex 14.999999999999996 42.4 0
      vertex 14.999999999999996 42.4 12
      vertex 14.927770900082951 40.9297428950566 0
    endloop
  endfacet
  facet normal 0 0 -1
    outer loop
      vertex 7.22241302925482 53.209104959933086 0
      vertex 9.515899262454674 53.99515680044106 0
      vertex 8.247112694127383 52.449135893715585 0
    endloop
  endfacet
  facet normal 0 0 -1
    outer loop
      vertex 8.247112694127383 52.449135893715585 0
      vertex 10.606601717798206 53.00660171779822 0
      vertex 9.19238815542511 51.59238815542512 0
    endloop
  endfacet
  facet normal 0 0 -1
    outer loop
      vertex 7.22241302925482 53.209104959933086 0
      vertex 8.333553495294025 54.87204418453818 0
      vertex 9.515899262454674 53.99515680044106 0
    endloop
  endfacet
  facet normal 0 0 -1
    outer loop
      vertex 9.19238815542511 51.59238815542512 0
      vertex 11.595156800441044 51.91589926245469 0
      vertex 10.04913589371557 50.6471126941274 0
    endloop
  endfacet
  facet normal 0 0 -1
    outer loop
      vertex 9.515899262454674 53.99515680044106 0
      vertex 10.606601717798206 53.00660171779822 0
      vertex 8.247112694127383 52.449135893715585 0
    endloop
  endfacet
  facet normal 0 0 -1
    outer loop
      vertex 10.04913589371557 50.6471126941274 0
      vertex 12.472044184538174 50.73355349529403 0
      vertex 10.809104959933084 49.62241302925483 0
    endloop
  endfacet
  facet normal 0 0 -1
    outer loop
      vertex 10.606601717798206 53.00660171779822 0
      vertex 11.595156800441044 51.91589926245469 0
      vertex 9.19238815542511 51.59238815542512 0
    endloop
  endfacet
  facet normal 0 0 -1
    outer loop
      vertex 10.809104959933084 49.62241302925483 0
      vertex 13.22881896522532 49.47095105238997 0
      vertex 11.46497643652861 48.528157578737975 0
    endloop
  endfacet
  facet normal 0 0 -1
    outer loop
      vertex 12.472044184538174 50.73355349529403 0
      vertex 13.22881896522532 49.47095105238997 0
      vertex 10.809104959933084 49.62241302925483 0
    endloop
  endfacet
  facet normal 0 0 -1
    outer loop
      vertex 11.46497643652861 48.528157578737975 0
      vertex 13.858192987669295 48.140251485476355 0
      vertex 12.01043392264672 47.37488462074617 0
    endloop
  endfacet
  facet normal 0 0 -1
    outer loop
      vertex 12.01043392264672 47.37488462074617 0
      vertex 14.354105035983128 46.75427015881694 0
      vertex 12.440224364518711 46.17370080430801 0
    endloop
  endfacet
  facet normal 0 0 -1
    outer loop
      vertex 11.46497643652861 48.528157578737975 0
      vertex 13.22881896522532 49.47095105238997 0
      vertex 13.858192987669295 48.140251485476355 0
    endloop
  endfacet
  facet normal 0 0 -1
    outer loop
      vertex 12.75020864524199 44.93617418620967 0
      vertex 14.927770900082951 43.870257104943406 0
      vertex 12.937401446738557 43.674222824284286 0
    endloop
  endfacet
  facet normal 0 0 -1
    outer loop
      vertex 12.440224364518711 46.17370080430801 0
      vertex 14.711779206048451 45.32635483024193 0
      vertex 12.75020864524199 44.93617418620967 0
    endloop
  endfacet
  facet normal 0 0 -1
    outer loop
      vertex 12.440224364518711 46.17370080430801 0
      vertex 14.354105035983128 46.75427015881694 0
      vertex 14.711779206048451 45.32635483024193 0
    endloop
  endfacet
  facet normal 0 0 -1
    outer loop
      vertex 12.937401446738557 43.674222824284286 0
      vertex 14.927770900082951 43.870257104943406 0
      vertex 14.999999999999996 42.4 0
    endloop
  endfacet
  facet normal 0 0 -1
    outer loop
      vertex 12.75020864524199 44.93617418620967 0
      vertex 14.711779206048451 45.32635483024193 0
      vertex 14.927770900082951 43.870257104943406 0
    endloop
  endfacet
  facet normal 0 0 -1
    outer loop
      vertex 13.858192987669295 48.140251485476355 0
      vertex 14.354105035983128 46.75427015881694 0
      vertex 12.01043392264672 47.37488462074617 0
    endloop
  endfacet
  facet normal 0 0 -1
    outer loop
      vertex 10.04913589371557 50.6471126941274 0
      vertex 11.595156800441044 51.91589926245469 0
      vertex 12.472044184538174 50.73355349529403 0
    endloop
  endfacet
  facet normal 0.5141027441932179 0.8577286100002742 0
    outer loop
      vertex 7.070951052389958 55.62881896522532 0
      vertex 8.333553495294025 54.87204418453818 12
      vertex 8.333553495294025 54.87204418453818 0
    endloop
  endfacet
  facet normal 0.5956993044924331 0.8032075314806452 0
    outer loop
      vertex 8.333553495294025 54.87204418453818 0
      vertex 9.515899262454674 53.99515680044106 12
      vertex 9.515899262454674 53.99515680044106 0
    endloop
  endfacet
  facet normal 0.6715589548470173 0.7409511253549602 0
    outer loop
      vertex 9.515899262454674 53.99515680044106 0
      vertex 10.606601717798206 53.00660171779822 12
      vertex 10.606601717798206 53.00660171779822 0
    endloop
  endfacet
  facet normal 0.7409511253549607 0.6715589548470166 0
    outer loop
      vertex 10.606601717798206 53.00660171779822 0
      vertex 10.606601717798206 53.00660171779822 12
      vertex 11.595156800441044 51.91589926245469 0
    endloop
  endfacet
  facet normal 0.9987954562051724 0.049067674327417196 0
    outer loop
      vertex 14.927770900082951 43.870257104943406 0
      vertex 14.927770900082951 43.870257104943406 12
      vertex 14.999999999999996 42.4 0
    endloop
  endfacet
  facet normal 0.9891765099647808 0.14673047445536283 0
    outer loop
      vertex 14.711779206048451 45.32635483024193 0
      vertex 14.711779206048451 45.32635483024193 12
      vertex 14.927770900082951 43.870257104943406 0
    endloop
  endfacet
  facet normal 0.9700312531945439 0.2429801799032646 0
    outer loop
      vertex 14.354105035983128 46.75427015881694 0
      vertex 14.354105035983128 46.75427015881694 12
      vertex 14.711779206048451 45.32635483024193 0
    endloop
  endfacet
  facet normal 0.9415440651830209 0.3368898533922195 0
    outer loop
      vertex 13.858192987669295 48.140251485476355 0
      vertex 13.858192987669295 48.140251485476355 12
      vertex 14.354105035983128 46.75427015881694 0
    endloop
  endfacet
  facet normal 0.9039892931234434 0.42755509343028175 0
    outer loop
      vertex 13.22881896522532 49.47095105238997 0
      vertex 13.22881896522532 49.47095105238997 12
      vertex 13.858192987669295 48.140251485476355 0
    endloop
  endfacet
  facet normal 0.8032075314806445 0.5956993044924337 0
    outer loop
      vertex 11.595156800441044 51.91589926245469 0
      vertex 11.595156800441044 51.91589926245469 12
      vertex 12.472044184538174 50.73355349529403 0
    endloop
  endfacet
  facet normal 0.8577286100002707 0.514102744193224 0
    outer loop
      vertex 12.472044184538174 50.73355349529403 0
      vertex 12.472044184538174 50.73355349529403 12
      vertex 13.22881896522532 49.47095105238997 0
    endloop
  endfacet
  facet normal 0.4275550934302835 -0.9039892931234428 0
    outer loop
      vertex 7.070951052389966 29.171181034774676 0
      vertex 7.070951052389966 29.171181034774676 12
      vertex 5.740251485476353 28.5418070123307 12
    endloop
  endfacet
  facet normal 0 0 1
    outer loop
      vertex -2.6645352591003757e-15 29.4 12
      vertex -2.5 29.399999998509884 12
      vertex 2.5 29.399999998509884 12
    endloop
  endfacet
  facet normal 0 0 1
    outer loop
      vertex -2.6645352591003757e-15 29.4 12
      vertex 2.5 29.399999998509884 12
      vertex 1.274222824284284 29.462598553261437 12
    endloop
  endfacet
  facet normal 0 0 1
    outer loop
      vertex 1.274222824284284 29.462598553261437 12
      vertex 2.5 29.399999998509884 12
      vertex 2.5361741862096707 29.649791354758005 12
    endloop
  endfacet
  facet normal 0 0 1
    outer loop
      vertex 2.5361741862096707 29.649791354758005 12
      vertex 2.5 29.399999998509884 12
      vertex 2.926354830241928 27.688220793951544 12
    endloop
  endfacet
  facet normal 0 0 1
    outer loop
      vertex 2.5361741862096707 29.649791354758005 12
      vertex 4.354270158816935 28.045894964016867 12
      vertex 3.7737008043080094 29.959775635481286 12
    endloop
  endfacet
  facet normal 0 0 1
    outer loop
      vertex 3.7737008043080094 29.959775635481286 12
      vertex 4.354270158816935 28.045894964016867 12
      vertex 5.740251485476353 28.5418070123307 12
    endloop
  endfacet
  facet normal 0 0 1
    outer loop
      vertex 4.974884620746172 30.389566077353273 12
      vertex 3.7737008043080094 29.959775635481286 12
      vertex 5.740251485476353 28.5418070123307 12
    endloop
  endfacet
  facet normal 0 0 1
    outer loop
      vertex 4.974884620746172 30.389566077353273 12
      vertex 5.740251485476353 28.5418070123307 12
      vertex 7.070951052389966 29.171181034774676 12
    endloop
  endfacet
  facet normal 0 0 1
    outer loop
      vertex 4.974884620746172 30.389566077353273 12
      vertex 7.070951052389966 29.171181034774676 12
      vertex 6.12815757873797 30.935023563471386 12
    endloop
  endfacet
  facet normal 0 0 1
    outer loop
      vertex 6.12815757873797 30.935023563471386 12
      vertex 7.070951052389966 29.171181034774676 12
      vertex 8.333553495294032 29.92795581546182 12
    endloop
  endfacet
  facet normal 0 0 1
    outer loop
      vertex 7.222413029254825 31.59089504006691 12
      vertex 6.12815757873797 30.935023563471386 12
      vertex 8.333553495294032 29.92795581546182 12
    endloop
  endfacet
  facet normal 0.04906767432741714 0.9987954562051724 0
    outer loop
      vertex -6.0935462967129646e-15 57.4 0
      vertex -6.0935462967129646e-15 57.4 12
      vertex 1.4702571049434028 57.32777090008295 12
    endloop
  endfacet
  facet normal 0.14673047445536383 0.9891765099647806 0
    outer loop
      vertex 1.4702571049434028 57.32777090008295 0
      vertex 1.4702571049434028 57.32777090008295 12
      vertex 2.926354830241919 57.11177920604845 12
    endloop
  endfacet
  facet normal 0.2429801799032642 0.9700312531945439 0
    outer loop
      vertex 2.926354830241919 57.11177920604845 0
      vertex 2.926354830241919 57.11177920604845 12
      vertex 4.3542701588169255 56.75410503598313 12
    endloop
  endfacet
  facet normal 0.33688985339221644 0.9415440651830222 0
    outer loop
      vertex 4.3542701588169255 56.75410503598313 0
      vertex 4.3542701588169255 56.75410503598313 12
      vertex 5.740251485476339 56.258192987669304 12
    endloop
  endfacet
  facet normal 0.4275550934302857 0.9039892931234416 0
    outer loop
      vertex 5.740251485476339 56.258192987669304 0
      vertex 5.740251485476339 56.258192987669304 12
      vertex 7.070951052389958 55.62881896522532 12
    endloop
  endfacet
  facet normal 0.5141027441932179 0.8577286100002742 0
    outer loop
      vertex 7.070951052389958 55.62881896522532 0
      vertex 7.070951052389958 55.62881896522532 12
      vertex 8.333553495294025 54.87204418453818 12
    endloop
  endfacet
  facet normal 0 0 1
    outer loop
      vertex -6.0935462967129646e-15 57.4 12
      vertex -5.848616936883494e-15 55.4 12
      vertex 1.274222824284282 55.33740144673856 12
    endloop
  endfacet
  facet normal 0 0 1
    outer loop
      vertex -6.0935462967129646e-15 57.4 12
      vertex 1.274222824284282 55.33740144673856 12
      vertex 1.4702571049434028 57.32777090008295 12
    endloop
  endfacet
  facet normal 0 0 1
    outer loop
      vertex 1.4702571049434028 57.32777090008295 12
      vertex 1.274222824284282 55.33740144673856 12
      vertex 2.5361741862096623 55.150208645241996 12
    endloop
  endfacet
  facet normal 0 0 1
    outer loop
      vertex 1.4702571049434028 57.32777090008295 12
      vertex 2.5361741862096623 55.150208645241996 12
      vertex 2.926354830241919 57.11177920604845 12
    endloop
  endfacet
  facet normal 0 0 1
    outer loop
      vertex 2.926354830241919 57.11177920604845 12
      vertex 2.5361741862096623 55.150208645241996 12
      vertex 3.773700804308002 54.84022436451872 12
    endloop
  endfacet
  facet normal 0 0 1
    outer loop
      vertex 2.926354830241919 57.11177920604845 12
      vertex 3.773700804308002 54.84022436451872 12
      vertex 4.3542701588169255 56.75410503598313 12
    endloop
  endfacet
  facet normal 0 0 1
    outer loop
      vertex 4.3542701588169255 56.75410503598313 12
      vertex 3.773700804308002 54.84022436451872 12
      vertex 4.97488462074616 54.41043392264673 12
    endloop
  endfacet
  facet normal 0 0 1
    outer loop
      vertex 5.740251485476339 56.258192987669304 12
      vertex 4.97488462074616 54.41043392264673 12
      vertex 6.128157578737963 53.864976436528615 12
    endloop
  endfacet
  facet normal 0 0 1
    outer loop
      vertex 4.3542701588169255 56.75410503598313 12
      vertex 4.97488462074616 54.41043392264673 12
      vertex 5.740251485476339 56.258192987669304 12
    endloop
  endfacet
  facet normal 0 0 1
    outer loop
      vertex 5.740251485476339 56.258192987669304 12
      vertex 6.128157578737963 53.864976436528615 12
      vertex 7.070951052389958 55.62881896522532 12
    endloop
  endfacet
  facet normal 0 0 1
    outer loop
      vertex 7.070951052389958 55.62881896522532 12
      vertex 6.128157578737963 53.864976436528615 12
      vertex 7.22241302925482 53.209104959933086 12
    endloop
  endfacet
  facet normal 0.5141027441932218 -0.8577286100002719 0
    outer loop
      vertex 8.333553495294032 29.92795581546182 0
      vertex 8.333553495294032 29.92795581546182 12
      vertex 7.070951052389966 29.171181034774676 12
    endloop
  endfacet
  facet normal 0.5956993044924345 -0.803207531480644 0
    outer loop
      vertex 9.515899262454687 30.804843199558952 0
      vertex 9.515899262454687 30.804843199558952 12
      vertex 8.333553495294032 29.92795581546182 12
    endloop
  endfacet
  facet normal 0.6715589548470191 -0.7409511253549586 0
    outer loop
      vertex 10.606601717798213 31.793398282201792 0
      vertex 10.606601717798213 31.793398282201792 12
      vertex 9.515899262454687 30.804843199558952 12
    endloop
  endfacet
  facet normal 0.7409511253549586 -0.671558954847019 0
    outer loop
      vertex 10.606601717798213 31.793398282201792 0
      vertex 11.595156800441051 32.88410073754532 12
      vertex 10.606601717798213 31.793398282201792 12
    endloop
  endfacet
  facet normal 0.8032075314806445 -0.5956993044924337 0
    outer loop
      vertex 11.595156800441051 32.88410073754532 0
      vertex 12.47204418453818 34.06644650470597 12
      vertex 11.595156800441051 32.88410073754532 12
    endloop
  endfacet
  facet normal 0.8577286100002723 -0.5141027441932213 0
    outer loop
      vertex 12.47204418453818 34.06644650470597 0
      vertex 13.228818965225322 35.32904894761003 12
      vertex 12.47204418453818 34.06644650470597 12
    endloop
  endfacet
  facet normal 0.9039892931234434 -0.42755509343028175 0
    outer loop
      vertex 13.228818965225322 35.32904894761003 0
      vertex 13.858192987669296 36.65974851452365 12
      vertex 13.228818965225322 35.32904894761003 12
    endloop
  endfacet
  facet normal 0.9415440651830209 -0.3368898533922195 0
    outer loop
      vertex 13.858192987669296 36.65974851452365 0
      vertex 14.35410503598313 38.04572984118307 12
      vertex 13.858192987669296 36.65974851452365 12
    endloop
  endfacet
  facet normal 0.9700312531945442 -0.24298017990326345 0
    outer loop
      vertex 14.35410503598313 38.04572984118307 0
      vertex 14.711779206048453 39.47364516975808 12
      vertex 14.35410503598313 38.04572984118307 12
    endloop
  endfacet
  facet normal 0.9891765099647808 -0.14673047445536233 0
    outer loop
      vertex 14.711779206048453 39.47364516975808 0
      vertex 14.927770900082951 40.9297428950566 12
      vertex 14.711779206048453 39.47364516975808 12
    endloop
  endfacet
  facet normal 0.9987954562051724 -0.04906767432741743 0
    outer loop
      vertex 14.927770900082951 40.9297428950566 0
      vertex 14.999999999999996 42.4 12
      vertex 14.927770900082951 40.9297428950566 12
    endloop
  endfacet
  facet normal 0.9987954562051724 0.049067674327417196 0
    outer loop
      vertex 14.927770900082951 43.870257104943406 12
      vertex 14.999999999999996 42.4 12
      vertex 14.999999999999996 42.4 0
    endloop
  endfacet
  facet normal 0 0 1
    outer loop
      vertex 7.222413029254825 31.59089504006691 12
      vertex 8.333553495294032 29.92795581546182 12
      vertex 9.515899262454687 30.804843199558952 12
    endloop
  endfacet
  facet normal 0 0 1
    outer loop
      vertex 7.222413029254825 31.59089504006691 12
      vertex 9.515899262454687 30.804843199558952 12
      vertex 8.247112694127395 32.350864106284426 12
    endloop
  endfacet
  facet normal 0 0 1
    outer loop
      vertex 9.192388155425117 33.207611844574885 12
      vertex 8.247112694127395 32.350864106284426 12
      vertex 10.606601717798213 31.793398282201792 12
    endloop
  endfacet
  facet normal 0 0 1
    outer loop
      vertex 8.247112694127395 32.350864106284426 12
      vertex 9.515899262454687 30.804843199558952 12
      vertex 10.606601717798213 31.793398282201792 12
    endloop
  endfacet
  facet normal 0 0 1
    outer loop
      vertex 9.192388155425117 33.207611844574885 12
      vertex 11.595156800441051 32.88410073754532 12
      vertex 10.049135893715578 34.15288730587261 12
    endloop
  endfacet
  facet normal 0 0 1
    outer loop
      vertex 9.192388155425117 33.207611844574885 12
      vertex 10.606601717798213 31.793398282201792 12
      vertex 11.595156800441051 32.88410073754532 12
    endloop
  endfacet
  facet normal 0 0 1
    outer loop
      vertex 10.809104959933087 35.177586970745175 12
      vertex 10.049135893715578 34.15288730587261 12
      vertex 12.47204418453818 34.06644650470597 12
    endloop
  endfacet
  facet normal 0 0 1
    outer loop
      vertex 10.049135893715578 34.15288730587261 12
      vertex 11.595156800441051 32.88410073754532 12
      vertex 12.47204418453818 34.06644650470597 12
    endloop
  endfacet
  facet normal 0 0 1
    outer loop
      vertex 10.809104959933087 35.177586970745175 12
      vertex 12.47204418453818 34.06644650470597 12
      vertex 13.228818965225322 35.32904894761003 12
    endloop
  endfacet
  facet normal 0 0 1
    outer loop
      vertex 10.809104959933087 35.177586970745175 12
      vertex 13.228818965225322 35.32904894761003 12
      vertex 11.464976436528612 36.27184242126203 12
    endloop
  endfacet
  facet normal 0 0 1
    outer loop
      vertex 12.010433922646722 37.42511537925383 12
      vertex 11.464976436528612 36.27184242126203 12
      vertex 13.858192987669296 36.65974851452365 12
    endloop
  endfacet
  facet normal 0 0 1
    outer loop
      vertex 11.464976436528612 36.27184242126203 12
      vertex 13.228818965225322 35.32904894761003 12
      vertex 13.858192987669296 36.65974851452365 12
    endloop
  endfacet
  facet normal 0 0 1
    outer loop
      vertex 12.440224364518713 38.62629919569199 12
      vertex 12.010433922646722 37.42511537925383 12
      vertex 14.35410503598313 38.04572984118307 12
    endloop
  endfacet
  facet normal 0 0 1
    outer loop
      vertex 12.010433922646722 37.42511537925383 12
      vertex 13.858192987669296 36.65974851452365 12
      vertex 14.35410503598313 38.04572984118307 12
    endloop
  endfacet
  facet normal 0 0 1
    outer loop
      vertex 12.750208645241992 39.863825813790335 12
      vertex 12.440224364518713 38.62629919569199 12
      vertex 14.711779206048453 39.47364516975808 12
    endloop
  endfacet
  facet normal 0 0 1
    outer loop
      vertex 14.711779206048453 39.47364516975808 12
      vertex 12.440224364518713 38.62629919569199 12
      vertex 14.35410503598313 38.04572984118307 12
    endloop
  endfacet
  facet normal 0 0 1
    outer loop
      vertex 12.937401446738557 41.12577717571572 12
      vertex 12.750208645241992 39.863825813790335 12
      vertex 14.927770900082951 40.9297428950566 12
    endloop
  endfacet
  facet normal 0 0 1
    outer loop
      vertex 12.999999999999996 42.4 12
      vertex 12.937401446738557 41.12577717571572 12
      vertex 14.999999999999996 42.4 12
    endloop
  endfacet
  facet normal 0 0 1
    outer loop
      vertex 14.927770900082951 40.9297428950566 12
      vertex 12.750208645241992 39.863825813790335 12
      vertex 14.711779206048453 39.47364516975808 12
    endloop
  endfacet
  facet normal 0 0 1
    outer loop
      vertex 12.937401446738557 41.12577717571572 12
      vertex 14.927770900082951 40.9297428950566 12
      vertex 14.999999999999996 42.4 12
    endloop
  endfacet
  facet normal 0 0 1
    outer loop
      vertex 14.927770900082951 43.870257104943406 12
      vertex 12.999999999999996 42.4 12
      vertex 14.999999999999996 42.4 12
    endloop
  endfacet
  facet normal 0.5956993044924331 0.8032075314806452 0
    outer loop
      vertex 8.333553495294025 54.87204418453818 0
      vertex 8.333553495294025 54.87204418453818 12
      vertex 9.515899262454674 53.99515680044106 12
    endloop
  endfacet
  facet normal 0.6715589548470173 0.7409511253549602 0
    outer loop
      vertex 9.515899262454674 53.99515680044106 0
      vertex 9.515899262454674 53.99515680044106 12
      vertex 10.606601717798206 53.00660171779822 12
    endloop
  endfacet
  facet normal 0.8577286100002707 0.514102744193224 0
    outer loop
      vertex 13.22881896522532 49.47095105238997 0
      vertex 12.472044184538174 50.73355349529403 12
      vertex 13.22881896522532 49.47095105238997 12
    endloop
  endfacet
  facet normal 0.9891765099647808 0.14673047445536283 0
    outer loop
      vertex 14.927770900082951 43.870257104943406 0
      vertex 14.711779206048451 45.32635483024193 12
      vertex 14.927770900082951 43.870257104943406 12
    endloop
  endfacet
  facet normal 0.9700312531945439 0.2429801799032646 0
    outer loop
      vertex 14.711779206048451 45.32635483024193 0
      vertex 14.354105035983128 46.75427015881694 12
      vertex 14.711779206048451 45.32635483024193 12
    endloop
  endfacet
  facet normal 0.9039892931234434 0.42755509343028175 0
    outer loop
      vertex 13.858192987669295 48.140251485476355 0
      vertex 13.22881896522532 49.47095105238997 12
      vertex 13.858192987669295 48.140251485476355 12
    endloop
  endfacet
  facet normal 0.9415440651830209 0.3368898533922195 0
    outer loop
      vertex 14.354105035983128 46.75427015881694 0
      vertex 13.858192987669295 48.140251485476355 12
      vertex 14.354105035983128 46.75427015881694 12
    endloop
  endfacet
  facet normal 0.8032075314806445 0.5956993044924337 0
    outer loop
      vertex 12.472044184538174 50.73355349529403 0
      vertex 11.595156800441044 51.91589926245469 12
      vertex 12.472044184538174 50.73355349529403 12
    endloop
  endfacet
  facet normal 0.7409511253549607 0.6715589548470166 0
    outer loop
      vertex 11.595156800441044 51.91589926245469 0
      vertex 10.606601717798206 53.00660171779822 12
      vertex 11.595156800441044 51.91589926245469 12
    endloop
  endfacet
  facet normal 0 0 1
    outer loop
      vertex 7.22241302925482 53.209104959933086 12
      vertex 8.247112694127384 52.44913589371558 12
      vertex 8.333553495294025 54.87204418453818 12
    endloop
  endfacet
  facet normal 0 0 1
    outer loop
      vertex 8.333553495294025 54.87204418453818 12
      vertex 8.247112694127384 52.44913589371558 12
      vertex 9.515899262454674 53.99515680044106 12
    endloop
  endfacet
  facet normal 0 0 1
    outer loop
      vertex 9.515899262454674 53.99515680044106 12
      vertex 8.247112694127384 52.44913589371558 12
      vertex 9.192388155425112 51.59238815542512 12
    endloop
  endfacet
  facet normal 0 0 1
    outer loop
      vertex 7.070951052389958 55.62881896522532 12
      vertex 7.22241302925482 53.209104959933086 12
      vertex 8.333553495294025 54.87204418453818 12
    endloop
  endfacet
  facet normal 0 0 1
    outer loop
      vertex 10.606601717798206 53.00660171779822 12
      vertex 9.192388155425112 51.59238815542512 12
      vertex 10.04913589371557 50.6471126941274 12
    endloop
  endfacet
  facet normal 0 0 1
    outer loop
      vertex 9.515899262454674 53.99515680044106 12
      vertex 9.192388155425112 51.59238815542512 12
      vertex 10.606601717798206 53.00660171779822 12
    endloop
  endfacet
  facet normal 0 0 1
    outer loop
      vertex 10.606601717798206 53.00660171779822 12
      vertex 10.04913589371557 50.6471126941274 12
      vertex 11.595156800441044 51.91589926245469 12
    endloop
  endfacet
  facet normal 0 0 1
    outer loop
      vertex 10.04913589371557 50.6471126941274 12
      vertex 10.809104959933084 49.62241302925483 12
      vertex 11.595156800441044 51.91589926245469 12
    endloop
  endfacet
  facet normal 0 0 1
    outer loop
      vertex 12.472044184538174 50.73355349529403 12
      vertex 10.809104959933084 49.62241302925483 12
      vertex 11.46497643652861 48.528157578737975 12
    endloop
  endfacet
  facet normal 0 0 1
    outer loop
      vertex 13.858192987669295 48.140251485476355 12
      vertex 12.01043392264672 47.37488462074617 12
      vertex 12.440224364518711 46.17370080430801 12
    endloop
  endfacet
  facet normal 0 0 1
    outer loop
      vertex 13.22881896522532 49.47095105238997 12
      vertex 12.01043392264672 47.37488462074617 12
      vertex 13.858192987669295 48.140251485476355 12
    endloop
  endfacet
  facet normal 0 0 1
    outer loop
      vertex 11.46497643652861 48.528157578737975 12
      vertex 12.01043392264672 47.37488462074617 12
      vertex 13.22881896522532 49.47095105238997 12
    endloop
  endfacet
  facet normal 0 0 1
    outer loop
      vertex 12.472044184538174 50.73355349529403 12
      vertex 11.46497643652861 48.528157578737975 12
      vertex 13.22881896522532 49.47095105238997 12
    endloop
  endfacet
  facet normal 0 0 1
    outer loop
      vertex 12.75020864524199 44.93617418620967 12
      vertex 12.937401446738557 43.674222824284286 12
      vertex 14.711779206048451 45.32635483024193 12
    endloop
  endfacet
  facet normal 0 0 1
    outer loop
      vertex 12.937401446738557 43.674222824284286 12
      vertex 12.999999999999996 42.4 12
      vertex 14.927770900082951 43.870257104943406 12
    endloop
  endfacet
  facet normal 0 0 1
    outer loop
      vertex 12.440224364518711 46.17370080430801 12
      vertex 12.75020864524199 44.93617418620967 12
      vertex 14.354105035983128 46.75427015881694 12
    endloop
  endfacet
  facet normal 0 0 1
    outer loop
      vertex 14.354105035983128 46.75427015881694 12
      vertex 12.75020864524199 44.93617418620967 12
      vertex 14.711779206048451 45.32635483024193 12
    endloop
  endfacet
  facet normal 0 0 1
    outer loop
      vertex 14.711779206048451 45.32635483024193 12
      vertex 12.937401446738557 43.674222824284286 12
      vertex 14.927770900082951 43.870257104943406 12
    endloop
  endfacet
  facet normal 0 0 1
    outer loop
      vertex 13.858192987669295 48.140251485476355 12
      vertex 12.440224364518711 46.17370080430801 12
      vertex 14.354105035983128 46.75427015881694 12
    endloop
  endfacet
  facet normal 0 0 1
    outer loop
      vertex 11.595156800441044 51.91589926245469 12
      vertex 10.809104959933084 49.62241302925483 12
      vertex 12.472044184538174 50.73355349529403 12
    endloop
  endfacet
  facet normal 0.9415440651830203 0.33688985339222155 0
    outer loop
      vertex -12.44022436451872 38.626299195691985 0
      vertex -12.44022436451872 38.626299195691985 12
      vertex -12.010433922646731 37.42511537925383 0
    endloop
  endfacet
  facet normal 0.9700312531945442 0.24298017990326298 0
    outer loop
      vertex -12.750208645242 39.86382581379033 0
      vertex -12.750208645242 39.86382581379033 12
      vertex -12.44022436451872 38.626299195691985 0
    endloop
  endfacet
  facet normal 0.9039892931234441 0.42755509343028064 0
    outer loop
      vertex -12.010433922646731 37.42511537925383 0
      vertex -12.010433922646731 37.42511537925383 12
      vertex -11.464976436528618 36.27184242126202 0
    endloop
  endfacet
  facet normal 0.989176509964781 0.14673047445536153 0
    outer loop
      vertex -12.937401446738562 41.125777175715704 0
      vertex -12.937401446738562 41.125777175715704 12
      vertex -12.750208645242 39.86382581379033 0
    endloop
  endfacet
  facet normal 0.9987954562051724 0.049067674327418556 0
    outer loop
      vertex -13.000000000000004 42.4 0
      vertex -13.000000000000004 42.4 12
      vertex -12.937401446738562 41.125777175715704 0
    endloop
  endfacet
  facet normal 0.8032075314806446 0.5956993044924338 0
    outer loop
      vertex -10.80910495993309 35.17758697074517 0
      vertex -10.80910495993309 35.17758697074517 12
      vertex -10.049135893715581 34.1528873058726 0
    endloop
  endfacet
  facet normal 0.7409511253549599 0.6715589548470176 0
    outer loop
      vertex -10.049135893715581 34.1528873058726 0
      vertex -10.049135893715581 34.1528873058726 12
      vertex -9.192388155425121 33.20761184457488 0
    endloop
  endfacet
  facet normal 0.5956993044924339 0.8032075314806446 0
    outer loop
      vertex -8.247112694127393 32.35086410628442 0
      vertex -8.247112694127393 32.35086410628442 12
      vertex -7.222413029254832 31.59089504006691 0
    endloop
  endfacet
  facet normal 0.6715589548470161 0.7409511253549612 0
    outer loop
      vertex -9.192388155425121 33.20761184457488 0
      vertex -9.192388155425121 33.20761184457488 12
      vertex -8.247112694127393 32.35086410628442 0
    endloop
  endfacet
  facet normal 0.8577286100002711 0.5141027441932232 0
    outer loop
      vertex -11.464976436528618 36.27184242126202 0
      vertex -11.464976436528618 36.27184242126202 12
      vertex -10.80910495993309 35.17758697074517 0
    endloop
  endfacet
  facet normal 0.9987954562051724 -0.04906767432741744 0
    outer loop
      vertex -12.937401446738564 43.674222824284286 0
      vertex -12.937401446738564 43.674222824284286 12
      vertex -13.000000000000004 42.4 0
    endloop
  endfacet
  facet normal 0.9891765099647808 -0.14673047445536289 0
    outer loop
      vertex -12.750208645242 44.93617418620966 0
      vertex -12.750208645242 44.93617418620966 12
      vertex -12.937401446738564 43.674222824284286 0
    endloop
  endfacet
  facet normal 0.9700312531945442 -0.24298017990326298 0
    outer loop
      vertex -12.44022436451872 46.173700804308005 0
      vertex -12.44022436451872 46.173700804308005 12
      vertex -12.750208645242 44.93617418620966 0
    endloop
  endfacet
  facet normal 0.9415440651830208 -0.33688985339221983 0
    outer loop
      vertex -12.010433922646731 47.374884620746165 0
      vertex -12.010433922646731 47.374884620746165 12
      vertex -12.44022436451872 46.173700804308005 0
    endloop
  endfacet
  facet normal 0.9039892931234436 -0.42755509343028164 0
    outer loop
      vertex -11.46497643652862 48.52815757873797 0
      vertex -11.46497643652862 48.52815757873797 12
      vertex -12.010433922646731 47.374884620746165 0
    endloop
  endfacet
  facet normal 0.8577286100002711 -0.5141027441932232 0
    outer loop
      vertex -11.46497643652862 48.52815757873797 0
      vertex -10.809104959933093 49.62241302925482 0
      vertex -10.809104959933093 49.62241302925482 12
    endloop
  endfacet
  facet normal 0.8032075314806465 -0.595699304492431 0
    outer loop
      vertex -10.049135893715588 50.64711269412739 0
      vertex -10.049135893715588 50.64711269412739 12
      vertex -10.809104959933093 49.62241302925482 0
    endloop
  endfacet
  facet normal 0.7409511253549586 -0.6715589548470191 0
    outer loop
      vertex -10.049135893715588 50.64711269412739 0
      vertex -9.192388155425125 51.59238815542511 0
      vertex -9.192388155425125 51.59238815542511 12
    endloop
  endfacet
  facet normal 0.6715589548470191 -0.7409511253549584 0
    outer loop
      vertex -8.247112694127397 52.44913589371558 0
      vertex -8.247112694127397 52.44913589371558 12
      vertex -9.192388155425125 51.59238815542511 0
    endloop
  endfacet
  facet normal 0.5956993044924332 -0.803207531480645 0
    outer loop
      vertex -8.247112694127397 52.44913589371558 0
      vertex -7.222413029254834 53.209104959933086 0
      vertex -7.222413029254834 53.209104959933086 12
    endloop
  endfacet
  facet normal 0.5141027441932224 0.8577286100002717 0
    outer loop
      vertex -7.222413029254832 31.59089504006691 0
      vertex -7.222413029254832 31.59089504006691 12
      vertex -6.128157578737972 30.935023563471383 0
    endloop
  endfacet
  facet normal 0.4275550934302805 0.9039892931234441 0
    outer loop
      vertex -6.128157578737972 30.935023563471383 0
      vertex -6.128157578737972 30.935023563471383 12
      vertex -4.974884620746169 30.389566077353273 0
    endloop
  endfacet
  facet normal 0.33688985339221955 0.9415440651830209 0
    outer loop
      vertex -4.974884620746169 30.389566077353273 0
      vertex -4.974884620746169 30.389566077353273 12
      vertex -3.7737008043080134 29.959775635481286 0
    endloop
  endfacet
  facet normal 0.2429801799032668 0.9700312531945432 8.992073008538986e-18
    outer loop
      vertex -3.7737008043080134 29.959775635481286 0
      vertex -3.773700804308014 29.959775635481286 12
      vertex -2.53617418620967 29.649791354758 0
    endloop
  endfacet
  facet normal 0.14673047445536253 0.9891765099647808 0
    outer loop
      vertex -2.53617418620967 29.649791354758 0
      vertex -2.53617418620967 29.649791354758 12
      vertex -1.2742228242842903 29.462598553261437 0
    endloop
  endfacet
  facet normal 0.04906767432741603 0.9987954562051725 9.079343633850994e-19
    outer loop
      vertex -1.2742228242842903 29.462598553261437 0
      vertex -1.2742228242842906 29.462598553261437 12
      vertex -2.6645352591003757e-15 29.4 0
    endloop
  endfacet
  facet normal 0.5141027441932237 -0.8577286100002709 0
    outer loop
      vertex -6.128157578737977 53.864976436528615 0
      vertex -6.128157578737977 53.864976436528615 12
      vertex -7.222413029254834 53.209104959933086 0
    endloop
  endfacet
  facet normal 0.4275550934302805 -0.9039892931234441 0
    outer loop
      vertex -6.128157578737977 53.864976436528615 0
      vertex -4.974884620746175 54.410433922646725 0
      vertex -4.974884620746175 54.410433922646725 12
    endloop
  endfacet
  facet normal 0.3368898533922192 -0.941544065183021 -1.2467429066621174e-17
    outer loop
      vertex -3.7737008043080174 54.84022436451871 0
      vertex -3.773700804308017 54.84022436451871 12
      vertex -4.974884620746175 54.410433922646725 0
    endloop
  endfacet
  facet normal 0.24298017990326767 -0.9700312531945431 0
    outer loop
      vertex -3.7737008043080174 54.84022436451871 0
      vertex -2.5361741862096783 55.150208645241996 0
      vertex -2.5361741862096783 55.150208645241996 12
    endloop
  endfacet
  facet normal 0.14673047445535686 -0.9891765099647818 -3.626019756371933e-18
    outer loop
      vertex -2.5361741862096783 55.150208645241996 0
      vertex -1.2742228242842966 55.33740144673855 0
      vertex -1.2742228242842963 55.33740144673855 12
    endloop
  endfacet
  facet normal 0.049067674327421464 -0.9987954562051723 0
    outer loop
      vertex -1.2742228242842966 55.33740144673855 0
      vertex -5.848616936883494e-15 55.4 0
      vertex -5.848616936883494e-15 55.4 12
    endloop
  endfacet
  facet normal 0.9700312531945442 0.24298017990326298 0
    outer loop
      vertex -12.44022436451872 38.626299195691985 0
      vertex -12.750208645242 39.86382581379033 12
      vertex -12.44022436451872 38.626299195691985 12
    endloop
  endfacet
  facet normal 0.9039892931234441 0.42755509343028064 0
    outer loop
      vertex -11.464976436528618 36.27184242126202 0
      vertex -12.010433922646731 37.42511537925383 12
      vertex -11.464976436528618 36.27184242126202 12
    endloop
  endfacet
  facet normal 0.9415440651830203 0.33688985339222155 0
    outer loop
      vertex -12.010433922646731 37.42511537925383 0
      vertex -12.44022436451872 38.626299195691985 12
      vertex -12.010433922646731 37.42511537925383 12
    endloop
  endfacet
  facet normal 0.989176509964781 0.14673047445536153 0
    outer loop
      vertex -12.750208645242 39.86382581379033 0
      vertex -12.937401446738562 41.125777175715704 12
      vertex -12.750208645242 39.86382581379033 12
    endloop
  endfacet
  facet normal 0.9987954562051724 0.049067674327418556 0
    outer loop
      vertex -12.937401446738562 41.125777175715704 0
      vertex -13.000000000000004 42.4 12
      vertex -12.937401446738562 41.125777175715704 12
    endloop
  endfacet
  facet normal 0.9987954562051724 -0.04906767432741744 0
    outer loop
      vertex -12.937401446738564 43.674222824284286 12
      vertex -13.000000000000004 42.4 12
      vertex -13.000000000000004 42.4 0
    endloop
  endfacet
  facet normal 0.8577286100002711 0.5141027441932232 0
    outer loop
      vertex -10.80910495993309 35.17758697074517 0
      vertex -11.464976436528618 36.27184242126202 12
      vertex -10.80910495993309 35.17758697074517 12
    endloop
  endfacet
  facet normal 0.7409511253549599 0.6715589548470176 0
    outer loop
      vertex -9.192388155425121 33.20761184457488 0
      vertex -10.049135893715581 34.1528873058726 12
      vertex -9.192388155425121 33.20761184457488 12
    endloop
  endfacet
  facet normal 0.8032075314806446 0.5956993044924338 0
    outer loop
      vertex -10.049135893715581 34.1528873058726 0
      vertex -10.80910495993309 35.17758697074517 12
      vertex -10.049135893715581 34.1528873058726 12
    endloop
  endfacet
  facet normal 0.5956993044924339 0.8032075314806446 0
    outer loop
      vertex -7.222413029254832 31.59089504006691 0
      vertex -8.247112694127393 32.35086410628442 12
      vertex -7.222413029254832 31.59089504006691 12
    endloop
  endfacet
  facet normal 0.6715589548470161 0.7409511253549612 0
    outer loop
      vertex -8.247112694127393 32.35086410628442 0
      vertex -9.192388155425121 33.20761184457488 12
      vertex -8.247112694127393 32.35086410628442 12
    endloop
  endfacet
  facet normal 0.9891765099647808 -0.14673047445536289 0
    outer loop
      vertex -12.937401446738564 43.674222824284286 0
      vertex -12.750208645242 44.93617418620966 12
      vertex -12.937401446738564 43.674222824284286 12
    endloop
  endfacet
  facet normal 0.9700312531945442 -0.24298017990326298 0
    outer loop
      vertex -12.750208645242 44.93617418620966 0
      vertex -12.44022436451872 46.173700804308005 12
      vertex -12.750208645242 44.93617418620966 12
    endloop
  endfacet
  facet normal 0.9415440651830208 -0.33688985339221983 0
    outer loop
      vertex -12.44022436451872 46.173700804308005 0
      vertex -12.010433922646731 47.374884620746165 12
      vertex -12.44022436451872 46.173700804308005 12
    endloop
  endfacet
  facet normal 0.9039892931234436 -0.42755509343028164 0
    outer loop
      vertex -12.010433922646731 47.374884620746165 0
      vertex -11.46497643652862 48.52815757873797 12
      vertex -12.010433922646731 47.374884620746165 12
    endloop
  endfacet
  facet normal 0.8577286100002711 -0.5141027441932232 0
    outer loop
      vertex -11.46497643652862 48.52815757873797 0
      vertex -10.809104959933093 49.62241302925482 12
      vertex -11.46497643652862 48.52815757873797 12
    endloop
  endfacet
  facet normal 0.8032075314806465 -0.595699304492431 0
    outer loop
      vertex -10.809104959933093 49.62241302925482 0
      vertex -10.049135893715588 50.64711269412739 12
      vertex -10.809104959933093 49.62241302925482 12
    endloop
  endfacet
  facet normal 0.7409511253549586 -0.6715589548470191 0
    outer loop
      vertex -10.049135893715588 50.64711269412739 0
      vertex -9.192388155425125 51.59238815542511 12
      vertex -10.049135893715588 50.64711269412739 12
    endloop
  endfacet
  facet normal 0.6715589548470191 -0.7409511253549584 0
    outer loop
      vertex -9.192388155425125 51.59238815542511 0
      vertex -8.247112694127397 52.44913589371558 12
      vertex -9.192388155425125 51.59238815542511 12
    endloop
  endfacet
  facet normal 0.5956993044924332 -0.803207531480645 0
    outer loop
      vertex -8.247112694127397 52.44913589371558 0
      vertex -7.222413029254834 53.209104959933086 12
      vertex -8.247112694127397 52.44913589371558 12
    endloop
  endfacet
  facet normal 0.5141027441932224 0.8577286100002717 0
    outer loop
      vertex -6.128157578737972 30.935023563471383 0
      vertex -7.222413029254832 31.59089504006691 12
      vertex -6.128157578737972 30.935023563471383 12
    endloop
  endfacet
  facet normal 0.4275550934302805 0.9039892931234441 0
    outer loop
      vertex -4.974884620746169 30.389566077353273 0
      vertex -6.128157578737972 30.935023563471383 12
      vertex -4.974884620746169 30.389566077353273 12
    endloop
  endfacet
  facet normal 0.33688985339221966 0.9415440651830209 1.246742906662119e-17
    outer loop
      vertex -3.7737008043080134 29.959775635481286 0
      vertex -4.974884620746169 30.389566077353273 12
      vertex -3.773700804308014 29.959775635481286 12
    endloop
  endfacet
  facet normal 0.24298017990326673 0.9700312531945432 0
    outer loop
      vertex -2.53617418620967 29.649791354758 0
      vertex -3.773700804308014 29.959775635481286 12
      vertex -2.53617418620967 29.649791354758 12
    endloop
  endfacet
  facet normal 0.14673047445536258 0.9891765099647808 2.715059185908615e-18
    outer loop
      vertex -1.2742228242842903 29.462598553261437 0
      vertex -2.53617418620967 29.649791354758 12
      vertex -1.2742228242842906 29.462598553261437 12
    endloop
  endfacet
  facet normal 0.04906767432741602 0.9987954562051725 0
    outer loop
      vertex -1.2742228242842906 29.462598553261437 12
      vertex -2.6645352591003757e-15 29.4 12
      vertex -2.6645352591003757e-15 29.4 0
    endloop
  endfacet
  facet normal 0.5141027441932237 -0.8577286100002709 0
    outer loop
      vertex -7.222413029254834 53.209104959933086 0
      vertex -6.128157578737977 53.864976436528615 12
      vertex -7.222413029254834 53.209104959933086 12
    endloop
  endfacet
  facet normal 0.4275550934302805 -0.9039892931234441 0
    outer loop
      vertex -6.128157578737977 53.864976436528615 0
      vertex -4.974884620746175 54.410433922646725 12
      vertex -6.128157578737977 53.864976436528615 12
    endloop
  endfacet
  facet normal 0.3368898533922191 -0.941544065183021 0
    outer loop
      vertex -4.974884620746175 54.410433922646725 0
      vertex -3.773700804308017 54.84022436451871 12
      vertex -4.974884620746175 54.410433922646725 12
    endloop
  endfacet
  facet normal 0.24298017990326773 -0.970031253194543 -8.99207300853902e-18
    outer loop
      vertex -3.7737008043080174 54.84022436451871 0
      vertex -2.5361741862096783 55.150208645241996 12
      vertex -3.773700804308017 54.84022436451871 12
    endloop
  endfacet
  facet normal 0.14673047445535684 -0.9891765099647818 0
    outer loop
      vertex -2.5361741862096783 55.150208645241996 0
      vertex -1.2742228242842963 55.33740144673855 12
      vertex -2.5361741862096783 55.150208645241996 12
    endloop
  endfacet
  facet normal 0.04906767432742147 -0.9987954562051723 -9.079343633852e-19
    outer loop
      vertex -1.2742228242842966 55.33740144673855 0
      vertex -5.848616936883494e-15 55.4 12
      vertex -1.2742228242842963 55.33740144673855 12
    endloop
  endfacet
  facet normal -0.049067674327416065 0.9987954562051725 0
    outer loop
      vertex -2.6645352591003757e-15 29.4 0
      vertex -2.6645352591003757e-15 29.4 12
      vertex 1.274222824284284 29.462598553261437 0
    endloop
  endfacet
  facet normal -0.14673047445536444 0.9891765099647806 0
    outer loop
      vertex 1.274222824284284 29.462598553261437 0
      vertex 1.274222824284284 29.462598553261437 12
      vertex 2.5361741862096707 29.649791354758005 0
    endloop
  endfacet
  facet normal -0.24298017990326506 0.9700312531945438 0
    outer loop
      vertex 2.5361741862096707 29.649791354758005 0
      vertex 2.5361741862096707 29.649791354758005 12
      vertex 3.77370080430801 29.959775635481286 0
    endloop
  endfacet
  facet normal -0.33688985339221805 0.9415440651830215 -7.252039512743841e-18
    outer loop
      vertex 4.974884620746172 30.389566077353273 0
      vertex 3.77370080430801 29.959775635481286 0
      vertex 3.7737008043080094 29.959775635481286 12
    endloop
  endfacet
  facet normal -0.42755509343028414 0.9039892931234423 0
    outer loop
      vertex 4.974884620746172 30.389566077353273 0
      vertex 4.974884620746172 30.389566077353273 12
      vertex 6.12815757873797 30.935023563471386 0
    endloop
  endfacet
  facet normal -0.5141027441932222 0.8577286100002718 0
    outer loop
      vertex 7.222413029254825 31.59089504006691 0
      vertex 6.12815757873797 30.935023563471386 0
      vertex 6.12815757873797 30.935023563471386 12
    endloop
  endfacet
  facet normal -0.04906767432741603 -0.9987954562051725 9.065049390929844e-19
    outer loop
      vertex -5.848616936883494e-15 55.4 0
      vertex 1.2742228242842817 55.33740144673856 0
      vertex 1.274222824284282 55.33740144673856 12
    endloop
  endfacet
  facet normal -0.14673047445536241 -0.9891765099647808 0
    outer loop
      vertex 1.2742228242842817 55.33740144673856 0
      vertex 2.5361741862096623 55.150208645241996 0
      vertex 2.5361741862096623 55.150208645241996 12
    endloop
  endfacet
  facet normal -0.24298017990326234 -0.9700312531945444 0
    outer loop
      vertex 2.5361741862096623 55.150208645241996 0
      vertex 3.773700804308002 54.84022436451872 0
      vertex 3.773700804308002 54.84022436451872 12
    endloop
  endfacet
  facet normal -0.3368898533922191 -0.941544065183021 0
    outer loop
      vertex 3.773700804308002 54.84022436451872 0
      vertex 4.97488462074616 54.41043392264673 0
      vertex 4.97488462074616 54.41043392264673 12
    endloop
  endfacet
  facet normal -0.5141027441932233 -0.8577286100002711 0
    outer loop
      vertex 6.128157578737963 53.864976436528615 0
      vertex 7.22241302925482 53.209104959933086 0
      vertex 7.22241302925482 53.209104959933086 12
    endloop
  endfacet
  facet normal -0.42755509343028475 -0.903989293123442 0
    outer loop
      vertex 4.97488462074616 54.41043392264673 0
      vertex 6.128157578737963 53.864976436528615 0
      vertex 6.128157578737963 53.864976436528615 12
    endloop
  endfacet
  facet normal -0.5956993044924341 0.8032075314806444 0
    outer loop
      vertex 7.222413029254825 31.59089504006691 0
      vertex 7.222413029254825 31.59089504006691 12
      vertex 8.247112694127395 32.350864106284426 0
    endloop
  endfacet
  facet normal -0.6715589548470181 0.7409511253549592 0
    outer loop
      vertex 9.192388155425117 33.207611844574885 0
      vertex 8.247112694127395 32.350864106284426 0
      vertex 8.247112694127395 32.350864106284426 12
    endloop
  endfacet
  facet normal -0.7409511253549599 0.6715589548470176 0
    outer loop
      vertex 9.192388155425117 33.207611844574885 0
      vertex 9.192388155425117 33.207611844574885 12
      vertex 10.049135893715578 34.15288730587261 0
    endloop
  endfacet
  facet normal -0.8032075314806446 0.5956993044924338 0
    outer loop
      vertex 10.809104959933087 35.177586970745175 0
      vertex 10.049135893715578 34.15288730587261 0
      vertex 10.049135893715578 34.15288730587261 12
    endloop
  endfacet
  facet normal -0.8577286100002718 0.5141027441932222 0
    outer loop
      vertex 10.809104959933087 35.177586970745175 0
      vertex 10.809104959933087 35.177586970745175 12
      vertex 11.464976436528612 36.27184242126203 0
    endloop
  endfacet
  facet normal -0.9039892931234441 0.4275550934302805 0
    outer loop
      vertex 12.010433922646722 37.42511537925383 0
      vertex 11.464976436528612 36.27184242126203 0
      vertex 11.464976436528612 36.27184242126203 12
    endloop
  endfacet
  facet normal -0.9415440651830205 0.33688985339222105 0
    outer loop
      vertex 12.440224364518713 38.62629919569199 0
      vertex 12.010433922646722 37.42511537925383 0
      vertex 12.010433922646722 37.42511537925383 12
    endloop
  endfacet
  facet normal -0.9700312531945442 0.24298017990326298 0
    outer loop
      vertex 12.750208645241992 39.863825813790335 0
      vertex 12.440224364518713 38.62629919569199 0
      vertex 12.440224364518713 38.62629919569199 12
    endloop
  endfacet
  facet normal -0.989176509964781 0.14673047445536208 0
    outer loop
      vertex 12.937401446738557 41.12577717571572 0
      vertex 12.750208645241992 39.863825813790335 0
      vertex 12.750208645241992 39.863825813790335 12
    endloop
  endfacet
  facet normal -0.9987954562051725 0.04906767432741772 0
    outer loop
      vertex 12.999999999999996 42.4 0
      vertex 12.937401446738557 41.12577717571572 0
      vertex 12.937401446738557 41.12577717571572 12
    endloop
  endfacet
  facet normal -0.9987954562051724 -0.04906767432741744 0
    outer loop
      vertex 12.937401446738557 43.674222824284286 0
      vertex 12.999999999999996 42.4 0
      vertex 12.999999999999996 42.4 12
    endloop
  endfacet
  facet normal -0.8032075314806453 -0.5956993044924329 0
    outer loop
      vertex 10.04913589371557 50.6471126941274 0
      vertex 10.809104959933084 49.62241302925483 0
      vertex 10.809104959933084 49.62241302925483 12
    endloop
  endfacet
  facet normal -0.8577286100002711 -0.5141027441932232 0
    outer loop
      vertex 10.809104959933084 49.62241302925483 0
      vertex 11.46497643652861 48.528157578737975 0
      vertex 11.46497643652861 48.528157578737975 12
    endloop
  endfacet
  facet normal -0.5956993044924299 -0.8032075314806474 -3.8435809417542647e-16
    outer loop
      vertex 7.22241302925482 53.209104959933086 0
      vertex 8.247112694127383 52.449135893715585 0
      vertex 8.247112694127384 52.44913589371558 12
    endloop
  endfacet
  facet normal -0.6715589548470191 -0.7409511253549584 1.0152855317841397e-16
    outer loop
      vertex 8.247112694127383 52.449135893715585 0
      vertex 9.19238815542511 51.59238815542512 0
      vertex 9.192388155425112 51.59238815542512 12
    endloop
  endfacet
  facet normal -0.7409511253549573 -0.6715589548470202 0
    outer loop
      vertex 9.19238815542511 51.59238815542512 0
      vertex 10.04913589371557 50.6471126941274 0
      vertex 10.04913589371557 50.6471126941274 12
    endloop
  endfacet
  facet normal -0.9891765099647807 -0.14673047445536344 0
    outer loop
      vertex 12.75020864524199 44.93617418620967 0
      vertex 12.937401446738557 43.674222824284286 0
      vertex 12.937401446738557 43.674222824284286 12
    endloop
  endfacet
  facet normal -0.9700312531945442 -0.24298017990326298 0
    outer loop
      vertex 12.440224364518711 46.17370080430801 0
      vertex 12.75020864524199 44.93617418620967 0
      vertex 12.75020864524199 44.93617418620967 12
    endloop
  endfacet
  facet normal -0.9415440651830205 -0.33688985339222105 0
    outer loop
      vertex 12.01043392264672 47.37488462074617 0
      vertex 12.440224364518711 46.17370080430801 0
      vertex 12.440224364518711 46.17370080430801 12
    endloop
  endfacet
  facet normal -0.9039892931234441 -0.4275550934302805 0
    outer loop
      vertex 11.46497643652861 48.528157578737975 0
      vertex 12.01043392264672 47.37488462074617 0
      vertex 12.01043392264672 47.37488462074617 12
    endloop
  endfacet
  facet normal -0.049067674327416065 0.9987954562051725 0
    outer loop
      vertex 1.274222824284284 29.462598553261437 0
      vertex -2.6645352591003757e-15 29.4 12
      vertex 1.274222824284284 29.462598553261437 12
    endloop
  endfacet
  facet normal -0.14673047445536444 0.9891765099647806 0
    outer loop
      vertex 2.5361741862096707 29.649791354758005 0
      vertex 1.274222824284284 29.462598553261437 12
      vertex 2.5361741862096707 29.649791354758005 12
    endloop
  endfacet
  facet normal -0.24298017990326515 0.9700312531945438 -8.992073008538924e-18
    outer loop
      vertex 3.77370080430801 29.959775635481286 0
      vertex 2.5361741862096707 29.649791354758005 12
      vertex 3.7737008043080094 29.959775635481286 12
    endloop
  endfacet
  facet normal -0.33688985339221794 0.9415440651830215 0
    outer loop
      vertex 4.974884620746172 30.389566077353273 0
      vertex 3.7737008043080094 29.959775635481286 12
      vertex 4.974884620746172 30.389566077353273 12
    endloop
  endfacet
  facet normal -0.42755509343028414 0.9039892931234423 0
    outer loop
      vertex 6.12815757873797 30.935023563471386 0
      vertex 4.974884620746172 30.389566077353273 12
      vertex 6.12815757873797 30.935023563471386 12
    endloop
  endfacet
  facet normal -0.5141027441932222 0.8577286100002718 0
    outer loop
      vertex 7.222413029254825 31.59089504006691 0
      vertex 6.12815757873797 30.935023563471386 12
      vertex 7.222413029254825 31.59089504006691 12
    endloop
  endfacet
  facet normal -0.04906767432741603 -0.9987954562051725 0
    outer loop
      vertex -5.848616936883494e-15 55.4 0
      vertex 1.274222824284282 55.33740144673856 12
      vertex -5.848616936883494e-15 55.4 12
    endloop
  endfacet
  facet normal -0.14673047445536244 -0.9891765099647808 2.7150591859086126e-18
    outer loop
      vertex 1.2742228242842817 55.33740144673856 0
      vertex 2.5361741862096623 55.150208645241996 12
      vertex 1.274222824284282 55.33740144673856 12
    endloop
  endfacet
  facet normal -0.24298017990326234 -0.9700312531945444 0
    outer loop
      vertex 2.5361741862096623 55.150208645241996 0
      vertex 3.773700804308002 54.84022436451872 12
      vertex 2.5361741862096623 55.150208645241996 12
    endloop
  endfacet
  facet normal -0.3368898533922191 -0.941544065183021 0
    outer loop
      vertex 3.773700804308002 54.84022436451872 0
      vertex 4.97488462074616 54.41043392264673 12
      vertex 3.773700804308002 54.84022436451872 12
    endloop
  endfacet
  facet normal -0.42755509343028475 -0.903989293123442 0
    outer loop
      vertex 4.97488462074616 54.41043392264673 0
      vertex 6.128157578737963 53.864976436528615 12
      vertex 4.97488462074616 54.41043392264673 12
    endloop
  endfacet
  facet normal -0.5141027441932233 -0.8577286100002711 0
    outer loop
      vertex 6.128157578737963 53.864976436528615 0
      vertex 7.22241302925482 53.209104959933086 12
      vertex 6.128157578737963 53.864976436528615 12
    endloop
  endfacet
  facet normal -0.5956993044924341 0.8032075314806444 0
    outer loop
      vertex 8.247112694127395 32.350864106284426 0
      vertex 7.222413029254825 31.59089504006691 12
      vertex 8.247112694127395 32.350864106284426 12
    endloop
  endfacet
  facet normal -0.6715589548470181 0.7409511253549592 0
    outer loop
      vertex 9.192388155425117 33.207611844574885 0
      vertex 8.247112694127395 32.350864106284426 12
      vertex 9.192388155425117 33.207611844574885 12
    endloop
  endfacet
  facet normal -0.7409511253549599 0.6715589548470176 0
    outer loop
      vertex 10.049135893715578 34.15288730587261 0
      vertex 9.192388155425117 33.207611844574885 12
      vertex 10.049135893715578 34.15288730587261 12
    endloop
  endfacet
  facet normal -0.8032075314806446 0.5956993044924338 0
    outer loop
      vertex 10.809104959933087 35.177586970745175 0
      vertex 10.049135893715578 34.15288730587261 12
      vertex 10.809104959933087 35.177586970745175 12
    endloop
  endfacet
  facet normal -0.8577286100002718 0.5141027441932222 0
    outer loop
      vertex 11.464976436528612 36.27184242126203 0
      vertex 10.809104959933087 35.177586970745175 12
      vertex 11.464976436528612 36.27184242126203 12
    endloop
  endfacet
  facet normal -0.9039892931234441 0.4275550934302805 0
    outer loop
      vertex 12.010433922646722 37.42511537925383 0
      vertex 11.464976436528612 36.27184242126203 12
      vertex 12.010433922646722 37.42511537925383 12
    endloop
  endfacet
  facet normal -0.9415440651830205 0.33688985339222105 0
    outer loop
      vertex 12.440224364518713 38.62629919569199 0
      vertex 12.010433922646722 37.42511537925383 12
      vertex 12.440224364518713 38.62629919569199 12
    endloop
  endfacet
  facet normal -0.9700312531945442 0.24298017990326298 0
    outer loop
      vertex 12.750208645241992 39.863825813790335 0
      vertex 12.440224364518713 38.62629919569199 12
      vertex 12.750208645241992 39.863825813790335 12
    endloop
  endfacet
  facet normal -0.989176509964781 0.14673047445536208 0
    outer loop
      vertex 12.937401446738557 41.12577717571572 0
      vertex 12.750208645241992 39.863825813790335 12
      vertex 12.937401446738557 41.12577717571572 12
    endloop
  endfacet
  facet normal -0.9987954562051725 0.04906767432741772 0
    outer loop
      vertex 12.999999999999996 42.4 0
      vertex 12.937401446738557 41.12577717571572 12
      vertex 12.999999999999996 42.4 12
    endloop
  endfacet
  facet normal -0.8577286100002711 -0.5141027441932232 0
    outer loop
      vertex 10.809104959933084 49.62241302925483 0
      vertex 11.46497643652861 48.528157578737975 12
      vertex 10.809104959933084 49.62241302925483 12
    endloop
  endfacet
  facet normal -0.5956993044924328 -0.8032075314806453 0
    outer loop
      vertex 7.22241302925482 53.209104959933086 0
      vertex 8.247112694127384 52.44913589371558 12
      vertex 7.22241302925482 53.209104959933086 12
    endloop
  endfacet
  facet normal -0.6715589548470161 -0.7409511253549612 -3.393205045199508e-16
    outer loop
      vertex 8.247112694127383 52.449135893715585 0
      vertex 9.192388155425112 51.59238815542512 12
      vertex 8.247112694127384 52.44913589371558 12
    endloop
  endfacet
  facet normal -0.740951125354958 -0.6715589548470194 1.0968279993213266e-16
    outer loop
      vertex 9.19238815542511 51.59238815542512 0
      vertex 10.04913589371557 50.6471126941274 12
      vertex 9.192388155425112 51.59238815542512 12
    endloop
  endfacet
  facet normal -0.8032075314806453 -0.5956993044924329 0
    outer loop
      vertex 10.04913589371557 50.6471126941274 0
      vertex 10.809104959933084 49.62241302925483 12
      vertex 10.04913589371557 50.6471126941274 12
    endloop
  endfacet
  facet normal -0.9987954562051724 -0.04906767432741744 0
    outer loop
      vertex 12.937401446738557 43.674222824284286 0
      vertex 12.999999999999996 42.4 12
      vertex 12.937401446738557 43.674222824284286 12
    endloop
  endfacet
  facet normal -0.9891765099647807 -0.14673047445536344 0
    outer loop
      vertex 12.75020864524199 44.93617418620967 0
      vertex 12.937401446738557 43.674222824284286 12
      vertex 12.75020864524199 44.93617418620967 12
    endloop
  endfacet
  facet normal -0.9700312531945442 -0.24298017990326298 0
    outer loop
      vertex 12.440224364518711 46.17370080430801 0
      vertex 12.75020864524199 44.93617418620967 12
      vertex 12.440224364518711 46.17370080430801 12
    endloop
  endfacet
  facet normal -0.9039892931234441 -0.4275550934302805 0
    outer loop
      vertex 11.46497643652861 48.528157578737975 0
      vertex 12.01043392264672 47.37488462074617 12
      vertex 11.46497643652861 48.528157578737975 12
    endloop
  endfacet
  facet normal -0.9415440651830205 -0.33688985339222105 0
    outer loop
      vertex 12.01043392264672 47.37488462074617 0
      vertex 12.440224364518711 46.17370080430801 12
      vertex 12.01043392264672 47.37488462074617 12
    endloop
  endfacet
  facet normal 0 0 -1
    outer loop
      vertex -9 0 0
      vertex -9 4.399999998509884 0
      vertex -5.5 4.399999998509884 0
    endloop
  endfacet
  facet normal -1 0 0
    outer loop
      vertex -9 0 0
      vertex -9 4.399999998509884 3
      vertex -9 4.399999998509884 0
    endloop
  endfacet
  facet normal -1 0 0
    outer loop
      vertex -9 0 0
      vertex -9 0 3
      vertex -9 4.399999998509884 3
    endloop
  endfacet
  facet normal 0 1 0
    outer loop
      vertex -9 4.399999998509884 0
      vertex -9 4.399999998509884 3
      vertex -5.5 4.399999998509884 3
    endloop
  endfacet
  facet normal -1 0 0
    outer loop
      vertex -9 0 3
      vertex -9 4.399999998509884 6
      vertex -9 4.399999998509884 3
    endloop
  endfacet
  facet normal -1 0 0
    outer loop
      vertex -9 0 3
      vertex -9 0 6
      vertex -9 4.399999998509884 6
    endloop
  endfacet
  facet normal 0 1 0
    outer loop
      vertex -9 4.399999998509884 3
      vertex -9 4.399999998509884 6
      vertex -5.5 4.399999998509884 6
    endloop
  endfacet
  facet normal 0 0 -1
    outer loop
      vertex -9 0 0
      vertex -5.5 4.399999998509884 0
      vertex -5.426376312971115 4.400903545320034 0
    endloop
  endfacet
  facet normal 0 0 -1
    outer loop
      vertex -9 0 0
      vertex -5.426376312971115 4.400903545320034 0
      vertex -5.352796979248524 4.40361363440752 0
    endloop
  endfacet
  facet normal 0 0 -1
    outer loop
      vertex -9 0 0
      vertex -5.352796979248524 4.40361363440752 0
      vertex -5.279306307435036 4.408128626644611 0
    endloop
  endfacet
  facet normal 0 0 -1
    outer loop
      vertex -9 0 0
      vertex -5.279306307435036 4.408128626644611 0
      vertex -5.205948576331139 4.4144458174705505 0
    endloop
  endfacet
  facet normal 0 0 -1
    outer loop
      vertex -9 0 0
      vertex -5.205948576331139 4.4144458174705505 0
      vertex -5.132767975330353 4.422561399638653 0
    endloop
  endfacet
  facet normal 0 0 -1
    outer loop
      vertex -9 0 0
      vertex -5.132767975330353 4.422561399638653 0
      vertex -5.059808574616909 4.432470470666885 0
    endloop
  endfacet
  facet normal 0 0 -1
    outer loop
      vertex -9 0 0
      vertex -5.059808574616909 4.432470470666885 0
      vertex -4.987114332616329 4.444167070090771 0
    endloop
  endfacet
  facet normal 0 0 -1
    outer loop
      vertex -9 0 0
      vertex -4.987114332616329 4.444167070090771 0
      vertex -4.914729036390781 4.457644157111645 0
    endloop
  endfacet
  facet normal 0 1 0
    outer loop
      vertex -9 4.399999998509884 0
      vertex -5.5 4.399999998509884 3
      vertex -5.5 4.399999998509884 0
    endloop
  endfacet
  facet normal -0.012271577406179545 0.9999247013590394 0
    outer loop
      vertex -5.5 4.399999998509884 0
      vertex -5.426376312971115 4.400903545320034 3
      vertex -5.426376312971115 4.400903545320034 0
    endloop
  endfacet
  facet normal -0.03680724668144709 0.99932238371395 0
    outer loop
      vertex -5.426376312971115 4.400903545320034 0
      vertex -5.352796979248524 4.40361363440752 3
      vertex -5.352796979248524 4.40361363440752 0
    endloop
  endfacet
  facet normal -0.06132064716467091 0.9981181183764304 0
    outer loop
      vertex -5.352796979248524 4.40361363440752 0
      vertex -5.279306307435036 4.408128626644611 3
      vertex -5.279306307435036 4.408128626644611 0
    endloop
  endfacet
  facet normal -0.08579732215541457 0.9963126113379073 0
    outer loop
      vertex -5.279306307435036 4.408128626644611 0
      vertex -5.205948576331139 4.4144458174705505 3
      vertex -5.205948576331139 4.4144458174705505 0
    endloop
  endfacet
  facet normal -0.11022229245928265 0.9939069605576875 0
    outer loop
      vertex -5.205948576331139 4.4144458174705505 0
      vertex -5.132767975330353 4.422561399638653 3
      vertex -5.132767975330353 4.422561399638653 0
    endloop
  endfacet
  facet normal -0.13458066485266765 0.9909026413567652 0
    outer loop
      vertex -5.132767975330353 4.422561399638653 0
      vertex -5.059808574616909 4.432470470666885 3
      vertex -5.059808574616909 4.432470470666885 0
    endloop
  endfacet
  facet normal -0.15885810154510796 0.9873014248817249 0
    outer loop
      vertex -5.059808574616909 4.432470470666885 0
      vertex -4.987114332616329 4.444167070090771 3
      vertex -4.987114332616329 4.444167070090771 0
    endloop
  endfacet
  facet normal -0.18303991057475347 0.9831054832197744 0
    outer loop
      vertex -4.987114332616329 4.444167070090771 0
      vertex -4.914729036390781 4.457644157111645 3
      vertex -4.914729036390781 4.457644157111645 0
    endloop
  endfacet
  facet normal -0.2071113998931018 0.9783173657021118 0
    outer loop
      vertex -4.914729036390781 4.457644157111645 0
      vertex -4.842696279287338 4.472893610596657 3
      vertex -4.842696279287338 4.472893610596657 0
    endloop
  endfacet
  facet normal -0.23105814765540494 0.9729399428546723 0
    outer loop
      vertex -4.842696279287338 4.472893610596657 0
      vertex -4.771059460937977 4.489906243979931 3
      vertex -4.771059460937977 4.489906243979931 0
    endloop
  endfacet
  facet normal -0.25486564608704565 0.9669764746076467 0
    outer loop
      vertex -4.771059460937977 4.489906243979931 0
      vertex -4.699861727654934 4.508671805262566 3
      vertex -4.699861727654934 4.508671805262566 0
    endloop
  endfacet
  facet normal -0.2785196329349135 0.9604305357858012 0
    outer loop
      vertex -4.699861727654934 4.508671805262566 0
      vertex -4.629145964980125 4.5291789919137955 3
      vertex -4.629145964980125 4.5291789919137955 0
    endloop
  endfacet
  facet normal -0.3020059607072559 0.9533060367464833 0
    outer loop
      vertex -4.629145964980125 4.5291789919137955 0
      vertex -4.5589547753334045 4.551415458321571 3
      vertex -4.5589547753334045 4.551415458321571 0
    endloop
  endfacet
  facet normal -0.32531026612041125 0.9456073343395065 0
    outer loop
      vertex -4.5589547753334045 4.551415458321571 0
      vertex -4.489330440759659 4.575367800891399 3
      vertex -4.489330440759659 4.575367800891399 0
    endloop
  endfacet
  facet normal -0.3484187217857852 0.9373389964730794 0
    outer loop
      vertex -4.489330440759659 4.575367800891399 0
      vertex -4.420314893126488 4.6010216027498245 3
      vertex -4.420314893126488 4.6010216027498245 0
    endloop
  endfacet
  facet normal -0.3713171899386939 0.9285060820781047 0
    outer loop
      vertex -4.420314893126488 4.6010216027498245 0
      vertex -4.3519496992230415 4.628361403942108 3
      vertex -4.3519496992230415 4.628361403942108 0
    endloop
  endfacet
  facet normal -0.3939920358954072 0.9191138534757226 0
    outer loop
      vertex -4.3519496992230415 4.628361403942108 0
      vertex -4.284276060760021 4.6573707312345505 3
      vertex -4.284276060760021 4.6573707312345505 0
    endloop
  endfacet
  facet normal -0.41642955127452475 0.909167987131805 0
    outer loop
      vertex -4.284276060760021 4.6573707312345505 0
      vertex -4.217334717512131 4.688032120466232 3
      vertex -4.217334717512131 4.688032120466232 0
    endloop
  endfacet
  facet normal -0.4386162456496182 0.8986744622232423 0
    outer loop
      vertex -4.217334717512131 4.688032120466232 0
      vertex -4.1511660143733025 4.720327094197273 3
      vertex -4.1511660143733025 4.720327094197273 0
    endloop
  endfacet
  facet normal -0.46053871076098146 0.8876396205051986 0
    outer loop
      vertex -4.1511660143733025 4.720327094197273 0
      vertex -4.085809789597988 4.754236206412315 3
      vertex -4.085809789597988 4.754236206412315 0
    endloop
  endfacet
  facet normal -0.48218380806478783 0.8760700743891096 0
    outer loop
      vertex -4.085809789597988 4.754236206412315 0
      vertex -4.021305426955223 4.789739027619362 3
      vertex -4.021305426955223 4.789739027619362 0
    endloop
  endfacet
  facet normal -0.5035383177519254 0.8639728945722552 0
    outer loop
      vertex -4.021305426955223 4.789739027619362 0
      vertex -3.957691766321659 4.826814167201519 3
      vertex -3.957691766321659 4.826814167201519 0
    endloop
  endfacet
  facet normal -0.5245897103419062 0.8513551760595545 0
    outer loop
      vertex -3.957691766321659 4.826814167201519 0
      vertex -3.8950071409344673 4.865439303219318 3
      vertex -3.8950071409344673 4.865439303219318 0
    endloop
  endfacet
  facet normal -0.5453249776914756 0.8382247125358401 0
    outer loop
      vertex -3.8950071409344673 4.865439303219318 0
      vertex -3.8332893028855324 4.905591160058975 3
      vertex -3.8332893028855324 4.905591160058975 0
    endloop
  endfacet
  facet normal -0.5657318102264423 0.8245893031672874 0
    outer loop
      vertex -3.8332893028855324 4.905591160058975 0
      vertex -3.7725754231214523 4.9472455605864525 3
      vertex -3.7725754231214523 4.9472455605864525 0
    endloop
  endfacet
  facet normal -0.012271577406179545 0.9999247013590394 0
    outer loop
      vertex -5.5 4.399999998509884 0
      vertex -5.5 4.399999998509884 3
      vertex -5.426376312971115 4.400903545320034 3
    endloop
  endfacet
  facet normal -0.03680724668144709 0.99932238371395 0
    outer loop
      vertex -5.426376312971115 4.400903545320034 0
      vertex -5.426376312971115 4.400903545320034 3
      vertex -5.352796979248524 4.40361363440752 3
    endloop
  endfacet
  facet normal -0.06132064716467091 0.9981181183764304 0
    outer loop
      vertex -5.352796979248524 4.40361363440752 0
      vertex -5.352796979248524 4.40361363440752 3
      vertex -5.279306307435036 4.408128626644611 3
    endloop
  endfacet
  facet normal -0.08579732215541457 0.9963126113379073 0
    outer loop
      vertex -5.279306307435036 4.408128626644611 0
      vertex -5.279306307435036 4.408128626644611 3
      vertex -5.205948576331139 4.4144458174705505 3
    endloop
  endfacet
  facet normal -0.11022229245928265 0.9939069605576875 0
    outer loop
      vertex -5.205948576331139 4.4144458174705505 0
      vertex -5.205948576331139 4.4144458174705505 3
      vertex -5.132767975330353 4.422561399638653 3
    endloop
  endfacet
  facet normal -0.13458066485266765 0.9909026413567652 0
    outer loop
      vertex -5.132767975330353 4.422561399638653 0
      vertex -5.132767975330353 4.422561399638653 3
      vertex -5.059808574616909 4.432470470666885 3
    endloop
  endfacet
  facet normal -0.15885810154510796 0.9873014248817249 0
    outer loop
      vertex -5.059808574616909 4.432470470666885 0
      vertex -5.059808574616909 4.432470470666885 3
      vertex -4.987114332616329 4.444167070090771 3
    endloop
  endfacet
  facet normal -0.18303991057475347 0.9831054832197744 0
    outer loop
      vertex -4.987114332616329 4.444167070090771 0
      vertex -4.987114332616329 4.444167070090771 3
      vertex -4.914729036390781 4.457644157111645 3
    endloop
  endfacet
  facet normal -0.2071113998931018 0.9783173657021118 0
    outer loop
      vertex -4.914729036390781 4.457644157111645 0
      vertex -4.914729036390781 4.457644157111645 3
      vertex -4.842696279287338 4.472893610596657 3
    endloop
  endfacet
  facet normal -0.23105814765540494 0.9729399428546723 0
    outer loop
      vertex -4.842696279287338 4.472893610596657 0
      vertex -4.842696279287338 4.472893610596657 3
      vertex -4.771059460937977 4.489906243979931 3
    endloop
  endfacet
  facet normal -0.25486564608704565 0.9669764746076467 0
    outer loop
      vertex -4.771059460937977 4.489906243979931 0
      vertex -4.771059460937977 4.489906243979931 3
      vertex -4.699861727654934 4.508671805262566 3
    endloop
  endfacet
  facet normal -0.2785196329349135 0.9604305357858012 0
    outer loop
      vertex -4.699861727654934 4.508671805262566 0
      vertex -4.699861727654934 4.508671805262566 3
      vertex -4.629145964980125 4.5291789919137955 3
    endloop
  endfacet
  facet normal -0.3020059607072559 0.9533060367464833 0
    outer loop
      vertex -4.629145964980125 4.5291789919137955 0
      vertex -4.629145964980125 4.5291789919137955 3
      vertex -4.5589547753334045 4.551415458321571 3
    endloop
  endfacet
  facet normal -0.32531026612041125 0.9456073343395065 0
    outer loop
      vertex -4.5589547753334045 4.551415458321571 0
      vertex -4.5589547753334045 4.551415458321571 3
      vertex -4.489330440759659 4.575367800891399 3
    endloop
  endfacet
  facet normal -0.3484187217857852 0.9373389964730794 0
    outer loop
      vertex -4.489330440759659 4.575367800891399 0
      vertex -4.489330440759659 4.575367800891399 3
      vertex -4.420314893126488 4.6010216027498245 3
    endloop
  endfacet
  facet normal -0.3713171899386939 0.9285060820781047 0
    outer loop
      vertex -4.420314893126488 4.6010216027498245 0
      vertex -4.420314893126488 4.6010216027498245 3
      vertex -4.3519496992230415 4.628361403942108 3
    endloop
  endfacet
  facet normal -0.3939920358954072 0.9191138534757226 0
    outer loop
      vertex -4.3519496992230415 4.628361403942108 0
      vertex -4.3519496992230415 4.628361403942108 3
      vertex -4.284276060760021 4.6573707312345505 3
    endloop
  endfacet
  facet normal -0.41642955127452475 0.909167987131805 0
    outer loop
      vertex -4.284276060760021 4.6573707312345505 0
      vertex -4.284276060760021 4.6573707312345505 3
      vertex -4.217334717512131 4.688032120466232 3
    endloop
  endfacet
  facet normal -0.4386162456496182 0.8986744622232423 0
    outer loop
      vertex -4.217334717512131 4.688032120466232 0
      vertex -4.217334717512131 4.688032120466232 3
      vertex -4.1511660143733025 4.720327094197273 3
    endloop
  endfacet
  facet normal -0.46053871076098146 0.8876396205051986 0
    outer loop
      vertex -4.1511660143733025 4.720327094197273 0
      vertex -4.1511660143733025 4.720327094197273 3
      vertex -4.085809789597988 4.754236206412315 3
    endloop
  endfacet
  facet normal -0.48218380806478783 0.8760700743891096 0
    outer loop
      vertex -4.085809789597988 4.754236206412315 0
      vertex -4.085809789597988 4.754236206412315 3
      vertex -4.021305426955223 4.789739027619362 3
    endloop
  endfacet
  facet normal -0.5035383177519254 0.8639728945722552 0
    outer loop
      vertex -4.021305426955223 4.789739027619362 0
      vertex -4.021305426955223 4.789739027619362 3
      vertex -3.957691766321659 4.826814167201519 3
    endloop
  endfacet
  facet normal -0.5245897103419062 0.8513551760595545 0
    outer loop
      vertex -3.957691766321659 4.826814167201519 0
      vertex -3.957691766321659 4.826814167201519 3
      vertex -3.8950071409344673 4.865439303219318 3
    endloop
  endfacet
  facet normal -0.5453249776914756 0.8382247125358401 0
    outer loop
      vertex -3.8950071409344673 4.865439303219318 0
      vertex -3.8950071409344673 4.865439303219318 3
      vertex -3.8332893028855324 4.905591160058975 3
    endloop
  endfacet
  facet normal -0.5657318102264423 0.8245893031672874 0
    outer loop
      vertex -3.8332893028855324 4.905591160058975 0
      vertex -3.8332893028855324 4.905591160058975 3
      vertex -3.7725754231214523 4.9472455605864525 3
    endloop
  endfacet
  facet normal -0.5857978419814098 0.810457209437934 0
    outer loop
      vertex -3.7725754231214523 4.9472455605864525 0
      vertex -3.7725754231214523 4.9472455605864525 3
      vertex -3.712902083992958 4.990377403795719 3
    endloop
  endfacet
  facet normal 0 0 -1
    outer loop
      vertex -9 0 0
      vertex -4.914729036390781 4.457644157111645 0
      vertex 4.914729036390781 4.457644157111645 0
    endloop
  endfacet
  facet normal 0 -1 0
    outer loop
      vertex -9 0 0
      vertex 9 0 0
      vertex -9 0 3
    endloop
  endfacet
  facet normal -0.5857978419814098 0.810457209437934 0
    outer loop
      vertex -3.7725754231214523 4.9472455605864525 0
      vertex -3.712902083992958 4.990377403795719 3
      vertex -3.712902083992958 4.990377403795719 0
    endloop
  endfacet
  facet normal -0.6055110641928494 0.7958368872702767 0
    outer loop
      vertex -3.712902083992958 4.990377403795719 0
      vertex -3.654305227100849 5.034960716962814 3
      vertex -3.654305227100849 5.034960716962814 0
    endloop
  endfacet
  facet normal -0.6248594929852721 0.7807372246961128 0
    outer loop
      vertex -3.654305227100849 5.034960716962814 0
      vertex -3.596820145845413 5.080968640744686 3
      vertex -3.596820145845413 5.080968640744686 0
    endloop
  endfacet
  facet normal -0.6438315313738673 0.7651672753122556 0
    outer loop
      vertex -3.596820145845413 5.080968640744686 0
      vertex -3.5404814705252647 5.128373458981514 3
      vertex -3.5404814705252647 5.128373458981514 0
    endloop
  endfacet
  facet normal -0.6624157918795686 0.7491363818882141 0
    outer loop
      vertex -3.5404814705252647 5.128373458981514 0
      vertex -3.4853231385350227 5.1771466210484505 3
      vertex -3.4853231385350227 5.1771466210484505 0
    endloop
  endfacet
  facet normal -0.6806009762964143 0.7326542916439974 0
    outer loop
      vertex -3.4853231385350227 5.1771466210484505 0
      vertex -3.4313783645629883 5.227258749306202 3
      vertex -3.4313783645629883 5.227258749306202 0
    endloop
  endfacet
  facet normal -0.6983762471287002 0.7157308275088007 0
    outer loop
      vertex -3.4313783645629883 5.227258749306202 0
      vertex -3.3786796554923058 5.27867965400219 3
      vertex -3.3786796554923058 5.27867965400219 0
    endloop
  endfacet
  facet normal -0.7157308275088007 0.6983762471287002 0
    outer loop
      vertex -3.3786796554923058 5.27867965400219 0
      vertex -3.327258750796318 5.331378363072872 3
      vertex -3.327258750796318 5.331378363072872 0
    endloop
  endfacet
  facet normal -0.7326542916439974 0.6806009762964143 0
    outer loop
      vertex -3.327258750796318 5.331378363072872 0
      vertex -3.2771466225385666 5.385323137044907 3
      vertex -3.2771466225385666 5.385323137044907 0
    endloop
  endfacet
  facet normal -0.7491363818882141 0.6624157918795686 0
    outer loop
      vertex -3.2771466225385666 5.385323137044907 0
      vertex -3.22837346047163 5.440481469035149 3
      vertex -3.22837346047163 5.440481469035149 0
    endloop
  endfacet
  facet normal -0.7651672753122556 0.6438315313738673 0
    outer loop
      vertex -3.22837346047163 5.440481469035149 0
      vertex -3.1809686422348022 5.496820144355297 3
      vertex -3.1809686422348022 5.496820144355297 0
    endloop
  endfacet
  facet normal -0.7807372246961128 0.6248594929852721 0
    outer loop
      vertex -3.1809686422348022 5.496820144355297 0
      vertex -3.1349607184529305 5.554305225610733 3
      vertex -3.1349607184529305 5.554305225610733 0
    endloop
  endfacet
  facet normal -0.7958369243711365 0.605511015430347 0
    outer loop
      vertex -3.1349607184529305 5.554305225610733 0
      vertex -3.0903774052858353 5.6129020899534225 3
      vertex -3.0903774052858353 5.6129020899534225 0
    endloop
  endfacet
  facet normal -0.810457209437934 0.5857978419814098 0
    outer loop
      vertex -3.0903774052858353 5.6129020899534225 0
      vertex -3.0472455620765686 5.672575429081917 3
      vertex -3.0472455620765686 5.672575429081917 0
    endloop
  endfacet
  facet normal -0.8245892707810064 0.5657318574314585 0
    outer loop
      vertex -3.0472455620765686 5.672575429081917 0
      vertex -3.0055911615490913 5.733289301395416 3
      vertex -3.0055911615490913 5.733289301395416 0
    endloop
  endfacet
  facet normal -0.8382247125358401 0.5453249776914756 0
    outer loop
      vertex -3.0055911615490913 5.733289301395416 0
      vertex -2.9654393047094345 5.795007139444351 3
      vertex -2.9654393047094345 5.795007139444351 0
    endloop
  endfacet
  facet normal -0.8513551760595545 0.5245897103419062 0
    outer loop
      vertex -2.9654393047094345 5.795007139444351 0
      vertex -2.926814168691635 5.857691764831543 3
      vertex -2.926814168691635 5.857691764831543 0
    endloop
  endfacet
  facet normal -0.8639728945722552 0.5035383177519254 0
    outer loop
      vertex -2.926814168691635 5.857691764831543 0
      vertex -2.889739029109478 5.921305425465107 3
      vertex -2.889739029109478 5.921305425465107 0
    endloop
  endfacet
  facet normal -0.8760700743891096 0.48218380806478783 0
    outer loop
      vertex -2.889739029109478 5.921305425465107 0
      vertex -2.8542362079024315 5.985809788107872 3
      vertex -2.8542362079024315 5.985809788107872 0
    endloop
  endfacet
  facet normal -0.8876396205051986 0.46053871076098146 0
    outer loop
      vertex -2.8542362079024315 5.985809788107872 0
      vertex -2.8203270956873894 6.051166012883186 3
      vertex -2.8203270956873894 6.051166012883186 0
    endloop
  endfacet
  facet normal -0.8986744622232423 0.4386162456496182 0
    outer loop
      vertex -2.8203270956873894 6.051166012883186 0
      vertex -2.7880321219563484 6.117334716022015 3
      vertex -2.7880321219563484 6.117334716022015 0
    endloop
  endfacet
  facet normal -0.909167987131805 0.41642955127452475 0
    outer loop
      vertex -2.7880321219563484 6.117334716022015 0
      vertex -2.7573707327246666 6.184276059269905 3
      vertex -2.7573707327246666 6.184276059269905 0
    endloop
  endfacet
  facet normal -0.9191138691834996 0.39399199925193484 0
    outer loop
      vertex -2.7573707327246666 6.184276059269905 0
      vertex -2.7283614054322243 6.251949705183506 3
      vertex -2.7283614054322243 6.251949705183506 0
    endloop
  endfacet
  facet normal -0.9285060681263128 0.37131722482617907 0
    outer loop
      vertex -2.7283614054322243 6.251949705183506 0
      vertex -2.7010216042399406 6.320314891636372 3
      vertex -2.7010216042399406 6.320314891636372 0
    endloop
  endfacet
  facet normal -0.9373389964730794 0.3484187217857852 0
    outer loop
      vertex -2.7010216042399406 6.320314891636372 0
      vertex -2.6753678023815155 6.389330439269543 3
      vertex -2.6753678023815155 6.389330439269543 0
    endloop
  endfacet
  facet normal -0.9456073450481723 0.32531023499260936 0
    outer loop
      vertex -2.6753678023815155 6.389330439269543 0
      vertex -2.6514154598116875 6.458954781293869 3
      vertex -2.6514154598116875 6.458954781293869 0
    endloop
  endfacet
  facet normal -0.9533060367464833 0.3020059607072559 0
    outer loop
      vertex -2.6514154598116875 6.458954781293869 0
      vertex -2.6291789934039116 6.52914597094059 3
      vertex -2.6291789934039116 6.52914597094059 0
    endloop
  endfacet
  facet normal -0.9604305008677799 0.2785197533441126 0
    outer loop
      vertex -2.6291789934039116 6.52914597094059 0
      vertex -2.608671799302101 6.599861726164818 3
      vertex -2.608671799302101 6.599861726164818 0
    endloop
  endfacet
  facet normal -0.9669764746076467 0.25486564608704565 0
    outer loop
      vertex -2.608671799302101 6.599861726164818 0
      vertex -2.5899062380194664 6.671059459447861 3
      vertex -2.5899062380194664 6.671059459447861 0
    endloop
  endfacet
  facet normal -0.9729399656028757 0.23105805186722025 0
    outer loop
      vertex -2.5899062380194664 6.671059459447861 0
      vertex -2.572893612086773 6.742696277797222 3
      vertex -2.572893612086773 6.742696277797222 0
    endloop
  endfacet
  facet normal -0.9783173657021118 0.2071113998931018 0
    outer loop
      vertex -2.572893612086773 6.742696277797222 0
      vertex -2.557644158601761 6.814729034900665 3
      vertex -2.557644158601761 6.814729034900665 0
    endloop
  endfacet
  facet normal -0.9831054832197744 0.18303991057475347 0
    outer loop
      vertex -2.557644158601761 6.814729034900665 0
      vertex -2.544167071580887 6.887114331126213 3
      vertex -2.544167071580887 6.887114331126213 0
    endloop
  endfacet
  facet normal -0.9873014248817249 0.15885810154510796 0
    outer loop
      vertex -2.544167071580887 6.887114331126213 0
      vertex -2.5324704721570015 6.959808573126793 3
      vertex -2.5324704721570015 6.959808573126793 0
    endloop
  endfacet
  facet normal -0.9909026278623628 0.13458076421043141 0
    outer loop
      vertex -2.5324704721570015 6.959808573126793 0
      vertex -2.5225613936781883 7.032767973840237 3
      vertex -2.5225613936781883 7.032767973840237 0
    endloop
  endfacet
  facet normal -0.9939069728725332 0.11022218141262549 0
    outer loop
      vertex -2.5225613936781883 7.032767973840237 0
      vertex -2.5144458189606667 7.105948582291603 3
      vertex -2.5144458189606667 7.105948582291603 0
    endloop
  endfacet
  facet normal -0.9963126105930256 0.08579733080527817 0
    outer loop
      vertex -2.5144458189606667 7.105948582291603 0
      vertex -2.5081286281347275 7.17930630594492 3
      vertex -2.5081286281347275 7.17930630594492 0
    endloop
  endfacet
  facet normal 0 0 -1
    outer loop
      vertex -4.914729036390781 4.457644157111645 0
      vertex -4.842696279287338 4.472893610596657 0
      vertex 4.914729036390781 4.457644157111645 0
    endloop
  endfacet
  facet normal 0 0 -1
    outer loop
      vertex -4.842696279287338 4.472893610596657 0
      vertex -4.771059460937977 4.489906243979931 0
      vertex 4.842696279287338 4.472893610596657 0
    endloop
  endfacet
  facet normal 0 0 -1
    outer loop
      vertex -4.771059460937977 4.489906243979931 0
      vertex -4.699861727654934 4.508671805262566 0
      vertex 4.771059460937977 4.489906243979931 0
    endloop
  endfacet
  facet normal 0 0 -1
    outer loop
      vertex -4.699861727654934 4.508671805262566 0
      vertex -4.629145964980125 4.5291789919137955 0
      vertex 4.699861727654934 4.508671805262566 0
    endloop
  endfacet
  facet normal 0 0 -1
    outer loop
      vertex -4.629145964980125 4.5291789919137955 0
      vertex -4.5589547753334045 4.551415458321571 0
      vertex 4.629145964980125 4.5291789919137955 0
    endloop
  endfacet
  facet normal 0 0 -1
    outer loop
      vertex -4.5589547753334045 4.551415458321571 0
      vertex -4.489330440759659 4.575367800891399 0
      vertex 4.5589547753334045 4.551415458321571 0
    endloop
  endfacet
  facet normal 0 0 -1
    outer loop
      vertex -4.489330440759659 4.575367800891399 0
      vertex -4.420314893126488 4.6010216027498245 0
      vertex 4.489330440759659 4.575367800891399 0
    endloop
  endfacet
  facet normal 0 0 -1
    outer loop
      vertex -4.420314893126488 4.6010216027498245 0
      vertex -4.3519496992230415 4.628361403942108 0
      vertex 4.420314893126488 4.6010216027498245 0
    endloop
  endfacet
  facet normal 0 0 -1
    outer loop
      vertex -4.3519496992230415 4.628361403942108 0
      vertex -4.284276060760021 4.6573707312345505 0
      vertex 4.3519496992230415 4.628361403942108 0
    endloop
  endfacet
  facet normal 0 0 -1
    outer loop
      vertex -4.284276060760021 4.6573707312345505 0
      vertex -4.217334717512131 4.688032120466232 0
      vertex 4.284276060760021 4.6573707312345505 0
    endloop
  endfacet
  facet normal 0 0 -1
    outer loop
      vertex -4.217334717512131 4.688032120466232 0
      vertex -4.1511660143733025 4.720327094197273 0
      vertex 4.217334717512131 4.688032120466232 0
    endloop
  endfacet
  facet normal 0 0 -1
    outer loop
      vertex -4.1511660143733025 4.720327094197273 0
      vertex -4.085809789597988 4.754236206412315 0
      vertex 4.1511660143733025 4.720327094197273 0
    endloop
  endfacet
  facet normal 0 0 -1
    outer loop
      vertex -4.085809789597988 4.754236206412315 0
      vertex -4.021305426955223 4.789739027619362 0
      vertex 4.085809789597988 4.754236206412315 0
    endloop
  endfacet
  facet normal 0 0 -1
    outer loop
      vertex -4.021305426955223 4.789739027619362 0
      vertex -3.957691766321659 4.826814167201519 0
      vertex 4.021305426955223 4.789739027619362 0
    endloop
  endfacet
  facet normal 0 0 -1
    outer loop
      vertex -3.957691766321659 4.826814167201519 0
      vertex -3.8950071409344673 4.865439303219318 0
      vertex 3.957691766321659 4.826814167201519 0
    endloop
  endfacet
  facet normal 0 0 -1
    outer loop
      vertex -3.8950071409344673 4.865439303219318 0
      vertex -3.8332893028855324 4.905591160058975 0
      vertex 3.8950071409344673 4.865439303219318 0
    endloop
  endfacet
  facet normal 0 0 -1
    outer loop
      vertex -3.8332893028855324 4.905591160058975 0
      vertex -3.7725754231214523 4.9472455605864525 0
      vertex 3.8332893028855324 4.905591160058975 0
    endloop
  endfacet
  facet normal 0 0 -1
    outer loop
      vertex -3.7725754231214523 4.9472455605864525 0
      vertex -3.712902083992958 4.990377403795719 0
      vertex 3.7725754231214523 4.9472455605864525 0
    endloop
  endfacet
  facet normal 0 0 -1
    outer loop
      vertex -3.712902083992958 4.990377403795719 0
      vertex -3.654305227100849 5.034960716962814 0
      vertex 3.712902083992958 4.990377403795719 0
    endloop
  endfacet
  facet normal 0 0 -1
    outer loop
      vertex -3.654305227100849 5.034960716962814 0
      vertex -3.596820145845413 5.080968640744686 0
      vertex 3.654305227100849 5.034960716962814 0
    endloop
  endfacet
  facet normal 0 0 -1
    outer loop
      vertex -3.596820145845413 5.080968640744686 0
      vertex -3.5404814705252647 5.128373458981514 0
      vertex 3.596820145845413 5.080968640744686 0
    endloop
  endfacet
  facet normal 0 0 -1
    outer loop
      vertex -3.5404814705252647 5.128373458981514 0
      vertex -3.4853231385350227 5.1771466210484505 0
      vertex 3.5404814705252647 5.128373458981514 0
    endloop
  endfacet
  facet normal 0 0 -1
    outer loop
      vertex -3.4853231385350227 5.1771466210484505 0
      vertex -3.4313783645629883 5.227258749306202 0
      vertex 3.4853231385350227 5.1771466210484505 0
    endloop
  endfacet
  facet normal 0 0 -1
    outer loop
      vertex -3.4313783645629883 5.227258749306202 0
      vertex -3.3786796554923058 5.27867965400219 0
      vertex 3.4313783645629883 5.227258749306202 0
    endloop
  endfacet
  facet normal 0 0 -1
    outer loop
      vertex -3.3786796554923058 5.27867965400219 0
      vertex -3.327258750796318 5.331378363072872 0
      vertex 3.3786796554923058 5.27867965400219 0
    endloop
  endfacet
  facet normal 0 0 -1
    outer loop
      vertex -3.327258750796318 5.331378363072872 0
      vertex -3.2771466225385666 5.385323137044907 0
      vertex 3.327258750796318 5.331378363072872 0
    endloop
  endfacet
  facet normal 0 0 -1
    outer loop
      vertex -3.2771466225385666 5.385323137044907 0
      vertex -3.22837346047163 5.440481469035149 0
      vertex 3.2771466225385666 5.385323137044907 0
    endloop
  endfacet
  facet normal 0 0 -1
    outer loop
      vertex -3.22837346047163 5.440481469035149 0
      vertex -3.1809686422348022 5.496820144355297 0
      vertex 3.22837346047163 5.440481469035149 0
    endloop
  endfacet
  facet normal 0 0 -1
    outer loop
      vertex -3.1809686422348022 5.496820144355297 0
      vertex -3.1349607184529305 5.554305225610733 0
      vertex 3.1809686422348022 5.496820144355297 0
    endloop
  endfacet
  facet normal 0 0 -1
    outer loop
      vertex -3.1349607184529305 5.554305225610733 0
      vertex -3.0903774052858353 5.6129020899534225 0
      vertex 3.1349607184529305 5.554305225610733 0
    endloop
  endfacet
  facet normal 0 0 -1
    outer loop
      vertex -3.0903774052858353 5.6129020899534225 0
      vertex -3.0472455620765686 5.672575429081917 0
      vertex 3.0903774052858353 5.6129020899534225 0
    endloop
  endfacet
  facet normal 0 0 -1
    outer loop
      vertex -3.0472455620765686 5.672575429081917 0
      vertex -3.0055911615490913 5.733289301395416 0
      vertex 3.0472455620765686 5.672575429081917 0
    endloop
  endfacet
  facet normal 0 0 -1
    outer loop
      vertex -3.0055911615490913 5.733289301395416 0
      vertex -2.9654393047094345 5.795007139444351 0
      vertex 3.0055911615490913 5.733289301395416 0
    endloop
  endfacet
  facet normal 0 0 -1
    outer loop
      vertex -2.9654393047094345 5.795007139444351 0
      vertex -2.926814168691635 5.857691764831543 0
      vertex 2.9654393047094345 5.795007139444351 0
    endloop
  endfacet
  facet normal 0 0 -1
    outer loop
      vertex -2.926814168691635 5.857691764831543 0
      vertex -2.889739029109478 5.921305425465107 0
      vertex 2.926814168691635 5.857691764831543 0
    endloop
  endfacet
  facet normal 0 0 -1
    outer loop
      vertex -2.889739029109478 5.921305425465107 0
      vertex -2.8542362079024315 5.985809788107872 0
      vertex 2.889739029109478 5.921305425465107 0
    endloop
  endfacet
  facet normal 0 0 -1
    outer loop
      vertex -2.8542362079024315 5.985809788107872 0
      vertex -2.8203270956873894 6.051166012883186 0
      vertex 2.8542362079024315 5.985809788107872 0
    endloop
  endfacet
  facet normal 0 0 -1
    outer loop
      vertex -2.8203270956873894 6.051166012883186 0
      vertex -2.7880321219563484 6.117334716022015 0
      vertex 2.8203270956873894 6.051166012883186 0
    endloop
  endfacet
  facet normal 0 0 -1
    outer loop
      vertex -2.7880321219563484 6.117334716022015 0
      vertex -2.7573707327246666 6.184276059269905 0
      vertex 2.7880321219563484 6.117334716022015 0
    endloop
  endfacet
  facet normal 0 0 -1
    outer loop
      vertex -2.7573707327246666 6.184276059269905 0
      vertex -2.7283614054322243 6.251949705183506 0
      vertex 2.7573707327246666 6.184276059269905 0
    endloop
  endfacet
  facet normal 0 0 -1
    outer loop
      vertex -2.7283614054322243 6.251949705183506 0
      vertex -2.7010216042399406 6.320314891636372 0
      vertex 2.7283614054322243 6.251949705183506 0
    endloop
  endfacet
  facet normal 0 0 -1
    outer loop
      vertex -2.7010216042399406 6.320314891636372 0
      vertex -2.6753678023815155 6.389330439269543 0
      vertex 2.7010216042399406 6.320314891636372 0
    endloop
  endfacet
  facet normal 0 0 -1
    outer loop
      vertex -2.6753678023815155 6.389330439269543 0
      vertex -2.6514154598116875 6.458954781293869 0
      vertex 2.6753678023815155 6.389330439269543 0
    endloop
  endfacet
  facet normal 0 0 -1
    outer loop
      vertex -2.6514154598116875 6.458954781293869 0
      vertex -2.6291789934039116 6.52914597094059 0
      vertex 2.6514154598116875 6.458954781293869 0
    endloop
  endfacet
  facet normal 0 0 -1
    outer loop
      vertex -2.6291789934039116 6.52914597094059 0
      vertex -2.608671799302101 6.599861726164818 0
      vertex 2.6291789934039116 6.52914597094059 0
    endloop
  endfacet
  facet normal 0 0 -1
    outer loop
      vertex -2.608671799302101 6.599861726164818 0
      vertex -2.5899062380194664 6.671059459447861 0
      vertex 2.608671799302101 6.599861726164818 0
    endloop
  endfacet
  facet normal 0 0 -1
    outer loop
      vertex -2.5899062380194664 6.671059459447861 0
      vertex -2.572893612086773 6.742696277797222 0
      vertex 2.5899062380194664 6.671059459447861 0
    endloop
  endfacet
  facet normal 0 0 -1
    outer loop
      vertex -2.572893612086773 6.742696277797222 0
      vertex -2.557644158601761 6.814729034900665 0
      vertex 2.572893612086773 6.742696277797222 0
    endloop
  endfacet
  facet normal 0 0 -1
    outer loop
      vertex -2.557644158601761 6.814729034900665 0
      vertex -2.544167071580887 6.887114331126213 0
      vertex 2.557644158601761 6.814729034900665 0
    endloop
  endfacet
  facet normal 0 0 -1
    outer loop
      vertex -2.544167071580887 6.887114331126213 0
      vertex -2.5324704721570015 6.959808573126793 0
      vertex 2.544167071580887 6.887114331126213 0
    endloop
  endfacet
  facet normal 0 0 -1
    outer loop
      vertex -2.5324704721570015 6.959808573126793 0
      vertex -2.5225613936781883 7.032767973840237 0
      vertex 2.5324704721570015 6.959808573126793 0
    endloop
  endfacet
  facet normal 0 0 -1
    outer loop
      vertex -2.5225613936781883 7.032767973840237 0
      vertex -2.5144458189606667 7.105948582291603 0
      vertex 2.5225613936781883 7.032767973840237 0
    endloop
  endfacet
  facet normal 0 0 -1
    outer loop
      vertex -2.5144458189606667 7.105948582291603 0
      vertex -2.5081286281347275 7.17930630594492 0
      vertex 2.5144458189606667 7.105948582291603 0
    endloop
  endfacet
  facet normal -0.6055110641928494 0.7958368872702767 0
    outer loop
      vertex -3.712902083992958 4.990377403795719 0
      vertex -3.712902083992958 4.990377403795719 3
      vertex -3.654305227100849 5.034960716962814 3
    endloop
  endfacet
  facet normal -0.6248594929852721 0.7807372246961128 0
    outer loop
      vertex -3.654305227100849 5.034960716962814 0
      vertex -3.654305227100849 5.034960716962814 3
      vertex -3.596820145845413 5.080968640744686 3
    endloop
  endfacet
  facet normal -0.6438315313738673 0.7651672753122556 0
    outer loop
      vertex -3.596820145845413 5.080968640744686 0
      vertex -3.596820145845413 5.080968640744686 3
      vertex -3.5404814705252647 5.128373458981514 3
    endloop
  endfacet
  facet normal -0.6624157918795686 0.7491363818882141 0
    outer loop
      vertex -3.5404814705252647 5.128373458981514 0
      vertex -3.5404814705252647 5.128373458981514 3
      vertex -3.4853231385350227 5.1771466210484505 3
    endloop
  endfacet
  facet normal -0.6806009762964143 0.7326542916439974 0
    outer loop
      vertex -3.4853231385350227 5.1771466210484505 0
      vertex -3.4853231385350227 5.1771466210484505 3
      vertex -3.4313783645629883 5.227258749306202 3
    endloop
  endfacet
  facet normal -0.6983762471287002 0.7157308275088007 0
    outer loop
      vertex -3.4313783645629883 5.227258749306202 0
      vertex -3.4313783645629883 5.227258749306202 3
      vertex -3.3786796554923058 5.27867965400219 3
    endloop
  endfacet
  facet normal -0.7157308275088007 0.6983762471287002 0
    outer loop
      vertex -3.3786796554923058 5.27867965400219 0
      vertex -3.3786796554923058 5.27867965400219 3
      vertex -3.327258750796318 5.331378363072872 3
    endloop
  endfacet
  facet normal -0.7326542916439974 0.6806009762964143 0
    outer loop
      vertex -3.327258750796318 5.331378363072872 0
      vertex -3.327258750796318 5.331378363072872 3
      vertex -3.2771466225385666 5.385323137044907 3
    endloop
  endfacet
  facet normal -0.7491363818882141 0.6624157918795686 0
    outer loop
      vertex -3.2771466225385666 5.385323137044907 0
      vertex -3.2771466225385666 5.385323137044907 3
      vertex -3.22837346047163 5.440481469035149 3
    endloop
  endfacet
  facet normal -0.7651672753122556 0.6438315313738673 0
    outer loop
      vertex -3.22837346047163 5.440481469035149 0
      vertex -3.22837346047163 5.440481469035149 3
      vertex -3.1809686422348022 5.496820144355297 3
    endloop
  endfacet
  facet normal -0.7807372246961128 0.6248594929852721 0
    outer loop
      vertex -3.1809686422348022 5.496820144355297 0
      vertex -3.1809686422348022 5.496820144355297 3
      vertex -3.1349607184529305 5.554305225610733 3
    endloop
  endfacet
  facet normal -0.7958369243711365 0.605511015430347 0
    outer loop
      vertex -3.1349607184529305 5.554305225610733 0
      vertex -3.1349607184529305 5.554305225610733 3
      vertex -3.0903774052858353 5.6129020899534225 3
    endloop
  endfacet
  facet normal -0.810457209437934 0.5857978419814098 0
    outer loop
      vertex -3.0903774052858353 5.6129020899534225 0
      vertex -3.0903774052858353 5.6129020899534225 3
      vertex -3.0472455620765686 5.672575429081917 3
    endloop
  endfacet
  facet normal -0.8245892707810064 0.5657318574314585 0
    outer loop
      vertex -3.0472455620765686 5.672575429081917 0
      vertex -3.0472455620765686 5.672575429081917 3
      vertex -3.0055911615490913 5.733289301395416 3
    endloop
  endfacet
  facet normal -0.8382247125358401 0.5453249776914756 0
    outer loop
      vertex -3.0055911615490913 5.733289301395416 0
      vertex -3.0055911615490913 5.733289301395416 3
      vertex -2.9654393047094345 5.795007139444351 3
    endloop
  endfacet
  facet normal -0.8513551760595545 0.5245897103419062 0
    outer loop
      vertex -2.9654393047094345 5.795007139444351 0
      vertex -2.9654393047094345 5.795007139444351 3
      vertex -2.926814168691635 5.857691764831543 3
    endloop
  endfacet
  facet normal -0.8639728945722552 0.5035383177519254 0
    outer loop
      vertex -2.926814168691635 5.857691764831543 0
      vertex -2.926814168691635 5.857691764831543 3
      vertex -2.889739029109478 5.921305425465107 3
    endloop
  endfacet
  facet normal -0.8760700743891096 0.48218380806478783 0
    outer loop
      vertex -2.889739029109478 5.921305425465107 0
      vertex -2.889739029109478 5.921305425465107 3
      vertex -2.8542362079024315 5.985809788107872 3
    endloop
  endfacet
  facet normal -0.8876396205051986 0.46053871076098146 0
    outer loop
      vertex -2.8542362079024315 5.985809788107872 0
      vertex -2.8542362079024315 5.985809788107872 3
      vertex -2.8203270956873894 6.051166012883186 3
    endloop
  endfacet
  facet normal -0.8986744622232423 0.4386162456496182 0
    outer loop
      vertex -2.8203270956873894 6.051166012883186 0
      vertex -2.8203270956873894 6.051166012883186 3
      vertex -2.7880321219563484 6.117334716022015 3
    endloop
  endfacet
  facet normal -0.909167987131805 0.41642955127452475 0
    outer loop
      vertex -2.7880321219563484 6.117334716022015 0
      vertex -2.7880321219563484 6.117334716022015 3
      vertex -2.7573707327246666 6.184276059269905 3
    endloop
  endfacet
  facet normal -0.9191138691834996 0.39399199925193484 0
    outer loop
      vertex -2.7573707327246666 6.184276059269905 0
      vertex -2.7573707327246666 6.184276059269905 3
      vertex -2.7283614054322243 6.251949705183506 3
    endloop
  endfacet
  facet normal -0.9285060681263128 0.37131722482617907 0
    outer loop
      vertex -2.7283614054322243 6.251949705183506 0
      vertex -2.7283614054322243 6.251949705183506 3
      vertex -2.7010216042399406 6.320314891636372 3
    endloop
  endfacet
  facet normal -0.9373389964730794 0.3484187217857852 0
    outer loop
      vertex -2.7010216042399406 6.320314891636372 0
      vertex -2.7010216042399406 6.320314891636372 3
      vertex -2.6753678023815155 6.389330439269543 3
    endloop
  endfacet
  facet normal -0.9456073450481723 0.32531023499260936 0
    outer loop
      vertex -2.6753678023815155 6.389330439269543 0
      vertex -2.6753678023815155 6.389330439269543 3
      vertex -2.6514154598116875 6.458954781293869 3
    endloop
  endfacet
  facet normal -0.9533060367464833 0.3020059607072559 0
    outer loop
      vertex -2.6514154598116875 6.458954781293869 0
      vertex -2.6514154598116875 6.458954781293869 3
      vertex -2.6291789934039116 6.52914597094059 3
    endloop
  endfacet
  facet normal -0.9604305008677799 0.2785197533441126 0
    outer loop
      vertex -2.6291789934039116 6.52914597094059 0
      vertex -2.6291789934039116 6.52914597094059 3
      vertex -2.608671799302101 6.599861726164818 3
    endloop
  endfacet
  facet normal -0.9669764746076467 0.25486564608704565 0
    outer loop
      vertex -2.608671799302101 6.599861726164818 0
      vertex -2.608671799302101 6.599861726164818 3
      vertex -2.5899062380194664 6.671059459447861 3
    endloop
  endfacet
  facet normal -0.9729399656028757 0.23105805186722025 0
    outer loop
      vertex -2.5899062380194664 6.671059459447861 0
      vertex -2.5899062380194664 6.671059459447861 3
      vertex -2.572893612086773 6.742696277797222 3
    endloop
  endfacet
  facet normal -0.9783173657021118 0.2071113998931018 0
    outer loop
      vertex -2.572893612086773 6.742696277797222 0
      vertex -2.572893612086773 6.742696277797222 3
      vertex -2.557644158601761 6.814729034900665 3
    endloop
  endfacet
  facet normal -0.9831054832197744 0.18303991057475347 0
    outer loop
      vertex -2.557644158601761 6.814729034900665 0
      vertex -2.557644158601761 6.814729034900665 3
      vertex -2.544167071580887 6.887114331126213 3
    endloop
  endfacet
  facet normal -0.9873014248817249 0.15885810154510796 0
    outer loop
      vertex -2.544167071580887 6.887114331126213 0
      vertex -2.544167071580887 6.887114331126213 3
      vertex -2.5324704721570015 6.959808573126793 3
    endloop
  endfacet
  facet normal -0.9909026278623628 0.13458076421043141 0
    outer loop
      vertex -2.5324704721570015 6.959808573126793 0
      vertex -2.5324704721570015 6.959808573126793 3
      vertex -2.5225613936781883 7.032767973840237 3
    endloop
  endfacet
  facet normal -0.9939069728725332 0.11022218141262549 0
    outer loop
      vertex -2.5225613936781883 7.032767973840237 0
      vertex -2.5225613936781883 7.032767973840237 3
      vertex -2.5144458189606667 7.105948582291603 3
    endloop
  endfacet
  facet normal -0.9963126105930256 0.08579733080527817 0
    outer loop
      vertex -2.5144458189606667 7.105948582291603 0
      vertex -2.5144458189606667 7.105948582291603 3
      vertex -2.5081286281347275 7.17930630594492 3
    endloop
  endfacet
  facet normal -0.9981181121830343 0.06132074797469375 0
    outer loop
      vertex -2.5081286281347275 7.17930630594492 0
      vertex -2.503613628447056 7.252796977758408 3
      vertex -2.503613628447056 7.252796977758408 0
    endloop
  endfacet
  facet normal -0.999322387435966 0.03680714562800424 0
    outer loop
      vertex -2.503613628447056 7.252796977758408 0
      vertex -2.50090354681015 7.326376311480999 3
      vertex -2.50090354681015 7.326376311480999 0
    endloop
  endfacet
  facet normal -0.9999247013590394 0.012271577406179545 0
    outer loop
      vertex -2.50090354681015 7.326376311480999 0
      vertex -2.5 7.399999998509884 3
      vertex -2.5 7.399999998509884 0
    endloop
  endfacet
  facet normal -1 0 0
    outer loop
      vertex -2.5 7.399999998509884 0
      vertex -2.5 7.399999998509884 3
      vertex -2.5 27.624977029165862 0
    endloop
  endfacet
  facet normal 0 0 -1
    outer loop
      vertex -2.5081286281347275 7.17930630594492 0
      vertex -2.503613628447056 7.252796977758408 0
      vertex 2.5081286281347275 7.17930630594492 0
    endloop
  endfacet
  facet normal 0 0 -1
    outer loop
      vertex -2.503613628447056 7.252796977758408 0
      vertex -2.50090354681015 7.326376311480999 0
      vertex 2.503613628447056 7.252796977758408 0
    endloop
  endfacet
  facet normal 0 0 -1
    outer loop
      vertex -2.50090354681015 7.326376311480999 0
      vertex -2.5 7.399999998509884 0
      vertex 2.50090354681015 7.326376311480999 0
    endloop
  endfacet
  facet normal 0 0 -1
    outer loop
      vertex -2.5 7.399999998509884 0
      vertex -2.5 27.624977029165862 0
      vertex 2.5 7.399999998509884 0
    endloop
  endfacet
  facet normal -0.9981181121830343 0.06132074797469375 0
    outer loop
      vertex -2.5081286281347275 7.17930630594492 0
      vertex -2.5081286281347275 7.17930630594492 3
      vertex -2.503613628447056 7.252796977758408 3
    endloop
  endfacet
  facet normal -0.999322387435966 0.03680714562800424 0
    outer loop
      vertex -2.503613628447056 7.252796977758408 0
      vertex -2.503613628447056 7.252796977758408 3
      vertex -2.50090354681015 7.326376311480999 3
    endloop
  endfacet
  facet normal -0.9999247013590394 0.012271577406179545 0
    outer loop
      vertex -2.50090354681015 7.326376311480999 0
      vertex -2.50090354681015 7.326376311480999 3
      vertex -2.5 7.399999998509884 3
    endloop
  endfacet
  facet normal 0 1 0
    outer loop
      vertex -9 4.399999998509884 3
      vertex -5.5 4.399999998509884 6
      vertex -5.5 4.399999998509884 3
    endloop
  endfacet
  facet normal -0.012271577406179545 0.9999247013590394 0
    outer loop
      vertex -5.5 4.399999998509884 3
      vertex -5.426376312971115 4.400903545320034 6
      vertex -5.426376312971115 4.400903545320034 3
    endloop
  endfacet
  facet normal -0.03680724668144709 0.99932238371395 0
    outer loop
      vertex -5.426376312971115 4.400903545320034 3
      vertex -5.352796979248524 4.40361363440752 6
      vertex -5.352796979248524 4.40361363440752 3
    endloop
  endfacet
  facet normal -0.06132064716467091 0.9981181183764304 0
    outer loop
      vertex -5.352796979248524 4.40361363440752 3
      vertex -5.279306307435036 4.408128626644611 6
      vertex -5.279306307435036 4.408128626644611 3
    endloop
  endfacet
  facet normal -0.08579732215541457 0.9963126113379073 0
    outer loop
      vertex -5.279306307435036 4.408128626644611 3
      vertex -5.205948576331139 4.4144458174705505 6
      vertex -5.205948576331139 4.4144458174705505 3
    endloop
  endfacet
  facet normal -0.11022229245928265 0.9939069605576875 0
    outer loop
      vertex -5.205948576331139 4.4144458174705505 3
      vertex -5.132767975330353 4.422561399638653 6
      vertex -5.132767975330353 4.422561399638653 3
    endloop
  endfacet
  facet normal -0.13458066485266765 0.9909026413567652 0
    outer loop
      vertex -5.132767975330353 4.422561399638653 3
      vertex -5.059808574616909 4.432470470666885 6
      vertex -5.059808574616909 4.432470470666885 3
    endloop
  endfacet
  facet normal -0.15885810154510796 0.9873014248817249 0
    outer loop
      vertex -5.059808574616909 4.432470470666885 3
      vertex -4.987114332616329 4.444167070090771 6
      vertex -4.987114332616329 4.444167070090771 3
    endloop
  endfacet
  facet normal -0.18303991057475347 0.9831054832197744 0
    outer loop
      vertex -4.987114332616329 4.444167070090771 3
      vertex -4.914729036390781 4.457644157111645 6
      vertex -4.914729036390781 4.457644157111645 3
    endloop
  endfacet
  facet normal -0.2071113998931018 0.9783173657021118 0
    outer loop
      vertex -4.914729036390781 4.457644157111645 3
      vertex -4.842696279287338 4.472893610596657 6
      vertex -4.842696279287338 4.472893610596657 3
    endloop
  endfacet
  facet normal -0.23105814765540494 0.9729399428546723 0
    outer loop
      vertex -4.842696279287338 4.472893610596657 3
      vertex -4.771059460937977 4.489906243979931 6
      vertex -4.771059460937977 4.489906243979931 3
    endloop
  endfacet
  facet normal -0.25486564608704565 0.9669764746076467 0
    outer loop
      vertex -4.771059460937977 4.489906243979931 3
      vertex -4.699861727654934 4.508671805262566 6
      vertex -4.699861727654934 4.508671805262566 3
    endloop
  endfacet
  facet normal -0.2785196329349135 0.9604305357858012 0
    outer loop
      vertex -4.699861727654934 4.508671805262566 3
      vertex -4.629145964980125 4.5291789919137955 6
      vertex -4.629145964980125 4.5291789919137955 3
    endloop
  endfacet
  facet normal -0.3020059607072559 0.9533060367464833 0
    outer loop
      vertex -4.629145964980125 4.5291789919137955 3
      vertex -4.5589547753334045 4.551415458321571 6
      vertex -4.5589547753334045 4.551415458321571 3
    endloop
  endfacet
  facet normal -0.32531026612041125 0.9456073343395065 0
    outer loop
      vertex -4.5589547753334045 4.551415458321571 3
      vertex -4.489330440759659 4.575367800891399 6
      vertex -4.489330440759659 4.575367800891399 3
    endloop
  endfacet
  facet normal -0.3484187217857852 0.9373389964730794 0
    outer loop
      vertex -4.489330440759659 4.575367800891399 3
      vertex -4.420314893126488 4.6010216027498245 6
      vertex -4.420314893126488 4.6010216027498245 3
    endloop
  endfacet
  facet normal -0.3713171899386939 0.9285060820781047 0
    outer loop
      vertex -4.420314893126488 4.6010216027498245 3
      vertex -4.3519496992230415 4.628361403942108 6
      vertex -4.3519496992230415 4.628361403942108 3
    endloop
  endfacet
  facet normal -0.3939920358954072 0.9191138534757226 0
    outer loop
      vertex -4.3519496992230415 4.628361403942108 3
      vertex -4.284276060760021 4.6573707312345505 6
      vertex -4.284276060760021 4.6573707312345505 3
    endloop
  endfacet
  facet normal -0.41642955127452475 0.909167987131805 0
    outer loop
      vertex -4.284276060760021 4.6573707312345505 3
      vertex -4.217334717512131 4.688032120466232 6
      vertex -4.217334717512131 4.688032120466232 3
    endloop
  endfacet
  facet normal -0.4386162456496182 0.8986744622232423 0
    outer loop
      vertex -4.217334717512131 4.688032120466232 3
      vertex -4.1511660143733025 4.720327094197273 6
      vertex -4.1511660143733025 4.720327094197273 3
    endloop
  endfacet
  facet normal -0.46053871076098146 0.8876396205051986 0
    outer loop
      vertex -4.1511660143733025 4.720327094197273 3
      vertex -4.085809789597988 4.754236206412315 6
      vertex -4.085809789597988 4.754236206412315 3
    endloop
  endfacet
  facet normal -0.48218380806478783 0.8760700743891096 0
    outer loop
      vertex -4.085809789597988 4.754236206412315 3
      vertex -4.021305426955223 4.789739027619362 6
      vertex -4.021305426955223 4.789739027619362 3
    endloop
  endfacet
  facet normal -0.5035383177519254 0.8639728945722552 0
    outer loop
      vertex -4.021305426955223 4.789739027619362 3
      vertex -3.957691766321659 4.826814167201519 6
      vertex -3.957691766321659 4.826814167201519 3
    endloop
  endfacet
  facet normal -0.5245897103419062 0.8513551760595545 0
    outer loop
      vertex -3.957691766321659 4.826814167201519 3
      vertex -3.8950071409344673 4.865439303219318 6
      vertex -3.8950071409344673 4.865439303219318 3
    endloop
  endfacet
  facet normal -0.5453249776914756 0.8382247125358401 0
    outer loop
      vertex -3.8950071409344673 4.865439303219318 3
      vertex -3.8332893028855324 4.905591160058975 6
      vertex -3.8332893028855324 4.905591160058975 3
    endloop
  endfacet
  facet normal -0.5657318102264423 0.8245893031672874 0
    outer loop
      vertex -3.8332893028855324 4.905591160058975 3
      vertex -3.7725754231214523 4.9472455605864525 6
      vertex -3.7725754231214523 4.9472455605864525 3
    endloop
  endfacet
  facet normal -0.012271577406179545 0.9999247013590394 0
    outer loop
      vertex -5.5 4.399999998509884 3
      vertex -5.5 4.399999998509884 6
      vertex -5.426376312971115 4.400903545320034 6
    endloop
  endfacet
  facet normal -0.03680724668144709 0.99932238371395 0
    outer loop
      vertex -5.426376312971115 4.400903545320034 3
      vertex -5.426376312971115 4.400903545320034 6
      vertex -5.352796979248524 4.40361363440752 6
    endloop
  endfacet
  facet normal -0.06132064716467091 0.9981181183764304 0
    outer loop
      vertex -5.352796979248524 4.40361363440752 3
      vertex -5.352796979248524 4.40361363440752 6
      vertex -5.279306307435036 4.408128626644611 6
    endloop
  endfacet
  facet normal -0.08579732215541457 0.9963126113379073 0
    outer loop
      vertex -5.279306307435036 4.408128626644611 3
      vertex -5.279306307435036 4.408128626644611 6
      vertex -5.205948576331139 4.4144458174705505 6
    endloop
  endfacet
  facet normal -0.11022229245928265 0.9939069605576875 0
    outer loop
      vertex -5.205948576331139 4.4144458174705505 3
      vertex -5.205948576331139 4.4144458174705505 6
      vertex -5.132767975330353 4.422561399638653 6
    endloop
  endfacet
  facet normal -0.13458066485266765 0.9909026413567652 0
    outer loop
      vertex -5.132767975330353 4.422561399638653 3
      vertex -5.132767975330353 4.422561399638653 6
      vertex -5.059808574616909 4.432470470666885 6
    endloop
  endfacet
  facet normal -0.15885810154510796 0.9873014248817249 0
    outer loop
      vertex -5.059808574616909 4.432470470666885 3
      vertex -5.059808574616909 4.432470470666885 6
      vertex -4.987114332616329 4.444167070090771 6
    endloop
  endfacet
  facet normal -0.18303991057475347 0.9831054832197744 0
    outer loop
      vertex -4.987114332616329 4.444167070090771 3
      vertex -4.987114332616329 4.444167070090771 6
      vertex -4.914729036390781 4.457644157111645 6
    endloop
  endfacet
  facet normal -0.2071113998931018 0.9783173657021118 0
    outer loop
      vertex -4.914729036390781 4.457644157111645 3
      vertex -4.914729036390781 4.457644157111645 6
      vertex -4.842696279287338 4.472893610596657 6
    endloop
  endfacet
  facet normal -0.23105814765540494 0.9729399428546723 0
    outer loop
      vertex -4.842696279287338 4.472893610596657 3
      vertex -4.842696279287338 4.472893610596657 6
      vertex -4.771059460937977 4.489906243979931 6
    endloop
  endfacet
  facet normal -0.25486564608704565 0.9669764746076467 0
    outer loop
      vertex -4.771059460937977 4.489906243979931 3
      vertex -4.771059460937977 4.489906243979931 6
      vertex -4.699861727654934 4.508671805262566 6
    endloop
  endfacet
  facet normal -0.2785196329349135 0.9604305357858012 0
    outer loop
      vertex -4.699861727654934 4.508671805262566 3
      vertex -4.699861727654934 4.508671805262566 6
      vertex -4.629145964980125 4.5291789919137955 6
    endloop
  endfacet
  facet normal -0.3020059607072559 0.9533060367464833 0
    outer loop
      vertex -4.629145964980125 4.5291789919137955 3
      vertex -4.629145964980125 4.5291789919137955 6
      vertex -4.5589547753334045 4.551415458321571 6
    endloop
  endfacet
  facet normal -0.32531026612041125 0.9456073343395065 0
    outer loop
      vertex -4.5589547753334045 4.551415458321571 3
      vertex -4.5589547753334045 4.551415458321571 6
      vertex -4.489330440759659 4.575367800891399 6
    endloop
  endfacet
  facet normal -0.3484187217857852 0.9373389964730794 0
    outer loop
      vertex -4.489330440759659 4.575367800891399 3
      vertex -4.489330440759659 4.575367800891399 6
      vertex -4.420314893126488 4.6010216027498245 6
    endloop
  endfacet
  facet normal -0.3713171899386939 0.9285060820781047 0
    outer loop
      vertex -4.420314893126488 4.6010216027498245 3
      vertex -4.420314893126488 4.6010216027498245 6
      vertex -4.3519496992230415 4.628361403942108 6
    endloop
  endfacet
  facet normal -0.3939920358954072 0.9191138534757226 0
    outer loop
      vertex -4.3519496992230415 4.628361403942108 3
      vertex -4.3519496992230415 4.628361403942108 6
      vertex -4.284276060760021 4.6573707312345505 6
    endloop
  endfacet
  facet normal -0.41642955127452475 0.909167987131805 0
    outer loop
      vertex -4.284276060760021 4.6573707312345505 3
      vertex -4.284276060760021 4.6573707312345505 6
      vertex -4.217334717512131 4.688032120466232 6
    endloop
  endfacet
  facet normal -0.4386162456496182 0.8986744622232423 0
    outer loop
      vertex -4.217334717512131 4.688032120466232 3
      vertex -4.217334717512131 4.688032120466232 6
      vertex -4.1511660143733025 4.720327094197273 6
    endloop
  endfacet
  facet normal -0.46053871076098146 0.8876396205051986 0
    outer loop
      vertex -4.1511660143733025 4.720327094197273 3
      vertex -4.1511660143733025 4.720327094197273 6
      vertex -4.085809789597988 4.754236206412315 6
    endloop
  endfacet
  facet normal -0.48218380806478783 0.8760700743891096 0
    outer loop
      vertex -4.085809789597988 4.754236206412315 3
      vertex -4.085809789597988 4.754236206412315 6
      vertex -4.021305426955223 4.789739027619362 6
    endloop
  endfacet
  facet normal -0.5035383177519254 0.8639728945722552 0
    outer loop
      vertex -4.021305426955223 4.789739027619362 3
      vertex -4.021305426955223 4.789739027619362 6
      vertex -3.957691766321659 4.826814167201519 6
    endloop
  endfacet
  facet normal -0.5245897103419062 0.8513551760595545 0
    outer loop
      vertex -3.957691766321659 4.826814167201519 3
      vertex -3.957691766321659 4.826814167201519 6
      vertex -3.8950071409344673 4.865439303219318 6
    endloop
  endfacet
  facet normal -0.5453249776914756 0.8382247125358401 0
    outer loop
      vertex -3.8950071409344673 4.865439303219318 3
      vertex -3.8950071409344673 4.865439303219318 6
      vertex -3.8332893028855324 4.905591160058975 6
    endloop
  endfacet
  facet normal -0.5657318102264423 0.8245893031672874 0
    outer loop
      vertex -3.8332893028855324 4.905591160058975 3
      vertex -3.8332893028855324 4.905591160058975 6
      vertex -3.7725754231214523 4.9472455605864525 6
    endloop
  endfacet
  facet normal -0.5857978419814098 0.810457209437934 0
    outer loop
      vertex -3.7725754231214523 4.9472455605864525 3
      vertex -3.7725754231214523 4.9472455605864525 6
      vertex -3.712902083992958 4.990377403795719 6
    endloop
  endfacet
  facet normal 0 -1 0
    outer loop
      vertex -9 0 3
      vertex 9 0 3
      vertex -9 0 6
    endloop
  endfacet
  facet normal -0.5857978419814098 0.810457209437934 0
    outer loop
      vertex -3.7725754231214523 4.9472455605864525 3
      vertex -3.712902083992958 4.990377403795719 6
      vertex -3.712902083992958 4.990377403795719 3
    endloop
  endfacet
  facet normal -0.6055110641928494 0.7958368872702767 0
    outer loop
      vertex -3.712902083992958 4.990377403795719 3
      vertex -3.654305227100849 5.034960716962814 6
      vertex -3.654305227100849 5.034960716962814 3
    endloop
  endfacet
  facet normal -0.6248594929852721 0.7807372246961128 0
    outer loop
      vertex -3.654305227100849 5.034960716962814 3
      vertex -3.596820145845413 5.080968640744686 6
      vertex -3.596820145845413 5.080968640744686 3
    endloop
  endfacet
  facet normal -0.6438315313738673 0.7651672753122556 0
    outer loop
      vertex -3.596820145845413 5.080968640744686 3
      vertex -3.5404814705252647 5.128373458981514 6
      vertex -3.5404814705252647 5.128373458981514 3
    endloop
  endfacet
  facet normal -0.6624157918795686 0.7491363818882141 0
    outer loop
      vertex -3.5404814705252647 5.128373458981514 3
      vertex -3.4853231385350227 5.1771466210484505 6
      vertex -3.4853231385350227 5.1771466210484505 3
    endloop
  endfacet
  facet normal -0.6806009762964143 0.7326542916439974 0
    outer loop
      vertex -3.4853231385350227 5.1771466210484505 3
      vertex -3.4313783645629883 5.227258749306202 6
      vertex -3.4313783645629883 5.227258749306202 3
    endloop
  endfacet
  facet normal -0.6983762471287002 0.7157308275088007 0
    outer loop
      vertex -3.4313783645629883 5.227258749306202 3
      vertex -3.3786796554923058 5.27867965400219 6
      vertex -3.3786796554923058 5.27867965400219 3
    endloop
  endfacet
  facet normal -0.7157308275088007 0.6983762471287002 0
    outer loop
      vertex -3.3786796554923058 5.27867965400219 3
      vertex -3.327258750796318 5.331378363072872 6
      vertex -3.327258750796318 5.331378363072872 3
    endloop
  endfacet
  facet normal -0.7326542916439974 0.6806009762964143 0
    outer loop
      vertex -3.327258750796318 5.331378363072872 3
      vertex -3.2771466225385666 5.385323137044907 6
      vertex -3.2771466225385666 5.385323137044907 3
    endloop
  endfacet
  facet normal -0.7491363818882141 0.6624157918795686 0
    outer loop
      vertex -3.2771466225385666 5.385323137044907 3
      vertex -3.22837346047163 5.440481469035149 6
      vertex -3.22837346047163 5.440481469035149 3
    endloop
  endfacet
  facet normal -0.7651672753122556 0.6438315313738673 0
    outer loop
      vertex -3.22837346047163 5.440481469035149 3
      vertex -3.1809686422348022 5.496820144355297 6
      vertex -3.1809686422348022 5.496820144355297 3
    endloop
  endfacet
  facet normal -0.7807372246961128 0.6248594929852721 0
    outer loop
      vertex -3.1809686422348022 5.496820144355297 3
      vertex -3.1349607184529305 5.554305225610733 6
      vertex -3.1349607184529305 5.554305225610733 3
    endloop
  endfacet
  facet normal -0.7958369243711365 0.605511015430347 0
    outer loop
      vertex -3.1349607184529305 5.554305225610733 3
      vertex -3.0903774052858353 5.6129020899534225 6
      vertex -3.0903774052858353 5.6129020899534225 3
    endloop
  endfacet
  facet normal -0.810457209437934 0.5857978419814098 0
    outer loop
      vertex -3.0903774052858353 5.6129020899534225 3
      vertex -3.0472455620765686 5.672575429081917 6
      vertex -3.0472455620765686 5.672575429081917 3
    endloop
  endfacet
  facet normal -0.8245892707810064 0.5657318574314585 0
    outer loop
      vertex -3.0472455620765686 5.672575429081917 3
      vertex -3.0055911615490913 5.733289301395416 6
      vertex -3.0055911615490913 5.733289301395416 3
    endloop
  endfacet
  facet normal -0.8382247125358401 0.5453249776914756 0
    outer loop
      vertex -3.0055911615490913 5.733289301395416 3
      vertex -2.9654393047094345 5.795007139444351 6
      vertex -2.9654393047094345 5.795007139444351 3
    endloop
  endfacet
  facet normal -0.8513551760595545 0.5245897103419062 0
    outer loop
      vertex -2.9654393047094345 5.795007139444351 3
      vertex -2.926814168691635 5.857691764831543 6
      vertex -2.926814168691635 5.857691764831543 3
    endloop
  endfacet
  facet normal -0.8639728945722552 0.5035383177519254 0
    outer loop
      vertex -2.926814168691635 5.857691764831543 3
      vertex -2.889739029109478 5.921305425465107 6
      vertex -2.889739029109478 5.921305425465107 3
    endloop
  endfacet
  facet normal -0.8760700743891096 0.48218380806478783 0
    outer loop
      vertex -2.889739029109478 5.921305425465107 3
      vertex -2.8542362079024315 5.985809788107872 6
      vertex -2.8542362079024315 5.985809788107872 3
    endloop
  endfacet
  facet normal -0.8876396205051986 0.46053871076098146 0
    outer loop
      vertex -2.8542362079024315 5.985809788107872 3
      vertex -2.8203270956873894 6.051166012883186 6
      vertex -2.8203270956873894 6.051166012883186 3
    endloop
  endfacet
  facet normal -0.8986744622232423 0.4386162456496182 0
    outer loop
      vertex -2.8203270956873894 6.051166012883186 3
      vertex -2.7880321219563484 6.117334716022015 6
      vertex -2.7880321219563484 6.117334716022015 3
    endloop
  endfacet
  facet normal -0.909167987131805 0.41642955127452475 0
    outer loop
      vertex -2.7880321219563484 6.117334716022015 3
      vertex -2.7573707327246666 6.184276059269905 6
      vertex -2.7573707327246666 6.184276059269905 3
    endloop
  endfacet
  facet normal -0.9191138691834996 0.39399199925193484 0
    outer loop
      vertex -2.7573707327246666 6.184276059269905 3
      vertex -2.7283614054322243 6.251949705183506 6
      vertex -2.7283614054322243 6.251949705183506 3
    endloop
  endfacet
  facet normal -0.9285060681263128 0.37131722482617907 0
    outer loop
      vertex -2.7283614054322243 6.251949705183506 3
      vertex -2.7010216042399406 6.320314891636372 6
      vertex -2.7010216042399406 6.320314891636372 3
    endloop
  endfacet
  facet normal -0.9373389964730794 0.3484187217857852 0
    outer loop
      vertex -2.7010216042399406 6.320314891636372 3
      vertex -2.6753678023815155 6.389330439269543 6
      vertex -2.6753678023815155 6.389330439269543 3
    endloop
  endfacet
  facet normal -0.9456073450481723 0.32531023499260936 0
    outer loop
      vertex -2.6753678023815155 6.389330439269543 3
      vertex -2.6514154598116875 6.458954781293869 6
      vertex -2.6514154598116875 6.458954781293869 3
    endloop
  endfacet
  facet normal -0.9533060367464833 0.3020059607072559 0
    outer loop
      vertex -2.6514154598116875 6.458954781293869 3
      vertex -2.6291789934039116 6.52914597094059 6
      vertex -2.6291789934039116 6.52914597094059 3
    endloop
  endfacet
  facet normal -0.9604305008677799 0.2785197533441126 0
    outer loop
      vertex -2.6291789934039116 6.52914597094059 3
      vertex -2.608671799302101 6.599861726164818 6
      vertex -2.608671799302101 6.599861726164818 3
    endloop
  endfacet
  facet normal -0.9669764746076467 0.25486564608704565 0
    outer loop
      vertex -2.608671799302101 6.599861726164818 3
      vertex -2.5899062380194664 6.671059459447861 6
      vertex -2.5899062380194664 6.671059459447861 3
    endloop
  endfacet
  facet normal -0.9729399656028757 0.23105805186722025 0
    outer loop
      vertex -2.5899062380194664 6.671059459447861 3
      vertex -2.572893612086773 6.742696277797222 6
      vertex -2.572893612086773 6.742696277797222 3
    endloop
  endfacet
  facet normal -0.9783173657021118 0.2071113998931018 0
    outer loop
      vertex -2.572893612086773 6.742696277797222 3
      vertex -2.557644158601761 6.814729034900665 6
      vertex -2.557644158601761 6.814729034900665 3
    endloop
  endfacet
  facet normal -0.9831054832197744 0.18303991057475347 0
    outer loop
      vertex -2.557644158601761 6.814729034900665 3
      vertex -2.544167071580887 6.887114331126213 6
      vertex -2.544167071580887 6.887114331126213 3
    endloop
  endfacet
  facet normal -0.9873014248817249 0.15885810154510796 0
    outer loop
      vertex -2.544167071580887 6.887114331126213 3
      vertex -2.5324704721570015 6.959808573126793 6
      vertex -2.5324704721570015 6.959808573126793 3
    endloop
  endfacet
  facet normal -0.9909026278623628 0.13458076421043141 0
    outer loop
      vertex -2.5324704721570015 6.959808573126793 3
      vertex -2.5225613936781883 7.032767973840237 6
      vertex -2.5225613936781883 7.032767973840237 3
    endloop
  endfacet
  facet normal -0.9939069728725332 0.11022218141262549 0
    outer loop
      vertex -2.5225613936781883 7.032767973840237 3
      vertex -2.5144458189606667 7.105948582291603 6
      vertex -2.5144458189606667 7.105948582291603 3
    endloop
  endfacet
  facet normal -0.9963126105930256 0.08579733080527817 0
    outer loop
      vertex -2.5144458189606667 7.105948582291603 3
      vertex -2.5081286281347275 7.17930630594492 6
      vertex -2.5081286281347275 7.17930630594492 3
    endloop
  endfacet
  facet normal -0.6055110641928494 0.7958368872702767 0
    outer loop
      vertex -3.712902083992958 4.990377403795719 3
      vertex -3.712902083992958 4.990377403795719 6
      vertex -3.654305227100849 5.034960716962814 6
    endloop
  endfacet
  facet normal -0.6248594929852721 0.7807372246961128 0
    outer loop
      vertex -3.654305227100849 5.034960716962814 3
      vertex -3.654305227100849 5.034960716962814 6
      vertex -3.596820145845413 5.080968640744686 6
    endloop
  endfacet
  facet normal -0.6438315313738673 0.7651672753122556 0
    outer loop
      vertex -3.596820145845413 5.080968640744686 3
      vertex -3.596820145845413 5.080968640744686 6
      vertex -3.5404814705252647 5.128373458981514 6
    endloop
  endfacet
  facet normal -0.6624157918795686 0.7491363818882141 0
    outer loop
      vertex -3.5404814705252647 5.128373458981514 3
      vertex -3.5404814705252647 5.128373458981514 6
      vertex -3.4853231385350227 5.1771466210484505 6
    endloop
  endfacet
  facet normal -0.6806009762964143 0.7326542916439974 0
    outer loop
      vertex -3.4853231385350227 5.1771466210484505 3
      vertex -3.4853231385350227 5.1771466210484505 6
      vertex -3.4313783645629883 5.227258749306202 6
    endloop
  endfacet
  facet normal -0.6983762471287002 0.7157308275088007 0
    outer loop
      vertex -3.4313783645629883 5.227258749306202 3
      vertex -3.4313783645629883 5.227258749306202 6
      vertex -3.3786796554923058 5.27867965400219 6
    endloop
  endfacet
  facet normal -0.7157308275088007 0.6983762471287002 0
    outer loop
      vertex -3.3786796554923058 5.27867965400219 3
      vertex -3.3786796554923058 5.27867965400219 6
      vertex -3.327258750796318 5.331378363072872 6
    endloop
  endfacet
  facet normal -0.7326542916439974 0.6806009762964143 0
    outer loop
      vertex -3.327258750796318 5.331378363072872 3
      vertex -3.327258750796318 5.331378363072872 6
      vertex -3.2771466225385666 5.385323137044907 6
    endloop
  endfacet
  facet normal -0.7491363818882141 0.6624157918795686 0
    outer loop
      vertex -3.2771466225385666 5.385323137044907 3
      vertex -3.2771466225385666 5.385323137044907 6
      vertex -3.22837346047163 5.440481469035149 6
    endloop
  endfacet
  facet normal -0.7651672753122556 0.6438315313738673 0
    outer loop
      vertex -3.22837346047163 5.440481469035149 3
      vertex -3.22837346047163 5.440481469035149 6
      vertex -3.1809686422348022 5.496820144355297 6
    endloop
  endfacet
  facet normal -0.7807372246961128 0.6248594929852721 0
    outer loop
      vertex -3.1809686422348022 5.496820144355297 3
      vertex -3.1809686422348022 5.496820144355297 6
      vertex -3.1349607184529305 5.554305225610733 6
    endloop
  endfacet
  facet normal -0.7958369243711365 0.605511015430347 0
    outer loop
      vertex -3.1349607184529305 5.554305225610733 3
      vertex -3.1349607184529305 5.554305225610733 6
      vertex -3.0903774052858353 5.6129020899534225 6
    endloop
  endfacet
  facet normal -0.810457209437934 0.5857978419814098 0
    outer loop
      vertex -3.0903774052858353 5.6129020899534225 3
      vertex -3.0903774052858353 5.6129020899534225 6
      vertex -3.0472455620765686 5.672575429081917 6
    endloop
  endfacet
  facet normal -0.8245892707810064 0.5657318574314585 0
    outer loop
      vertex -3.0472455620765686 5.672575429081917 3
      vertex -3.0472455620765686 5.672575429081917 6
      vertex -3.0055911615490913 5.733289301395416 6
    endloop
  endfacet
  facet normal -0.8382247125358401 0.5453249776914756 0
    outer loop
      vertex -3.0055911615490913 5.733289301395416 3
      vertex -3.0055911615490913 5.733289301395416 6
      vertex -2.9654393047094345 5.795007139444351 6
    endloop
  endfacet
  facet normal -0.8513551760595545 0.5245897103419062 0
    outer loop
      vertex -2.9654393047094345 5.795007139444351 3
      vertex -2.9654393047094345 5.795007139444351 6
      vertex -2.926814168691635 5.857691764831543 6
    endloop
  endfacet
  facet normal -0.8639728945722552 0.5035383177519254 0
    outer loop
      vertex -2.926814168691635 5.857691764831543 3
      vertex -2.926814168691635 5.857691764831543 6
      vertex -2.889739029109478 5.921305425465107 6
    endloop
  endfacet
  facet normal -0.8760700743891096 0.48218380806478783 0
    outer loop
      vertex -2.889739029109478 5.921305425465107 3
      vertex -2.889739029109478 5.921305425465107 6
      vertex -2.8542362079024315 5.985809788107872 6
    endloop
  endfacet
  facet normal -0.8876396205051986 0.46053871076098146 0
    outer loop
      vertex -2.8542362079024315 5.985809788107872 3
      vertex -2.8542362079024315 5.985809788107872 6
      vertex -2.8203270956873894 6.051166012883186 6
    endloop
  endfacet
  facet normal -0.8986744622232423 0.4386162456496182 0
    outer loop
      vertex -2.8203270956873894 6.051166012883186 3
      vertex -2.8203270956873894 6.051166012883186 6
      vertex -2.7880321219563484 6.117334716022015 6
    endloop
  endfacet
  facet normal -0.909167987131805 0.41642955127452475 0
    outer loop
      vertex -2.7880321219563484 6.117334716022015 3
      vertex -2.7880321219563484 6.117334716022015 6
      vertex -2.7573707327246666 6.184276059269905 6
    endloop
  endfacet
  facet normal -0.9191138691834996 0.39399199925193484 0
    outer loop
      vertex -2.7573707327246666 6.184276059269905 3
      vertex -2.7573707327246666 6.184276059269905 6
      vertex -2.7283614054322243 6.251949705183506 6
    endloop
  endfacet
  facet normal -0.9285060681263128 0.37131722482617907 0
    outer loop
      vertex -2.7283614054322243 6.251949705183506 3
      vertex -2.7283614054322243 6.251949705183506 6
      vertex -2.7010216042399406 6.320314891636372 6
    endloop
  endfacet
  facet normal -0.9373389964730794 0.3484187217857852 0
    outer loop
      vertex -2.7010216042399406 6.320314891636372 3
      vertex -2.7010216042399406 6.320314891636372 6
      vertex -2.6753678023815155 6.389330439269543 6
    endloop
  endfacet
  facet normal -0.9456073450481723 0.32531023499260936 0
    outer loop
      vertex -2.6753678023815155 6.389330439269543 3
      vertex -2.6753678023815155 6.389330439269543 6
      vertex -2.6514154598116875 6.458954781293869 6
    endloop
  endfacet
  facet normal -0.9533060367464833 0.3020059607072559 0
    outer loop
      vertex -2.6514154598116875 6.458954781293869 3
      vertex -2.6514154598116875 6.458954781293869 6
      vertex -2.6291789934039116 6.52914597094059 6
    endloop
  endfacet
  facet normal -0.9604305008677799 0.2785197533441126 0
    outer loop
      vertex -2.6291789934039116 6.52914597094059 3
      vertex -2.6291789934039116 6.52914597094059 6
      vertex -2.608671799302101 6.599861726164818 6
    endloop
  endfacet
  facet normal -0.9669764746076467 0.25486564608704565 0
    outer loop
      vertex -2.608671799302101 6.599861726164818 3
      vertex -2.608671799302101 6.599861726164818 6
      vertex -2.5899062380194664 6.671059459447861 6
    endloop
  endfacet
  facet normal -0.9729399656028757 0.23105805186722025 0
    outer loop
      vertex -2.5899062380194664 6.671059459447861 3
      vertex -2.5899062380194664 6.671059459447861 6
      vertex -2.572893612086773 6.742696277797222 6
    endloop
  endfacet
  facet normal -0.9783173657021118 0.2071113998931018 0
    outer loop
      vertex -2.572893612086773 6.742696277797222 3
      vertex -2.572893612086773 6.742696277797222 6
      vertex -2.557644158601761 6.814729034900665 6
    endloop
  endfacet
  facet normal -0.9831054832197744 0.18303991057475347 0
    outer loop
      vertex -2.557644158601761 6.814729034900665 3
      vertex -2.557644158601761 6.814729034900665 6
      vertex -2.544167071580887 6.887114331126213 6
    endloop
  endfacet
  facet normal -0.9873014248817249 0.15885810154510796 0
    outer loop
      vertex -2.544167071580887 6.887114331126213 3
      vertex -2.544167071580887 6.887114331126213 6
      vertex -2.5324704721570015 6.959808573126793 6
    endloop
  endfacet
  facet normal -0.9909026278623628 0.13458076421043141 0
    outer loop
      vertex -2.5324704721570015 6.959808573126793 3
      vertex -2.5324704721570015 6.959808573126793 6
      vertex -2.5225613936781883 7.032767973840237 6
    endloop
  endfacet
  facet normal -0.9939069728725332 0.11022218141262549 0
    outer loop
      vertex -2.5225613936781883 7.032767973840237 3
      vertex -2.5225613936781883 7.032767973840237 6
      vertex -2.5144458189606667 7.105948582291603 6
    endloop
  endfacet
  facet normal -0.9963126105930256 0.08579733080527817 0
    outer loop
      vertex -2.5144458189606667 7.105948582291603 3
      vertex -2.5144458189606667 7.105948582291603 6
      vertex -2.5081286281347275 7.17930630594492 6
    endloop
  endfacet
  facet normal -0.9981181121830343 0.06132074797469375 0
    outer loop
      vertex -2.5081286281347275 7.17930630594492 3
      vertex -2.503613628447056 7.252796977758408 6
      vertex -2.503613628447056 7.252796977758408 3
    endloop
  endfacet
  facet normal -0.999322387435966 0.03680714562800424 0
    outer loop
      vertex -2.503613628447056 7.252796977758408 3
      vertex -2.50090354681015 7.326376311480999 6
      vertex -2.50090354681015 7.326376311480999 3
    endloop
  endfacet
  facet normal -0.9999247013590394 0.012271577406179545 0
    outer loop
      vertex -2.50090354681015 7.326376311480999 3
      vertex -2.5 7.399999998509884 6
      vertex -2.5 7.399999998509884 3
    endloop
  endfacet
  facet normal -1 0 0
    outer loop
      vertex -2.5 7.399999998509884 3
      vertex -2.5 7.399999998509884 6
      vertex -2.5 27.624977029165862 0
    endloop
  endfacet
  facet normal -0.9981181121830343 0.06132074797469375 0
    outer loop
      vertex -2.5081286281347275 7.17930630594492 3
      vertex -2.5081286281347275 7.17930630594492 6
      vertex -2.503613628447056 7.252796977758408 6
    endloop
  endfacet
  facet normal -0.999322387435966 0.03680714562800424 0
    outer loop
      vertex -2.503613628447056 7.252796977758408 3
      vertex -2.503613628447056 7.252796977758408 6
      vertex -2.50090354681015 7.326376311480999 6
    endloop
  endfacet
  facet normal -0.9999247013590394 0.012271577406179545 0
    outer loop
      vertex -2.50090354681015 7.326376311480999 3
      vertex -2.50090354681015 7.326376311480999 6
      vertex -2.5 7.399999998509884 6
    endloop
  endfacet
  facet normal -1 0 0
    outer loop
      vertex -2.5 7.399999998509884 6
      vertex -2.5 7.399999998509884 9
      vertex -2.5 27.624977029165862 0
    endloop
  endfacet
  facet normal 0 0 -1
    outer loop
      vertex -2.5 27.624977029165862 0
      vertex -2.5 29.399999998509884 0
      vertex 2.5 7.399999998509884 0
    endloop
  endfacet
  facet normal -1 0 0
    outer loop
      vertex -9 0 6
      vertex -9 4.399999998509884 9
      vertex -9 4.399999998509884 6
    endloop
  endfacet
  facet normal -1 0 0
    outer loop
      vertex -9 0 6
      vertex -9 0 9
      vertex -9 4.399999998509884 9
    endloop
  endfacet
  facet normal 0 1 0
    outer loop
      vertex -9 4.399999998509884 6
      vertex -9 4.399999998509884 9
      vertex -5.5 4.399999998509884 9
    endloop
  endfacet
  facet normal -1 0 0
    outer loop
      vertex -9 0 9
      vertex -9 4.399999998509884 12
      vertex -9 4.399999998509884 9
    endloop
  endfacet
  facet normal -1 0 0
    outer loop
      vertex -9 0 9
      vertex -9 0 12
      vertex -9 4.399999998509884 12
    endloop
  endfacet
  facet normal 0 0 1
    outer loop
      vertex -9 0 12
      vertex -5.5 4.399999998509884 12
      vertex -9 4.399999998509884 12
    endloop
  endfacet
  facet normal 0 1 0
    outer loop
      vertex -9 4.399999998509884 9
      vertex -9 4.399999998509884 12
      vertex -5.5 4.399999998509884 12
    endloop
  endfacet
  facet normal 0 1 0
    outer loop
      vertex -9 4.399999998509884 6
      vertex -5.5 4.399999998509884 9
      vertex -5.5 4.399999998509884 6
    endloop
  endfacet
  facet normal -0.012271577406179545 0.9999247013590394 0
    outer loop
      vertex -5.5 4.399999998509884 6
      vertex -5.426376312971115 4.400903545320034 9
      vertex -5.426376312971115 4.400903545320034 6
    endloop
  endfacet
  facet normal -0.03680724668144709 0.99932238371395 0
    outer loop
      vertex -5.426376312971115 4.400903545320034 6
      vertex -5.352796979248524 4.40361363440752 9
      vertex -5.352796979248524 4.40361363440752 6
    endloop
  endfacet
  facet normal -0.06132064716467091 0.9981181183764304 0
    outer loop
      vertex -5.352796979248524 4.40361363440752 6
      vertex -5.279306307435036 4.408128626644611 9
      vertex -5.279306307435036 4.408128626644611 6
    endloop
  endfacet
  facet normal -0.08579732215541457 0.9963126113379073 0
    outer loop
      vertex -5.279306307435036 4.408128626644611 6
      vertex -5.205948576331139 4.4144458174705505 9
      vertex -5.205948576331139 4.4144458174705505 6
    endloop
  endfacet
  facet normal -0.11022229245928265 0.9939069605576875 0
    outer loop
      vertex -5.205948576331139 4.4144458174705505 6
      vertex -5.132767975330353 4.422561399638653 9
      vertex -5.132767975330353 4.422561399638653 6
    endloop
  endfacet
  facet normal -0.13458066485266765 0.9909026413567652 0
    outer loop
      vertex -5.132767975330353 4.422561399638653 6
      vertex -5.059808574616909 4.432470470666885 9
      vertex -5.059808574616909 4.432470470666885 6
    endloop
  endfacet
  facet normal -0.15885810154510796 0.9873014248817249 0
    outer loop
      vertex -5.059808574616909 4.432470470666885 6
      vertex -4.987114332616329 4.444167070090771 9
      vertex -4.987114332616329 4.444167070090771 6
    endloop
  endfacet
  facet normal -0.18303991057475347 0.9831054832197744 0
    outer loop
      vertex -4.987114332616329 4.444167070090771 6
      vertex -4.914729036390781 4.457644157111645 9
      vertex -4.914729036390781 4.457644157111645 6
    endloop
  endfacet
  facet normal -0.2071113998931018 0.9783173657021118 0
    outer loop
      vertex -4.914729036390781 4.457644157111645 6
      vertex -4.842696279287338 4.472893610596657 9
      vertex -4.842696279287338 4.472893610596657 6
    endloop
  endfacet
  facet normal -0.23105814765540494 0.9729399428546723 0
    outer loop
      vertex -4.842696279287338 4.472893610596657 6
      vertex -4.771059460937977 4.489906243979931 9
      vertex -4.771059460937977 4.489906243979931 6
    endloop
  endfacet
  facet normal -0.25486564608704565 0.9669764746076467 0
    outer loop
      vertex -4.771059460937977 4.489906243979931 6
      vertex -4.699861727654934 4.508671805262566 9
      vertex -4.699861727654934 4.508671805262566 6
    endloop
  endfacet
  facet normal -0.2785196329349135 0.9604305357858012 0
    outer loop
      vertex -4.699861727654934 4.508671805262566 6
      vertex -4.629145964980125 4.5291789919137955 9
      vertex -4.629145964980125 4.5291789919137955 6
    endloop
  endfacet
  facet normal -0.3020059607072559 0.9533060367464833 0
    outer loop
      vertex -4.629145964980125 4.5291789919137955 6
      vertex -4.5589547753334045 4.551415458321571 9
      vertex -4.5589547753334045 4.551415458321571 6
    endloop
  endfacet
  facet normal -0.32531026612041125 0.9456073343395065 0
    outer loop
      vertex -4.5589547753334045 4.551415458321571 6
      vertex -4.489330440759659 4.575367800891399 9
      vertex -4.489330440759659 4.575367800891399 6
    endloop
  endfacet
  facet normal -0.3484187217857852 0.9373389964730794 0
    outer loop
      vertex -4.489330440759659 4.575367800891399 6
      vertex -4.420314893126488 4.6010216027498245 9
      vertex -4.420314893126488 4.6010216027498245 6
    endloop
  endfacet
  facet normal -0.3713171899386939 0.9285060820781047 0
    outer loop
      vertex -4.420314893126488 4.6010216027498245 6
      vertex -4.3519496992230415 4.628361403942108 9
      vertex -4.3519496992230415 4.628361403942108 6
    endloop
  endfacet
  facet normal -0.3939920358954072 0.9191138534757226 0
    outer loop
      vertex -4.3519496992230415 4.628361403942108 6
      vertex -4.284276060760021 4.6573707312345505 9
      vertex -4.284276060760021 4.6573707312345505 6
    endloop
  endfacet
  facet normal -0.41642955127452475 0.909167987131805 0
    outer loop
      vertex -4.284276060760021 4.6573707312345505 6
      vertex -4.217334717512131 4.688032120466232 9
      vertex -4.217334717512131 4.688032120466232 6
    endloop
  endfacet
  facet normal -0.4386162456496182 0.8986744622232423 0
    outer loop
      vertex -4.217334717512131 4.688032120466232 6
      vertex -4.1511660143733025 4.720327094197273 9
      vertex -4.1511660143733025 4.720327094197273 6
    endloop
  endfacet
  facet normal -0.46053871076098146 0.8876396205051986 0
    outer loop
      vertex -4.1511660143733025 4.720327094197273 6
      vertex -4.085809789597988 4.754236206412315 9
      vertex -4.085809789597988 4.754236206412315 6
    endloop
  endfacet
  facet normal -0.48218380806478783 0.8760700743891096 0
    outer loop
      vertex -4.085809789597988 4.754236206412315 6
      vertex -4.021305426955223 4.789739027619362 9
      vertex -4.021305426955223 4.789739027619362 6
    endloop
  endfacet
  facet normal -0.5035383177519254 0.8639728945722552 0
    outer loop
      vertex -4.021305426955223 4.789739027619362 6
      vertex -3.957691766321659 4.826814167201519 9
      vertex -3.957691766321659 4.826814167201519 6
    endloop
  endfacet
  facet normal -0.5245897103419062 0.8513551760595545 0
    outer loop
      vertex -3.957691766321659 4.826814167201519 6
      vertex -3.8950071409344673 4.865439303219318 9
      vertex -3.8950071409344673 4.865439303219318 6
    endloop
  endfacet
  facet normal -0.5453249776914756 0.8382247125358401 0
    outer loop
      vertex -3.8950071409344673 4.865439303219318 6
      vertex -3.8332893028855324 4.905591160058975 9
      vertex -3.8332893028855324 4.905591160058975 6
    endloop
  endfacet
  facet normal -0.5657318102264423 0.8245893031672874 0
    outer loop
      vertex -3.8332893028855324 4.905591160058975 6
      vertex -3.7725754231214523 4.9472455605864525 9
      vertex -3.7725754231214523 4.9472455605864525 6
    endloop
  endfacet
  facet normal -0.012271577406179545 0.9999247013590394 0
    outer loop
      vertex -5.5 4.399999998509884 6
      vertex -5.5 4.399999998509884 9
      vertex -5.426376312971115 4.400903545320034 9
    endloop
  endfacet
  facet normal -0.03680724668144709 0.99932238371395 0
    outer loop
      vertex -5.426376312971115 4.400903545320034 6
      vertex -5.426376312971115 4.400903545320034 9
      vertex -5.352796979248524 4.40361363440752 9
    endloop
  endfacet
  facet normal -0.06132064716467091 0.9981181183764304 0
    outer loop
      vertex -5.352796979248524 4.40361363440752 6
      vertex -5.352796979248524 4.40361363440752 9
      vertex -5.279306307435036 4.408128626644611 9
    endloop
  endfacet
  facet normal -0.08579732215541457 0.9963126113379073 0
    outer loop
      vertex -5.279306307435036 4.408128626644611 6
      vertex -5.279306307435036 4.408128626644611 9
      vertex -5.205948576331139 4.4144458174705505 9
    endloop
  endfacet
  facet normal -0.11022229245928265 0.9939069605576875 0
    outer loop
      vertex -5.205948576331139 4.4144458174705505 6
      vertex -5.205948576331139 4.4144458174705505 9
      vertex -5.132767975330353 4.422561399638653 9
    endloop
  endfacet
  facet normal -0.13458066485266765 0.9909026413567652 0
    outer loop
      vertex -5.132767975330353 4.422561399638653 6
      vertex -5.132767975330353 4.422561399638653 9
      vertex -5.059808574616909 4.432470470666885 9
    endloop
  endfacet
  facet normal -0.15885810154510796 0.9873014248817249 0
    outer loop
      vertex -5.059808574616909 4.432470470666885 6
      vertex -5.059808574616909 4.432470470666885 9
      vertex -4.987114332616329 4.444167070090771 9
    endloop
  endfacet
  facet normal -0.18303991057475347 0.9831054832197744 0
    outer loop
      vertex -4.987114332616329 4.444167070090771 6
      vertex -4.987114332616329 4.444167070090771 9
      vertex -4.914729036390781 4.457644157111645 9
    endloop
  endfacet
  facet normal -0.2071113998931018 0.9783173657021118 0
    outer loop
      vertex -4.914729036390781 4.457644157111645 6
      vertex -4.914729036390781 4.457644157111645 9
      vertex -4.842696279287338 4.472893610596657 9
    endloop
  endfacet
  facet normal -0.23105814765540494 0.9729399428546723 0
    outer loop
      vertex -4.842696279287338 4.472893610596657 6
      vertex -4.842696279287338 4.472893610596657 9
      vertex -4.771059460937977 4.489906243979931 9
    endloop
  endfacet
  facet normal -0.25486564608704565 0.9669764746076467 0
    outer loop
      vertex -4.771059460937977 4.489906243979931 6
      vertex -4.771059460937977 4.489906243979931 9
      vertex -4.699861727654934 4.508671805262566 9
    endloop
  endfacet
  facet normal -0.2785196329349135 0.9604305357858012 0
    outer loop
      vertex -4.699861727654934 4.508671805262566 6
      vertex -4.699861727654934 4.508671805262566 9
      vertex -4.629145964980125 4.5291789919137955 9
    endloop
  endfacet
  facet normal -0.3020059607072559 0.9533060367464833 0
    outer loop
      vertex -4.629145964980125 4.5291789919137955 6
      vertex -4.629145964980125 4.5291789919137955 9
      vertex -4.5589547753334045 4.551415458321571 9
    endloop
  endfacet
  facet normal -0.32531026612041125 0.9456073343395065 0
    outer loop
      vertex -4.5589547753334045 4.551415458321571 6
      vertex -4.5589547753334045 4.551415458321571 9
      vertex -4.489330440759659 4.575367800891399 9
    endloop
  endfacet
  facet normal -0.3484187217857852 0.9373389964730794 0
    outer loop
      vertex -4.489330440759659 4.575367800891399 6
      vertex -4.489330440759659 4.575367800891399 9
      vertex -4.420314893126488 4.6010216027498245 9
    endloop
  endfacet
  facet normal -0.3713171899386939 0.9285060820781047 0
    outer loop
      vertex -4.420314893126488 4.6010216027498245 6
      vertex -4.420314893126488 4.6010216027498245 9
      vertex -4.3519496992230415 4.628361403942108 9
    endloop
  endfacet
  facet normal -0.3939920358954072 0.9191138534757226 0
    outer loop
      vertex -4.3519496992230415 4.628361403942108 6
      vertex -4.3519496992230415 4.628361403942108 9
      vertex -4.284276060760021 4.6573707312345505 9
    endloop
  endfacet
  facet normal -0.41642955127452475 0.909167987131805 0
    outer loop
      vertex -4.284276060760021 4.6573707312345505 6
      vertex -4.284276060760021 4.6573707312345505 9
      vertex -4.217334717512131 4.688032120466232 9
    endloop
  endfacet
  facet normal -0.4386162456496182 0.8986744622232423 0
    outer loop
      vertex -4.217334717512131 4.688032120466232 6
      vertex -4.217334717512131 4.688032120466232 9
      vertex -4.1511660143733025 4.720327094197273 9
    endloop
  endfacet
  facet normal -0.46053871076098146 0.8876396205051986 0
    outer loop
      vertex -4.1511660143733025 4.720327094197273 6
      vertex -4.1511660143733025 4.720327094197273 9
      vertex -4.085809789597988 4.754236206412315 9
    endloop
  endfacet
  facet normal -0.48218380806478783 0.8760700743891096 0
    outer loop
      vertex -4.085809789597988 4.754236206412315 6
      vertex -4.085809789597988 4.754236206412315 9
      vertex -4.021305426955223 4.789739027619362 9
    endloop
  endfacet
  facet normal -0.5035383177519254 0.8639728945722552 0
    outer loop
      vertex -4.021305426955223 4.789739027619362 6
      vertex -4.021305426955223 4.789739027619362 9
      vertex -3.957691766321659 4.826814167201519 9
    endloop
  endfacet
  facet normal -0.5245897103419062 0.8513551760595545 0
    outer loop
      vertex -3.957691766321659 4.826814167201519 6
      vertex -3.957691766321659 4.826814167201519 9
      vertex -3.8950071409344673 4.865439303219318 9
    endloop
  endfacet
  facet normal -0.5453249776914756 0.8382247125358401 0
    outer loop
      vertex -3.8950071409344673 4.865439303219318 6
      vertex -3.8950071409344673 4.865439303219318 9
      vertex -3.8332893028855324 4.905591160058975 9
    endloop
  endfacet
  facet normal -0.5657318102264423 0.8245893031672874 0
    outer loop
      vertex -3.8332893028855324 4.905591160058975 6
      vertex -3.8332893028855324 4.905591160058975 9
      vertex -3.7725754231214523 4.9472455605864525 9
    endloop
  endfacet
  facet normal -0.5857978419814098 0.810457209437934 0
    outer loop
      vertex -3.7725754231214523 4.9472455605864525 6
      vertex -3.7725754231214523 4.9472455605864525 9
      vertex -3.712902083992958 4.990377403795719 9
    endloop
  endfacet
  facet normal 0 -1 0
    outer loop
      vertex -9 0 6
      vertex 9 0 6
      vertex -9 0 9
    endloop
  endfacet
  facet normal -0.5857978419814098 0.810457209437934 0
    outer loop
      vertex -3.7725754231214523 4.9472455605864525 6
      vertex -3.712902083992958 4.990377403795719 9
      vertex -3.712902083992958 4.990377403795719 6
    endloop
  endfacet
  facet normal -0.6055110641928494 0.7958368872702767 0
    outer loop
      vertex -3.712902083992958 4.990377403795719 6
      vertex -3.654305227100849 5.034960716962814 9
      vertex -3.654305227100849 5.034960716962814 6
    endloop
  endfacet
  facet normal -0.6248594929852721 0.7807372246961128 0
    outer loop
      vertex -3.654305227100849 5.034960716962814 6
      vertex -3.596820145845413 5.080968640744686 9
      vertex -3.596820145845413 5.080968640744686 6
    endloop
  endfacet
  facet normal -0.6438315313738673 0.7651672753122556 0
    outer loop
      vertex -3.596820145845413 5.080968640744686 6
      vertex -3.5404814705252647 5.128373458981514 9
      vertex -3.5404814705252647 5.128373458981514 6
    endloop
  endfacet
  facet normal -0.6624157918795686 0.7491363818882141 0
    outer loop
      vertex -3.5404814705252647 5.128373458981514 6
      vertex -3.4853231385350227 5.1771466210484505 9
      vertex -3.4853231385350227 5.1771466210484505 6
    endloop
  endfacet
  facet normal -0.6806009762964143 0.7326542916439974 0
    outer loop
      vertex -3.4853231385350227 5.1771466210484505 6
      vertex -3.4313783645629883 5.227258749306202 9
      vertex -3.4313783645629883 5.227258749306202 6
    endloop
  endfacet
  facet normal -0.6983762471287002 0.7157308275088007 0
    outer loop
      vertex -3.4313783645629883 5.227258749306202 6
      vertex -3.3786796554923058 5.27867965400219 9
      vertex -3.3786796554923058 5.27867965400219 6
    endloop
  endfacet
  facet normal -0.7157308275088007 0.6983762471287002 0
    outer loop
      vertex -3.3786796554923058 5.27867965400219 6
      vertex -3.327258750796318 5.331378363072872 9
      vertex -3.327258750796318 5.331378363072872 6
    endloop
  endfacet
  facet normal -0.7326542916439974 0.6806009762964143 0
    outer loop
      vertex -3.327258750796318 5.331378363072872 6
      vertex -3.2771466225385666 5.385323137044907 9
      vertex -3.2771466225385666 5.385323137044907 6
    endloop
  endfacet
  facet normal -0.7491363818882141 0.6624157918795686 0
    outer loop
      vertex -3.2771466225385666 5.385323137044907 6
      vertex -3.22837346047163 5.440481469035149 9
      vertex -3.22837346047163 5.440481469035149 6
    endloop
  endfacet
  facet normal -0.7651672753122556 0.6438315313738673 0
    outer loop
      vertex -3.22837346047163 5.440481469035149 6
      vertex -3.1809686422348022 5.496820144355297 9
      vertex -3.1809686422348022 5.496820144355297 6
    endloop
  endfacet
  facet normal -0.7807372246961128 0.6248594929852721 0
    outer loop
      vertex -3.1809686422348022 5.496820144355297 6
      vertex -3.1349607184529305 5.554305225610733 9
      vertex -3.1349607184529305 5.554305225610733 6
    endloop
  endfacet
  facet normal -0.7958369243711365 0.605511015430347 0
    outer loop
      vertex -3.1349607184529305 5.554305225610733 6
      vertex -3.0903774052858353 5.6129020899534225 9
      vertex -3.0903774052858353 5.6129020899534225 6
    endloop
  endfacet
  facet normal -0.810457209437934 0.5857978419814098 0
    outer loop
      vertex -3.0903774052858353 5.6129020899534225 6
      vertex -3.0472455620765686 5.672575429081917 9
      vertex -3.0472455620765686 5.672575429081917 6
    endloop
  endfacet
  facet normal -0.8245892707810064 0.5657318574314585 0
    outer loop
      vertex -3.0472455620765686 5.672575429081917 6
      vertex -3.0055911615490913 5.733289301395416 9
      vertex -3.0055911615490913 5.733289301395416 6
    endloop
  endfacet
  facet normal -0.8382247125358401 0.5453249776914756 0
    outer loop
      vertex -3.0055911615490913 5.733289301395416 6
      vertex -2.9654393047094345 5.795007139444351 9
      vertex -2.9654393047094345 5.795007139444351 6
    endloop
  endfacet
  facet normal -0.8513551760595545 0.5245897103419062 0
    outer loop
      vertex -2.9654393047094345 5.795007139444351 6
      vertex -2.926814168691635 5.857691764831543 9
      vertex -2.926814168691635 5.857691764831543 6
    endloop
  endfacet
  facet normal -0.8639728945722552 0.5035383177519254 0
    outer loop
      vertex -2.926814168691635 5.857691764831543 6
      vertex -2.889739029109478 5.921305425465107 9
      vertex -2.889739029109478 5.921305425465107 6
    endloop
  endfacet
  facet normal -0.8760700743891096 0.48218380806478783 0
    outer loop
      vertex -2.889739029109478 5.921305425465107 6
      vertex -2.8542362079024315 5.985809788107872 9
      vertex -2.8542362079024315 5.985809788107872 6
    endloop
  endfacet
  facet normal -0.8876396205051986 0.46053871076098146 0
    outer loop
      vertex -2.8542362079024315 5.985809788107872 6
      vertex -2.8203270956873894 6.051166012883186 9
      vertex -2.8203270956873894 6.051166012883186 6
    endloop
  endfacet
  facet normal -0.8986744622232423 0.4386162456496182 0
    outer loop
      vertex -2.8203270956873894 6.051166012883186 6
      vertex -2.7880321219563484 6.117334716022015 9
      vertex -2.7880321219563484 6.117334716022015 6
    endloop
  endfacet
  facet normal -0.909167987131805 0.41642955127452475 0
    outer loop
      vertex -2.7880321219563484 6.117334716022015 6
      vertex -2.7573707327246666 6.184276059269905 9
      vertex -2.7573707327246666 6.184276059269905 6
    endloop
  endfacet
  facet normal -0.9191138691834996 0.39399199925193484 0
    outer loop
      vertex -2.7573707327246666 6.184276059269905 6
      vertex -2.7283614054322243 6.251949705183506 9
      vertex -2.7283614054322243 6.251949705183506 6
    endloop
  endfacet
  facet normal -0.9285060681263128 0.37131722482617907 0
    outer loop
      vertex -2.7283614054322243 6.251949705183506 6
      vertex -2.7010216042399406 6.320314891636372 9
      vertex -2.7010216042399406 6.320314891636372 6
    endloop
  endfacet
  facet normal -0.9373389964730794 0.3484187217857852 0
    outer loop
      vertex -2.7010216042399406 6.320314891636372 6
      vertex -2.6753678023815155 6.389330439269543 9
      vertex -2.6753678023815155 6.389330439269543 6
    endloop
  endfacet
  facet normal -0.9456073450481723 0.32531023499260936 0
    outer loop
      vertex -2.6753678023815155 6.389330439269543 6
      vertex -2.6514154598116875 6.458954781293869 9
      vertex -2.6514154598116875 6.458954781293869 6
    endloop
  endfacet
  facet normal -0.9533060367464833 0.3020059607072559 0
    outer loop
      vertex -2.6514154598116875 6.458954781293869 6
      vertex -2.6291789934039116 6.52914597094059 9
      vertex -2.6291789934039116 6.52914597094059 6
    endloop
  endfacet
  facet normal -0.9604305008677799 0.2785197533441126 0
    outer loop
      vertex -2.6291789934039116 6.52914597094059 6
      vertex -2.608671799302101 6.599861726164818 9
      vertex -2.608671799302101 6.599861726164818 6
    endloop
  endfacet
  facet normal -0.9669764746076467 0.25486564608704565 0
    outer loop
      vertex -2.608671799302101 6.599861726164818 6
      vertex -2.5899062380194664 6.671059459447861 9
      vertex -2.5899062380194664 6.671059459447861 6
    endloop
  endfacet
  facet normal -0.9729399656028757 0.23105805186722025 0
    outer loop
      vertex -2.5899062380194664 6.671059459447861 6
      vertex -2.572893612086773 6.742696277797222 9
      vertex -2.572893612086773 6.742696277797222 6
    endloop
  endfacet
  facet normal -0.9783173657021118 0.2071113998931018 0
    outer loop
      vertex -2.572893612086773 6.742696277797222 6
      vertex -2.557644158601761 6.814729034900665 9
      vertex -2.557644158601761 6.814729034900665 6
    endloop
  endfacet
  facet normal -0.9831054832197744 0.18303991057475347 0
    outer loop
      vertex -2.557644158601761 6.814729034900665 6
      vertex -2.544167071580887 6.887114331126213 9
      vertex -2.544167071580887 6.887114331126213 6
    endloop
  endfacet
  facet normal -0.9873014248817249 0.15885810154510796 0
    outer loop
      vertex -2.544167071580887 6.887114331126213 6
      vertex -2.5324704721570015 6.959808573126793 9
      vertex -2.5324704721570015 6.959808573126793 6
    endloop
  endfacet
  facet normal -0.9909026278623628 0.13458076421043141 0
    outer loop
      vertex -2.5324704721570015 6.959808573126793 6
      vertex -2.5225613936781883 7.032767973840237 9
      vertex -2.5225613936781883 7.032767973840237 6
    endloop
  endfacet
  facet normal -0.9939069728725332 0.11022218141262549 0
    outer loop
      vertex -2.5225613936781883 7.032767973840237 6
      vertex -2.5144458189606667 7.105948582291603 9
      vertex -2.5144458189606667 7.105948582291603 6
    endloop
  endfacet
  facet normal -0.9963126105930256 0.08579733080527817 0
    outer loop
      vertex -2.5144458189606667 7.105948582291603 6
      vertex -2.5081286281347275 7.17930630594492 9
      vertex -2.5081286281347275 7.17930630594492 6
    endloop
  endfacet
  facet normal -0.6055110641928494 0.7958368872702767 0
    outer loop
      vertex -3.712902083992958 4.990377403795719 6
      vertex -3.712902083992958 4.990377403795719 9
      vertex -3.654305227100849 5.034960716962814 9
    endloop
  endfacet
  facet normal -0.6248594929852721 0.7807372246961128 0
    outer loop
      vertex -3.654305227100849 5.034960716962814 6
      vertex -3.654305227100849 5.034960716962814 9
      vertex -3.596820145845413 5.080968640744686 9
    endloop
  endfacet
  facet normal -0.6438315313738673 0.7651672753122556 0
    outer loop
      vertex -3.596820145845413 5.080968640744686 6
      vertex -3.596820145845413 5.080968640744686 9
      vertex -3.5404814705252647 5.128373458981514 9
    endloop
  endfacet
  facet normal -0.6624157918795686 0.7491363818882141 0
    outer loop
      vertex -3.5404814705252647 5.128373458981514 6
      vertex -3.5404814705252647 5.128373458981514 9
      vertex -3.4853231385350227 5.1771466210484505 9
    endloop
  endfacet
  facet normal -0.6806009762964143 0.7326542916439974 0
    outer loop
      vertex -3.4853231385350227 5.1771466210484505 6
      vertex -3.4853231385350227 5.1771466210484505 9
      vertex -3.4313783645629883 5.227258749306202 9
    endloop
  endfacet
  facet normal -0.6983762471287002 0.7157308275088007 0
    outer loop
      vertex -3.4313783645629883 5.227258749306202 6
      vertex -3.4313783645629883 5.227258749306202 9
      vertex -3.3786796554923058 5.27867965400219 9
    endloop
  endfacet
  facet normal -0.7157308275088007 0.6983762471287002 0
    outer loop
      vertex -3.3786796554923058 5.27867965400219 6
      vertex -3.3786796554923058 5.27867965400219 9
      vertex -3.327258750796318 5.331378363072872 9
    endloop
  endfacet
  facet normal -0.7326542916439974 0.6806009762964143 0
    outer loop
      vertex -3.327258750796318 5.331378363072872 6
      vertex -3.327258750796318 5.331378363072872 9
      vertex -3.2771466225385666 5.385323137044907 9
    endloop
  endfacet
  facet normal -0.7491363818882141 0.6624157918795686 0
    outer loop
      vertex -3.2771466225385666 5.385323137044907 6
      vertex -3.2771466225385666 5.385323137044907 9
      vertex -3.22837346047163 5.440481469035149 9
    endloop
  endfacet
  facet normal -0.7651672753122556 0.6438315313738673 0
    outer loop
      vertex -3.22837346047163 5.440481469035149 6
      vertex -3.22837346047163 5.440481469035149 9
      vertex -3.1809686422348022 5.496820144355297 9
    endloop
  endfacet
  facet normal -0.7807372246961128 0.6248594929852721 0
    outer loop
      vertex -3.1809686422348022 5.496820144355297 6
      vertex -3.1809686422348022 5.496820144355297 9
      vertex -3.1349607184529305 5.554305225610733 9
    endloop
  endfacet
  facet normal -0.7958369243711365 0.605511015430347 0
    outer loop
      vertex -3.1349607184529305 5.554305225610733 6
      vertex -3.1349607184529305 5.554305225610733 9
      vertex -3.0903774052858353 5.6129020899534225 9
    endloop
  endfacet
  facet normal -0.810457209437934 0.5857978419814098 0
    outer loop
      vertex -3.0903774052858353 5.6129020899534225 6
      vertex -3.0903774052858353 5.6129020899534225 9
      vertex -3.0472455620765686 5.672575429081917 9
    endloop
  endfacet
  facet normal -0.8245892707810064 0.5657318574314585 0
    outer loop
      vertex -3.0472455620765686 5.672575429081917 6
      vertex -3.0472455620765686 5.672575429081917 9
      vertex -3.0055911615490913 5.733289301395416 9
    endloop
  endfacet
  facet normal -0.8382247125358401 0.5453249776914756 0
    outer loop
      vertex -3.0055911615490913 5.733289301395416 6
      vertex -3.0055911615490913 5.733289301395416 9
      vertex -2.9654393047094345 5.795007139444351 9
    endloop
  endfacet
  facet normal -0.8513551760595545 0.5245897103419062 0
    outer loop
      vertex -2.9654393047094345 5.795007139444351 6
      vertex -2.9654393047094345 5.795007139444351 9
      vertex -2.926814168691635 5.857691764831543 9
    endloop
  endfacet
  facet normal -0.8639728945722552 0.5035383177519254 0
    outer loop
      vertex -2.926814168691635 5.857691764831543 6
      vertex -2.926814168691635 5.857691764831543 9
      vertex -2.889739029109478 5.921305425465107 9
    endloop
  endfacet
  facet normal -0.8760700743891096 0.48218380806478783 0
    outer loop
      vertex -2.889739029109478 5.921305425465107 6
      vertex -2.889739029109478 5.921305425465107 9
      vertex -2.8542362079024315 5.985809788107872 9
    endloop
  endfacet
  facet normal -0.8876396205051986 0.46053871076098146 0
    outer loop
      vertex -2.8542362079024315 5.985809788107872 6
      vertex -2.8542362079024315 5.985809788107872 9
      vertex -2.8203270956873894 6.051166012883186 9
    endloop
  endfacet
  facet normal -0.8986744622232423 0.4386162456496182 0
    outer loop
      vertex -2.8203270956873894 6.051166012883186 6
      vertex -2.8203270956873894 6.051166012883186 9
      vertex -2.7880321219563484 6.117334716022015 9
    endloop
  endfacet
  facet normal -0.909167987131805 0.41642955127452475 0
    outer loop
      vertex -2.7880321219563484 6.117334716022015 6
      vertex -2.7880321219563484 6.117334716022015 9
      vertex -2.7573707327246666 6.184276059269905 9
    endloop
  endfacet
  facet normal -0.9191138691834996 0.39399199925193484 0
    outer loop
      vertex -2.7573707327246666 6.184276059269905 6
      vertex -2.7573707327246666 6.184276059269905 9
      vertex -2.7283614054322243 6.251949705183506 9
    endloop
  endfacet
  facet normal -0.9285060681263128 0.37131722482617907 0
    outer loop
      vertex -2.7283614054322243 6.251949705183506 6
      vertex -2.7283614054322243 6.251949705183506 9
      vertex -2.7010216042399406 6.320314891636372 9
    endloop
  endfacet
  facet normal -0.9373389964730794 0.3484187217857852 0
    outer loop
      vertex -2.7010216042399406 6.320314891636372 6
      vertex -2.7010216042399406 6.320314891636372 9
      vertex -2.6753678023815155 6.389330439269543 9
    endloop
  endfacet
  facet normal -0.9456073450481723 0.32531023499260936 0
    outer loop
      vertex -2.6753678023815155 6.389330439269543 6
      vertex -2.6753678023815155 6.389330439269543 9
      vertex -2.6514154598116875 6.458954781293869 9
    endloop
  endfacet
  facet normal -0.9533060367464833 0.3020059607072559 0
    outer loop
      vertex -2.6514154598116875 6.458954781293869 6
      vertex -2.6514154598116875 6.458954781293869 9
      vertex -2.6291789934039116 6.52914597094059 9
    endloop
  endfacet
  facet normal -0.9604305008677799 0.2785197533441126 0
    outer loop
      vertex -2.6291789934039116 6.52914597094059 6
      vertex -2.6291789934039116 6.52914597094059 9
      vertex -2.608671799302101 6.599861726164818 9
    endloop
  endfacet
  facet normal -0.9669764746076467 0.25486564608704565 0
    outer loop
      vertex -2.608671799302101 6.599861726164818 6
      vertex -2.608671799302101 6.599861726164818 9
      vertex -2.5899062380194664 6.671059459447861 9
    endloop
  endfacet
  facet normal -0.9729399656028757 0.23105805186722025 0
    outer loop
      vertex -2.5899062380194664 6.671059459447861 6
      vertex -2.5899062380194664 6.671059459447861 9
      vertex -2.572893612086773 6.742696277797222 9
    endloop
  endfacet
  facet normal -0.9783173657021118 0.2071113998931018 0
    outer loop
      vertex -2.572893612086773 6.742696277797222 6
      vertex -2.572893612086773 6.742696277797222 9
      vertex -2.557644158601761 6.814729034900665 9
    endloop
  endfacet
  facet normal -0.9831054832197744 0.18303991057475347 0
    outer loop
      vertex -2.557644158601761 6.814729034900665 6
      vertex -2.557644158601761 6.814729034900665 9
      vertex -2.544167071580887 6.887114331126213 9
    endloop
  endfacet
  facet normal -0.9873014248817249 0.15885810154510796 0
    outer loop
      vertex -2.544167071580887 6.887114331126213 6
      vertex -2.544167071580887 6.887114331126213 9
      vertex -2.5324704721570015 6.959808573126793 9
    endloop
  endfacet
  facet normal -0.9909026278623628 0.13458076421043141 0
    outer loop
      vertex -2.5324704721570015 6.959808573126793 6
      vertex -2.5324704721570015 6.959808573126793 9
      vertex -2.5225613936781883 7.032767973840237 9
    endloop
  endfacet
  facet normal -0.9939069728725332 0.11022218141262549 0
    outer loop
      vertex -2.5225613936781883 7.032767973840237 6
      vertex -2.5225613936781883 7.032767973840237 9
      vertex -2.5144458189606667 7.105948582291603 9
    endloop
  endfacet
  facet normal -0.9963126105930256 0.08579733080527817 0
    outer loop
      vertex -2.5144458189606667 7.105948582291603 6
      vertex -2.5144458189606667 7.105948582291603 9
      vertex -2.5081286281347275 7.17930630594492 9
    endloop
  endfacet
  facet normal -0.9981181121830343 0.06132074797469375 0
    outer loop
      vertex -2.5081286281347275 7.17930630594492 6
      vertex -2.503613628447056 7.252796977758408 9
      vertex -2.503613628447056 7.252796977758408 6
    endloop
  endfacet
  facet normal -0.999322387435966 0.03680714562800424 0
    outer loop
      vertex -2.503613628447056 7.252796977758408 6
      vertex -2.50090354681015 7.326376311480999 9
      vertex -2.50090354681015 7.326376311480999 6
    endloop
  endfacet
  facet normal -0.9999247013590394 0.012271577406179545 0
    outer loop
      vertex -2.50090354681015 7.326376311480999 6
      vertex -2.5 7.399999998509884 9
      vertex -2.5 7.399999998509884 6
    endloop
  endfacet
  facet normal -1 0 0
    outer loop
      vertex -2.5 7.399999998509884 9
      vertex -2.5 7.399999998509884 12
      vertex -2.5 27.624977029165862 0
    endloop
  endfacet
  facet normal -0.9981181121830343 0.06132074797469375 0
    outer loop
      vertex -2.5081286281347275 7.17930630594492 6
      vertex -2.5081286281347275 7.17930630594492 9
      vertex -2.503613628447056 7.252796977758408 9
    endloop
  endfacet
  facet normal -0.999322387435966 0.03680714562800424 0
    outer loop
      vertex -2.503613628447056 7.252796977758408 6
      vertex -2.503613628447056 7.252796977758408 9
      vertex -2.50090354681015 7.326376311480999 9
    endloop
  endfacet
  facet normal -0.9999247013590394 0.012271577406179545 0
    outer loop
      vertex -2.50090354681015 7.326376311480999 6
      vertex -2.50090354681015 7.326376311480999 9
      vertex -2.5 7.399999998509884 9
    endloop
  endfacet
  facet normal 0 1 0
    outer loop
      vertex -9 4.399999998509884 9
      vertex -5.5 4.399999998509884 12
      vertex -5.5 4.399999998509884 9
    endloop
  endfacet
  facet normal -0.012271577406179545 0.9999247013590394 0
    outer loop
      vertex -5.5 4.399999998509884 9
      vertex -5.426376312971115 4.400903545320034 12
      vertex -5.426376312971115 4.400903545320034 9
    endloop
  endfacet
  facet normal -0.03680724668144709 0.99932238371395 0
    outer loop
      vertex -5.426376312971115 4.400903545320034 9
      vertex -5.352796979248524 4.40361363440752 12
      vertex -5.352796979248524 4.40361363440752 9
    endloop
  endfacet
  facet normal -0.06132064716467091 0.9981181183764304 0
    outer loop
      vertex -5.352796979248524 4.40361363440752 9
      vertex -5.279306307435036 4.408128626644611 12
      vertex -5.279306307435036 4.408128626644611 9
    endloop
  endfacet
  facet normal -0.08579732215541457 0.9963126113379073 0
    outer loop
      vertex -5.279306307435036 4.408128626644611 9
      vertex -5.205948576331139 4.4144458174705505 12
      vertex -5.205948576331139 4.4144458174705505 9
    endloop
  endfacet
  facet normal -0.11022229245928265 0.9939069605576875 0
    outer loop
      vertex -5.205948576331139 4.4144458174705505 9
      vertex -5.132767975330353 4.422561399638653 12
      vertex -5.132767975330353 4.422561399638653 9
    endloop
  endfacet
  facet normal -0.13458066485266765 0.9909026413567652 0
    outer loop
      vertex -5.132767975330353 4.422561399638653 9
      vertex -5.059808574616909 4.432470470666885 12
      vertex -5.059808574616909 4.432470470666885 9
    endloop
  endfacet
  facet normal -0.15885810154510796 0.9873014248817249 0
    outer loop
      vertex -5.059808574616909 4.432470470666885 9
      vertex -4.987114332616329 4.444167070090771 12
      vertex -4.987114332616329 4.444167070090771 9
    endloop
  endfacet
  facet normal -0.18303991057475347 0.9831054832197744 0
    outer loop
      vertex -4.987114332616329 4.444167070090771 9
      vertex -4.914729036390781 4.457644157111645 12
      vertex -4.914729036390781 4.457644157111645 9
    endloop
  endfacet
  facet normal -0.2071113998931018 0.9783173657021118 0
    outer loop
      vertex -4.914729036390781 4.457644157111645 9
      vertex -4.842696279287338 4.472893610596657 12
      vertex -4.842696279287338 4.472893610596657 9
    endloop
  endfacet
  facet normal -0.23105814765540494 0.9729399428546723 0
    outer loop
      vertex -4.842696279287338 4.472893610596657 9
      vertex -4.771059460937977 4.489906243979931 12
      vertex -4.771059460937977 4.489906243979931 9
    endloop
  endfacet
  facet normal -0.25486564608704565 0.9669764746076467 0
    outer loop
      vertex -4.771059460937977 4.489906243979931 9
      vertex -4.699861727654934 4.508671805262566 12
      vertex -4.699861727654934 4.508671805262566 9
    endloop
  endfacet
  facet normal -0.2785196329349135 0.9604305357858012 0
    outer loop
      vertex -4.699861727654934 4.508671805262566 9
      vertex -4.629145964980125 4.5291789919137955 12
      vertex -4.629145964980125 4.5291789919137955 9
    endloop
  endfacet
  facet normal -0.3020059607072559 0.9533060367464833 0
    outer loop
      vertex -4.629145964980125 4.5291789919137955 9
      vertex -4.5589547753334045 4.551415458321571 12
      vertex -4.5589547753334045 4.551415458321571 9
    endloop
  endfacet
  facet normal -0.32531026612041125 0.9456073343395065 0
    outer loop
      vertex -4.5589547753334045 4.551415458321571 9
      vertex -4.489330440759659 4.575367800891399 12
      vertex -4.489330440759659 4.575367800891399 9
    endloop
  endfacet
  facet normal -0.3484187217857852 0.9373389964730794 0
    outer loop
      vertex -4.489330440759659 4.575367800891399 9
      vertex -4.420314893126488 4.6010216027498245 12
      vertex -4.420314893126488 4.6010216027498245 9
    endloop
  endfacet
  facet normal -0.3713171899386939 0.9285060820781047 0
    outer loop
      vertex -4.420314893126488 4.6010216027498245 9
      vertex -4.3519496992230415 4.628361403942108 12
      vertex -4.3519496992230415 4.628361403942108 9
    endloop
  endfacet
  facet normal -0.3939920358954072 0.9191138534757226 0
    outer loop
      vertex -4.3519496992230415 4.628361403942108 9
      vertex -4.284276060760021 4.6573707312345505 12
      vertex -4.284276060760021 4.6573707312345505 9
    endloop
  endfacet
  facet normal -0.41642955127452475 0.909167987131805 0
    outer loop
      vertex -4.284276060760021 4.6573707312345505 9
      vertex -4.217334717512131 4.688032120466232 12
      vertex -4.217334717512131 4.688032120466232 9
    endloop
  endfacet
  facet normal -0.4386162456496182 0.8986744622232423 0
    outer loop
      vertex -4.217334717512131 4.688032120466232 9
      vertex -4.1511660143733025 4.720327094197273 12
      vertex -4.1511660143733025 4.720327094197273 9
    endloop
  endfacet
  facet normal -0.46053871076098146 0.8876396205051986 0
    outer loop
      vertex -4.1511660143733025 4.720327094197273 9
      vertex -4.085809789597988 4.754236206412315 12
      vertex -4.085809789597988 4.754236206412315 9
    endloop
  endfacet
  facet normal -0.48218380806478783 0.8760700743891096 0
    outer loop
      vertex -4.085809789597988 4.754236206412315 9
      vertex -4.021305426955223 4.789739027619362 12
      vertex -4.021305426955223 4.789739027619362 9
    endloop
  endfacet
  facet normal -0.5035383177519254 0.8639728945722552 0
    outer loop
      vertex -4.021305426955223 4.789739027619362 9
      vertex -3.957691766321659 4.826814167201519 12
      vertex -3.957691766321659 4.826814167201519 9
    endloop
  endfacet
  facet normal -0.5245897103419062 0.8513551760595545 0
    outer loop
      vertex -3.957691766321659 4.826814167201519 9
      vertex -3.8950071409344673 4.865439303219318 12
      vertex -3.8950071409344673 4.865439303219318 9
    endloop
  endfacet
  facet normal -0.5453249776914756 0.8382247125358401 0
    outer loop
      vertex -3.8950071409344673 4.865439303219318 9
      vertex -3.8332893028855324 4.905591160058975 12
      vertex -3.8332893028855324 4.905591160058975 9
    endloop
  endfacet
  facet normal -0.5657318102264423 0.8245893031672874 0
    outer loop
      vertex -3.8332893028855324 4.905591160058975 9
      vertex -3.7725754231214523 4.9472455605864525 12
      vertex -3.7725754231214523 4.9472455605864525 9
    endloop
  endfacet
  facet normal 0 0 1
    outer loop
      vertex -9 0 12
      vertex -5.426376312971115 4.400903545320034 12
      vertex -5.5 4.399999998509884 12
    endloop
  endfacet
  facet normal 0 0 1
    outer loop
      vertex -9 0 12
      vertex -5.352796979248524 4.40361363440752 12
      vertex -5.426376312971115 4.400903545320034 12
    endloop
  endfacet
  facet normal 0 0 1
    outer loop
      vertex -9 0 12
      vertex -5.279306307435036 4.408128626644611 12
      vertex -5.352796979248524 4.40361363440752 12
    endloop
  endfacet
  facet normal 0 0 1
    outer loop
      vertex -9 0 12
      vertex -5.205948576331139 4.4144458174705505 12
      vertex -5.279306307435036 4.408128626644611 12
    endloop
  endfacet
  facet normal 0 0 1
    outer loop
      vertex -9 0 12
      vertex -5.132767975330353 4.422561399638653 12
      vertex -5.205948576331139 4.4144458174705505 12
    endloop
  endfacet
  facet normal 0 0 1
    outer loop
      vertex -9 0 12
      vertex -5.059808574616909 4.432470470666885 12
      vertex -5.132767975330353 4.422561399638653 12
    endloop
  endfacet
  facet normal 0 0 1
    outer loop
      vertex -9 0 12
      vertex -4.987114332616329 4.444167070090771 12
      vertex -5.059808574616909 4.432470470666885 12
    endloop
  endfacet
  facet normal 0 0 1
    outer loop
      vertex -9 0 12
      vertex -4.914729036390781 4.457644157111645 12
      vertex -4.987114332616329 4.444167070090771 12
    endloop
  endfacet
  facet normal -0.012271577406179545 0.9999247013590394 0
    outer loop
      vertex -5.5 4.399999998509884 9
      vertex -5.5 4.399999998509884 12
      vertex -5.426376312971115 4.400903545320034 12
    endloop
  endfacet
  facet normal -0.03680724668144709 0.99932238371395 0
    outer loop
      vertex -5.426376312971115 4.400903545320034 9
      vertex -5.426376312971115 4.400903545320034 12
      vertex -5.352796979248524 4.40361363440752 12
    endloop
  endfacet
  facet normal -0.06132064716467091 0.9981181183764304 0
    outer loop
      vertex -5.352796979248524 4.40361363440752 9
      vertex -5.352796979248524 4.40361363440752 12
      vertex -5.279306307435036 4.408128626644611 12
    endloop
  endfacet
  facet normal -0.08579732215541457 0.9963126113379073 0
    outer loop
      vertex -5.279306307435036 4.408128626644611 9
      vertex -5.279306307435036 4.408128626644611 12
      vertex -5.205948576331139 4.4144458174705505 12
    endloop
  endfacet
  facet normal -0.11022229245928265 0.9939069605576875 0
    outer loop
      vertex -5.205948576331139 4.4144458174705505 9
      vertex -5.205948576331139 4.4144458174705505 12
      vertex -5.132767975330353 4.422561399638653 12
    endloop
  endfacet
  facet normal -0.13458066485266765 0.9909026413567652 0
    outer loop
      vertex -5.132767975330353 4.422561399638653 9
      vertex -5.132767975330353 4.422561399638653 12
      vertex -5.059808574616909 4.432470470666885 12
    endloop
  endfacet
  facet normal -0.15885810154510796 0.9873014248817249 0
    outer loop
      vertex -5.059808574616909 4.432470470666885 9
      vertex -5.059808574616909 4.432470470666885 12
      vertex -4.987114332616329 4.444167070090771 12
    endloop
  endfacet
  facet normal -0.18303991057475347 0.9831054832197744 0
    outer loop
      vertex -4.987114332616329 4.444167070090771 9
      vertex -4.987114332616329 4.444167070090771 12
      vertex -4.914729036390781 4.457644157111645 12
    endloop
  endfacet
  facet normal -0.2071113998931018 0.9783173657021118 0
    outer loop
      vertex -4.914729036390781 4.457644157111645 9
      vertex -4.914729036390781 4.457644157111645 12
      vertex -4.842696279287338 4.472893610596657 12
    endloop
  endfacet
  facet normal -0.23105814765540494 0.9729399428546723 0
    outer loop
      vertex -4.842696279287338 4.472893610596657 9
      vertex -4.842696279287338 4.472893610596657 12
      vertex -4.771059460937977 4.489906243979931 12
    endloop
  endfacet
  facet normal -0.25486564608704565 0.9669764746076467 0
    outer loop
      vertex -4.771059460937977 4.489906243979931 9
      vertex -4.771059460937977 4.489906243979931 12
      vertex -4.699861727654934 4.508671805262566 12
    endloop
  endfacet
  facet normal -0.2785196329349135 0.9604305357858012 0
    outer loop
      vertex -4.699861727654934 4.508671805262566 9
      vertex -4.699861727654934 4.508671805262566 12
      vertex -4.629145964980125 4.5291789919137955 12
    endloop
  endfacet
  facet normal -0.3020059607072559 0.9533060367464833 0
    outer loop
      vertex -4.629145964980125 4.5291789919137955 9
      vertex -4.629145964980125 4.5291789919137955 12
      vertex -4.5589547753334045 4.551415458321571 12
    endloop
  endfacet
  facet normal -0.32531026612041125 0.9456073343395065 0
    outer loop
      vertex -4.5589547753334045 4.551415458321571 9
      vertex -4.5589547753334045 4.551415458321571 12
      vertex -4.489330440759659 4.575367800891399 12
    endloop
  endfacet
  facet normal -0.3484187217857852 0.9373389964730794 0
    outer loop
      vertex -4.489330440759659 4.575367800891399 9
      vertex -4.489330440759659 4.575367800891399 12
      vertex -4.420314893126488 4.6010216027498245 12
    endloop
  endfacet
  facet normal -0.3713171899386939 0.9285060820781047 0
    outer loop
      vertex -4.420314893126488 4.6010216027498245 9
      vertex -4.420314893126488 4.6010216027498245 12
      vertex -4.3519496992230415 4.628361403942108 12
    endloop
  endfacet
  facet normal -0.3939920358954072 0.9191138534757226 0
    outer loop
      vertex -4.3519496992230415 4.628361403942108 9
      vertex -4.3519496992230415 4.628361403942108 12
      vertex -4.284276060760021 4.6573707312345505 12
    endloop
  endfacet
  facet normal -0.41642955127452475 0.909167987131805 0
    outer loop
      vertex -4.284276060760021 4.6573707312345505 9
      vertex -4.284276060760021 4.6573707312345505 12
      vertex -4.217334717512131 4.688032120466232 12
    endloop
  endfacet
  facet normal -0.4386162456496182 0.8986744622232423 0
    outer loop
      vertex -4.217334717512131 4.688032120466232 9
      vertex -4.217334717512131 4.688032120466232 12
      vertex -4.1511660143733025 4.720327094197273 12
    endloop
  endfacet
  facet normal -0.46053871076098146 0.8876396205051986 0
    outer loop
      vertex -4.1511660143733025 4.720327094197273 9
      vertex -4.1511660143733025 4.720327094197273 12
      vertex -4.085809789597988 4.754236206412315 12
    endloop
  endfacet
  facet normal -0.48218380806478783 0.8760700743891096 0
    outer loop
      vertex -4.085809789597988 4.754236206412315 9
      vertex -4.085809789597988 4.754236206412315 12
      vertex -4.021305426955223 4.789739027619362 12
    endloop
  endfacet
  facet normal -0.5035383177519254 0.8639728945722552 0
    outer loop
      vertex -4.021305426955223 4.789739027619362 9
      vertex -4.021305426955223 4.789739027619362 12
      vertex -3.957691766321659 4.826814167201519 12
    endloop
  endfacet
  facet normal -0.5245897103419062 0.8513551760595545 0
    outer loop
      vertex -3.957691766321659 4.826814167201519 9
      vertex -3.957691766321659 4.826814167201519 12
      vertex -3.8950071409344673 4.865439303219318 12
    endloop
  endfacet
  facet normal -0.5453249776914756 0.8382247125358401 0
    outer loop
      vertex -3.8950071409344673 4.865439303219318 9
      vertex -3.8950071409344673 4.865439303219318 12
      vertex -3.8332893028855324 4.905591160058975 12
    endloop
  endfacet
  facet normal -0.5657318102264423 0.8245893031672874 0
    outer loop
      vertex -3.8332893028855324 4.905591160058975 9
      vertex -3.8332893028855324 4.905591160058975 12
      vertex -3.7725754231214523 4.9472455605864525 12
    endloop
  endfacet
  facet normal -0.5857978419814098 0.810457209437934 0
    outer loop
      vertex -3.7725754231214523 4.9472455605864525 9
      vertex -3.7725754231214523 4.9472455605864525 12
      vertex -3.712902083992958 4.990377403795719 12
    endloop
  endfacet
  facet normal 0 -1 0
    outer loop
      vertex -9 0 9
      vertex 9 0 9
      vertex -9 0 12
    endloop
  endfacet
  facet normal -0.5857978419814098 0.810457209437934 0
    outer loop
      vertex -3.7725754231214523 4.9472455605864525 9
      vertex -3.712902083992958 4.990377403795719 12
      vertex -3.712902083992958 4.990377403795719 9
    endloop
  endfacet
  facet normal -0.6055110641928494 0.7958368872702767 0
    outer loop
      vertex -3.712902083992958 4.990377403795719 9
      vertex -3.654305227100849 5.034960716962814 12
      vertex -3.654305227100849 5.034960716962814 9
    endloop
  endfacet
  facet normal -0.6248594929852721 0.7807372246961128 0
    outer loop
      vertex -3.654305227100849 5.034960716962814 9
      vertex -3.596820145845413 5.080968640744686 12
      vertex -3.596820145845413 5.080968640744686 9
    endloop
  endfacet
  facet normal -0.6438315313738673 0.7651672753122556 0
    outer loop
      vertex -3.596820145845413 5.080968640744686 9
      vertex -3.5404814705252647 5.128373458981514 12
      vertex -3.5404814705252647 5.128373458981514 9
    endloop
  endfacet
  facet normal -0.6624157918795686 0.7491363818882141 0
    outer loop
      vertex -3.5404814705252647 5.128373458981514 9
      vertex -3.4853231385350227 5.1771466210484505 12
      vertex -3.4853231385350227 5.1771466210484505 9
    endloop
  endfacet
  facet normal -0.6806009762964143 0.7326542916439974 0
    outer loop
      vertex -3.4853231385350227 5.1771466210484505 9
      vertex -3.4313783645629883 5.227258749306202 12
      vertex -3.4313783645629883 5.227258749306202 9
    endloop
  endfacet
  facet normal -0.6983762471287002 0.7157308275088007 0
    outer loop
      vertex -3.4313783645629883 5.227258749306202 9
      vertex -3.3786796554923058 5.27867965400219 12
      vertex -3.3786796554923058 5.27867965400219 9
    endloop
  endfacet
  facet normal -0.7157308275088007 0.6983762471287002 0
    outer loop
      vertex -3.3786796554923058 5.27867965400219 9
      vertex -3.327258750796318 5.331378363072872 12
      vertex -3.327258750796318 5.331378363072872 9
    endloop
  endfacet
  facet normal -0.7326542916439974 0.6806009762964143 0
    outer loop
      vertex -3.327258750796318 5.331378363072872 9
      vertex -3.2771466225385666 5.385323137044907 12
      vertex -3.2771466225385666 5.385323137044907 9
    endloop
  endfacet
  facet normal -0.7491363818882141 0.6624157918795686 0
    outer loop
      vertex -3.2771466225385666 5.385323137044907 9
      vertex -3.22837346047163 5.440481469035149 12
      vertex -3.22837346047163 5.440481469035149 9
    endloop
  endfacet
  facet normal -0.7651672753122556 0.6438315313738673 0
    outer loop
      vertex -3.22837346047163 5.440481469035149 9
      vertex -3.1809686422348022 5.496820144355297 12
      vertex -3.1809686422348022 5.496820144355297 9
    endloop
  endfacet
  facet normal -0.7807372246961128 0.6248594929852721 0
    outer loop
      vertex -3.1809686422348022 5.496820144355297 9
      vertex -3.1349607184529305 5.554305225610733 12
      vertex -3.1349607184529305 5.554305225610733 9
    endloop
  endfacet
  facet normal -0.7958369243711365 0.605511015430347 0
    outer loop
      vertex -3.1349607184529305 5.554305225610733 9
      vertex -3.0903774052858353 5.6129020899534225 12
      vertex -3.0903774052858353 5.6129020899534225 9
    endloop
  endfacet
  facet normal -0.810457209437934 0.5857978419814098 0
    outer loop
      vertex -3.0903774052858353 5.6129020899534225 9
      vertex -3.0472455620765686 5.672575429081917 12
      vertex -3.0472455620765686 5.672575429081917 9
    endloop
  endfacet
  facet normal -0.8245892707810064 0.5657318574314585 0
    outer loop
      vertex -3.0472455620765686 5.672575429081917 9
      vertex -3.0055911615490913 5.733289301395416 12
      vertex -3.0055911615490913 5.733289301395416 9
    endloop
  endfacet
  facet normal -0.8382247125358401 0.5453249776914756 0
    outer loop
      vertex -3.0055911615490913 5.733289301395416 9
      vertex -2.9654393047094345 5.795007139444351 12
      vertex -2.9654393047094345 5.795007139444351 9
    endloop
  endfacet
  facet normal -0.8513551760595545 0.5245897103419062 0
    outer loop
      vertex -2.9654393047094345 5.795007139444351 9
      vertex -2.926814168691635 5.857691764831543 12
      vertex -2.926814168691635 5.857691764831543 9
    endloop
  endfacet
  facet normal -0.8639728945722552 0.5035383177519254 0
    outer loop
      vertex -2.926814168691635 5.857691764831543 9
      vertex -2.889739029109478 5.921305425465107 12
      vertex -2.889739029109478 5.921305425465107 9
    endloop
  endfacet
  facet normal -0.8760700743891096 0.48218380806478783 0
    outer loop
      vertex -2.889739029109478 5.921305425465107 9
      vertex -2.8542362079024315 5.985809788107872 12
      vertex -2.8542362079024315 5.985809788107872 9
    endloop
  endfacet
  facet normal -0.8876396205051986 0.46053871076098146 0
    outer loop
      vertex -2.8542362079024315 5.985809788107872 9
      vertex -2.8203270956873894 6.051166012883186 12
      vertex -2.8203270956873894 6.051166012883186 9
    endloop
  endfacet
  facet normal -0.8986744622232423 0.4386162456496182 0
    outer loop
      vertex -2.8203270956873894 6.051166012883186 9
      vertex -2.7880321219563484 6.117334716022015 12
      vertex -2.7880321219563484 6.117334716022015 9
    endloop
  endfacet
  facet normal -0.909167987131805 0.41642955127452475 0
    outer loop
      vertex -2.7880321219563484 6.117334716022015 9
      vertex -2.7573707327246666 6.184276059269905 12
      vertex -2.7573707327246666 6.184276059269905 9
    endloop
  endfacet
  facet normal -0.9191138691834996 0.39399199925193484 0
    outer loop
      vertex -2.7573707327246666 6.184276059269905 9
      vertex -2.7283614054322243 6.251949705183506 12
      vertex -2.7283614054322243 6.251949705183506 9
    endloop
  endfacet
  facet normal -0.9285060681263128 0.37131722482617907 0
    outer loop
      vertex -2.7283614054322243 6.251949705183506 9
      vertex -2.7010216042399406 6.320314891636372 12
      vertex -2.7010216042399406 6.320314891636372 9
    endloop
  endfacet
  facet normal -0.9373389964730794 0.3484187217857852 0
    outer loop
      vertex -2.7010216042399406 6.320314891636372 9
      vertex -2.6753678023815155 6.389330439269543 12
      vertex -2.6753678023815155 6.389330439269543 9
    endloop
  endfacet
  facet normal -0.9456073450481723 0.32531023499260936 0
    outer loop
      vertex -2.6753678023815155 6.389330439269543 9
      vertex -2.6514154598116875 6.458954781293869 12
      vertex -2.6514154598116875 6.458954781293869 9
    endloop
  endfacet
  facet normal -0.9533060367464833 0.3020059607072559 0
    outer loop
      vertex -2.6514154598116875 6.458954781293869 9
      vertex -2.6291789934039116 6.52914597094059 12
      vertex -2.6291789934039116 6.52914597094059 9
    endloop
  endfacet
  facet normal -0.9604305008677799 0.2785197533441126 0
    outer loop
      vertex -2.6291789934039116 6.52914597094059 9
      vertex -2.608671799302101 6.599861726164818 12
      vertex -2.608671799302101 6.599861726164818 9
    endloop
  endfacet
  facet normal -0.9669764746076467 0.25486564608704565 0
    outer loop
      vertex -2.608671799302101 6.599861726164818 9
      vertex -2.5899062380194664 6.671059459447861 12
      vertex -2.5899062380194664 6.671059459447861 9
    endloop
  endfacet
  facet normal -0.9729399656028757 0.23105805186722025 0
    outer loop
      vertex -2.5899062380194664 6.671059459447861 9
      vertex -2.572893612086773 6.742696277797222 12
      vertex -2.572893612086773 6.742696277797222 9
    endloop
  endfacet
  facet normal -0.9783173657021118 0.2071113998931018 0
    outer loop
      vertex -2.572893612086773 6.742696277797222 9
      vertex -2.557644158601761 6.814729034900665 12
      vertex -2.557644158601761 6.814729034900665 9
    endloop
  endfacet
  facet normal -0.9831054832197744 0.18303991057475347 0
    outer loop
      vertex -2.557644158601761 6.814729034900665 9
      vertex -2.544167071580887 6.887114331126213 12
      vertex -2.544167071580887 6.887114331126213 9
    endloop
  endfacet
  facet normal -0.9873014248817249 0.15885810154510796 0
    outer loop
      vertex -2.544167071580887 6.887114331126213 9
      vertex -2.5324704721570015 6.959808573126793 12
      vertex -2.5324704721570015 6.959808573126793 9
    endloop
  endfacet
  facet normal -0.9909026278623628 0.13458076421043141 0
    outer loop
      vertex -2.5324704721570015 6.959808573126793 9
      vertex -2.5225613936781883 7.032767973840237 12
      vertex -2.5225613936781883 7.032767973840237 9
    endloop
  endfacet
  facet normal -0.9939069728725332 0.11022218141262549 0
    outer loop
      vertex -2.5225613936781883 7.032767973840237 9
      vertex -2.5144458189606667 7.105948582291603 12
      vertex -2.5144458189606667 7.105948582291603 9
    endloop
  endfacet
  facet normal -0.9963126105930256 0.08579733080527817 0
    outer loop
      vertex -2.5144458189606667 7.105948582291603 9
      vertex -2.5081286281347275 7.17930630594492 12
      vertex -2.5081286281347275 7.17930630594492 9
    endloop
  endfacet
  facet normal 0 0 1
    outer loop
      vertex -9 0 12
      vertex 4.914729036390781 4.457644157111645 12
      vertex -4.914729036390781 4.457644157111645 12
    endloop
  endfacet
  facet normal -0.6055110641928494 0.7958368872702767 0
    outer loop
      vertex -3.712902083992958 4.990377403795719 9
      vertex -3.712902083992958 4.990377403795719 12
      vertex -3.654305227100849 5.034960716962814 12
    endloop
  endfacet
  facet normal -0.6248594929852721 0.7807372246961128 0
    outer loop
      vertex -3.654305227100849 5.034960716962814 9
      vertex -3.654305227100849 5.034960716962814 12
      vertex -3.596820145845413 5.080968640744686 12
    endloop
  endfacet
  facet normal -0.6438315313738673 0.7651672753122556 0
    outer loop
      vertex -3.596820145845413 5.080968640744686 9
      vertex -3.596820145845413 5.080968640744686 12
      vertex -3.5404814705252647 5.128373458981514 12
    endloop
  endfacet
  facet normal -0.6624157918795686 0.7491363818882141 0
    outer loop
      vertex -3.5404814705252647 5.128373458981514 9
      vertex -3.5404814705252647 5.128373458981514 12
      vertex -3.4853231385350227 5.1771466210484505 12
    endloop
  endfacet
  facet normal -0.6806009762964143 0.7326542916439974 0
    outer loop
      vertex -3.4853231385350227 5.1771466210484505 9
      vertex -3.4853231385350227 5.1771466210484505 12
      vertex -3.4313783645629883 5.227258749306202 12
    endloop
  endfacet
  facet normal -0.6983762471287002 0.7157308275088007 0
    outer loop
      vertex -3.4313783645629883 5.227258749306202 9
      vertex -3.4313783645629883 5.227258749306202 12
      vertex -3.3786796554923058 5.27867965400219 12
    endloop
  endfacet
  facet normal -0.7157308275088007 0.6983762471287002 0
    outer loop
      vertex -3.3786796554923058 5.27867965400219 9
      vertex -3.3786796554923058 5.27867965400219 12
      vertex -3.327258750796318 5.331378363072872 12
    endloop
  endfacet
  facet normal -0.7326542916439974 0.6806009762964143 0
    outer loop
      vertex -3.327258750796318 5.331378363072872 9
      vertex -3.327258750796318 5.331378363072872 12
      vertex -3.2771466225385666 5.385323137044907 12
    endloop
  endfacet
  facet normal -0.7491363818882141 0.6624157918795686 0
    outer loop
      vertex -3.2771466225385666 5.385323137044907 9
      vertex -3.2771466225385666 5.385323137044907 12
      vertex -3.22837346047163 5.440481469035149 12
    endloop
  endfacet
  facet normal -0.7651672753122556 0.6438315313738673 0
    outer loop
      vertex -3.22837346047163 5.440481469035149 9
      vertex -3.22837346047163 5.440481469035149 12
      vertex -3.1809686422348022 5.496820144355297 12
    endloop
  endfacet
  facet normal -0.7807372246961128 0.6248594929852721 0
    outer loop
      vertex -3.1809686422348022 5.496820144355297 9
      vertex -3.1809686422348022 5.496820144355297 12
      vertex -3.1349607184529305 5.554305225610733 12
    endloop
  endfacet
  facet normal -0.7958369243711365 0.605511015430347 0
    outer loop
      vertex -3.1349607184529305 5.554305225610733 9
      vertex -3.1349607184529305 5.554305225610733 12
      vertex -3.0903774052858353 5.6129020899534225 12
    endloop
  endfacet
  facet normal -0.810457209437934 0.5857978419814098 0
    outer loop
      vertex -3.0903774052858353 5.6129020899534225 9
      vertex -3.0903774052858353 5.6129020899534225 12
      vertex -3.0472455620765686 5.672575429081917 12
    endloop
  endfacet
  facet normal -0.8245892707810064 0.5657318574314585 0
    outer loop
      vertex -3.0472455620765686 5.672575429081917 9
      vertex -3.0472455620765686 5.672575429081917 12
      vertex -3.0055911615490913 5.733289301395416 12
    endloop
  endfacet
  facet normal -0.8382247125358401 0.5453249776914756 0
    outer loop
      vertex -3.0055911615490913 5.733289301395416 9
      vertex -3.0055911615490913 5.733289301395416 12
      vertex -2.9654393047094345 5.795007139444351 12
    endloop
  endfacet
  facet normal -0.8513551760595545 0.5245897103419062 0
    outer loop
      vertex -2.9654393047094345 5.795007139444351 9
      vertex -2.9654393047094345 5.795007139444351 12
      vertex -2.926814168691635 5.857691764831543 12
    endloop
  endfacet
  facet normal -0.8639728945722552 0.5035383177519254 0
    outer loop
      vertex -2.926814168691635 5.857691764831543 9
      vertex -2.926814168691635 5.857691764831543 12
      vertex -2.889739029109478 5.921305425465107 12
    endloop
  endfacet
  facet normal -0.8760700743891096 0.48218380806478783 0
    outer loop
      vertex -2.889739029109478 5.921305425465107 9
      vertex -2.889739029109478 5.921305425465107 12
      vertex -2.8542362079024315 5.985809788107872 12
    endloop
  endfacet
  facet normal -0.8876396205051986 0.46053871076098146 0
    outer loop
      vertex -2.8542362079024315 5.985809788107872 9
      vertex -2.8542362079024315 5.985809788107872 12
      vertex -2.8203270956873894 6.051166012883186 12
    endloop
  endfacet
  facet normal -0.8986744622232423 0.4386162456496182 0
    outer loop
      vertex -2.8203270956873894 6.051166012883186 9
      vertex -2.8203270956873894 6.051166012883186 12
      vertex -2.7880321219563484 6.117334716022015 12
    endloop
  endfacet
  facet normal -0.909167987131805 0.41642955127452475 0
    outer loop
      vertex -2.7880321219563484 6.117334716022015 9
      vertex -2.7880321219563484 6.117334716022015 12
      vertex -2.7573707327246666 6.184276059269905 12
    endloop
  endfacet
  facet normal -0.9191138691834996 0.39399199925193484 0
    outer loop
      vertex -2.7573707327246666 6.184276059269905 9
      vertex -2.7573707327246666 6.184276059269905 12
      vertex -2.7283614054322243 6.251949705183506 12
    endloop
  endfacet
  facet normal -0.9285060681263128 0.37131722482617907 0
    outer loop
      vertex -2.7283614054322243 6.251949705183506 9
      vertex -2.7283614054322243 6.251949705183506 12
      vertex -2.7010216042399406 6.320314891636372 12
    endloop
  endfacet
  facet normal -0.9373389964730794 0.3484187217857852 0
    outer loop
      vertex -2.7010216042399406 6.320314891636372 9
      vertex -2.7010216042399406 6.320314891636372 12
      vertex -2.6753678023815155 6.389330439269543 12
    endloop
  endfacet
  facet normal -0.9456073450481723 0.32531023499260936 0
    outer loop
      vertex -2.6753678023815155 6.389330439269543 9
      vertex -2.6753678023815155 6.389330439269543 12
      vertex -2.6514154598116875 6.458954781293869 12
    endloop
  endfacet
  facet normal -0.9533060367464833 0.3020059607072559 0
    outer loop
      vertex -2.6514154598116875 6.458954781293869 9
      vertex -2.6514154598116875 6.458954781293869 12
      vertex -2.6291789934039116 6.52914597094059 12
    endloop
  endfacet
  facet normal -0.9604305008677799 0.2785197533441126 0
    outer loop
      vertex -2.6291789934039116 6.52914597094059 9
      vertex -2.6291789934039116 6.52914597094059 12
      vertex -2.608671799302101 6.599861726164818 12
    endloop
  endfacet
  facet normal -0.9669764746076467 0.25486564608704565 0
    outer loop
      vertex -2.608671799302101 6.599861726164818 9
      vertex -2.608671799302101 6.599861726164818 12
      vertex -2.5899062380194664 6.671059459447861 12
    endloop
  endfacet
  facet normal -0.9729399656028757 0.23105805186722025 0
    outer loop
      vertex -2.5899062380194664 6.671059459447861 9
      vertex -2.5899062380194664 6.671059459447861 12
      vertex -2.572893612086773 6.742696277797222 12
    endloop
  endfacet
  facet normal -0.9783173657021118 0.2071113998931018 0
    outer loop
      vertex -2.572893612086773 6.742696277797222 9
      vertex -2.572893612086773 6.742696277797222 12
      vertex -2.557644158601761 6.814729034900665 12
    endloop
  endfacet
  facet normal -0.9831054832197744 0.18303991057475347 0
    outer loop
      vertex -2.557644158601761 6.814729034900665 9
      vertex -2.557644158601761 6.814729034900665 12
      vertex -2.544167071580887 6.887114331126213 12
    endloop
  endfacet
  facet normal -0.9873014248817249 0.15885810154510796 0
    outer loop
      vertex -2.544167071580887 6.887114331126213 9
      vertex -2.544167071580887 6.887114331126213 12
      vertex -2.5324704721570015 6.959808573126793 12
    endloop
  endfacet
  facet normal -0.9909026278623628 0.13458076421043141 0
    outer loop
      vertex -2.5324704721570015 6.959808573126793 9
      vertex -2.5324704721570015 6.959808573126793 12
      vertex -2.5225613936781883 7.032767973840237 12
    endloop
  endfacet
  facet normal -0.9939069728725332 0.11022218141262549 0
    outer loop
      vertex -2.5225613936781883 7.032767973840237 9
      vertex -2.5225613936781883 7.032767973840237 12
      vertex -2.5144458189606667 7.105948582291603 12
    endloop
  endfacet
  facet normal -0.9963126105930256 0.08579733080527817 0
    outer loop
      vertex -2.5144458189606667 7.105948582291603 9
      vertex -2.5144458189606667 7.105948582291603 12
      vertex -2.5081286281347275 7.17930630594492 12
    endloop
  endfacet
  facet normal 0 0 1
    outer loop
      vertex -4.914729036390781 4.457644157111645 12
      vertex 4.914729036390781 4.457644157111645 12
      vertex -4.842696279287338 4.472893610596657 12
    endloop
  endfacet
  facet normal 0 0 1
    outer loop
      vertex -4.842696279287338 4.472893610596657 12
      vertex 4.842696279287338 4.472893610596657 12
      vertex -4.771059460937977 4.489906243979931 12
    endloop
  endfacet
  facet normal 0 0 1
    outer loop
      vertex -4.771059460937977 4.489906243979931 12
      vertex 4.771059460937977 4.489906243979931 12
      vertex -4.699861727654934 4.508671805262566 12
    endloop
  endfacet
  facet normal 0 0 1
    outer loop
      vertex -4.699861727654934 4.508671805262566 12
      vertex 4.699861727654934 4.508671805262566 12
      vertex -4.629145964980125 4.5291789919137955 12
    endloop
  endfacet
  facet normal 0 0 1
    outer loop
      vertex -4.629145964980125 4.5291789919137955 12
      vertex 4.629145964980125 4.5291789919137955 12
      vertex -4.5589547753334045 4.551415458321571 12
    endloop
  endfacet
  facet normal 0 0 1
    outer loop
      vertex -4.5589547753334045 4.551415458321571 12
      vertex 4.5589547753334045 4.551415458321571 12
      vertex -4.489330440759659 4.575367800891399 12
    endloop
  endfacet
  facet normal 0 0 1
    outer loop
      vertex -4.489330440759659 4.575367800891399 12
      vertex 4.489330440759659 4.575367800891399 12
      vertex -4.420314893126488 4.6010216027498245 12
    endloop
  endfacet
  facet normal 0 0 1
    outer loop
      vertex -4.420314893126488 4.6010216027498245 12
      vertex 4.420314893126488 4.6010216027498245 12
      vertex -4.3519496992230415 4.628361403942108 12
    endloop
  endfacet
  facet normal 0 0 1
    outer loop
      vertex -4.3519496992230415 4.628361403942108 12
      vertex 4.3519496992230415 4.628361403942108 12
      vertex -4.284276060760021 4.6573707312345505 12
    endloop
  endfacet
  facet normal 0 0 1
    outer loop
      vertex -4.284276060760021 4.6573707312345505 12
      vertex 4.284276060760021 4.6573707312345505 12
      vertex -4.217334717512131 4.688032120466232 12
    endloop
  endfacet
  facet normal 0 0 1
    outer loop
      vertex -4.217334717512131 4.688032120466232 12
      vertex 4.217334717512131 4.688032120466232 12
      vertex -4.1511660143733025 4.720327094197273 12
    endloop
  endfacet
  facet normal 0 0 1
    outer loop
      vertex -4.1511660143733025 4.720327094197273 12
      vertex 4.1511660143733025 4.720327094197273 12
      vertex -4.085809789597988 4.754236206412315 12
    endloop
  endfacet
  facet normal 0 0 1
    outer loop
      vertex -4.085809789597988 4.754236206412315 12
      vertex 4.085809789597988 4.754236206412315 12
      vertex -4.021305426955223 4.789739027619362 12
    endloop
  endfacet
  facet normal 0 0 1
    outer loop
      vertex -4.021305426955223 4.789739027619362 12
      vertex 4.021305426955223 4.789739027619362 12
      vertex -3.957691766321659 4.826814167201519 12
    endloop
  endfacet
  facet normal 0 0 1
    outer loop
      vertex -3.957691766321659 4.826814167201519 12
      vertex 3.957691766321659 4.826814167201519 12
      vertex -3.8950071409344673 4.865439303219318 12
    endloop
  endfacet
  facet normal 0 0 1
    outer loop
      vertex -3.8950071409344673 4.865439303219318 12
      vertex 3.8950071409344673 4.865439303219318 12
      vertex -3.8332893028855324 4.905591160058975 12
    endloop
  endfacet
  facet normal 0 0 1
    outer loop
      vertex -3.8332893028855324 4.905591160058975 12
      vertex 3.8332893028855324 4.905591160058975 12
      vertex -3.7725754231214523 4.9472455605864525 12
    endloop
  endfacet
  facet normal 0 0 1
    outer loop
      vertex -3.7725754231214523 4.9472455605864525 12
      vertex 3.7725754231214523 4.9472455605864525 12
      vertex -3.712902083992958 4.990377403795719 12
    endloop
  endfacet
  facet normal 0 0 1
    outer loop
      vertex -3.712902083992958 4.990377403795719 12
      vertex 3.712902083992958 4.990377403795719 12
      vertex -3.654305227100849 5.034960716962814 12
    endloop
  endfacet
  facet normal 0 0 1
    outer loop
      vertex -3.654305227100849 5.034960716962814 12
      vertex 3.654305227100849 5.034960716962814 12
      vertex -3.596820145845413 5.080968640744686 12
    endloop
  endfacet
  facet normal 0 0 1
    outer loop
      vertex -3.596820145845413 5.080968640744686 12
      vertex 3.596820145845413 5.080968640744686 12
      vertex -3.5404814705252647 5.128373458981514 12
    endloop
  endfacet
  facet normal 0 0 1
    outer loop
      vertex -3.5404814705252647 5.128373458981514 12
      vertex 3.5404814705252647 5.128373458981514 12
      vertex -3.4853231385350227 5.1771466210484505 12
    endloop
  endfacet
  facet normal 0 0 1
    outer loop
      vertex -3.4853231385350227 5.1771466210484505 12
      vertex 3.4853231385350227 5.1771466210484505 12
      vertex -3.4313783645629883 5.227258749306202 12
    endloop
  endfacet
  facet normal 0 0 1
    outer loop
      vertex -3.4313783645629883 5.227258749306202 12
      vertex 3.4313783645629883 5.227258749306202 12
      vertex -3.3786796554923058 5.27867965400219 12
    endloop
  endfacet
  facet normal 0 0 1
    outer loop
      vertex -3.3786796554923058 5.27867965400219 12
      vertex 3.3786796554923058 5.27867965400219 12
      vertex -3.327258750796318 5.331378363072872 12
    endloop
  endfacet
  facet normal 0 0 1
    outer loop
      vertex -3.327258750796318 5.331378363072872 12
      vertex 3.327258750796318 5.331378363072872 12
      vertex -3.2771466225385666 5.385323137044907 12
    endloop
  endfacet
  facet normal 0 0 1
    outer loop
      vertex -3.2771466225385666 5.385323137044907 12
      vertex 3.2771466225385666 5.385323137044907 12
      vertex -3.22837346047163 5.440481469035149 12
    endloop
  endfacet
  facet normal 0 0 1
    outer loop
      vertex -3.22837346047163 5.440481469035149 12
      vertex 3.22837346047163 5.440481469035149 12
      vertex -3.1809686422348022 5.496820144355297 12
    endloop
  endfacet
  facet normal 0 0 1
    outer loop
      vertex -3.1809686422348022 5.496820144355297 12
      vertex 3.1809686422348022 5.496820144355297 12
      vertex -3.1349607184529305 5.554305225610733 12
    endloop
  endfacet
  facet normal 0 0 1
    outer loop
      vertex -3.1349607184529305 5.554305225610733 12
      vertex 3.1349607184529305 5.554305225610733 12
      vertex -3.0903774052858353 5.6129020899534225 12
    endloop
  endfacet
  facet normal 0 0 1
    outer loop
      vertex -3.0903774052858353 5.6129020899534225 12
      vertex 3.0903774052858353 5.6129020899534225 12
      vertex -3.0472455620765686 5.672575429081917 12
    endloop
  endfacet
  facet normal 0 0 1
    outer loop
      vertex -3.0472455620765686 5.672575429081917 12
      vertex 3.0472455620765686 5.672575429081917 12
      vertex -3.0055911615490913 5.733289301395416 12
    endloop
  endfacet
  facet normal 0 0 1
    outer loop
      vertex -3.0055911615490913 5.733289301395416 12
      vertex 3.0055911615490913 5.733289301395416 12
      vertex -2.9654393047094345 5.795007139444351 12
    endloop
  endfacet
  facet normal 0 0 1
    outer loop
      vertex -2.9654393047094345 5.795007139444351 12
      vertex 2.9654393047094345 5.795007139444351 12
      vertex -2.926814168691635 5.857691764831543 12
    endloop
  endfacet
  facet normal 0 0 1
    outer loop
      vertex -2.926814168691635 5.857691764831543 12
      vertex 2.926814168691635 5.857691764831543 12
      vertex -2.889739029109478 5.921305425465107 12
    endloop
  endfacet
  facet normal 0 0 1
    outer loop
      vertex -2.889739029109478 5.921305425465107 12
      vertex 2.889739029109478 5.921305425465107 12
      vertex -2.8542362079024315 5.985809788107872 12
    endloop
  endfacet
  facet normal 0 0 1
    outer loop
      vertex -2.8542362079024315 5.985809788107872 12
      vertex 2.8542362079024315 5.985809788107872 12
      vertex -2.8203270956873894 6.051166012883186 12
    endloop
  endfacet
  facet normal 0 0 1
    outer loop
      vertex -2.8203270956873894 6.051166012883186 12
      vertex 2.8203270956873894 6.051166012883186 12
      vertex -2.7880321219563484 6.117334716022015 12
    endloop
  endfacet
  facet normal 0 0 1
    outer loop
      vertex -2.7880321219563484 6.117334716022015 12
      vertex 2.7880321219563484 6.117334716022015 12
      vertex -2.7573707327246666 6.184276059269905 12
    endloop
  endfacet
  facet normal 0 0 1
    outer loop
      vertex -2.7573707327246666 6.184276059269905 12
      vertex 2.7573707327246666 6.184276059269905 12
      vertex -2.7283614054322243 6.251949705183506 12
    endloop
  endfacet
  facet normal 0 0 1
    outer loop
      vertex -2.7283614054322243 6.251949705183506 12
      vertex 2.7283614054322243 6.251949705183506 12
      vertex -2.7010216042399406 6.320314891636372 12
    endloop
  endfacet
  facet normal 0 0 1
    outer loop
      vertex -2.7010216042399406 6.320314891636372 12
      vertex 2.7010216042399406 6.320314891636372 12
      vertex -2.6753678023815155 6.389330439269543 12
    endloop
  endfacet
  facet normal 0 0 1
    outer loop
      vertex -2.6753678023815155 6.389330439269543 12
      vertex 2.6753678023815155 6.389330439269543 12
      vertex -2.6514154598116875 6.458954781293869 12
    endloop
  endfacet
  facet normal 0 0 1
    outer loop
      vertex -2.6514154598116875 6.458954781293869 12
      vertex 2.6514154598116875 6.458954781293869 12
      vertex -2.6291789934039116 6.52914597094059 12
    endloop
  endfacet
  facet normal 0 0 1
    outer loop
      vertex -2.6291789934039116 6.52914597094059 12
      vertex 2.6291789934039116 6.52914597094059 12
      vertex -2.608671799302101 6.599861726164818 12
    endloop
  endfacet
  facet normal 0 0 1
    outer loop
      vertex -2.608671799302101 6.599861726164818 12
      vertex 2.608671799302101 6.599861726164818 12
      vertex -2.5899062380194664 6.671059459447861 12
    endloop
  endfacet
  facet normal 0 0 1
    outer loop
      vertex -2.5899062380194664 6.671059459447861 12
      vertex 2.5899062380194664 6.671059459447861 12
      vertex -2.572893612086773 6.742696277797222 12
    endloop
  endfacet
  facet normal 0 0 1
    outer loop
      vertex -2.572893612086773 6.742696277797222 12
      vertex 2.572893612086773 6.742696277797222 12
      vertex -2.557644158601761 6.814729034900665 12
    endloop
  endfacet
  facet normal 0 0 1
    outer loop
      vertex -2.557644158601761 6.814729034900665 12
      vertex 2.557644158601761 6.814729034900665 12
      vertex -2.544167071580887 6.887114331126213 12
    endloop
  endfacet
  facet normal 0 0 1
    outer loop
      vertex -2.544167071580887 6.887114331126213 12
      vertex 2.544167071580887 6.887114331126213 12
      vertex -2.5324704721570015 6.959808573126793 12
    endloop
  endfacet
  facet normal 0 0 1
    outer loop
      vertex -2.5324704721570015 6.959808573126793 12
      vertex 2.5324704721570015 6.959808573126793 12
      vertex -2.5225613936781883 7.032767973840237 12
    endloop
  endfacet
  facet normal 0 0 1
    outer loop
      vertex -2.5225613936781883 7.032767973840237 12
      vertex 2.5225613936781883 7.032767973840237 12
      vertex -2.5144458189606667 7.105948582291603 12
    endloop
  endfacet
  facet normal 0 0 1
    outer loop
      vertex -2.5144458189606667 7.105948582291603 12
      vertex 2.5144458189606667 7.105948582291603 12
      vertex -2.5081286281347275 7.17930630594492 12
    endloop
  endfacet
  facet normal -0.9981181121830343 0.06132074797469375 0
    outer loop
      vertex -2.5081286281347275 7.17930630594492 9
      vertex -2.503613628447056 7.252796977758408 12
      vertex -2.503613628447056 7.252796977758408 9
    endloop
  endfacet
  facet normal -0.999322387435966 0.03680714562800424 0
    outer loop
      vertex -2.503613628447056 7.252796977758408 9
      vertex -2.50090354681015 7.326376311480999 12
      vertex -2.50090354681015 7.326376311480999 9
    endloop
  endfacet
  facet normal -0.9999247013590394 0.012271577406179545 0
    outer loop
      vertex -2.50090354681015 7.326376311480999 9
      vertex -2.5 7.399999998509884 12
      vertex -2.5 7.399999998509884 9
    endloop
  endfacet
  facet normal -0.9981181121830343 0.06132074797469375 0
    outer loop
      vertex -2.5081286281347275 7.17930630594492 9
      vertex -2.5081286281347275 7.17930630594492 12
      vertex -2.503613628447056 7.252796977758408 12
    endloop
  endfacet
  facet normal -0.999322387435966 0.03680714562800424 0
    outer loop
      vertex -2.503613628447056 7.252796977758408 9
      vertex -2.503613628447056 7.252796977758408 12
      vertex -2.50090354681015 7.326376311480999 12
    endloop
  endfacet
  facet normal -0.9999247013590394 0.012271577406179545 0
    outer loop
      vertex -2.50090354681015 7.326376311480999 9
      vertex -2.50090354681015 7.326376311480999 12
      vertex -2.5 7.399999998509884 12
    endloop
  endfacet
  facet normal 0 0 1
    outer loop
      vertex -2.5081286281347275 7.17930630594492 12
      vertex 2.5081286281347275 7.17930630594492 12
      vertex -2.503613628447056 7.252796977758408 12
    endloop
  endfacet
  facet normal 0 0 1
    outer loop
      vertex -2.503613628447056 7.252796977758408 12
      vertex 2.503613628447056 7.252796977758408 12
      vertex -2.50090354681015 7.326376311480999 12
    endloop
  endfacet
  facet normal 0 0 1
    outer loop
      vertex -2.50090354681015 7.326376311480999 12
      vertex 2.50090354681015 7.326376311480999 12
      vertex -2.5 7.399999998509884 12
    endloop
  endfacet
  facet normal 0 0 1
    outer loop
      vertex -2.5 7.399999998509884 12
      vertex 2.5 7.399999998509884 12
      vertex -2.5 27.624977029165862 12
    endloop
  endfacet
  facet normal -1 0 0
    outer loop
      vertex -2.5 7.399999998509884 12
      vertex -2.5 27.624977029165862 12
      vertex -2.5 27.624977029165862 0
    endloop
  endfacet
  facet normal 0 0 1
    outer loop
      vertex 2.5 7.399999998509884 12
      vertex -2.5 29.399999998509884 12
      vertex -2.5 27.624977029165862 12
    endloop
  endfacet
  facet normal 0 0 -1
    outer loop
      vertex -9 0 0
      vertex 4.914729036390781 4.457644157111645 0
      vertex 9 0 0
    endloop
  endfacet
  facet normal 0 0 -1
    outer loop
      vertex -2.7573707327246666 6.184276059269905 0
      vertex 2.7573707327246666 6.184276059269905 0
      vertex 2.7880321219563484 6.117334716022015 0
    endloop
  endfacet
  facet normal 0 0 -1
    outer loop
      vertex -2.7283614054322243 6.251949705183506 0
      vertex 2.7283614054322243 6.251949705183506 0
      vertex 2.7573707327246666 6.184276059269905 0
    endloop
  endfacet
  facet normal 0 0 -1
    outer loop
      vertex -2.6753678023815155 6.389330439269543 0
      vertex 2.6753678023815155 6.389330439269543 0
      vertex 2.7010216042399406 6.320314891636372 0
    endloop
  endfacet
  facet normal 0 0 -1
    outer loop
      vertex -2.7010216042399406 6.320314891636372 0
      vertex 2.7010216042399406 6.320314891636372 0
      vertex 2.7283614054322243 6.251949705183506 0
    endloop
  endfacet
  facet normal 0 0 -1
    outer loop
      vertex -2.6514154598116875 6.458954781293869 0
      vertex 2.6514154598116875 6.458954781293869 0
      vertex 2.6753678023815155 6.389330439269543 0
    endloop
  endfacet
  facet normal 0 0 -1
    outer loop
      vertex -2.608671799302101 6.599861726164818 0
      vertex 2.608671799302101 6.599861726164818 0
      vertex 2.6291789934039116 6.52914597094059 0
    endloop
  endfacet
  facet normal 0 0 -1
    outer loop
      vertex -2.5899062380194664 6.671059459447861 0
      vertex 2.5899062380194664 6.671059459447861 0
      vertex 2.608671799302101 6.599861726164818 0
    endloop
  endfacet
  facet normal 0 0 -1
    outer loop
      vertex -2.572893612086773 6.742696277797222 0
      vertex 2.572893612086773 6.742696277797222 0
      vertex 2.5899062380194664 6.671059459447861 0
    endloop
  endfacet
  facet normal 0 0 -1
    outer loop
      vertex -2.6291789934039116 6.52914597094059 0
      vertex 2.6291789934039116 6.52914597094059 0
      vertex 2.6514154598116875 6.458954781293869 0
    endloop
  endfacet
  facet normal 0 0 -1
    outer loop
      vertex -2.557644158601761 6.814729034900665 0
      vertex 2.557644158601761 6.814729034900665 0
      vertex 2.572893612086773 6.742696277797222 0
    endloop
  endfacet
  facet normal 0 0 -1
    outer loop
      vertex -2.5324704721570015 6.959808573126793 0
      vertex 2.5324704721570015 6.959808573126793 0
      vertex 2.544167071580887 6.887114331126213 0
    endloop
  endfacet
  facet normal 0 0 -1
    outer loop
      vertex -2.544167071580887 6.887114331126213 0
      vertex 2.544167071580887 6.887114331126213 0
      vertex 2.557644158601761 6.814729034900665 0
    endloop
  endfacet
  facet normal 0 0 -1
    outer loop
      vertex -2.5225613936781883 7.032767973840237 0
      vertex 2.5225613936781883 7.032767973840237 0
      vertex 2.5324704721570015 6.959808573126793 0
    endloop
  endfacet
  facet normal 0 0 -1
    outer loop
      vertex -2.5144458189606667 7.105948582291603 0
      vertex 2.5144458189606667 7.105948582291603 0
      vertex 2.5225613936781883 7.032767973840237 0
    endloop
  endfacet
  facet normal 0 0 -1
    outer loop
      vertex -2.5081286281347275 7.17930630594492 0
      vertex 2.5081286281347275 7.17930630594492 0
      vertex 2.5144458189606667 7.105948582291603 0
    endloop
  endfacet
  facet normal 0 0 -1
    outer loop
      vertex -3.2771466225385666 5.385323137044907 0
      vertex 3.2771466225385666 5.385323137044907 0
      vertex 3.327258750796318 5.331378363072872 0
    endloop
  endfacet
  facet normal 0 0 -1
    outer loop
      vertex -3.4313783645629883 5.227258749306202 0
      vertex 3.4313783645629883 5.227258749306202 0
      vertex 3.4853231385350227 5.1771466210484505 0
    endloop
  endfacet
  facet normal 0 0 -1
    outer loop
      vertex -3.3786796554923058 5.27867965400219 0
      vertex 3.3786796554923058 5.27867965400219 0
      vertex 3.4313783645629883 5.227258749306202 0
    endloop
  endfacet
  facet normal 0 0 -1
    outer loop
      vertex -3.327258750796318 5.331378363072872 0
      vertex 3.327258750796318 5.331378363072872 0
      vertex 3.3786796554923058 5.27867965400219 0
    endloop
  endfacet
  facet normal 0 0 -1
    outer loop
      vertex -3.957691766321659 4.826814167201519 0
      vertex 3.957691766321659 4.826814167201519 0
      vertex 4.021305426955223 4.789739027619362 0
    endloop
  endfacet
  facet normal 0 0 -1
    outer loop
      vertex -3.8332893028855324 4.905591160058975 0
      vertex 3.8332893028855324 4.905591160058975 0
      vertex 3.8950071409344673 4.865439303219318 0
    endloop
  endfacet
  facet normal 0 0 -1
    outer loop
      vertex -3.8950071409344673 4.865439303219318 0
      vertex 3.8950071409344673 4.865439303219318 0
      vertex 3.957691766321659 4.826814167201519 0
    endloop
  endfacet
  facet normal 0 0 -1
    outer loop
      vertex -4.021305426955223 4.789739027619362 0
      vertex 4.021305426955223 4.789739027619362 0
      vertex 4.085809789597988 4.754236206412315 0
    endloop
  endfacet
  facet normal 0 0 -1
    outer loop
      vertex -4.085809789597988 4.754236206412315 0
      vertex 4.085809789597988 4.754236206412315 0
      vertex 4.1511660143733025 4.720327094197273 0
    endloop
  endfacet
  facet normal 0 0 -1
    outer loop
      vertex -4.1511660143733025 4.720327094197273 0
      vertex 4.1511660143733025 4.720327094197273 0
      vertex 4.217334717512131 4.688032120466232 0
    endloop
  endfacet
  facet normal 0 0 -1
    outer loop
      vertex -3.5404814705252647 5.128373458981514 0
      vertex 3.5404814705252647 5.128373458981514 0
      vertex 3.596820145845413 5.080968640744686 0
    endloop
  endfacet
  facet normal 0 0 -1
    outer loop
      vertex -3.596820145845413 5.080968640744686 0
      vertex 3.596820145845413 5.080968640744686 0
      vertex 3.654305227100849 5.034960716962814 0
    endloop
  endfacet
  facet normal 0 0 -1
    outer loop
      vertex -3.712902083992958 4.990377403795719 0
      vertex 3.712902083992958 4.990377403795719 0
      vertex 3.7725754231214523 4.9472455605864525 0
    endloop
  endfacet
  facet normal 0 0 -1
    outer loop
      vertex -3.654305227100849 5.034960716962814 0
      vertex 3.654305227100849 5.034960716962814 0
      vertex 3.712902083992958 4.990377403795719 0
    endloop
  endfacet
  facet normal 0 0 -1
    outer loop
      vertex -3.7725754231214523 4.9472455605864525 0
      vertex 3.7725754231214523 4.9472455605864525 0
      vertex 3.8332893028855324 4.905591160058975 0
    endloop
  endfacet
  facet normal 0 0 -1
    outer loop
      vertex -3.4853231385350227 5.1771466210484505 0
      vertex 3.4853231385350227 5.1771466210484505 0
      vertex 3.5404814705252647 5.128373458981514 0
    endloop
  endfacet
  facet normal 0 0 -1
    outer loop
      vertex -4.771059460937977 4.489906243979931 0
      vertex 4.771059460937977 4.489906243979931 0
      vertex 4.842696279287338 4.472893610596657 0
    endloop
  endfacet
  facet normal 0 0 -1
    outer loop
      vertex -4.842696279287338 4.472893610596657 0
      vertex 4.842696279287338 4.472893610596657 0
      vertex 4.914729036390781 4.457644157111645 0
    endloop
  endfacet
  facet normal 0 0 -1
    outer loop
      vertex -4.217334717512131 4.688032120466232 0
      vertex 4.217334717512131 4.688032120466232 0
      vertex 4.284276060760021 4.6573707312345505 0
    endloop
  endfacet
  facet normal 0 0 -1
    outer loop
      vertex -4.284276060760021 4.6573707312345505 0
      vertex 4.284276060760021 4.6573707312345505 0
      vertex 4.3519496992230415 4.628361403942108 0
    endloop
  endfacet
  facet normal 0 0 -1
    outer loop
      vertex -4.420314893126488 4.6010216027498245 0
      vertex 4.420314893126488 4.6010216027498245 0
      vertex 4.489330440759659 4.575367800891399 0
    endloop
  endfacet
  facet normal 0 0 -1
    outer loop
      vertex -4.489330440759659 4.575367800891399 0
      vertex 4.489330440759659 4.575367800891399 0
      vertex 4.5589547753334045 4.551415458321571 0
    endloop
  endfacet
  facet normal 0 0 -1
    outer loop
      vertex -4.3519496992230415 4.628361403942108 0
      vertex 4.3519496992230415 4.628361403942108 0
      vertex 4.420314893126488 4.6010216027498245 0
    endloop
  endfacet
  facet normal 0 0 -1
    outer loop
      vertex -4.5589547753334045 4.551415458321571 0
      vertex 4.5589547753334045 4.551415458321571 0
      vertex 4.629145964980125 4.5291789919137955 0
    endloop
  endfacet
  facet normal 0 0 -1
    outer loop
      vertex -4.629145964980125 4.5291789919137955 0
      vertex 4.629145964980125 4.5291789919137955 0
      vertex 4.699861727654934 4.508671805262566 0
    endloop
  endfacet
  facet normal 0 0 -1
    outer loop
      vertex -4.699861727654934 4.508671805262566 0
      vertex 4.699861727654934 4.508671805262566 0
      vertex 4.771059460937977 4.489906243979931 0
    endloop
  endfacet
  facet normal 0 0 -1
    outer loop
      vertex -3.0903774052858353 5.6129020899534225 0
      vertex 3.0903774052858353 5.6129020899534225 0
      vertex 3.1349607184529305 5.554305225610733 0
    endloop
  endfacet
  facet normal 0 0 -1
    outer loop
      vertex -3.0055911615490913 5.733289301395416 0
      vertex 3.0055911615490913 5.733289301395416 0
      vertex 3.0472455620765686 5.672575429081917 0
    endloop
  endfacet
  facet normal 0 0 -1
    outer loop
      vertex -3.0472455620765686 5.672575429081917 0
      vertex 3.0472455620765686 5.672575429081917 0
      vertex 3.0903774052858353 5.6129020899534225 0
    endloop
  endfacet
  facet normal 0 0 -1
    outer loop
      vertex -2.9654393047094345 5.795007139444351 0
      vertex 2.9654393047094345 5.795007139444351 0
      vertex 3.0055911615490913 5.733289301395416 0
    endloop
  endfacet
  facet normal 0 0 -1
    outer loop
      vertex -3.1809686422348022 5.496820144355297 0
      vertex 3.1809686422348022 5.496820144355297 0
      vertex 3.22837346047163 5.440481469035149 0
    endloop
  endfacet
  facet normal 0 0 -1
    outer loop
      vertex -3.22837346047163 5.440481469035149 0
      vertex 3.22837346047163 5.440481469035149 0
      vertex 3.2771466225385666 5.385323137044907 0
    endloop
  endfacet
  facet normal 0 0 -1
    outer loop
      vertex -3.1349607184529305 5.554305225610733 0
      vertex 3.1349607184529305 5.554305225610733 0
      vertex 3.1809686422348022 5.496820144355297 0
    endloop
  endfacet
  facet normal 0 0 -1
    outer loop
      vertex -2.926814168691635 5.857691764831543 0
      vertex 2.926814168691635 5.857691764831543 0
      vertex 2.9654393047094345 5.795007139444351 0
    endloop
  endfacet
  facet normal 0 0 -1
    outer loop
      vertex -2.889739029109478 5.921305425465107 0
      vertex 2.889739029109478 5.921305425465107 0
      vertex 2.926814168691635 5.857691764831543 0
    endloop
  endfacet
  facet normal 0 0 -1
    outer loop
      vertex -2.8542362079024315 5.985809788107872 0
      vertex 2.8542362079024315 5.985809788107872 0
      vertex 2.889739029109478 5.921305425465107 0
    endloop
  endfacet
  facet normal 0 0 -1
    outer loop
      vertex -2.8203270956873894 6.051166012883186 0
      vertex 2.8203270956873894 6.051166012883186 0
      vertex 2.8542362079024315 5.985809788107872 0
    endloop
  endfacet
  facet normal 0 0 -1
    outer loop
      vertex -2.7880321219563484 6.117334716022015 0
      vertex 2.7880321219563484 6.117334716022015 0
      vertex 2.8203270956873894 6.051166012883186 0
    endloop
  endfacet
  facet normal 0.9285060681263128 0.37131722482617907 0
    outer loop
      vertex 2.7283614054322243 6.251949705183506 0
      vertex 2.7010216042399406 6.320314891636372 0
      vertex 2.7283614054322243 6.251949705183506 3
    endloop
  endfacet
  facet normal 0.9191138691834996 0.39399199925193484 0
    outer loop
      vertex 2.7573707327246666 6.184276059269905 0
      vertex 2.7283614054322243 6.251949705183506 0
      vertex 2.7573707327246666 6.184276059269905 3
    endloop
  endfacet
  facet normal 0.909167987131805 0.41642955127452475 0
    outer loop
      vertex 2.7573707327246666 6.184276059269905 0
      vertex 2.7880321219563484 6.117334716022015 3
      vertex 2.7880321219563484 6.117334716022015 0
    endloop
  endfacet
  facet normal 0.8986744622232423 0.4386162456496182 0
    outer loop
      vertex 2.7880321219563484 6.117334716022015 0
      vertex 2.8203270956873894 6.051166012883186 3
      vertex 2.8203270956873894 6.051166012883186 0
    endloop
  endfacet
  facet normal 0.9783173657021118 0.2071113998931018 0
    outer loop
      vertex 2.572893612086773 6.742696277797222 0
      vertex 2.557644158601761 6.814729034900665 0
      vertex 2.572893612086773 6.742696277797222 3
    endloop
  endfacet
  facet normal 0.9873014248817249 0.15885810154510796 0
    outer loop
      vertex 2.544167071580887 6.887114331126213 0
      vertex 2.5324704721570015 6.959808573126793 0
      vertex 2.544167071580887 6.887114331126213 3
    endloop
  endfacet
  facet normal 0.9831054832197744 0.18303991057475347 0
    outer loop
      vertex 2.557644158601761 6.814729034900665 0
      vertex 2.544167071580887 6.887114331126213 0
      vertex 2.557644158601761 6.814729034900665 3
    endloop
  endfacet
  facet normal 0.9963126105930256 0.08579733080527817 0
    outer loop
      vertex 2.5144458189606667 7.105948582291603 0
      vertex 2.5081286281347275 7.17930630594492 0
      vertex 2.5144458189606667 7.105948582291603 3
    endloop
  endfacet
  facet normal 0.9909026278623628 0.13458076421043141 0
    outer loop
      vertex 2.5225613936781883 7.032767973840237 0
      vertex 2.5324704721570015 6.959808573126793 3
      vertex 2.5324704721570015 6.959808573126793 0
    endloop
  endfacet
  facet normal 0.9939069728725332 0.11022218141262549 0
    outer loop
      vertex 2.5225613936781883 7.032767973840237 0
      vertex 2.5144458189606667 7.105948582291603 0
      vertex 2.5225613936781883 7.032767973840237 3
    endloop
  endfacet
  facet normal 0.9373389964730794 0.3484187217857852 0
    outer loop
      vertex 2.7010216042399406 6.320314891636372 0
      vertex 2.6753678023815155 6.389330439269543 0
      vertex 2.7010216042399406 6.320314891636372 3
    endloop
  endfacet
  facet normal 0.9533060367464833 0.3020059607072559 0
    outer loop
      vertex 2.6291789934039116 6.52914597094059 0
      vertex 2.6514154598116875 6.458954781293869 3
      vertex 2.6514154598116875 6.458954781293869 0
    endloop
  endfacet
  facet normal 0.9456073450481723 0.32531023499260936 0
    outer loop
      vertex 2.6753678023815155 6.389330439269543 0
      vertex 2.6514154598116875 6.458954781293869 0
      vertex 2.6753678023815155 6.389330439269543 3
    endloop
  endfacet
  facet normal 0.9604305008677799 0.2785197533441126 0
    outer loop
      vertex 2.6291789934039116 6.52914597094059 0
      vertex 2.608671799302101 6.599861726164818 0
      vertex 2.6291789934039116 6.52914597094059 3
    endloop
  endfacet
  facet normal 0.9669764746076467 0.25486564608704565 0
    outer loop
      vertex 2.608671799302101 6.599861726164818 0
      vertex 2.5899062380194664 6.671059459447861 0
      vertex 2.608671799302101 6.599861726164818 3
    endloop
  endfacet
  facet normal 0.9729399656028757 0.23105805186722025 0
    outer loop
      vertex 2.5899062380194664 6.671059459447861 0
      vertex 2.572893612086773 6.742696277797222 0
      vertex 2.5899062380194664 6.671059459447861 3
    endloop
  endfacet
  facet normal 0.7326542916439974 0.6806009762964143 0
    outer loop
      vertex 3.2771466225385666 5.385323137044907 0
      vertex 3.327258750796318 5.331378363072872 3
      vertex 3.327258750796318 5.331378363072872 0
    endloop
  endfacet
  facet normal 0.7157308275088007 0.6983762471287002 0
    outer loop
      vertex 3.327258750796318 5.331378363072872 0
      vertex 3.3786796554923058 5.27867965400219 3
      vertex 3.3786796554923058 5.27867965400219 0
    endloop
  endfacet
  facet normal 0.6983762471287002 0.7157308275088007 0
    outer loop
      vertex 3.3786796554923058 5.27867965400219 0
      vertex 3.4313783645629883 5.227258749306202 3
      vertex 3.4313783645629883 5.227258749306202 0
    endloop
  endfacet
  facet normal 0.6806009762964143 0.7326542916439974 0
    outer loop
      vertex 3.4313783645629883 5.227258749306202 0
      vertex 3.4853231385350227 5.1771466210484505 3
      vertex 3.4853231385350227 5.1771466210484505 0
    endloop
  endfacet
  facet normal 0.6624157918795686 0.7491363818882141 0
    outer loop
      vertex 3.4853231385350227 5.1771466210484505 0
      vertex 3.5404814705252647 5.128373458981514 3
      vertex 3.5404814705252647 5.128373458981514 0
    endloop
  endfacet
  facet normal 0.6438315313738673 0.7651672753122556 0
    outer loop
      vertex 3.5404814705252647 5.128373458981514 0
      vertex 3.596820145845413 5.080968640744686 3
      vertex 3.596820145845413 5.080968640744686 0
    endloop
  endfacet
  facet normal 0.6248594929852721 0.7807372246961128 0
    outer loop
      vertex 3.654305227100849 5.034960716962814 0
      vertex 3.596820145845413 5.080968640744686 0
      vertex 3.654305227100849 5.034960716962814 3
    endloop
  endfacet
  facet normal 0.6055110641928494 0.7958368872702767 0
    outer loop
      vertex 3.654305227100849 5.034960716962814 0
      vertex 3.712902083992958 4.990377403795719 3
      vertex 3.712902083992958 4.990377403795719 0
    endloop
  endfacet
  facet normal 0.8513551760595545 0.5245897103419062 0
    outer loop
      vertex 2.926814168691635 5.857691764831543 0
      vertex 2.9654393047094345 5.795007139444351 3
      vertex 2.9654393047094345 5.795007139444351 0
    endloop
  endfacet
  facet normal 0.8245892707810064 0.5657318574314585 0
    outer loop
      vertex 3.0055911615490913 5.733289301395416 0
      vertex 3.0472455620765686 5.672575429081917 3
      vertex 3.0472455620765686 5.672575429081917 0
    endloop
  endfacet
  facet normal 0.8382247125358401 0.5453249776914756 0
    outer loop
      vertex 3.0055911615490913 5.733289301395416 0
      vertex 2.9654393047094345 5.795007139444351 0
      vertex 3.0055911615490913 5.733289301395416 3
    endloop
  endfacet
  facet normal 0.8876396205051986 0.46053871076098146 0
    outer loop
      vertex 2.8203270956873894 6.051166012883186 0
      vertex 2.8542362079024315 5.985809788107872 3
      vertex 2.8542362079024315 5.985809788107872 0
    endloop
  endfacet
  facet normal 0.8639728945722552 0.5035383177519254 0
    outer loop
      vertex 2.889739029109478 5.921305425465107 0
      vertex 2.926814168691635 5.857691764831543 3
      vertex 2.926814168691635 5.857691764831543 0
    endloop
  endfacet
  facet normal 0.8760700743891096 0.48218380806478783 0
    outer loop
      vertex 2.889739029109478 5.921305425465107 0
      vertex 2.8542362079024315 5.985809788107872 0
      vertex 2.889739029109478 5.921305425465107 3
    endloop
  endfacet
  facet normal 0.7958369243711365 0.605511015430347 0
    outer loop
      vertex 3.0903774052858353 5.6129020899534225 0
      vertex 3.1349607184529305 5.554305225610733 3
      vertex 3.1349607184529305 5.554305225610733 0
    endloop
  endfacet
  facet normal 0.810457209437934 0.5857978419814098 0
    outer loop
      vertex 3.0903774052858353 5.6129020899534225 0
      vertex 3.0472455620765686 5.672575429081917 0
      vertex 3.0903774052858353 5.6129020899534225 3
    endloop
  endfacet
  facet normal 0.7651672753122556 0.6438315313738673 0
    outer loop
      vertex 3.1809686422348022 5.496820144355297 0
      vertex 3.22837346047163 5.440481469035149 3
      vertex 3.22837346047163 5.440481469035149 0
    endloop
  endfacet
  facet normal 0.7807372246961128 0.6248594929852721 0
    outer loop
      vertex 3.1809686422348022 5.496820144355297 0
      vertex 3.1349607184529305 5.554305225610733 0
      vertex 3.1809686422348022 5.496820144355297 3
    endloop
  endfacet
  facet normal 0.7491363818882141 0.6624157918795686 0
    outer loop
      vertex 3.22837346047163 5.440481469035149 0
      vertex 3.2771466225385666 5.385323137044907 3
      vertex 3.2771466225385666 5.385323137044907 0
    endloop
  endfacet
  facet normal 0 -1 0
    outer loop
      vertex -9 0 3
      vertex 9 0 0
      vertex 9 0 3
    endloop
  endfacet
  facet normal 0.9191138691834996 0.39399199925193484 0
    outer loop
      vertex 2.7283614054322243 6.251949705183506 0
      vertex 2.7283614054322243 6.251949705183506 3
      vertex 2.7573707327246666 6.184276059269905 3
    endloop
  endfacet
  facet normal 0.909167987131805 0.41642955127452475 0
    outer loop
      vertex 2.7573707327246666 6.184276059269905 0
      vertex 2.7573707327246666 6.184276059269905 3
      vertex 2.7880321219563484 6.117334716022015 3
    endloop
  endfacet
  facet normal 0.8986744622232423 0.4386162456496182 0
    outer loop
      vertex 2.7880321219563484 6.117334716022015 0
      vertex 2.7880321219563484 6.117334716022015 3
      vertex 2.8203270956873894 6.051166012883186 3
    endloop
  endfacet
  facet normal 0.9783173657021118 0.2071113998931018 0
    outer loop
      vertex 2.557644158601761 6.814729034900665 0
      vertex 2.557644158601761 6.814729034900665 3
      vertex 2.572893612086773 6.742696277797222 3
    endloop
  endfacet
  facet normal 0.9831054832197744 0.18303991057475347 0
    outer loop
      vertex 2.544167071580887 6.887114331126213 0
      vertex 2.544167071580887 6.887114331126213 3
      vertex 2.557644158601761 6.814729034900665 3
    endloop
  endfacet
  facet normal 0.9873014248817249 0.15885810154510796 0
    outer loop
      vertex 2.5324704721570015 6.959808573126793 0
      vertex 2.5324704721570015 6.959808573126793 3
      vertex 2.544167071580887 6.887114331126213 3
    endloop
  endfacet
  facet normal 0.9939069728725332 0.11022218141262549 0
    outer loop
      vertex 2.5144458189606667 7.105948582291603 0
      vertex 2.5144458189606667 7.105948582291603 3
      vertex 2.5225613936781883 7.032767973840237 3
    endloop
  endfacet
  facet normal 0.9963126105930256 0.08579733080527817 0
    outer loop
      vertex 2.5081286281347275 7.17930630594492 0
      vertex 2.5081286281347275 7.17930630594492 3
      vertex 2.5144458189606667 7.105948582291603 3
    endloop
  endfacet
  facet normal 0.9909026278623628 0.13458076421043141 0
    outer loop
      vertex 2.5225613936781883 7.032767973840237 0
      vertex 2.5225613936781883 7.032767973840237 3
      vertex 2.5324704721570015 6.959808573126793 3
    endloop
  endfacet
  facet normal 0.9373389964730794 0.3484187217857852 0
    outer loop
      vertex 2.6753678023815155 6.389330439269543 0
      vertex 2.6753678023815155 6.389330439269543 3
      vertex 2.7010216042399406 6.320314891636372 3
    endloop
  endfacet
  facet normal 0.9456073450481723 0.32531023499260936 0
    outer loop
      vertex 2.6514154598116875 6.458954781293869 0
      vertex 2.6514154598116875 6.458954781293869 3
      vertex 2.6753678023815155 6.389330439269543 3
    endloop
  endfacet
  facet normal 0.9533060367464833 0.3020059607072559 0
    outer loop
      vertex 2.6291789934039116 6.52914597094059 0
      vertex 2.6291789934039116 6.52914597094059 3
      vertex 2.6514154598116875 6.458954781293869 3
    endloop
  endfacet
  facet normal 0.9604305008677799 0.2785197533441126 0
    outer loop
      vertex 2.608671799302101 6.599861726164818 0
      vertex 2.608671799302101 6.599861726164818 3
      vertex 2.6291789934039116 6.52914597094059 3
    endloop
  endfacet
  facet normal 0.9669764746076467 0.25486564608704565 0
    outer loop
      vertex 2.5899062380194664 6.671059459447861 0
      vertex 2.5899062380194664 6.671059459447861 3
      vertex 2.608671799302101 6.599861726164818 3
    endloop
  endfacet
  facet normal 0.9729399656028757 0.23105805186722025 0
    outer loop
      vertex 2.572893612086773 6.742696277797222 0
      vertex 2.572893612086773 6.742696277797222 3
      vertex 2.5899062380194664 6.671059459447861 3
    endloop
  endfacet
  facet normal 0.9285060681263128 0.37131722482617907 0
    outer loop
      vertex 2.7010216042399406 6.320314891636372 0
      vertex 2.7010216042399406 6.320314891636372 3
      vertex 2.7283614054322243 6.251949705183506 3
    endloop
  endfacet
  facet normal 0.7326542916439974 0.6806009762964143 0
    outer loop
      vertex 3.2771466225385666 5.385323137044907 0
      vertex 3.2771466225385666 5.385323137044907 3
      vertex 3.327258750796318 5.331378363072872 3
    endloop
  endfacet
  facet normal 0.6983762471287002 0.7157308275088007 0
    outer loop
      vertex 3.3786796554923058 5.27867965400219 0
      vertex 3.3786796554923058 5.27867965400219 3
      vertex 3.4313783645629883 5.227258749306202 3
    endloop
  endfacet
  facet normal 0.7157308275088007 0.6983762471287002 0
    outer loop
      vertex 3.327258750796318 5.331378363072872 0
      vertex 3.327258750796318 5.331378363072872 3
      vertex 3.3786796554923058 5.27867965400219 3
    endloop
  endfacet
  facet normal 0.6806009762964143 0.7326542916439974 0
    outer loop
      vertex 3.4313783645629883 5.227258749306202 0
      vertex 3.4313783645629883 5.227258749306202 3
      vertex 3.4853231385350227 5.1771466210484505 3
    endloop
  endfacet
  facet normal 0.6624157918795686 0.7491363818882141 0
    outer loop
      vertex 3.4853231385350227 5.1771466210484505 0
      vertex 3.4853231385350227 5.1771466210484505 3
      vertex 3.5404814705252647 5.128373458981514 3
    endloop
  endfacet
  facet normal 0.6438315313738673 0.7651672753122556 0
    outer loop
      vertex 3.5404814705252647 5.128373458981514 0
      vertex 3.5404814705252647 5.128373458981514 3
      vertex 3.596820145845413 5.080968640744686 3
    endloop
  endfacet
  facet normal 0.6248594929852721 0.7807372246961128 0
    outer loop
      vertex 3.596820145845413 5.080968640744686 0
      vertex 3.596820145845413 5.080968640744686 3
      vertex 3.654305227100849 5.034960716962814 3
    endloop
  endfacet
  facet normal 0.6055110641928494 0.7958368872702767 0
    outer loop
      vertex 3.654305227100849 5.034960716962814 0
      vertex 3.654305227100849 5.034960716962814 3
      vertex 3.712902083992958 4.990377403795719 3
    endloop
  endfacet
  facet normal 0.5857978419814098 0.810457209437934 0
    outer loop
      vertex 3.712902083992958 4.990377403795719 0
      vertex 3.712902083992958 4.990377403795719 3
      vertex 3.7725754231214523 4.9472455605864525 3
    endloop
  endfacet
  facet normal 0.8382247125358401 0.5453249776914756 0
    outer loop
      vertex 2.9654393047094345 5.795007139444351 0
      vertex 2.9654393047094345 5.795007139444351 3
      vertex 3.0055911615490913 5.733289301395416 3
    endloop
  endfacet
  facet normal 0.8245892707810064 0.5657318574314585 0
    outer loop
      vertex 3.0055911615490913 5.733289301395416 0
      vertex 3.0055911615490913 5.733289301395416 3
      vertex 3.0472455620765686 5.672575429081917 3
    endloop
  endfacet
  facet normal 0.8876396205051986 0.46053871076098146 0
    outer loop
      vertex 2.8203270956873894 6.051166012883186 0
      vertex 2.8203270956873894 6.051166012883186 3
      vertex 2.8542362079024315 5.985809788107872 3
    endloop
  endfacet
  facet normal 0.8760700743891096 0.48218380806478783 0
    outer loop
      vertex 2.8542362079024315 5.985809788107872 0
      vertex 2.8542362079024315 5.985809788107872 3
      vertex 2.889739029109478 5.921305425465107 3
    endloop
  endfacet
  facet normal 0.8639728945722552 0.5035383177519254 0
    outer loop
      vertex 2.889739029109478 5.921305425465107 0
      vertex 2.889739029109478 5.921305425465107 3
      vertex 2.926814168691635 5.857691764831543 3
    endloop
  endfacet
  facet normal 0.8513551760595545 0.5245897103419062 0
    outer loop
      vertex 2.926814168691635 5.857691764831543 0
      vertex 2.926814168691635 5.857691764831543 3
      vertex 2.9654393047094345 5.795007139444351 3
    endloop
  endfacet
  facet normal 0.7958369243711365 0.605511015430347 0
    outer loop
      vertex 3.0903774052858353 5.6129020899534225 0
      vertex 3.0903774052858353 5.6129020899534225 3
      vertex 3.1349607184529305 5.554305225610733 3
    endloop
  endfacet
  facet normal 0.7807372246961128 0.6248594929852721 0
    outer loop
      vertex 3.1349607184529305 5.554305225610733 0
      vertex 3.1349607184529305 5.554305225610733 3
      vertex 3.1809686422348022 5.496820144355297 3
    endloop
  endfacet
  facet normal 0.810457209437934 0.5857978419814098 0
    outer loop
      vertex 3.0472455620765686 5.672575429081917 0
      vertex 3.0472455620765686 5.672575429081917 3
      vertex 3.0903774052858353 5.6129020899534225 3
    endloop
  endfacet
  facet normal 0.7651672753122556 0.6438315313738673 0
    outer loop
      vertex 3.1809686422348022 5.496820144355297 0
      vertex 3.1809686422348022 5.496820144355297 3
      vertex 3.22837346047163 5.440481469035149 3
    endloop
  endfacet
  facet normal 0.7491363818882141 0.6624157918795686 0
    outer loop
      vertex 3.22837346047163 5.440481469035149 0
      vertex 3.22837346047163 5.440481469035149 3
      vertex 3.2771466225385666 5.385323137044907 3
    endloop
  endfacet
  facet normal 0 0 -1
    outer loop
      vertex -2.503613628447056 7.252796977758408 0
      vertex 2.503613628447056 7.252796977758408 0
      vertex 2.5081286281347275 7.17930630594492 0
    endloop
  endfacet
  facet normal 0 0 -1
    outer loop
      vertex -2.50090354681015 7.326376311480999 0
      vertex 2.50090354681015 7.326376311480999 0
      vertex 2.503613628447056 7.252796977758408 0
    endloop
  endfacet
  facet normal 0 0 -1
    outer loop
      vertex -2.5 7.399999998509884 0
      vertex 2.5 7.399999998509884 0
      vertex 2.50090354681015 7.326376311480999 0
    endloop
  endfacet
  facet normal 0.9981181121830343 0.06132074797469375 0
    outer loop
      vertex 2.5081286281347275 7.17930630594492 0
      vertex 2.503613628447056 7.252796977758408 0
      vertex 2.5081286281347275 7.17930630594492 3
    endloop
  endfacet
  facet normal 0.999322387435966 0.03680714562800424 0
    outer loop
      vertex 2.503613628447056 7.252796977758408 0
      vertex 2.50090354681015 7.326376311480999 0
      vertex 2.503613628447056 7.252796977758408 3
    endloop
  endfacet
  facet normal 0.9999247013590394 0.012271577406179545 0
    outer loop
      vertex 2.50090354681015 7.326376311480999 0
      vertex 2.5 7.399999998509884 0
      vertex 2.50090354681015 7.326376311480999 3
    endloop
  endfacet
  facet normal 0.9981181121830343 0.06132074797469375 0
    outer loop
      vertex 2.503613628447056 7.252796977758408 0
      vertex 2.503613628447056 7.252796977758408 3
      vertex 2.5081286281347275 7.17930630594492 3
    endloop
  endfacet
  facet normal 0.999322387435966 0.03680714562800424 0
    outer loop
      vertex 2.50090354681015 7.326376311480999 0
      vertex 2.50090354681015 7.326376311480999 3
      vertex 2.503613628447056 7.252796977758408 3
    endloop
  endfacet
  facet normal 0.9999247013590394 0.012271577406179545 0
    outer loop
      vertex 2.50090354681015 7.326376311480999 3
      vertex 2.5 7.399999998509884 0
      vertex 2.5 7.399999998509884 3
    endloop
  endfacet
  facet normal 0.5657318102264423 0.8245893031672874 0
    outer loop
      vertex 3.7725754231214523 4.9472455605864525 0
      vertex 3.8332893028855324 4.905591160058975 3
      vertex 3.8332893028855324 4.905591160058975 0
    endloop
  endfacet
  facet normal 0.5453249776914756 0.8382247125358401 0
    outer loop
      vertex 3.8332893028855324 4.905591160058975 0
      vertex 3.8950071409344673 4.865439303219318 3
      vertex 3.8950071409344673 4.865439303219318 0
    endloop
  endfacet
  facet normal 0.5245897103419062 0.8513551760595545 0
    outer loop
      vertex 3.8950071409344673 4.865439303219318 0
      vertex 3.957691766321659 4.826814167201519 3
      vertex 3.957691766321659 4.826814167201519 0
    endloop
  endfacet
  facet normal 0.5857978419814098 0.810457209437934 0
    outer loop
      vertex 3.712902083992958 4.990377403795719 0
      vertex 3.7725754231214523 4.9472455605864525 3
      vertex 3.7725754231214523 4.9472455605864525 0
    endloop
  endfacet
  facet normal 0.5035383177519254 0.8639728945722552 0
    outer loop
      vertex 4.021305426955223 4.789739027619362 0
      vertex 3.957691766321659 4.826814167201519 0
      vertex 4.021305426955223 4.789739027619362 3
    endloop
  endfacet
  facet normal 0.48218380806478783 0.8760700743891096 0
    outer loop
      vertex 4.021305426955223 4.789739027619362 0
      vertex 4.085809789597988 4.754236206412315 3
      vertex 4.085809789597988 4.754236206412315 0
    endloop
  endfacet
  facet normal 0.4386162456496182 0.8986744622232423 0
    outer loop
      vertex 4.217334717512131 4.688032120466232 0
      vertex 4.1511660143733025 4.720327094197273 0
      vertex 4.217334717512131 4.688032120466232 3
    endloop
  endfacet
  facet normal 0.46053871076098146 0.8876396205051986 0
    outer loop
      vertex 4.085809789597988 4.754236206412315 0
      vertex 4.1511660143733025 4.720327094197273 3
      vertex 4.1511660143733025 4.720327094197273 0
    endloop
  endfacet
  facet normal 0.41642955127452475 0.909167987131805 0
    outer loop
      vertex 4.217334717512131 4.688032120466232 0
      vertex 4.284276060760021 4.6573707312345505 3
      vertex 4.284276060760021 4.6573707312345505 0
    endloop
  endfacet
  facet normal 0.3939920358954072 0.9191138534757226 0
    outer loop
      vertex 4.284276060760021 4.6573707312345505 0
      vertex 4.3519496992230415 4.628361403942108 3
      vertex 4.3519496992230415 4.628361403942108 0
    endloop
  endfacet
  facet normal 0.3713171899386939 0.9285060820781047 0
    outer loop
      vertex 4.3519496992230415 4.628361403942108 0
      vertex 4.420314893126488 4.6010216027498245 3
      vertex 4.420314893126488 4.6010216027498245 0
    endloop
  endfacet
  facet normal 0.3484187217857852 0.9373389964730794 0
    outer loop
      vertex 4.489330440759659 4.575367800891399 0
      vertex 4.420314893126488 4.6010216027498245 0
      vertex 4.489330440759659 4.575367800891399 3
    endloop
  endfacet
  facet normal 0.32531026612041125 0.9456073343395065 0
    outer loop
      vertex 4.489330440759659 4.575367800891399 0
      vertex 4.5589547753334045 4.551415458321571 3
      vertex 4.5589547753334045 4.551415458321571 0
    endloop
  endfacet
  facet normal 0.3020059607072559 0.9533060367464833 0
    outer loop
      vertex 4.5589547753334045 4.551415458321571 0
      vertex 4.629145964980125 4.5291789919137955 3
      vertex 4.629145964980125 4.5291789919137955 0
    endloop
  endfacet
  facet normal 0.2785196329349135 0.9604305357858012 0
    outer loop
      vertex 4.629145964980125 4.5291789919137955 0
      vertex 4.699861727654934 4.508671805262566 3
      vertex 4.699861727654934 4.508671805262566 0
    endloop
  endfacet
  facet normal 0.23105814765540494 0.9729399428546723 0
    outer loop
      vertex 4.771059460937977 4.489906243979931 0
      vertex 4.842696279287338 4.472893610596657 3
      vertex 4.842696279287338 4.472893610596657 0
    endloop
  endfacet
  facet normal 0.2071113998931018 0.9783173657021118 0
    outer loop
      vertex 4.842696279287338 4.472893610596657 0
      vertex 4.914729036390781 4.457644157111645 3
      vertex 4.914729036390781 4.457644157111645 0
    endloop
  endfacet
  facet normal 0.18303991057475347 0.9831054832197744 0
    outer loop
      vertex 4.914729036390781 4.457644157111645 0
      vertex 4.987114332616329 4.444167070090771 3
      vertex 4.987114332616329 4.444167070090771 0
    endloop
  endfacet
  facet normal 0.15885810154510796 0.9873014248817249 0
    outer loop
      vertex 4.987114332616329 4.444167070090771 0
      vertex 5.059808574616909 4.432470470666885 3
      vertex 5.059808574616909 4.432470470666885 0
    endloop
  endfacet
  facet normal 0.13458066485266765 0.9909026413567652 0
    outer loop
      vertex 5.059808574616909 4.432470470666885 0
      vertex 5.132767975330353 4.422561399638653 3
      vertex 5.132767975330353 4.422561399638653 0
    endloop
  endfacet
  facet normal 0.25486564608704565 0.9669764746076467 0
    outer loop
      vertex 4.699861727654934 4.508671805262566 0
      vertex 4.771059460937977 4.489906243979931 3
      vertex 4.771059460937977 4.489906243979931 0
    endloop
  endfacet
  facet normal 0.11022229245928265 0.9939069605576875 0
    outer loop
      vertex 5.132767975330353 4.422561399638653 0
      vertex 5.205948576331139 4.4144458174705505 3
      vertex 5.205948576331139 4.4144458174705505 0
    endloop
  endfacet
  facet normal 0.08579732215541457 0.9963126113379073 0
    outer loop
      vertex 5.205948576331139 4.4144458174705505 0
      vertex 5.279306307435036 4.408128626644611 3
      vertex 5.279306307435036 4.408128626644611 0
    endloop
  endfacet
  facet normal 0.06132064716467091 0.9981181183764304 0
    outer loop
      vertex 5.279306307435036 4.408128626644611 0
      vertex 5.352796979248524 4.40361363440752 3
      vertex 5.352796979248524 4.40361363440752 0
    endloop
  endfacet
  facet normal 0.03680724668144709 0.99932238371395 0
    outer loop
      vertex 5.352796979248524 4.40361363440752 0
      vertex 5.426376312971115 4.400903545320034 3
      vertex 5.426376312971115 4.400903545320034 0
    endloop
  endfacet
  facet normal 0.012271577406179545 0.9999247013590394 0
    outer loop
      vertex 5.426376312971115 4.400903545320034 0
      vertex 5.5 4.399999998509884 3
      vertex 5.5 4.399999998509884 0
    endloop
  endfacet
  facet normal 0 0 -1
    outer loop
      vertex 4.914729036390781 4.457644157111645 0
      vertex 4.987114332616329 4.444167070090771 0
      vertex 9 0 0
    endloop
  endfacet
  facet normal 0 0 -1
    outer loop
      vertex 4.987114332616329 4.444167070090771 0
      vertex 5.059808574616909 4.432470470666885 0
      vertex 9 0 0
    endloop
  endfacet
  facet normal 0 0 -1
    outer loop
      vertex 5.059808574616909 4.432470470666885 0
      vertex 5.132767975330353 4.422561399638653 0
      vertex 9 0 0
    endloop
  endfacet
  facet normal 0 0 -1
    outer loop
      vertex 5.132767975330353 4.422561399638653 0
      vertex 5.205948576331139 4.4144458174705505 0
      vertex 9 0 0
    endloop
  endfacet
  facet normal 0 0 -1
    outer loop
      vertex 5.205948576331139 4.4144458174705505 0
      vertex 5.279306307435036 4.408128626644611 0
      vertex 9 0 0
    endloop
  endfacet
  facet normal 0 0 -1
    outer loop
      vertex 5.279306307435036 4.408128626644611 0
      vertex 5.352796979248524 4.40361363440752 0
      vertex 9 0 0
    endloop
  endfacet
  facet normal 0 0 -1
    outer loop
      vertex 5.352796979248524 4.40361363440752 0
      vertex 5.426376312971115 4.400903545320034 0
      vertex 9 0 0
    endloop
  endfacet
  facet normal 0 0 -1
    outer loop
      vertex 5.426376312971115 4.400903545320034 0
      vertex 5.5 4.399999998509884 0
      vertex 9 0 0
    endloop
  endfacet
  facet normal 0.5453249776914756 0.8382247125358401 0
    outer loop
      vertex 3.8332893028855324 4.905591160058975 0
      vertex 3.8332893028855324 4.905591160058975 3
      vertex 3.8950071409344673 4.865439303219318 3
    endloop
  endfacet
  facet normal 0.5245897103419062 0.8513551760595545 0
    outer loop
      vertex 3.8950071409344673 4.865439303219318 0
      vertex 3.8950071409344673 4.865439303219318 3
      vertex 3.957691766321659 4.826814167201519 3
    endloop
  endfacet
  facet normal 0.5035383177519254 0.8639728945722552 0
    outer loop
      vertex 3.957691766321659 4.826814167201519 0
      vertex 3.957691766321659 4.826814167201519 3
      vertex 4.021305426955223 4.789739027619362 3
    endloop
  endfacet
  facet normal 0.5657318102264423 0.8245893031672874 0
    outer loop
      vertex 3.7725754231214523 4.9472455605864525 0
      vertex 3.7725754231214523 4.9472455605864525 3
      vertex 3.8332893028855324 4.905591160058975 3
    endloop
  endfacet
  facet normal 0.48218380806478783 0.8760700743891096 0
    outer loop
      vertex 4.021305426955223 4.789739027619362 0
      vertex 4.021305426955223 4.789739027619362 3
      vertex 4.085809789597988 4.754236206412315 3
    endloop
  endfacet
  facet normal 0.46053871076098146 0.8876396205051986 0
    outer loop
      vertex 4.085809789597988 4.754236206412315 0
      vertex 4.085809789597988 4.754236206412315 3
      vertex 4.1511660143733025 4.720327094197273 3
    endloop
  endfacet
  facet normal 0.4386162456496182 0.8986744622232423 0
    outer loop
      vertex 4.1511660143733025 4.720327094197273 0
      vertex 4.1511660143733025 4.720327094197273 3
      vertex 4.217334717512131 4.688032120466232 3
    endloop
  endfacet
  facet normal 0.41642955127452475 0.909167987131805 0
    outer loop
      vertex 4.217334717512131 4.688032120466232 0
      vertex 4.217334717512131 4.688032120466232 3
      vertex 4.284276060760021 4.6573707312345505 3
    endloop
  endfacet
  facet normal 0.3939920358954072 0.9191138534757226 0
    outer loop
      vertex 4.284276060760021 4.6573707312345505 0
      vertex 4.284276060760021 4.6573707312345505 3
      vertex 4.3519496992230415 4.628361403942108 3
    endloop
  endfacet
  facet normal 0.3713171899386939 0.9285060820781047 0
    outer loop
      vertex 4.3519496992230415 4.628361403942108 0
      vertex 4.3519496992230415 4.628361403942108 3
      vertex 4.420314893126488 4.6010216027498245 3
    endloop
  endfacet
  facet normal 0.3484187217857852 0.9373389964730794 0
    outer loop
      vertex 4.420314893126488 4.6010216027498245 0
      vertex 4.420314893126488 4.6010216027498245 3
      vertex 4.489330440759659 4.575367800891399 3
    endloop
  endfacet
  facet normal 0.32531026612041125 0.9456073343395065 0
    outer loop
      vertex 4.489330440759659 4.575367800891399 0
      vertex 4.489330440759659 4.575367800891399 3
      vertex 4.5589547753334045 4.551415458321571 3
    endloop
  endfacet
  facet normal 0.3020059607072559 0.9533060367464833 0
    outer loop
      vertex 4.5589547753334045 4.551415458321571 0
      vertex 4.5589547753334045 4.551415458321571 3
      vertex 4.629145964980125 4.5291789919137955 3
    endloop
  endfacet
  facet normal 0.2785196329349135 0.9604305357858012 0
    outer loop
      vertex 4.629145964980125 4.5291789919137955 0
      vertex 4.629145964980125 4.5291789919137955 3
      vertex 4.699861727654934 4.508671805262566 3
    endloop
  endfacet
  facet normal 0.23105814765540494 0.9729399428546723 0
    outer loop
      vertex 4.771059460937977 4.489906243979931 0
      vertex 4.771059460937977 4.489906243979931 3
      vertex 4.842696279287338 4.472893610596657 3
    endloop
  endfacet
  facet normal 0.2071113998931018 0.9783173657021118 0
    outer loop
      vertex 4.842696279287338 4.472893610596657 0
      vertex 4.842696279287338 4.472893610596657 3
      vertex 4.914729036390781 4.457644157111645 3
    endloop
  endfacet
  facet normal 0.18303991057475347 0.9831054832197744 0
    outer loop
      vertex 4.914729036390781 4.457644157111645 0
      vertex 4.914729036390781 4.457644157111645 3
      vertex 4.987114332616329 4.444167070090771 3
    endloop
  endfacet
  facet normal 0.15885810154510796 0.9873014248817249 0
    outer loop
      vertex 4.987114332616329 4.444167070090771 0
      vertex 4.987114332616329 4.444167070090771 3
      vertex 5.059808574616909 4.432470470666885 3
    endloop
  endfacet
  facet normal 0.13458066485266765 0.9909026413567652 0
    outer loop
      vertex 5.059808574616909 4.432470470666885 0
      vertex 5.059808574616909 4.432470470666885 3
      vertex 5.132767975330353 4.422561399638653 3
    endloop
  endfacet
  facet normal 0.25486564608704565 0.9669764746076467 0
    outer loop
      vertex 4.699861727654934 4.508671805262566 0
      vertex 4.699861727654934 4.508671805262566 3
      vertex 4.771059460937977 4.489906243979931 3
    endloop
  endfacet
  facet normal 0.11022229245928265 0.9939069605576875 0
    outer loop
      vertex 5.132767975330353 4.422561399638653 0
      vertex 5.132767975330353 4.422561399638653 3
      vertex 5.205948576331139 4.4144458174705505 3
    endloop
  endfacet
  facet normal 0.08579732215541457 0.9963126113379073 0
    outer loop
      vertex 5.205948576331139 4.4144458174705505 0
      vertex 5.205948576331139 4.4144458174705505 3
      vertex 5.279306307435036 4.408128626644611 3
    endloop
  endfacet
  facet normal 0.06132064716467091 0.9981181183764304 0
    outer loop
      vertex 5.279306307435036 4.408128626644611 0
      vertex 5.279306307435036 4.408128626644611 3
      vertex 5.352796979248524 4.40361363440752 3
    endloop
  endfacet
  facet normal 0.03680724668144709 0.99932238371395 0
    outer loop
      vertex 5.352796979248524 4.40361363440752 0
      vertex 5.352796979248524 4.40361363440752 3
      vertex 5.426376312971115 4.400903545320034 3
    endloop
  endfacet
  facet normal 0.012271577406179545 0.9999247013590394 0
    outer loop
      vertex 5.426376312971115 4.400903545320034 0
      vertex 5.426376312971115 4.400903545320034 3
      vertex 5.5 4.399999998509884 3
    endloop
  endfacet
  facet normal 0 1 0
    outer loop
      vertex 5.5 4.399999998509884 0
      vertex 5.5 4.399999998509884 3
      vertex 9 4.399999998509884 3
    endloop
  endfacet
  facet normal 0.9285060681263128 0.37131722482617907 0
    outer loop
      vertex 2.7283614054322243 6.251949705183506 3
      vertex 2.7010216042399406 6.320314891636372 3
      vertex 2.7283614054322243 6.251949705183506 6
    endloop
  endfacet
  facet normal 0.9191138691834996 0.39399199925193484 0
    outer loop
      vertex 2.7573707327246666 6.184276059269905 3
      vertex 2.7283614054322243 6.251949705183506 3
      vertex 2.7573707327246666 6.184276059269905 6
    endloop
  endfacet
  facet normal 0.909167987131805 0.41642955127452475 0
    outer loop
      vertex 2.7573707327246666 6.184276059269905 3
      vertex 2.7880321219563484 6.117334716022015 6
      vertex 2.7880321219563484 6.117334716022015 3
    endloop
  endfacet
  facet normal 0.8986744622232423 0.4386162456496182 0
    outer loop
      vertex 2.7880321219563484 6.117334716022015 3
      vertex 2.8203270956873894 6.051166012883186 6
      vertex 2.8203270956873894 6.051166012883186 3
    endloop
  endfacet
  facet normal 0.9783173657021118 0.2071113998931018 0
    outer loop
      vertex 2.572893612086773 6.742696277797222 3
      vertex 2.557644158601761 6.814729034900665 3
      vertex 2.572893612086773 6.742696277797222 6
    endloop
  endfacet
  facet normal 0.9873014248817249 0.15885810154510796 0
    outer loop
      vertex 2.544167071580887 6.887114331126213 3
      vertex 2.5324704721570015 6.959808573126793 3
      vertex 2.544167071580887 6.887114331126213 6
    endloop
  endfacet
  facet normal 0.9831054832197744 0.18303991057475347 0
    outer loop
      vertex 2.557644158601761 6.814729034900665 3
      vertex 2.544167071580887 6.887114331126213 3
      vertex 2.557644158601761 6.814729034900665 6
    endloop
  endfacet
  facet normal 0.9963126105930256 0.08579733080527817 0
    outer loop
      vertex 2.5144458189606667 7.105948582291603 3
      vertex 2.5081286281347275 7.17930630594492 3
      vertex 2.5144458189606667 7.105948582291603 6
    endloop
  endfacet
  facet normal 0.9909026278623628 0.13458076421043141 0
    outer loop
      vertex 2.5225613936781883 7.032767973840237 3
      vertex 2.5324704721570015 6.959808573126793 6
      vertex 2.5324704721570015 6.959808573126793 3
    endloop
  endfacet
  facet normal 0.9939069728725332 0.11022218141262549 0
    outer loop
      vertex 2.5225613936781883 7.032767973840237 3
      vertex 2.5144458189606667 7.105948582291603 3
      vertex 2.5225613936781883 7.032767973840237 6
    endloop
  endfacet
  facet normal 0.9373389964730794 0.3484187217857852 0
    outer loop
      vertex 2.7010216042399406 6.320314891636372 3
      vertex 2.6753678023815155 6.389330439269543 3
      vertex 2.7010216042399406 6.320314891636372 6
    endloop
  endfacet
  facet normal 0.9533060367464833 0.3020059607072559 0
    outer loop
      vertex 2.6291789934039116 6.52914597094059 3
      vertex 2.6514154598116875 6.458954781293869 6
      vertex 2.6514154598116875 6.458954781293869 3
    endloop
  endfacet
  facet normal 0.9456073450481723 0.32531023499260936 0
    outer loop
      vertex 2.6753678023815155 6.389330439269543 3
      vertex 2.6514154598116875 6.458954781293869 3
      vertex 2.6753678023815155 6.389330439269543 6
    endloop
  endfacet
  facet normal 0.9604305008677799 0.2785197533441126 0
    outer loop
      vertex 2.6291789934039116 6.52914597094059 3
      vertex 2.608671799302101 6.599861726164818 3
      vertex 2.6291789934039116 6.52914597094059 6
    endloop
  endfacet
  facet normal 0.9669764746076467 0.25486564608704565 0
    outer loop
      vertex 2.608671799302101 6.599861726164818 3
      vertex 2.5899062380194664 6.671059459447861 3
      vertex 2.608671799302101 6.599861726164818 6
    endloop
  endfacet
  facet normal 0.9729399656028757 0.23105805186722025 0
    outer loop
      vertex 2.5899062380194664 6.671059459447861 3
      vertex 2.572893612086773 6.742696277797222 3
      vertex 2.5899062380194664 6.671059459447861 6
    endloop
  endfacet
  facet normal 0.7326542916439974 0.6806009762964143 0
    outer loop
      vertex 3.2771466225385666 5.385323137044907 3
      vertex 3.327258750796318 5.331378363072872 6
      vertex 3.327258750796318 5.331378363072872 3
    endloop
  endfacet
  facet normal 0.7157308275088007 0.6983762471287002 0
    outer loop
      vertex 3.327258750796318 5.331378363072872 3
      vertex 3.3786796554923058 5.27867965400219 6
      vertex 3.3786796554923058 5.27867965400219 3
    endloop
  endfacet
  facet normal 0.6983762471287002 0.7157308275088007 0
    outer loop
      vertex 3.3786796554923058 5.27867965400219 3
      vertex 3.4313783645629883 5.227258749306202 6
      vertex 3.4313783645629883 5.227258749306202 3
    endloop
  endfacet
  facet normal 0.6806009762964143 0.7326542916439974 0
    outer loop
      vertex 3.4313783645629883 5.227258749306202 3
      vertex 3.4853231385350227 5.1771466210484505 6
      vertex 3.4853231385350227 5.1771466210484505 3
    endloop
  endfacet
  facet normal 0.6624157918795686 0.7491363818882141 0
    outer loop
      vertex 3.4853231385350227 5.1771466210484505 3
      vertex 3.5404814705252647 5.128373458981514 6
      vertex 3.5404814705252647 5.128373458981514 3
    endloop
  endfacet
  facet normal 0.6438315313738673 0.7651672753122556 0
    outer loop
      vertex 3.5404814705252647 5.128373458981514 3
      vertex 3.596820145845413 5.080968640744686 6
      vertex 3.596820145845413 5.080968640744686 3
    endloop
  endfacet
  facet normal 0.6248594929852721 0.7807372246961128 0
    outer loop
      vertex 3.654305227100849 5.034960716962814 3
      vertex 3.596820145845413 5.080968640744686 3
      vertex 3.654305227100849 5.034960716962814 6
    endloop
  endfacet
  facet normal 0.6055110641928494 0.7958368872702767 0
    outer loop
      vertex 3.654305227100849 5.034960716962814 3
      vertex 3.712902083992958 4.990377403795719 6
      vertex 3.712902083992958 4.990377403795719 3
    endloop
  endfacet
  facet normal 0.8513551760595545 0.5245897103419062 0
    outer loop
      vertex 2.926814168691635 5.857691764831543 3
      vertex 2.9654393047094345 5.795007139444351 6
      vertex 2.9654393047094345 5.795007139444351 3
    endloop
  endfacet
  facet normal 0.8245892707810064 0.5657318574314585 0
    outer loop
      vertex 3.0055911615490913 5.733289301395416 3
      vertex 3.0472455620765686 5.672575429081917 6
      vertex 3.0472455620765686 5.672575429081917 3
    endloop
  endfacet
  facet normal 0.8382247125358401 0.5453249776914756 0
    outer loop
      vertex 3.0055911615490913 5.733289301395416 3
      vertex 2.9654393047094345 5.795007139444351 3
      vertex 3.0055911615490913 5.733289301395416 6
    endloop
  endfacet
  facet normal 0.8876396205051986 0.46053871076098146 0
    outer loop
      vertex 2.8203270956873894 6.051166012883186 3
      vertex 2.8542362079024315 5.985809788107872 6
      vertex 2.8542362079024315 5.985809788107872 3
    endloop
  endfacet
  facet normal 0.8639728945722552 0.5035383177519254 0
    outer loop
      vertex 2.889739029109478 5.921305425465107 3
      vertex 2.926814168691635 5.857691764831543 6
      vertex 2.926814168691635 5.857691764831543 3
    endloop
  endfacet
  facet normal 0.8760700743891096 0.48218380806478783 0
    outer loop
      vertex 2.889739029109478 5.921305425465107 3
      vertex 2.8542362079024315 5.985809788107872 3
      vertex 2.889739029109478 5.921305425465107 6
    endloop
  endfacet
  facet normal 0.7958369243711365 0.605511015430347 0
    outer loop
      vertex 3.0903774052858353 5.6129020899534225 3
      vertex 3.1349607184529305 5.554305225610733 6
      vertex 3.1349607184529305 5.554305225610733 3
    endloop
  endfacet
  facet normal 0.810457209437934 0.5857978419814098 0
    outer loop
      vertex 3.0903774052858353 5.6129020899534225 3
      vertex 3.0472455620765686 5.672575429081917 3
      vertex 3.0903774052858353 5.6129020899534225 6
    endloop
  endfacet
  facet normal 0.7651672753122556 0.6438315313738673 0
    outer loop
      vertex 3.1809686422348022 5.496820144355297 3
      vertex 3.22837346047163 5.440481469035149 6
      vertex 3.22837346047163 5.440481469035149 3
    endloop
  endfacet
  facet normal 0.7807372246961128 0.6248594929852721 0
    outer loop
      vertex 3.1809686422348022 5.496820144355297 3
      vertex 3.1349607184529305 5.554305225610733 3
      vertex 3.1809686422348022 5.496820144355297 6
    endloop
  endfacet
  facet normal 0.7491363818882141 0.6624157918795686 0
    outer loop
      vertex 3.22837346047163 5.440481469035149 3
      vertex 3.2771466225385666 5.385323137044907 6
      vertex 3.2771466225385666 5.385323137044907 3
    endloop
  endfacet
  facet normal 0 -1 0
    outer loop
      vertex -9 0 6
      vertex 9 0 3
      vertex 9 0 6
    endloop
  endfacet
  facet normal 0.9191138691834996 0.39399199925193484 0
    outer loop
      vertex 2.7283614054322243 6.251949705183506 3
      vertex 2.7283614054322243 6.251949705183506 6
      vertex 2.7573707327246666 6.184276059269905 6
    endloop
  endfacet
  facet normal 0.909167987131805 0.41642955127452475 0
    outer loop
      vertex 2.7573707327246666 6.184276059269905 3
      vertex 2.7573707327246666 6.184276059269905 6
      vertex 2.7880321219563484 6.117334716022015 6
    endloop
  endfacet
  facet normal 0.8986744622232423 0.4386162456496182 0
    outer loop
      vertex 2.7880321219563484 6.117334716022015 3
      vertex 2.7880321219563484 6.117334716022015 6
      vertex 2.8203270956873894 6.051166012883186 6
    endloop
  endfacet
  facet normal 0.9783173657021118 0.2071113998931018 0
    outer loop
      vertex 2.557644158601761 6.814729034900665 3
      vertex 2.557644158601761 6.814729034900665 6
      vertex 2.572893612086773 6.742696277797222 6
    endloop
  endfacet
  facet normal 0.9831054832197744 0.18303991057475347 0
    outer loop
      vertex 2.544167071580887 6.887114331126213 3
      vertex 2.544167071580887 6.887114331126213 6
      vertex 2.557644158601761 6.814729034900665 6
    endloop
  endfacet
  facet normal 0.9873014248817249 0.15885810154510796 0
    outer loop
      vertex 2.5324704721570015 6.959808573126793 3
      vertex 2.5324704721570015 6.959808573126793 6
      vertex 2.544167071580887 6.887114331126213 6
    endloop
  endfacet
  facet normal 0.9939069728725332 0.11022218141262549 0
    outer loop
      vertex 2.5144458189606667 7.105948582291603 3
      vertex 2.5144458189606667 7.105948582291603 6
      vertex 2.5225613936781883 7.032767973840237 6
    endloop
  endfacet
  facet normal 0.9963126105930256 0.08579733080527817 0
    outer loop
      vertex 2.5081286281347275 7.17930630594492 3
      vertex 2.5081286281347275 7.17930630594492 6
      vertex 2.5144458189606667 7.105948582291603 6
    endloop
  endfacet
  facet normal 0.9909026278623628 0.13458076421043141 0
    outer loop
      vertex 2.5225613936781883 7.032767973840237 3
      vertex 2.5225613936781883 7.032767973840237 6
      vertex 2.5324704721570015 6.959808573126793 6
    endloop
  endfacet
  facet normal 0.9373389964730794 0.3484187217857852 0
    outer loop
      vertex 2.6753678023815155 6.389330439269543 3
      vertex 2.6753678023815155 6.389330439269543 6
      vertex 2.7010216042399406 6.320314891636372 6
    endloop
  endfacet
  facet normal 0.9456073450481723 0.32531023499260936 0
    outer loop
      vertex 2.6514154598116875 6.458954781293869 3
      vertex 2.6514154598116875 6.458954781293869 6
      vertex 2.6753678023815155 6.389330439269543 6
    endloop
  endfacet
  facet normal 0.9533060367464833 0.3020059607072559 0
    outer loop
      vertex 2.6291789934039116 6.52914597094059 3
      vertex 2.6291789934039116 6.52914597094059 6
      vertex 2.6514154598116875 6.458954781293869 6
    endloop
  endfacet
  facet normal 0.9604305008677799 0.2785197533441126 0
    outer loop
      vertex 2.608671799302101 6.599861726164818 3
      vertex 2.608671799302101 6.599861726164818 6
      vertex 2.6291789934039116 6.52914597094059 6
    endloop
  endfacet
  facet normal 0.9669764746076467 0.25486564608704565 0
    outer loop
      vertex 2.5899062380194664 6.671059459447861 3
      vertex 2.5899062380194664 6.671059459447861 6
      vertex 2.608671799302101 6.599861726164818 6
    endloop
  endfacet
  facet normal 0.9729399656028757 0.23105805186722025 0
    outer loop
      vertex 2.572893612086773 6.742696277797222 3
      vertex 2.572893612086773 6.742696277797222 6
      vertex 2.5899062380194664 6.671059459447861 6
    endloop
  endfacet
  facet normal 0.9285060681263128 0.37131722482617907 0
    outer loop
      vertex 2.7010216042399406 6.320314891636372 3
      vertex 2.7010216042399406 6.320314891636372 6
      vertex 2.7283614054322243 6.251949705183506 6
    endloop
  endfacet
  facet normal 0.7326542916439974 0.6806009762964143 0
    outer loop
      vertex 3.2771466225385666 5.385323137044907 3
      vertex 3.2771466225385666 5.385323137044907 6
      vertex 3.327258750796318 5.331378363072872 6
    endloop
  endfacet
  facet normal 0.6983762471287002 0.7157308275088007 0
    outer loop
      vertex 3.3786796554923058 5.27867965400219 3
      vertex 3.3786796554923058 5.27867965400219 6
      vertex 3.4313783645629883 5.227258749306202 6
    endloop
  endfacet
  facet normal 0.7157308275088007 0.6983762471287002 0
    outer loop
      vertex 3.327258750796318 5.331378363072872 3
      vertex 3.327258750796318 5.331378363072872 6
      vertex 3.3786796554923058 5.27867965400219 6
    endloop
  endfacet
  facet normal 0.6806009762964143 0.7326542916439974 0
    outer loop
      vertex 3.4313783645629883 5.227258749306202 3
      vertex 3.4313783645629883 5.227258749306202 6
      vertex 3.4853231385350227 5.1771466210484505 6
    endloop
  endfacet
  facet normal 0.6624157918795686 0.7491363818882141 0
    outer loop
      vertex 3.4853231385350227 5.1771466210484505 3
      vertex 3.4853231385350227 5.1771466210484505 6
      vertex 3.5404814705252647 5.128373458981514 6
    endloop
  endfacet
  facet normal 0.6438315313738673 0.7651672753122556 0
    outer loop
      vertex 3.5404814705252647 5.128373458981514 3
      vertex 3.5404814705252647 5.128373458981514 6
      vertex 3.596820145845413 5.080968640744686 6
    endloop
  endfacet
  facet normal 0.6248594929852721 0.7807372246961128 0
    outer loop
      vertex 3.596820145845413 5.080968640744686 3
      vertex 3.596820145845413 5.080968640744686 6
      vertex 3.654305227100849 5.034960716962814 6
    endloop
  endfacet
  facet normal 0.6055110641928494 0.7958368872702767 0
    outer loop
      vertex 3.654305227100849 5.034960716962814 3
      vertex 3.654305227100849 5.034960716962814 6
      vertex 3.712902083992958 4.990377403795719 6
    endloop
  endfacet
  facet normal 0.5857978419814098 0.810457209437934 0
    outer loop
      vertex 3.712902083992958 4.990377403795719 3
      vertex 3.712902083992958 4.990377403795719 6
      vertex 3.7725754231214523 4.9472455605864525 6
    endloop
  endfacet
  facet normal 0.8382247125358401 0.5453249776914756 0
    outer loop
      vertex 2.9654393047094345 5.795007139444351 3
      vertex 2.9654393047094345 5.795007139444351 6
      vertex 3.0055911615490913 5.733289301395416 6
    endloop
  endfacet
  facet normal 0.8245892707810064 0.5657318574314585 0
    outer loop
      vertex 3.0055911615490913 5.733289301395416 3
      vertex 3.0055911615490913 5.733289301395416 6
      vertex 3.0472455620765686 5.672575429081917 6
    endloop
  endfacet
  facet normal 0.8876396205051986 0.46053871076098146 0
    outer loop
      vertex 2.8203270956873894 6.051166012883186 3
      vertex 2.8203270956873894 6.051166012883186 6
      vertex 2.8542362079024315 5.985809788107872 6
    endloop
  endfacet
  facet normal 0.8760700743891096 0.48218380806478783 0
    outer loop
      vertex 2.8542362079024315 5.985809788107872 3
      vertex 2.8542362079024315 5.985809788107872 6
      vertex 2.889739029109478 5.921305425465107 6
    endloop
  endfacet
  facet normal 0.8639728945722552 0.5035383177519254 0
    outer loop
      vertex 2.889739029109478 5.921305425465107 3
      vertex 2.889739029109478 5.921305425465107 6
      vertex 2.926814168691635 5.857691764831543 6
    endloop
  endfacet
  facet normal 0.8513551760595545 0.5245897103419062 0
    outer loop
      vertex 2.926814168691635 5.857691764831543 3
      vertex 2.926814168691635 5.857691764831543 6
      vertex 2.9654393047094345 5.795007139444351 6
    endloop
  endfacet
  facet normal 0.7958369243711365 0.605511015430347 0
    outer loop
      vertex 3.0903774052858353 5.6129020899534225 3
      vertex 3.0903774052858353 5.6129020899534225 6
      vertex 3.1349607184529305 5.554305225610733 6
    endloop
  endfacet
  facet normal 0.7807372246961128 0.6248594929852721 0
    outer loop
      vertex 3.1349607184529305 5.554305225610733 3
      vertex 3.1349607184529305 5.554305225610733 6
      vertex 3.1809686422348022 5.496820144355297 6
    endloop
  endfacet
  facet normal 0.810457209437934 0.5857978419814098 0
    outer loop
      vertex 3.0472455620765686 5.672575429081917 3
      vertex 3.0472455620765686 5.672575429081917 6
      vertex 3.0903774052858353 5.6129020899534225 6
    endloop
  endfacet
  facet normal 0.7651672753122556 0.6438315313738673 0
    outer loop
      vertex 3.1809686422348022 5.496820144355297 3
      vertex 3.1809686422348022 5.496820144355297 6
      vertex 3.22837346047163 5.440481469035149 6
    endloop
  endfacet
  facet normal 0.7491363818882141 0.6624157918795686 0
    outer loop
      vertex 3.22837346047163 5.440481469035149 3
      vertex 3.22837346047163 5.440481469035149 6
      vertex 3.2771466225385666 5.385323137044907 6
    endloop
  endfacet
  facet normal 0.9981181121830343 0.06132074797469375 0
    outer loop
      vertex 2.5081286281347275 7.17930630594492 3
      vertex 2.503613628447056 7.252796977758408 3
      vertex 2.5081286281347275 7.17930630594492 6
    endloop
  endfacet
  facet normal 0.999322387435966 0.03680714562800424 0
    outer loop
      vertex 2.503613628447056 7.252796977758408 3
      vertex 2.50090354681015 7.326376311480999 3
      vertex 2.503613628447056 7.252796977758408 6
    endloop
  endfacet
  facet normal 0.9999247013590394 0.012271577406179545 0
    outer loop
      vertex 2.50090354681015 7.326376311480999 3
      vertex 2.5 7.399999998509884 3
      vertex 2.50090354681015 7.326376311480999 6
    endloop
  endfacet
  facet normal 0.9981181121830343 0.06132074797469375 0
    outer loop
      vertex 2.503613628447056 7.252796977758408 3
      vertex 2.503613628447056 7.252796977758408 6
      vertex 2.5081286281347275 7.17930630594492 6
    endloop
  endfacet
  facet normal 0.999322387435966 0.03680714562800424 0
    outer loop
      vertex 2.50090354681015 7.326376311480999 3
      vertex 2.50090354681015 7.326376311480999 6
      vertex 2.503613628447056 7.252796977758408 6
    endloop
  endfacet
  facet normal 0.9999247013590394 0.012271577406179545 0
    outer loop
      vertex 2.5 7.399999998509884 3
      vertex 2.5 7.399999998509884 6
      vertex 2.50090354681015 7.326376311480999 6
    endloop
  endfacet
  facet normal 1 0 0
    outer loop
      vertex 2.5 7.399999998509884 0
      vertex 2.5 27.624977029165862 12
      vertex 2.5 7.399999998509884 3
    endloop
  endfacet
  facet normal 0.5657318102264423 0.8245893031672874 0
    outer loop
      vertex 3.7725754231214523 4.9472455605864525 3
      vertex 3.8332893028855324 4.905591160058975 6
      vertex 3.8332893028855324 4.905591160058975 3
    endloop
  endfacet
  facet normal 0.5453249776914756 0.8382247125358401 0
    outer loop
      vertex 3.8332893028855324 4.905591160058975 3
      vertex 3.8950071409344673 4.865439303219318 6
      vertex 3.8950071409344673 4.865439303219318 3
    endloop
  endfacet
  facet normal 0.5245897103419062 0.8513551760595545 0
    outer loop
      vertex 3.8950071409344673 4.865439303219318 3
      vertex 3.957691766321659 4.826814167201519 6
      vertex 3.957691766321659 4.826814167201519 3
    endloop
  endfacet
  facet normal 0.5857978419814098 0.810457209437934 0
    outer loop
      vertex 3.712902083992958 4.990377403795719 3
      vertex 3.7725754231214523 4.9472455605864525 6
      vertex 3.7725754231214523 4.9472455605864525 3
    endloop
  endfacet
  facet normal 0.5035383177519254 0.8639728945722552 0
    outer loop
      vertex 4.021305426955223 4.789739027619362 3
      vertex 3.957691766321659 4.826814167201519 3
      vertex 4.021305426955223 4.789739027619362 6
    endloop
  endfacet
  facet normal 0.48218380806478783 0.8760700743891096 0
    outer loop
      vertex 4.021305426955223 4.789739027619362 3
      vertex 4.085809789597988 4.754236206412315 6
      vertex 4.085809789597988 4.754236206412315 3
    endloop
  endfacet
  facet normal 0.4386162456496182 0.8986744622232423 0
    outer loop
      vertex 4.217334717512131 4.688032120466232 3
      vertex 4.1511660143733025 4.720327094197273 3
      vertex 4.217334717512131 4.688032120466232 6
    endloop
  endfacet
  facet normal 0.46053871076098146 0.8876396205051986 0
    outer loop
      vertex 4.085809789597988 4.754236206412315 3
      vertex 4.1511660143733025 4.720327094197273 6
      vertex 4.1511660143733025 4.720327094197273 3
    endloop
  endfacet
  facet normal 0.41642955127452475 0.909167987131805 0
    outer loop
      vertex 4.217334717512131 4.688032120466232 3
      vertex 4.284276060760021 4.6573707312345505 6
      vertex 4.284276060760021 4.6573707312345505 3
    endloop
  endfacet
  facet normal 0.3939920358954072 0.9191138534757226 0
    outer loop
      vertex 4.284276060760021 4.6573707312345505 3
      vertex 4.3519496992230415 4.628361403942108 6
      vertex 4.3519496992230415 4.628361403942108 3
    endloop
  endfacet
  facet normal 0.3713171899386939 0.9285060820781047 0
    outer loop
      vertex 4.3519496992230415 4.628361403942108 3
      vertex 4.420314893126488 4.6010216027498245 6
      vertex 4.420314893126488 4.6010216027498245 3
    endloop
  endfacet
  facet normal 0.3484187217857852 0.9373389964730794 0
    outer loop
      vertex 4.489330440759659 4.575367800891399 3
      vertex 4.420314893126488 4.6010216027498245 3
      vertex 4.489330440759659 4.575367800891399 6
    endloop
  endfacet
  facet normal 0.32531026612041125 0.9456073343395065 0
    outer loop
      vertex 4.489330440759659 4.575367800891399 3
      vertex 4.5589547753334045 4.551415458321571 6
      vertex 4.5589547753334045 4.551415458321571 3
    endloop
  endfacet
  facet normal 0.3020059607072559 0.9533060367464833 0
    outer loop
      vertex 4.5589547753334045 4.551415458321571 3
      vertex 4.629145964980125 4.5291789919137955 6
      vertex 4.629145964980125 4.5291789919137955 3
    endloop
  endfacet
  facet normal 0.2785196329349135 0.9604305357858012 0
    outer loop
      vertex 4.629145964980125 4.5291789919137955 3
      vertex 4.699861727654934 4.508671805262566 6
      vertex 4.699861727654934 4.508671805262566 3
    endloop
  endfacet
  facet normal 0.23105814765540494 0.9729399428546723 0
    outer loop
      vertex 4.771059460937977 4.489906243979931 3
      vertex 4.842696279287338 4.472893610596657 6
      vertex 4.842696279287338 4.472893610596657 3
    endloop
  endfacet
  facet normal 0.2071113998931018 0.9783173657021118 0
    outer loop
      vertex 4.842696279287338 4.472893610596657 3
      vertex 4.914729036390781 4.457644157111645 6
      vertex 4.914729036390781 4.457644157111645 3
    endloop
  endfacet
  facet normal 0.18303991057475347 0.9831054832197744 0
    outer loop
      vertex 4.914729036390781 4.457644157111645 3
      vertex 4.987114332616329 4.444167070090771 6
      vertex 4.987114332616329 4.444167070090771 3
    endloop
  endfacet
  facet normal 0.15885810154510796 0.9873014248817249 0
    outer loop
      vertex 4.987114332616329 4.444167070090771 3
      vertex 5.059808574616909 4.432470470666885 6
      vertex 5.059808574616909 4.432470470666885 3
    endloop
  endfacet
  facet normal 0.13458066485266765 0.9909026413567652 0
    outer loop
      vertex 5.059808574616909 4.432470470666885 3
      vertex 5.132767975330353 4.422561399638653 6
      vertex 5.132767975330353 4.422561399638653 3
    endloop
  endfacet
  facet normal 0.25486564608704565 0.9669764746076467 0
    outer loop
      vertex 4.699861727654934 4.508671805262566 3
      vertex 4.771059460937977 4.489906243979931 6
      vertex 4.771059460937977 4.489906243979931 3
    endloop
  endfacet
  facet normal 0.11022229245928265 0.9939069605576875 0
    outer loop
      vertex 5.132767975330353 4.422561399638653 3
      vertex 5.205948576331139 4.4144458174705505 6
      vertex 5.205948576331139 4.4144458174705505 3
    endloop
  endfacet
  facet normal 0.08579732215541457 0.9963126113379073 0
    outer loop
      vertex 5.205948576331139 4.4144458174705505 3
      vertex 5.279306307435036 4.408128626644611 6
      vertex 5.279306307435036 4.408128626644611 3
    endloop
  endfacet
  facet normal 0.06132064716467091 0.9981181183764304 0
    outer loop
      vertex 5.279306307435036 4.408128626644611 3
      vertex 5.352796979248524 4.40361363440752 6
      vertex 5.352796979248524 4.40361363440752 3
    endloop
  endfacet
  facet normal 0.03680724668144709 0.99932238371395 0
    outer loop
      vertex 5.352796979248524 4.40361363440752 3
      vertex 5.426376312971115 4.400903545320034 6
      vertex 5.426376312971115 4.400903545320034 3
    endloop
  endfacet
  facet normal 0.012271577406179545 0.9999247013590394 0
    outer loop
      vertex 5.426376312971115 4.400903545320034 3
      vertex 5.5 4.399999998509884 6
      vertex 5.5 4.399999998509884 3
    endloop
  endfacet
  facet normal 0.5453249776914756 0.8382247125358401 0
    outer loop
      vertex 3.8332893028855324 4.905591160058975 3
      vertex 3.8332893028855324 4.905591160058975 6
      vertex 3.8950071409344673 4.865439303219318 6
    endloop
  endfacet
  facet normal 0.5245897103419062 0.8513551760595545 0
    outer loop
      vertex 3.8950071409344673 4.865439303219318 3
      vertex 3.8950071409344673 4.865439303219318 6
      vertex 3.957691766321659 4.826814167201519 6
    endloop
  endfacet
  facet normal 0.5035383177519254 0.8639728945722552 0
    outer loop
      vertex 3.957691766321659 4.826814167201519 3
      vertex 3.957691766321659 4.826814167201519 6
      vertex 4.021305426955223 4.789739027619362 6
    endloop
  endfacet
  facet normal 0.5657318102264423 0.8245893031672874 0
    outer loop
      vertex 3.7725754231214523 4.9472455605864525 3
      vertex 3.7725754231214523 4.9472455605864525 6
      vertex 3.8332893028855324 4.905591160058975 6
    endloop
  endfacet
  facet normal 0.48218380806478783 0.8760700743891096 0
    outer loop
      vertex 4.021305426955223 4.789739027619362 3
      vertex 4.021305426955223 4.789739027619362 6
      vertex 4.085809789597988 4.754236206412315 6
    endloop
  endfacet
  facet normal 0.46053871076098146 0.8876396205051986 0
    outer loop
      vertex 4.085809789597988 4.754236206412315 3
      vertex 4.085809789597988 4.754236206412315 6
      vertex 4.1511660143733025 4.720327094197273 6
    endloop
  endfacet
  facet normal 0.4386162456496182 0.8986744622232423 0
    outer loop
      vertex 4.1511660143733025 4.720327094197273 3
      vertex 4.1511660143733025 4.720327094197273 6
      vertex 4.217334717512131 4.688032120466232 6
    endloop
  endfacet
  facet normal 0.41642955127452475 0.909167987131805 0
    outer loop
      vertex 4.217334717512131 4.688032120466232 3
      vertex 4.217334717512131 4.688032120466232 6
      vertex 4.284276060760021 4.6573707312345505 6
    endloop
  endfacet
  facet normal 0.3939920358954072 0.9191138534757226 0
    outer loop
      vertex 4.284276060760021 4.6573707312345505 3
      vertex 4.284276060760021 4.6573707312345505 6
      vertex 4.3519496992230415 4.628361403942108 6
    endloop
  endfacet
  facet normal 0.3713171899386939 0.9285060820781047 0
    outer loop
      vertex 4.3519496992230415 4.628361403942108 3
      vertex 4.3519496992230415 4.628361403942108 6
      vertex 4.420314893126488 4.6010216027498245 6
    endloop
  endfacet
  facet normal 0.3484187217857852 0.9373389964730794 0
    outer loop
      vertex 4.420314893126488 4.6010216027498245 3
      vertex 4.420314893126488 4.6010216027498245 6
      vertex 4.489330440759659 4.575367800891399 6
    endloop
  endfacet
  facet normal 0.32531026612041125 0.9456073343395065 0
    outer loop
      vertex 4.489330440759659 4.575367800891399 3
      vertex 4.489330440759659 4.575367800891399 6
      vertex 4.5589547753334045 4.551415458321571 6
    endloop
  endfacet
  facet normal 0.3020059607072559 0.9533060367464833 0
    outer loop
      vertex 4.5589547753334045 4.551415458321571 3
      vertex 4.5589547753334045 4.551415458321571 6
      vertex 4.629145964980125 4.5291789919137955 6
    endloop
  endfacet
  facet normal 0.2785196329349135 0.9604305357858012 0
    outer loop
      vertex 4.629145964980125 4.5291789919137955 3
      vertex 4.629145964980125 4.5291789919137955 6
      vertex 4.699861727654934 4.508671805262566 6
    endloop
  endfacet
  facet normal 0.23105814765540494 0.9729399428546723 0
    outer loop
      vertex 4.771059460937977 4.489906243979931 3
      vertex 4.771059460937977 4.489906243979931 6
      vertex 4.842696279287338 4.472893610596657 6
    endloop
  endfacet
  facet normal 0.2071113998931018 0.9783173657021118 0
    outer loop
      vertex 4.842696279287338 4.472893610596657 3
      vertex 4.842696279287338 4.472893610596657 6
      vertex 4.914729036390781 4.457644157111645 6
    endloop
  endfacet
  facet normal 0.18303991057475347 0.9831054832197744 0
    outer loop
      vertex 4.914729036390781 4.457644157111645 3
      vertex 4.914729036390781 4.457644157111645 6
      vertex 4.987114332616329 4.444167070090771 6
    endloop
  endfacet
  facet normal 0.15885810154510796 0.9873014248817249 0
    outer loop
      vertex 4.987114332616329 4.444167070090771 3
      vertex 4.987114332616329 4.444167070090771 6
      vertex 5.059808574616909 4.432470470666885 6
    endloop
  endfacet
  facet normal 0.13458066485266765 0.9909026413567652 0
    outer loop
      vertex 5.059808574616909 4.432470470666885 3
      vertex 5.059808574616909 4.432470470666885 6
      vertex 5.132767975330353 4.422561399638653 6
    endloop
  endfacet
  facet normal 0.25486564608704565 0.9669764746076467 0
    outer loop
      vertex 4.699861727654934 4.508671805262566 3
      vertex 4.699861727654934 4.508671805262566 6
      vertex 4.771059460937977 4.489906243979931 6
    endloop
  endfacet
  facet normal 0.11022229245928265 0.9939069605576875 0
    outer loop
      vertex 5.132767975330353 4.422561399638653 3
      vertex 5.132767975330353 4.422561399638653 6
      vertex 5.205948576331139 4.4144458174705505 6
    endloop
  endfacet
  facet normal 0.08579732215541457 0.9963126113379073 0
    outer loop
      vertex 5.205948576331139 4.4144458174705505 3
      vertex 5.205948576331139 4.4144458174705505 6
      vertex 5.279306307435036 4.408128626644611 6
    endloop
  endfacet
  facet normal 0.06132064716467091 0.9981181183764304 0
    outer loop
      vertex 5.279306307435036 4.408128626644611 3
      vertex 5.279306307435036 4.408128626644611 6
      vertex 5.352796979248524 4.40361363440752 6
    endloop
  endfacet
  facet normal 0.03680724668144709 0.99932238371395 0
    outer loop
      vertex 5.352796979248524 4.40361363440752 3
      vertex 5.352796979248524 4.40361363440752 6
      vertex 5.426376312971115 4.400903545320034 6
    endloop
  endfacet
  facet normal 0.012271577406179545 0.9999247013590394 0
    outer loop
      vertex 5.426376312971115 4.400903545320034 3
      vertex 5.426376312971115 4.400903545320034 6
      vertex 5.5 4.399999998509884 6
    endloop
  endfacet
  facet normal 0 1 0
    outer loop
      vertex 5.5 4.399999998509884 3
      vertex 5.5 4.399999998509884 6
      vertex 9 4.399999998509884 6
    endloop
  endfacet
  facet normal 0 0 -1
    outer loop
      vertex -2.5 29.399999998509884 0
      vertex 2.5 27.624977029165862 0
      vertex 2.5 7.399999998509884 0
    endloop
  endfacet
  facet normal 1 0 0
    outer loop
      vertex 2.5 7.399999998509884 0
      vertex 2.5 27.624977029165862 0
      vertex 2.5 27.624977029165862 12
    endloop
  endfacet
  facet normal 0 0 -1
    outer loop
      vertex 5.5 4.399999998509884 0
      vertex 9 4.399999998509884 0
      vertex 9 0 0
    endloop
  endfacet
  facet normal 1 0 0
    outer loop
      vertex 9 0 0
      vertex 9 4.399999998509884 0
      vertex 9 0 3
    endloop
  endfacet
  facet normal 0 1 0
    outer loop
      vertex 5.5 4.399999998509884 0
      vertex 9 4.399999998509884 3
      vertex 9 4.399999998509884 0
    endloop
  endfacet
  facet normal 1 0 0
    outer loop
      vertex 9 4.399999998509884 0
      vertex 9 4.399999998509884 3
      vertex 9 0 3
    endloop
  endfacet
  facet normal 1 0 0
    outer loop
      vertex 9 0 3
      vertex 9 4.399999998509884 3
      vertex 9 0 6
    endloop
  endfacet
  facet normal 0 1 0
    outer loop
      vertex 5.5 4.399999998509884 3
      vertex 9 4.399999998509884 6
      vertex 9 4.399999998509884 3
    endloop
  endfacet
  facet normal 1 0 0
    outer loop
      vertex 9 4.399999998509884 3
      vertex 9 4.399999998509884 6
      vertex 9 0 6
    endloop
  endfacet
  facet normal 0.9285060681263128 0.37131722482617907 0
    outer loop
      vertex 2.7283614054322243 6.251949705183506 6
      vertex 2.7010216042399406 6.320314891636372 6
      vertex 2.7283614054322243 6.251949705183506 9
    endloop
  endfacet
  facet normal 0.9191138691834996 0.39399199925193484 0
    outer loop
      vertex 2.7573707327246666 6.184276059269905 6
      vertex 2.7283614054322243 6.251949705183506 6
      vertex 2.7573707327246666 6.184276059269905 9
    endloop
  endfacet
  facet normal 0.909167987131805 0.41642955127452475 0
    outer loop
      vertex 2.7573707327246666 6.184276059269905 6
      vertex 2.7880321219563484 6.117334716022015 9
      vertex 2.7880321219563484 6.117334716022015 6
    endloop
  endfacet
  facet normal 0.8986744622232423 0.4386162456496182 0
    outer loop
      vertex 2.7880321219563484 6.117334716022015 6
      vertex 2.8203270956873894 6.051166012883186 9
      vertex 2.8203270956873894 6.051166012883186 6
    endloop
  endfacet
  facet normal 0.9783173657021118 0.2071113998931018 0
    outer loop
      vertex 2.572893612086773 6.742696277797222 6
      vertex 2.557644158601761 6.814729034900665 6
      vertex 2.572893612086773 6.742696277797222 9
    endloop
  endfacet
  facet normal 0.9873014248817249 0.15885810154510796 0
    outer loop
      vertex 2.544167071580887 6.887114331126213 6
      vertex 2.5324704721570015 6.959808573126793 6
      vertex 2.544167071580887 6.887114331126213 9
    endloop
  endfacet
  facet normal 0.9831054832197744 0.18303991057475347 0
    outer loop
      vertex 2.557644158601761 6.814729034900665 6
      vertex 2.544167071580887 6.887114331126213 6
      vertex 2.557644158601761 6.814729034900665 9
    endloop
  endfacet
  facet normal 0.9963126105930256 0.08579733080527817 0
    outer loop
      vertex 2.5144458189606667 7.105948582291603 6
      vertex 2.5081286281347275 7.17930630594492 6
      vertex 2.5144458189606667 7.105948582291603 9
    endloop
  endfacet
  facet normal 0.9909026278623628 0.13458076421043141 0
    outer loop
      vertex 2.5225613936781883 7.032767973840237 6
      vertex 2.5324704721570015 6.959808573126793 9
      vertex 2.5324704721570015 6.959808573126793 6
    endloop
  endfacet
  facet normal 0.9939069728725332 0.11022218141262549 0
    outer loop
      vertex 2.5225613936781883 7.032767973840237 6
      vertex 2.5144458189606667 7.105948582291603 6
      vertex 2.5225613936781883 7.032767973840237 9
    endloop
  endfacet
  facet normal 0.9373389964730794 0.3484187217857852 0
    outer loop
      vertex 2.7010216042399406 6.320314891636372 6
      vertex 2.6753678023815155 6.389330439269543 6
      vertex 2.7010216042399406 6.320314891636372 9
    endloop
  endfacet
  facet normal 0.9533060367464833 0.3020059607072559 0
    outer loop
      vertex 2.6291789934039116 6.52914597094059 6
      vertex 2.6514154598116875 6.458954781293869 9
      vertex 2.6514154598116875 6.458954781293869 6
    endloop
  endfacet
  facet normal 0.9456073450481723 0.32531023499260936 0
    outer loop
      vertex 2.6753678023815155 6.389330439269543 6
      vertex 2.6514154598116875 6.458954781293869 6
      vertex 2.6753678023815155 6.389330439269543 9
    endloop
  endfacet
  facet normal 0.9604305008677799 0.2785197533441126 0
    outer loop
      vertex 2.6291789934039116 6.52914597094059 6
      vertex 2.608671799302101 6.599861726164818 6
      vertex 2.6291789934039116 6.52914597094059 9
    endloop
  endfacet
  facet normal 0.9669764746076467 0.25486564608704565 0
    outer loop
      vertex 2.608671799302101 6.599861726164818 6
      vertex 2.5899062380194664 6.671059459447861 6
      vertex 2.608671799302101 6.599861726164818 9
    endloop
  endfacet
  facet normal 0.9729399656028757 0.23105805186722025 0
    outer loop
      vertex 2.5899062380194664 6.671059459447861 6
      vertex 2.572893612086773 6.742696277797222 6
      vertex 2.5899062380194664 6.671059459447861 9
    endloop
  endfacet
  facet normal 0.7326542916439974 0.6806009762964143 0
    outer loop
      vertex 3.2771466225385666 5.385323137044907 6
      vertex 3.327258750796318 5.331378363072872 9
      vertex 3.327258750796318 5.331378363072872 6
    endloop
  endfacet
  facet normal 0.7157308275088007 0.6983762471287002 0
    outer loop
      vertex 3.327258750796318 5.331378363072872 6
      vertex 3.3786796554923058 5.27867965400219 9
      vertex 3.3786796554923058 5.27867965400219 6
    endloop
  endfacet
  facet normal 0.6983762471287002 0.7157308275088007 0
    outer loop
      vertex 3.3786796554923058 5.27867965400219 6
      vertex 3.4313783645629883 5.227258749306202 9
      vertex 3.4313783645629883 5.227258749306202 6
    endloop
  endfacet
  facet normal 0.6806009762964143 0.7326542916439974 0
    outer loop
      vertex 3.4313783645629883 5.227258749306202 6
      vertex 3.4853231385350227 5.1771466210484505 9
      vertex 3.4853231385350227 5.1771466210484505 6
    endloop
  endfacet
  facet normal 0.6624157918795686 0.7491363818882141 0
    outer loop
      vertex 3.4853231385350227 5.1771466210484505 6
      vertex 3.5404814705252647 5.128373458981514 9
      vertex 3.5404814705252647 5.128373458981514 6
    endloop
  endfacet
  facet normal 0.6438315313738673 0.7651672753122556 0
    outer loop
      vertex 3.5404814705252647 5.128373458981514 6
      vertex 3.596820145845413 5.080968640744686 9
      vertex 3.596820145845413 5.080968640744686 6
    endloop
  endfacet
  facet normal 0.6248594929852721 0.7807372246961128 0
    outer loop
      vertex 3.654305227100849 5.034960716962814 6
      vertex 3.596820145845413 5.080968640744686 6
      vertex 3.654305227100849 5.034960716962814 9
    endloop
  endfacet
  facet normal 0.6055110641928494 0.7958368872702767 0
    outer loop
      vertex 3.654305227100849 5.034960716962814 6
      vertex 3.712902083992958 4.990377403795719 9
      vertex 3.712902083992958 4.990377403795719 6
    endloop
  endfacet
  facet normal 0.8513551760595545 0.5245897103419062 0
    outer loop
      vertex 2.926814168691635 5.857691764831543 6
      vertex 2.9654393047094345 5.795007139444351 9
      vertex 2.9654393047094345 5.795007139444351 6
    endloop
  endfacet
  facet normal 0.8245892707810064 0.5657318574314585 0
    outer loop
      vertex 3.0055911615490913 5.733289301395416 6
      vertex 3.0472455620765686 5.672575429081917 9
      vertex 3.0472455620765686 5.672575429081917 6
    endloop
  endfacet
  facet normal 0.8382247125358401 0.5453249776914756 0
    outer loop
      vertex 3.0055911615490913 5.733289301395416 6
      vertex 2.9654393047094345 5.795007139444351 6
      vertex 3.0055911615490913 5.733289301395416 9
    endloop
  endfacet
  facet normal 0.8876396205051986 0.46053871076098146 0
    outer loop
      vertex 2.8203270956873894 6.051166012883186 6
      vertex 2.8542362079024315 5.985809788107872 9
      vertex 2.8542362079024315 5.985809788107872 6
    endloop
  endfacet
  facet normal 0.8639728945722552 0.5035383177519254 0
    outer loop
      vertex 2.889739029109478 5.921305425465107 6
      vertex 2.926814168691635 5.857691764831543 9
      vertex 2.926814168691635 5.857691764831543 6
    endloop
  endfacet
  facet normal 0.8760700743891096 0.48218380806478783 0
    outer loop
      vertex 2.889739029109478 5.921305425465107 6
      vertex 2.8542362079024315 5.985809788107872 6
      vertex 2.889739029109478 5.921305425465107 9
    endloop
  endfacet
  facet normal 0.7958369243711365 0.605511015430347 0
    outer loop
      vertex 3.0903774052858353 5.6129020899534225 6
      vertex 3.1349607184529305 5.554305225610733 9
      vertex 3.1349607184529305 5.554305225610733 6
    endloop
  endfacet
  facet normal 0.810457209437934 0.5857978419814098 0
    outer loop
      vertex 3.0903774052858353 5.6129020899534225 6
      vertex 3.0472455620765686 5.672575429081917 6
      vertex 3.0903774052858353 5.6129020899534225 9
    endloop
  endfacet
  facet normal 0.7651672753122556 0.6438315313738673 0
    outer loop
      vertex 3.1809686422348022 5.496820144355297 6
      vertex 3.22837346047163 5.440481469035149 9
      vertex 3.22837346047163 5.440481469035149 6
    endloop
  endfacet
  facet normal 0.7807372246961128 0.6248594929852721 0
    outer loop
      vertex 3.1809686422348022 5.496820144355297 6
      vertex 3.1349607184529305 5.554305225610733 6
      vertex 3.1809686422348022 5.496820144355297 9
    endloop
  endfacet
  facet normal 0.7491363818882141 0.6624157918795686 0
    outer loop
      vertex 3.22837346047163 5.440481469035149 6
      vertex 3.2771466225385666 5.385323137044907 9
      vertex 3.2771466225385666 5.385323137044907 6
    endloop
  endfacet
  facet normal 0 -1 0
    outer loop
      vertex -9 0 9
      vertex 9 0 6
      vertex 9 0 9
    endloop
  endfacet
  facet normal 0.9191138691834996 0.39399199925193484 0
    outer loop
      vertex 2.7283614054322243 6.251949705183506 6
      vertex 2.7283614054322243 6.251949705183506 9
      vertex 2.7573707327246666 6.184276059269905 9
    endloop
  endfacet
  facet normal 0.909167987131805 0.41642955127452475 0
    outer loop
      vertex 2.7573707327246666 6.184276059269905 6
      vertex 2.7573707327246666 6.184276059269905 9
      vertex 2.7880321219563484 6.117334716022015 9
    endloop
  endfacet
  facet normal 0.8986744622232423 0.4386162456496182 0
    outer loop
      vertex 2.7880321219563484 6.117334716022015 6
      vertex 2.7880321219563484 6.117334716022015 9
      vertex 2.8203270956873894 6.051166012883186 9
    endloop
  endfacet
  facet normal 0.9783173657021118 0.2071113998931018 0
    outer loop
      vertex 2.557644158601761 6.814729034900665 6
      vertex 2.557644158601761 6.814729034900665 9
      vertex 2.572893612086773 6.742696277797222 9
    endloop
  endfacet
  facet normal 0.9831054832197744 0.18303991057475347 0
    outer loop
      vertex 2.544167071580887 6.887114331126213 6
      vertex 2.544167071580887 6.887114331126213 9
      vertex 2.557644158601761 6.814729034900665 9
    endloop
  endfacet
  facet normal 0.9873014248817249 0.15885810154510796 0
    outer loop
      vertex 2.5324704721570015 6.959808573126793 6
      vertex 2.5324704721570015 6.959808573126793 9
      vertex 2.544167071580887 6.887114331126213 9
    endloop
  endfacet
  facet normal 0.9939069728725332 0.11022218141262549 0
    outer loop
      vertex 2.5144458189606667 7.105948582291603 6
      vertex 2.5144458189606667 7.105948582291603 9
      vertex 2.5225613936781883 7.032767973840237 9
    endloop
  endfacet
  facet normal 0.9963126105930256 0.08579733080527817 0
    outer loop
      vertex 2.5081286281347275 7.17930630594492 6
      vertex 2.5081286281347275 7.17930630594492 9
      vertex 2.5144458189606667 7.105948582291603 9
    endloop
  endfacet
  facet normal 0.9909026278623628 0.13458076421043141 0
    outer loop
      vertex 2.5225613936781883 7.032767973840237 6
      vertex 2.5225613936781883 7.032767973840237 9
      vertex 2.5324704721570015 6.959808573126793 9
    endloop
  endfacet
  facet normal 0.9373389964730794 0.3484187217857852 0
    outer loop
      vertex 2.6753678023815155 6.389330439269543 6
      vertex 2.6753678023815155 6.389330439269543 9
      vertex 2.7010216042399406 6.320314891636372 9
    endloop
  endfacet
  facet normal 0.9456073450481723 0.32531023499260936 0
    outer loop
      vertex 2.6514154598116875 6.458954781293869 6
      vertex 2.6514154598116875 6.458954781293869 9
      vertex 2.6753678023815155 6.389330439269543 9
    endloop
  endfacet
  facet normal 0.9533060367464833 0.3020059607072559 0
    outer loop
      vertex 2.6291789934039116 6.52914597094059 6
      vertex 2.6291789934039116 6.52914597094059 9
      vertex 2.6514154598116875 6.458954781293869 9
    endloop
  endfacet
  facet normal 0.9604305008677799 0.2785197533441126 0
    outer loop
      vertex 2.608671799302101 6.599861726164818 6
      vertex 2.608671799302101 6.599861726164818 9
      vertex 2.6291789934039116 6.52914597094059 9
    endloop
  endfacet
  facet normal 0.9669764746076467 0.25486564608704565 0
    outer loop
      vertex 2.5899062380194664 6.671059459447861 6
      vertex 2.5899062380194664 6.671059459447861 9
      vertex 2.608671799302101 6.599861726164818 9
    endloop
  endfacet
  facet normal 0.9729399656028757 0.23105805186722025 0
    outer loop
      vertex 2.572893612086773 6.742696277797222 6
      vertex 2.572893612086773 6.742696277797222 9
      vertex 2.5899062380194664 6.671059459447861 9
    endloop
  endfacet
  facet normal 0.9285060681263128 0.37131722482617907 0
    outer loop
      vertex 2.7010216042399406 6.320314891636372 6
      vertex 2.7010216042399406 6.320314891636372 9
      vertex 2.7283614054322243 6.251949705183506 9
    endloop
  endfacet
  facet normal 0.7326542916439974 0.6806009762964143 0
    outer loop
      vertex 3.2771466225385666 5.385323137044907 6
      vertex 3.2771466225385666 5.385323137044907 9
      vertex 3.327258750796318 5.331378363072872 9
    endloop
  endfacet
  facet normal 0.6983762471287002 0.7157308275088007 0
    outer loop
      vertex 3.3786796554923058 5.27867965400219 6
      vertex 3.3786796554923058 5.27867965400219 9
      vertex 3.4313783645629883 5.227258749306202 9
    endloop
  endfacet
  facet normal 0.7157308275088007 0.6983762471287002 0
    outer loop
      vertex 3.327258750796318 5.331378363072872 6
      vertex 3.327258750796318 5.331378363072872 9
      vertex 3.3786796554923058 5.27867965400219 9
    endloop
  endfacet
  facet normal 0.6806009762964143 0.7326542916439974 0
    outer loop
      vertex 3.4313783645629883 5.227258749306202 6
      vertex 3.4313783645629883 5.227258749306202 9
      vertex 3.4853231385350227 5.1771466210484505 9
    endloop
  endfacet
  facet normal 0.6624157918795686 0.7491363818882141 0
    outer loop
      vertex 3.4853231385350227 5.1771466210484505 6
      vertex 3.4853231385350227 5.1771466210484505 9
      vertex 3.5404814705252647 5.128373458981514 9
    endloop
  endfacet
  facet normal 0.6438315313738673 0.7651672753122556 0
    outer loop
      vertex 3.5404814705252647 5.128373458981514 6
      vertex 3.5404814705252647 5.128373458981514 9
      vertex 3.596820145845413 5.080968640744686 9
    endloop
  endfacet
  facet normal 0.6248594929852721 0.7807372246961128 0
    outer loop
      vertex 3.596820145845413 5.080968640744686 6
      vertex 3.596820145845413 5.080968640744686 9
      vertex 3.654305227100849 5.034960716962814 9
    endloop
  endfacet
  facet normal 0.6055110641928494 0.7958368872702767 0
    outer loop
      vertex 3.654305227100849 5.034960716962814 6
      vertex 3.654305227100849 5.034960716962814 9
      vertex 3.712902083992958 4.990377403795719 9
    endloop
  endfacet
  facet normal 0.5857978419814098 0.810457209437934 0
    outer loop
      vertex 3.712902083992958 4.990377403795719 6
      vertex 3.712902083992958 4.990377403795719 9
      vertex 3.7725754231214523 4.9472455605864525 9
    endloop
  endfacet
  facet normal 0.8382247125358401 0.5453249776914756 0
    outer loop
      vertex 2.9654393047094345 5.795007139444351 6
      vertex 2.9654393047094345 5.795007139444351 9
      vertex 3.0055911615490913 5.733289301395416 9
    endloop
  endfacet
  facet normal 0.8245892707810064 0.5657318574314585 0
    outer loop
      vertex 3.0055911615490913 5.733289301395416 6
      vertex 3.0055911615490913 5.733289301395416 9
      vertex 3.0472455620765686 5.672575429081917 9
    endloop
  endfacet
  facet normal 0.8876396205051986 0.46053871076098146 0
    outer loop
      vertex 2.8203270956873894 6.051166012883186 6
      vertex 2.8203270956873894 6.051166012883186 9
      vertex 2.8542362079024315 5.985809788107872 9
    endloop
  endfacet
  facet normal 0.8760700743891096 0.48218380806478783 0
    outer loop
      vertex 2.8542362079024315 5.985809788107872 6
      vertex 2.8542362079024315 5.985809788107872 9
      vertex 2.889739029109478 5.921305425465107 9
    endloop
  endfacet
  facet normal 0.8639728945722552 0.5035383177519254 0
    outer loop
      vertex 2.889739029109478 5.921305425465107 6
      vertex 2.889739029109478 5.921305425465107 9
      vertex 2.926814168691635 5.857691764831543 9
    endloop
  endfacet
  facet normal 0.8513551760595545 0.5245897103419062 0
    outer loop
      vertex 2.926814168691635 5.857691764831543 6
      vertex 2.926814168691635 5.857691764831543 9
      vertex 2.9654393047094345 5.795007139444351 9
    endloop
  endfacet
  facet normal 0.7958369243711365 0.605511015430347 0
    outer loop
      vertex 3.0903774052858353 5.6129020899534225 6
      vertex 3.0903774052858353 5.6129020899534225 9
      vertex 3.1349607184529305 5.554305225610733 9
    endloop
  endfacet
  facet normal 0.7807372246961128 0.6248594929852721 0
    outer loop
      vertex 3.1349607184529305 5.554305225610733 6
      vertex 3.1349607184529305 5.554305225610733 9
      vertex 3.1809686422348022 5.496820144355297 9
    endloop
  endfacet
  facet normal 0.810457209437934 0.5857978419814098 0
    outer loop
      vertex 3.0472455620765686 5.672575429081917 6
      vertex 3.0472455620765686 5.672575429081917 9
      vertex 3.0903774052858353 5.6129020899534225 9
    endloop
  endfacet
  facet normal 0.7651672753122556 0.6438315313738673 0
    outer loop
      vertex 3.1809686422348022 5.496820144355297 6
      vertex 3.1809686422348022 5.496820144355297 9
      vertex 3.22837346047163 5.440481469035149 9
    endloop
  endfacet
  facet normal 0.7491363818882141 0.6624157918795686 0
    outer loop
      vertex 3.22837346047163 5.440481469035149 6
      vertex 3.22837346047163 5.440481469035149 9
      vertex 3.2771466225385666 5.385323137044907 9
    endloop
  endfacet
  facet normal 0.9981181121830343 0.06132074797469375 0
    outer loop
      vertex 2.5081286281347275 7.17930630594492 6
      vertex 2.503613628447056 7.252796977758408 6
      vertex 2.5081286281347275 7.17930630594492 9
    endloop
  endfacet
  facet normal 0.999322387435966 0.03680714562800424 0
    outer loop
      vertex 2.503613628447056 7.252796977758408 6
      vertex 2.50090354681015 7.326376311480999 6
      vertex 2.503613628447056 7.252796977758408 9
    endloop
  endfacet
  facet normal 0.9999247013590394 0.012271577406179545 0
    outer loop
      vertex 2.50090354681015 7.326376311480999 6
      vertex 2.5 7.399999998509884 6
      vertex 2.50090354681015 7.326376311480999 9
    endloop
  endfacet
  facet normal 1 0 0
    outer loop
      vertex 2.5 7.399999998509884 3
      vertex 2.5 27.624977029165862 12
      vertex 2.5 7.399999998509884 6
    endloop
  endfacet
  facet normal 0.9981181121830343 0.06132074797469375 0
    outer loop
      vertex 2.503613628447056 7.252796977758408 6
      vertex 2.503613628447056 7.252796977758408 9
      vertex 2.5081286281347275 7.17930630594492 9
    endloop
  endfacet
  facet normal 0.999322387435966 0.03680714562800424 0
    outer loop
      vertex 2.50090354681015 7.326376311480999 6
      vertex 2.50090354681015 7.326376311480999 9
      vertex 2.503613628447056 7.252796977758408 9
    endloop
  endfacet
  facet normal 0.9999247013590394 0.012271577406179545 0
    outer loop
      vertex 2.50090354681015 7.326376311480999 9
      vertex 2.5 7.399999998509884 6
      vertex 2.5 7.399999998509884 9
    endloop
  endfacet
  facet normal 0.5657318102264423 0.8245893031672874 0
    outer loop
      vertex 3.7725754231214523 4.9472455605864525 6
      vertex 3.8332893028855324 4.905591160058975 9
      vertex 3.8332893028855324 4.905591160058975 6
    endloop
  endfacet
  facet normal 0.5453249776914756 0.8382247125358401 0
    outer loop
      vertex 3.8332893028855324 4.905591160058975 6
      vertex 3.8950071409344673 4.865439303219318 9
      vertex 3.8950071409344673 4.865439303219318 6
    endloop
  endfacet
  facet normal 0.5245897103419062 0.8513551760595545 0
    outer loop
      vertex 3.8950071409344673 4.865439303219318 6
      vertex 3.957691766321659 4.826814167201519 9
      vertex 3.957691766321659 4.826814167201519 6
    endloop
  endfacet
  facet normal 0.5857978419814098 0.810457209437934 0
    outer loop
      vertex 3.712902083992958 4.990377403795719 6
      vertex 3.7725754231214523 4.9472455605864525 9
      vertex 3.7725754231214523 4.9472455605864525 6
    endloop
  endfacet
  facet normal 0.5035383177519254 0.8639728945722552 0
    outer loop
      vertex 4.021305426955223 4.789739027619362 6
      vertex 3.957691766321659 4.826814167201519 6
      vertex 4.021305426955223 4.789739027619362 9
    endloop
  endfacet
  facet normal 0.48218380806478783 0.8760700743891096 0
    outer loop
      vertex 4.021305426955223 4.789739027619362 6
      vertex 4.085809789597988 4.754236206412315 9
      vertex 4.085809789597988 4.754236206412315 6
    endloop
  endfacet
  facet normal 0.4386162456496182 0.8986744622232423 0
    outer loop
      vertex 4.217334717512131 4.688032120466232 6
      vertex 4.1511660143733025 4.720327094197273 6
      vertex 4.217334717512131 4.688032120466232 9
    endloop
  endfacet
  facet normal 0.46053871076098146 0.8876396205051986 0
    outer loop
      vertex 4.085809789597988 4.754236206412315 6
      vertex 4.1511660143733025 4.720327094197273 9
      vertex 4.1511660143733025 4.720327094197273 6
    endloop
  endfacet
  facet normal 0.41642955127452475 0.909167987131805 0
    outer loop
      vertex 4.217334717512131 4.688032120466232 6
      vertex 4.284276060760021 4.6573707312345505 9
      vertex 4.284276060760021 4.6573707312345505 6
    endloop
  endfacet
  facet normal 0.3939920358954072 0.9191138534757226 0
    outer loop
      vertex 4.284276060760021 4.6573707312345505 6
      vertex 4.3519496992230415 4.628361403942108 9
      vertex 4.3519496992230415 4.628361403942108 6
    endloop
  endfacet
  facet normal 0.3713171899386939 0.9285060820781047 0
    outer loop
      vertex 4.3519496992230415 4.628361403942108 6
      vertex 4.420314893126488 4.6010216027498245 9
      vertex 4.420314893126488 4.6010216027498245 6
    endloop
  endfacet
  facet normal 0.3484187217857852 0.9373389964730794 0
    outer loop
      vertex 4.489330440759659 4.575367800891399 6
      vertex 4.420314893126488 4.6010216027498245 6
      vertex 4.489330440759659 4.575367800891399 9
    endloop
  endfacet
  facet normal 0.32531026612041125 0.9456073343395065 0
    outer loop
      vertex 4.489330440759659 4.575367800891399 6
      vertex 4.5589547753334045 4.551415458321571 9
      vertex 4.5589547753334045 4.551415458321571 6
    endloop
  endfacet
  facet normal 0.3020059607072559 0.9533060367464833 0
    outer loop
      vertex 4.5589547753334045 4.551415458321571 6
      vertex 4.629145964980125 4.5291789919137955 9
      vertex 4.629145964980125 4.5291789919137955 6
    endloop
  endfacet
  facet normal 0.2785196329349135 0.9604305357858012 0
    outer loop
      vertex 4.629145964980125 4.5291789919137955 6
      vertex 4.699861727654934 4.508671805262566 9
      vertex 4.699861727654934 4.508671805262566 6
    endloop
  endfacet
  facet normal 0.23105814765540494 0.9729399428546723 0
    outer loop
      vertex 4.771059460937977 4.489906243979931 6
      vertex 4.842696279287338 4.472893610596657 9
      vertex 4.842696279287338 4.472893610596657 6
    endloop
  endfacet
  facet normal 0.2071113998931018 0.9783173657021118 0
    outer loop
      vertex 4.842696279287338 4.472893610596657 6
      vertex 4.914729036390781 4.457644157111645 9
      vertex 4.914729036390781 4.457644157111645 6
    endloop
  endfacet
  facet normal 0.18303991057475347 0.9831054832197744 0
    outer loop
      vertex 4.914729036390781 4.457644157111645 6
      vertex 4.987114332616329 4.444167070090771 9
      vertex 4.987114332616329 4.444167070090771 6
    endloop
  endfacet
  facet normal 0.15885810154510796 0.9873014248817249 0
    outer loop
      vertex 4.987114332616329 4.444167070090771 6
      vertex 5.059808574616909 4.432470470666885 9
      vertex 5.059808574616909 4.432470470666885 6
    endloop
  endfacet
  facet normal 0.13458066485266765 0.9909026413567652 0
    outer loop
      vertex 5.059808574616909 4.432470470666885 6
      vertex 5.132767975330353 4.422561399638653 9
      vertex 5.132767975330353 4.422561399638653 6
    endloop
  endfacet
  facet normal 0.25486564608704565 0.9669764746076467 0
    outer loop
      vertex 4.699861727654934 4.508671805262566 6
      vertex 4.771059460937977 4.489906243979931 9
      vertex 4.771059460937977 4.489906243979931 6
    endloop
  endfacet
  facet normal 0.11022229245928265 0.9939069605576875 0
    outer loop
      vertex 5.132767975330353 4.422561399638653 6
      vertex 5.205948576331139 4.4144458174705505 9
      vertex 5.205948576331139 4.4144458174705505 6
    endloop
  endfacet
  facet normal 0.08579732215541457 0.9963126113379073 0
    outer loop
      vertex 5.205948576331139 4.4144458174705505 6
      vertex 5.279306307435036 4.408128626644611 9
      vertex 5.279306307435036 4.408128626644611 6
    endloop
  endfacet
  facet normal 0.06132064716467091 0.9981181183764304 0
    outer loop
      vertex 5.279306307435036 4.408128626644611 6
      vertex 5.352796979248524 4.40361363440752 9
      vertex 5.352796979248524 4.40361363440752 6
    endloop
  endfacet
  facet normal 0.03680724668144709 0.99932238371395 0
    outer loop
      vertex 5.352796979248524 4.40361363440752 6
      vertex 5.426376312971115 4.400903545320034 9
      vertex 5.426376312971115 4.400903545320034 6
    endloop
  endfacet
  facet normal 0.012271577406179545 0.9999247013590394 0
    outer loop
      vertex 5.426376312971115 4.400903545320034 6
      vertex 5.5 4.399999998509884 9
      vertex 5.5 4.399999998509884 6
    endloop
  endfacet
  facet normal 0.5453249776914756 0.8382247125358401 0
    outer loop
      vertex 3.8332893028855324 4.905591160058975 6
      vertex 3.8332893028855324 4.905591160058975 9
      vertex 3.8950071409344673 4.865439303219318 9
    endloop
  endfacet
  facet normal 0.5245897103419062 0.8513551760595545 0
    outer loop
      vertex 3.8950071409344673 4.865439303219318 6
      vertex 3.8950071409344673 4.865439303219318 9
      vertex 3.957691766321659 4.826814167201519 9
    endloop
  endfacet
  facet normal 0.5035383177519254 0.8639728945722552 0
    outer loop
      vertex 3.957691766321659 4.826814167201519 6
      vertex 3.957691766321659 4.826814167201519 9
      vertex 4.021305426955223 4.789739027619362 9
    endloop
  endfacet
  facet normal 0.5657318102264423 0.8245893031672874 0
    outer loop
      vertex 3.7725754231214523 4.9472455605864525 6
      vertex 3.7725754231214523 4.9472455605864525 9
      vertex 3.8332893028855324 4.905591160058975 9
    endloop
  endfacet
  facet normal 0.48218380806478783 0.8760700743891096 0
    outer loop
      vertex 4.021305426955223 4.789739027619362 6
      vertex 4.021305426955223 4.789739027619362 9
      vertex 4.085809789597988 4.754236206412315 9
    endloop
  endfacet
  facet normal 0.46053871076098146 0.8876396205051986 0
    outer loop
      vertex 4.085809789597988 4.754236206412315 6
      vertex 4.085809789597988 4.754236206412315 9
      vertex 4.1511660143733025 4.720327094197273 9
    endloop
  endfacet
  facet normal 0.4386162456496182 0.8986744622232423 0
    outer loop
      vertex 4.1511660143733025 4.720327094197273 6
      vertex 4.1511660143733025 4.720327094197273 9
      vertex 4.217334717512131 4.688032120466232 9
    endloop
  endfacet
  facet normal 0.41642955127452475 0.909167987131805 0
    outer loop
      vertex 4.217334717512131 4.688032120466232 6
      vertex 4.217334717512131 4.688032120466232 9
      vertex 4.284276060760021 4.6573707312345505 9
    endloop
  endfacet
  facet normal 0.3939920358954072 0.9191138534757226 0
    outer loop
      vertex 4.284276060760021 4.6573707312345505 6
      vertex 4.284276060760021 4.6573707312345505 9
      vertex 4.3519496992230415 4.628361403942108 9
    endloop
  endfacet
  facet normal 0.3713171899386939 0.9285060820781047 0
    outer loop
      vertex 4.3519496992230415 4.628361403942108 6
      vertex 4.3519496992230415 4.628361403942108 9
      vertex 4.420314893126488 4.6010216027498245 9
    endloop
  endfacet
  facet normal 0.3484187217857852 0.9373389964730794 0
    outer loop
      vertex 4.420314893126488 4.6010216027498245 6
      vertex 4.420314893126488 4.6010216027498245 9
      vertex 4.489330440759659 4.575367800891399 9
    endloop
  endfacet
  facet normal 0.32531026612041125 0.9456073343395065 0
    outer loop
      vertex 4.489330440759659 4.575367800891399 6
      vertex 4.489330440759659 4.575367800891399 9
      vertex 4.5589547753334045 4.551415458321571 9
    endloop
  endfacet
  facet normal 0.3020059607072559 0.9533060367464833 0
    outer loop
      vertex 4.5589547753334045 4.551415458321571 6
      vertex 4.5589547753334045 4.551415458321571 9
      vertex 4.629145964980125 4.5291789919137955 9
    endloop
  endfacet
  facet normal 0.2785196329349135 0.9604305357858012 0
    outer loop
      vertex 4.629145964980125 4.5291789919137955 6
      vertex 4.629145964980125 4.5291789919137955 9
      vertex 4.699861727654934 4.508671805262566 9
    endloop
  endfacet
  facet normal 0.23105814765540494 0.9729399428546723 0
    outer loop
      vertex 4.771059460937977 4.489906243979931 6
      vertex 4.771059460937977 4.489906243979931 9
      vertex 4.842696279287338 4.472893610596657 9
    endloop
  endfacet
  facet normal 0.2071113998931018 0.9783173657021118 0
    outer loop
      vertex 4.842696279287338 4.472893610596657 6
      vertex 4.842696279287338 4.472893610596657 9
      vertex 4.914729036390781 4.457644157111645 9
    endloop
  endfacet
  facet normal 0.18303991057475347 0.9831054832197744 0
    outer loop
      vertex 4.914729036390781 4.457644157111645 6
      vertex 4.914729036390781 4.457644157111645 9
      vertex 4.987114332616329 4.444167070090771 9
    endloop
  endfacet
  facet normal 0.15885810154510796 0.9873014248817249 0
    outer loop
      vertex 4.987114332616329 4.444167070090771 6
      vertex 4.987114332616329 4.444167070090771 9
      vertex 5.059808574616909 4.432470470666885 9
    endloop
  endfacet
  facet normal 0.13458066485266765 0.9909026413567652 0
    outer loop
      vertex 5.059808574616909 4.432470470666885 6
      vertex 5.059808574616909 4.432470470666885 9
      vertex 5.132767975330353 4.422561399638653 9
    endloop
  endfacet
  facet normal 0.25486564608704565 0.9669764746076467 0
    outer loop
      vertex 4.699861727654934 4.508671805262566 6
      vertex 4.699861727654934 4.508671805262566 9
      vertex 4.771059460937977 4.489906243979931 9
    endloop
  endfacet
  facet normal 0.11022229245928265 0.9939069605576875 0
    outer loop
      vertex 5.132767975330353 4.422561399638653 6
      vertex 5.132767975330353 4.422561399638653 9
      vertex 5.205948576331139 4.4144458174705505 9
    endloop
  endfacet
  facet normal 0.08579732215541457 0.9963126113379073 0
    outer loop
      vertex 5.205948576331139 4.4144458174705505 6
      vertex 5.205948576331139 4.4144458174705505 9
      vertex 5.279306307435036 4.408128626644611 9
    endloop
  endfacet
  facet normal 0.06132064716467091 0.9981181183764304 0
    outer loop
      vertex 5.279306307435036 4.408128626644611 6
      vertex 5.279306307435036 4.408128626644611 9
      vertex 5.352796979248524 4.40361363440752 9
    endloop
  endfacet
  facet normal 0.03680724668144709 0.99932238371395 0
    outer loop
      vertex 5.352796979248524 4.40361363440752 6
      vertex 5.352796979248524 4.40361363440752 9
      vertex 5.426376312971115 4.400903545320034 9
    endloop
  endfacet
  facet normal 0.012271577406179545 0.9999247013590394 0
    outer loop
      vertex 5.426376312971115 4.400903545320034 6
      vertex 5.426376312971115 4.400903545320034 9
      vertex 5.5 4.399999998509884 9
    endloop
  endfacet
  facet normal 0 1 0
    outer loop
      vertex 5.5 4.399999998509884 6
      vertex 5.5 4.399999998509884 9
      vertex 9 4.399999998509884 9
    endloop
  endfacet
  facet normal 0.9285060681263128 0.37131722482617907 0
    outer loop
      vertex 2.7283614054322243 6.251949705183506 9
      vertex 2.7010216042399406 6.320314891636372 9
      vertex 2.7283614054322243 6.251949705183506 12
    endloop
  endfacet
  facet normal 0.9191138691834996 0.39399199925193484 0
    outer loop
      vertex 2.7573707327246666 6.184276059269905 9
      vertex 2.7283614054322243 6.251949705183506 9
      vertex 2.7573707327246666 6.184276059269905 12
    endloop
  endfacet
  facet normal 0.909167987131805 0.41642955127452475 0
    outer loop
      vertex 2.7573707327246666 6.184276059269905 9
      vertex 2.7880321219563484 6.117334716022015 12
      vertex 2.7880321219563484 6.117334716022015 9
    endloop
  endfacet
  facet normal 0.8986744622232423 0.4386162456496182 0
    outer loop
      vertex 2.7880321219563484 6.117334716022015 9
      vertex 2.8203270956873894 6.051166012883186 12
      vertex 2.8203270956873894 6.051166012883186 9
    endloop
  endfacet
  facet normal 0.9783173657021118 0.2071113998931018 0
    outer loop
      vertex 2.572893612086773 6.742696277797222 9
      vertex 2.557644158601761 6.814729034900665 9
      vertex 2.572893612086773 6.742696277797222 12
    endloop
  endfacet
  facet normal 0.9873014248817249 0.15885810154510796 0
    outer loop
      vertex 2.544167071580887 6.887114331126213 9
      vertex 2.5324704721570015 6.959808573126793 9
      vertex 2.544167071580887 6.887114331126213 12
    endloop
  endfacet
  facet normal 0.9831054832197744 0.18303991057475347 0
    outer loop
      vertex 2.557644158601761 6.814729034900665 9
      vertex 2.544167071580887 6.887114331126213 9
      vertex 2.557644158601761 6.814729034900665 12
    endloop
  endfacet
  facet normal 0.9963126105930256 0.08579733080527817 0
    outer loop
      vertex 2.5144458189606667 7.105948582291603 9
      vertex 2.5081286281347275 7.17930630594492 9
      vertex 2.5144458189606667 7.105948582291603 12
    endloop
  endfacet
  facet normal 0.9909026278623628 0.13458076421043141 0
    outer loop
      vertex 2.5225613936781883 7.032767973840237 9
      vertex 2.5324704721570015 6.959808573126793 12
      vertex 2.5324704721570015 6.959808573126793 9
    endloop
  endfacet
  facet normal 0.9939069728725332 0.11022218141262549 0
    outer loop
      vertex 2.5225613936781883 7.032767973840237 9
      vertex 2.5144458189606667 7.105948582291603 9
      vertex 2.5225613936781883 7.032767973840237 12
    endloop
  endfacet
  facet normal 0.9373389964730794 0.3484187217857852 0
    outer loop
      vertex 2.7010216042399406 6.320314891636372 9
      vertex 2.6753678023815155 6.389330439269543 9
      vertex 2.7010216042399406 6.320314891636372 12
    endloop
  endfacet
  facet normal 0.9533060367464833 0.3020059607072559 0
    outer loop
      vertex 2.6291789934039116 6.52914597094059 9
      vertex 2.6514154598116875 6.458954781293869 12
      vertex 2.6514154598116875 6.458954781293869 9
    endloop
  endfacet
  facet normal 0.9456073450481723 0.32531023499260936 0
    outer loop
      vertex 2.6753678023815155 6.389330439269543 9
      vertex 2.6514154598116875 6.458954781293869 9
      vertex 2.6753678023815155 6.389330439269543 12
    endloop
  endfacet
  facet normal 0.9604305008677799 0.2785197533441126 0
    outer loop
      vertex 2.6291789934039116 6.52914597094059 9
      vertex 2.608671799302101 6.599861726164818 9
      vertex 2.6291789934039116 6.52914597094059 12
    endloop
  endfacet
  facet normal 0.9669764746076467 0.25486564608704565 0
    outer loop
      vertex 2.608671799302101 6.599861726164818 9
      vertex 2.5899062380194664 6.671059459447861 9
      vertex 2.608671799302101 6.599861726164818 12
    endloop
  endfacet
  facet normal 0.9729399656028757 0.23105805186722025 0
    outer loop
      vertex 2.5899062380194664 6.671059459447861 9
      vertex 2.572893612086773 6.742696277797222 9
      vertex 2.5899062380194664 6.671059459447861 12
    endloop
  endfacet
  facet normal 0.7326542916439974 0.6806009762964143 0
    outer loop
      vertex 3.2771466225385666 5.385323137044907 9
      vertex 3.327258750796318 5.331378363072872 12
      vertex 3.327258750796318 5.331378363072872 9
    endloop
  endfacet
  facet normal 0.7157308275088007 0.6983762471287002 0
    outer loop
      vertex 3.327258750796318 5.331378363072872 9
      vertex 3.3786796554923058 5.27867965400219 12
      vertex 3.3786796554923058 5.27867965400219 9
    endloop
  endfacet
  facet normal 0.6983762471287002 0.7157308275088007 0
    outer loop
      vertex 3.3786796554923058 5.27867965400219 9
      vertex 3.4313783645629883 5.227258749306202 12
      vertex 3.4313783645629883 5.227258749306202 9
    endloop
  endfacet
  facet normal 0.6806009762964143 0.7326542916439974 0
    outer loop
      vertex 3.4313783645629883 5.227258749306202 9
      vertex 3.4853231385350227 5.1771466210484505 12
      vertex 3.4853231385350227 5.1771466210484505 9
    endloop
  endfacet
  facet normal 0.6624157918795686 0.7491363818882141 0
    outer loop
      vertex 3.4853231385350227 5.1771466210484505 9
      vertex 3.5404814705252647 5.128373458981514 12
      vertex 3.5404814705252647 5.128373458981514 9
    endloop
  endfacet
  facet normal 0.6438315313738673 0.7651672753122556 0
    outer loop
      vertex 3.5404814705252647 5.128373458981514 9
      vertex 3.596820145845413 5.080968640744686 12
      vertex 3.596820145845413 5.080968640744686 9
    endloop
  endfacet
  facet normal 0.6248594929852721 0.7807372246961128 0
    outer loop
      vertex 3.654305227100849 5.034960716962814 9
      vertex 3.596820145845413 5.080968640744686 9
      vertex 3.654305227100849 5.034960716962814 12
    endloop
  endfacet
  facet normal 0.6055110641928494 0.7958368872702767 0
    outer loop
      vertex 3.654305227100849 5.034960716962814 9
      vertex 3.712902083992958 4.990377403795719 12
      vertex 3.712902083992958 4.990377403795719 9
    endloop
  endfacet
  facet normal 0.8513551760595545 0.5245897103419062 0
    outer loop
      vertex 2.926814168691635 5.857691764831543 9
      vertex 2.9654393047094345 5.795007139444351 12
      vertex 2.9654393047094345 5.795007139444351 9
    endloop
  endfacet
  facet normal 0.8245892707810064 0.5657318574314585 0
    outer loop
      vertex 3.0055911615490913 5.733289301395416 9
      vertex 3.0472455620765686 5.672575429081917 12
      vertex 3.0472455620765686 5.672575429081917 9
    endloop
  endfacet
  facet normal 0.8382247125358401 0.5453249776914756 0
    outer loop
      vertex 3.0055911615490913 5.733289301395416 9
      vertex 2.9654393047094345 5.795007139444351 9
      vertex 3.0055911615490913 5.733289301395416 12
    endloop
  endfacet
  facet normal 0.8876396205051986 0.46053871076098146 0
    outer loop
      vertex 2.8203270956873894 6.051166012883186 9
      vertex 2.8542362079024315 5.985809788107872 12
      vertex 2.8542362079024315 5.985809788107872 9
    endloop
  endfacet
  facet normal 0.8639728945722552 0.5035383177519254 0
    outer loop
      vertex 2.889739029109478 5.921305425465107 9
      vertex 2.926814168691635 5.857691764831543 12
      vertex 2.926814168691635 5.857691764831543 9
    endloop
  endfacet
  facet normal 0.8760700743891096 0.48218380806478783 0
    outer loop
      vertex 2.889739029109478 5.921305425465107 9
      vertex 2.8542362079024315 5.985809788107872 9
      vertex 2.889739029109478 5.921305425465107 12
    endloop
  endfacet
  facet normal 0.7958369243711365 0.605511015430347 0
    outer loop
      vertex 3.0903774052858353 5.6129020899534225 9
      vertex 3.1349607184529305 5.554305225610733 12
      vertex 3.1349607184529305 5.554305225610733 9
    endloop
  endfacet
  facet normal 0.810457209437934 0.5857978419814098 0
    outer loop
      vertex 3.0903774052858353 5.6129020899534225 9
      vertex 3.0472455620765686 5.672575429081917 9
      vertex 3.0903774052858353 5.6129020899534225 12
    endloop
  endfacet
  facet normal 0.7651672753122556 0.6438315313738673 0
    outer loop
      vertex 3.1809686422348022 5.496820144355297 9
      vertex 3.22837346047163 5.440481469035149 12
      vertex 3.22837346047163 5.440481469035149 9
    endloop
  endfacet
  facet normal 0.7807372246961128 0.6248594929852721 0
    outer loop
      vertex 3.1809686422348022 5.496820144355297 9
      vertex 3.1349607184529305 5.554305225610733 9
      vertex 3.1809686422348022 5.496820144355297 12
    endloop
  endfacet
  facet normal 0.7491363818882141 0.6624157918795686 0
    outer loop
      vertex 3.22837346047163 5.440481469035149 9
      vertex 3.2771466225385666 5.385323137044907 12
      vertex 3.2771466225385666 5.385323137044907 9
    endloop
  endfacet
  facet normal 0 0 1
    outer loop
      vertex -9 0 12
      vertex 9 0 12
      vertex 4.914729036390781 4.457644157111645 12
    endloop
  endfacet
  facet normal 0 0 1
    outer loop
      vertex -2.7573707327246666 6.184276059269905 12
      vertex 2.7880321219563484 6.117334716022015 12
      vertex 2.7573707327246666 6.184276059269905 12
    endloop
  endfacet
  facet normal 0 0 1
    outer loop
      vertex -2.7283614054322243 6.251949705183506 12
      vertex 2.7573707327246666 6.184276059269905 12
      vertex 2.7283614054322243 6.251949705183506 12
    endloop
  endfacet
  facet normal 0 0 1
    outer loop
      vertex -2.6753678023815155 6.389330439269543 12
      vertex 2.7010216042399406 6.320314891636372 12
      vertex 2.6753678023815155 6.389330439269543 12
    endloop
  endfacet
  facet normal 0 0 1
    outer loop
      vertex -2.7010216042399406 6.320314891636372 12
      vertex 2.7283614054322243 6.251949705183506 12
      vertex 2.7010216042399406 6.320314891636372 12
    endloop
  endfacet
  facet normal 0 0 1
    outer loop
      vertex -2.6514154598116875 6.458954781293869 12
      vertex 2.6753678023815155 6.389330439269543 12
      vertex 2.6514154598116875 6.458954781293869 12
    endloop
  endfacet
  facet normal 0 0 1
    outer loop
      vertex -2.608671799302101 6.599861726164818 12
      vertex 2.6291789934039116 6.52914597094059 12
      vertex 2.608671799302101 6.599861726164818 12
    endloop
  endfacet
  facet normal 0 0 1
    outer loop
      vertex -2.5899062380194664 6.671059459447861 12
      vertex 2.608671799302101 6.599861726164818 12
      vertex 2.5899062380194664 6.671059459447861 12
    endloop
  endfacet
  facet normal 0 0 1
    outer loop
      vertex -2.572893612086773 6.742696277797222 12
      vertex 2.5899062380194664 6.671059459447861 12
      vertex 2.572893612086773 6.742696277797222 12
    endloop
  endfacet
  facet normal 0 0 1
    outer loop
      vertex -2.6291789934039116 6.52914597094059 12
      vertex 2.6514154598116875 6.458954781293869 12
      vertex 2.6291789934039116 6.52914597094059 12
    endloop
  endfacet
  facet normal 0 0 1
    outer loop
      vertex -2.557644158601761 6.814729034900665 12
      vertex 2.572893612086773 6.742696277797222 12
      vertex 2.557644158601761 6.814729034900665 12
    endloop
  endfacet
  facet normal 0 0 1
    outer loop
      vertex -2.5324704721570015 6.959808573126793 12
      vertex 2.544167071580887 6.887114331126213 12
      vertex 2.5324704721570015 6.959808573126793 12
    endloop
  endfacet
  facet normal 0 0 1
    outer loop
      vertex -2.544167071580887 6.887114331126213 12
      vertex 2.557644158601761 6.814729034900665 12
      vertex 2.544167071580887 6.887114331126213 12
    endloop
  endfacet
  facet normal 0 0 1
    outer loop
      vertex -2.5225613936781883 7.032767973840237 12
      vertex 2.5324704721570015 6.959808573126793 12
      vertex 2.5225613936781883 7.032767973840237 12
    endloop
  endfacet
  facet normal 0 0 1
    outer loop
      vertex -2.5144458189606667 7.105948582291603 12
      vertex 2.5225613936781883 7.032767973840237 12
      vertex 2.5144458189606667 7.105948582291603 12
    endloop
  endfacet
  facet normal 0 0 1
    outer loop
      vertex -2.5081286281347275 7.17930630594492 12
      vertex 2.5144458189606667 7.105948582291603 12
      vertex 2.5081286281347275 7.17930630594492 12
    endloop
  endfacet
  facet normal 0 0 1
    outer loop
      vertex -3.2771466225385666 5.385323137044907 12
      vertex 3.327258750796318 5.331378363072872 12
      vertex 3.2771466225385666 5.385323137044907 12
    endloop
  endfacet
  facet normal 0 0 1
    outer loop
      vertex -3.4313783645629883 5.227258749306202 12
      vertex 3.4853231385350227 5.1771466210484505 12
      vertex 3.4313783645629883 5.227258749306202 12
    endloop
  endfacet
  facet normal 0 0 1
    outer loop
      vertex -3.3786796554923058 5.27867965400219 12
      vertex 3.4313783645629883 5.227258749306202 12
      vertex 3.3786796554923058 5.27867965400219 12
    endloop
  endfacet
  facet normal 0 0 1
    outer loop
      vertex -3.327258750796318 5.331378363072872 12
      vertex 3.3786796554923058 5.27867965400219 12
      vertex 3.327258750796318 5.331378363072872 12
    endloop
  endfacet
  facet normal 0 0 1
    outer loop
      vertex -3.957691766321659 4.826814167201519 12
      vertex 4.021305426955223 4.789739027619362 12
      vertex 3.957691766321659 4.826814167201519 12
    endloop
  endfacet
  facet normal 0 0 1
    outer loop
      vertex -3.8332893028855324 4.905591160058975 12
      vertex 3.8950071409344673 4.865439303219318 12
      vertex 3.8332893028855324 4.905591160058975 12
    endloop
  endfacet
  facet normal 0 0 1
    outer loop
      vertex -3.8950071409344673 4.865439303219318 12
      vertex 3.957691766321659 4.826814167201519 12
      vertex 3.8950071409344673 4.865439303219318 12
    endloop
  endfacet
  facet normal 0 0 1
    outer loop
      vertex -4.021305426955223 4.789739027619362 12
      vertex 4.085809789597988 4.754236206412315 12
      vertex 4.021305426955223 4.789739027619362 12
    endloop
  endfacet
  facet normal 0 0 1
    outer loop
      vertex -4.085809789597988 4.754236206412315 12
      vertex 4.1511660143733025 4.720327094197273 12
      vertex 4.085809789597988 4.754236206412315 12
    endloop
  endfacet
  facet normal 0 0 1
    outer loop
      vertex -4.1511660143733025 4.720327094197273 12
      vertex 4.217334717512131 4.688032120466232 12
      vertex 4.1511660143733025 4.720327094197273 12
    endloop
  endfacet
  facet normal 0 0 1
    outer loop
      vertex -3.5404814705252647 5.128373458981514 12
      vertex 3.596820145845413 5.080968640744686 12
      vertex 3.5404814705252647 5.128373458981514 12
    endloop
  endfacet
  facet normal 0 0 1
    outer loop
      vertex -3.596820145845413 5.080968640744686 12
      vertex 3.654305227100849 5.034960716962814 12
      vertex 3.596820145845413 5.080968640744686 12
    endloop
  endfacet
  facet normal 0 0 1
    outer loop
      vertex -3.712902083992958 4.990377403795719 12
      vertex 3.7725754231214523 4.9472455605864525 12
      vertex 3.712902083992958 4.990377403795719 12
    endloop
  endfacet
  facet normal 0 0 1
    outer loop
      vertex -3.654305227100849 5.034960716962814 12
      vertex 3.712902083992958 4.990377403795719 12
      vertex 3.654305227100849 5.034960716962814 12
    endloop
  endfacet
  facet normal 0 0 1
    outer loop
      vertex -3.7725754231214523 4.9472455605864525 12
      vertex 3.8332893028855324 4.905591160058975 12
      vertex 3.7725754231214523 4.9472455605864525 12
    endloop
  endfacet
  facet normal 0 0 1
    outer loop
      vertex -3.4853231385350227 5.1771466210484505 12
      vertex 3.5404814705252647 5.128373458981514 12
      vertex 3.4853231385350227 5.1771466210484505 12
    endloop
  endfacet
  facet normal 0 0 1
    outer loop
      vertex -4.771059460937977 4.489906243979931 12
      vertex 4.842696279287338 4.472893610596657 12
      vertex 4.771059460937977 4.489906243979931 12
    endloop
  endfacet
  facet normal 0 0 1
    outer loop
      vertex -4.842696279287338 4.472893610596657 12
      vertex 4.914729036390781 4.457644157111645 12
      vertex 4.842696279287338 4.472893610596657 12
    endloop
  endfacet
  facet normal 0 0 1
    outer loop
      vertex -4.217334717512131 4.688032120466232 12
      vertex 4.284276060760021 4.6573707312345505 12
      vertex 4.217334717512131 4.688032120466232 12
    endloop
  endfacet
  facet normal 0 0 1
    outer loop
      vertex -4.284276060760021 4.6573707312345505 12
      vertex 4.3519496992230415 4.628361403942108 12
      vertex 4.284276060760021 4.6573707312345505 12
    endloop
  endfacet
  facet normal 0 0 1
    outer loop
      vertex -4.420314893126488 4.6010216027498245 12
      vertex 4.489330440759659 4.575367800891399 12
      vertex 4.420314893126488 4.6010216027498245 12
    endloop
  endfacet
  facet normal 0 0 1
    outer loop
      vertex -4.489330440759659 4.575367800891399 12
      vertex 4.5589547753334045 4.551415458321571 12
      vertex 4.489330440759659 4.575367800891399 12
    endloop
  endfacet
  facet normal 0 0 1
    outer loop
      vertex -4.3519496992230415 4.628361403942108 12
      vertex 4.420314893126488 4.6010216027498245 12
      vertex 4.3519496992230415 4.628361403942108 12
    endloop
  endfacet
  facet normal 0 0 1
    outer loop
      vertex -4.5589547753334045 4.551415458321571 12
      vertex 4.629145964980125 4.5291789919137955 12
      vertex 4.5589547753334045 4.551415458321571 12
    endloop
  endfacet
  facet normal 0 0 1
    outer loop
      vertex -4.629145964980125 4.5291789919137955 12
      vertex 4.699861727654934 4.508671805262566 12
      vertex 4.629145964980125 4.5291789919137955 12
    endloop
  endfacet
  facet normal 0 0 1
    outer loop
      vertex -4.699861727654934 4.508671805262566 12
      vertex 4.771059460937977 4.489906243979931 12
      vertex 4.699861727654934 4.508671805262566 12
    endloop
  endfacet
  facet normal 0 0 1
    outer loop
      vertex -3.0903774052858353 5.6129020899534225 12
      vertex 3.1349607184529305 5.554305225610733 12
      vertex 3.0903774052858353 5.6129020899534225 12
    endloop
  endfacet
  facet normal 0 0 1
    outer loop
      vertex -3.0055911615490913 5.733289301395416 12
      vertex 3.0472455620765686 5.672575429081917 12
      vertex 3.0055911615490913 5.733289301395416 12
    endloop
  endfacet
  facet normal 0 0 1
    outer loop
      vertex -3.0472455620765686 5.672575429081917 12
      vertex 3.0903774052858353 5.6129020899534225 12
      vertex 3.0472455620765686 5.672575429081917 12
    endloop
  endfacet
  facet normal 0 0 1
    outer loop
      vertex -2.9654393047094345 5.795007139444351 12
      vertex 3.0055911615490913 5.733289301395416 12
      vertex 2.9654393047094345 5.795007139444351 12
    endloop
  endfacet
  facet normal 0 0 1
    outer loop
      vertex -3.1809686422348022 5.496820144355297 12
      vertex 3.22837346047163 5.440481469035149 12
      vertex 3.1809686422348022 5.496820144355297 12
    endloop
  endfacet
  facet normal 0 0 1
    outer loop
      vertex -3.22837346047163 5.440481469035149 12
      vertex 3.2771466225385666 5.385323137044907 12
      vertex 3.22837346047163 5.440481469035149 12
    endloop
  endfacet
  facet normal 0 0 1
    outer loop
      vertex -3.1349607184529305 5.554305225610733 12
      vertex 3.1809686422348022 5.496820144355297 12
      vertex 3.1349607184529305 5.554305225610733 12
    endloop
  endfacet
  facet normal 0 0 1
    outer loop
      vertex -2.926814168691635 5.857691764831543 12
      vertex 2.9654393047094345 5.795007139444351 12
      vertex 2.926814168691635 5.857691764831543 12
    endloop
  endfacet
  facet normal 0 0 1
    outer loop
      vertex -2.889739029109478 5.921305425465107 12
      vertex 2.926814168691635 5.857691764831543 12
      vertex 2.889739029109478 5.921305425465107 12
    endloop
  endfacet
  facet normal 0 0 1
    outer loop
      vertex -2.8542362079024315 5.985809788107872 12
      vertex 2.889739029109478 5.921305425465107 12
      vertex 2.8542362079024315 5.985809788107872 12
    endloop
  endfacet
  facet normal 0 0 1
    outer loop
      vertex -2.8203270956873894 6.051166012883186 12
      vertex 2.8542362079024315 5.985809788107872 12
      vertex 2.8203270956873894 6.051166012883186 12
    endloop
  endfacet
  facet normal 0 0 1
    outer loop
      vertex -2.7880321219563484 6.117334716022015 12
      vertex 2.8203270956873894 6.051166012883186 12
      vertex 2.7880321219563484 6.117334716022015 12
    endloop
  endfacet
  facet normal 0 -1 0
    outer loop
      vertex -9 0 12
      vertex 9 0 9
      vertex 9 0 12
    endloop
  endfacet
  facet normal 0.9191138691834996 0.39399199925193484 0
    outer loop
      vertex 2.7283614054322243 6.251949705183506 9
      vertex 2.7283614054322243 6.251949705183506 12
      vertex 2.7573707327246666 6.184276059269905 12
    endloop
  endfacet
  facet normal 0.909167987131805 0.41642955127452475 0
    outer loop
      vertex 2.7573707327246666 6.184276059269905 9
      vertex 2.7573707327246666 6.184276059269905 12
      vertex 2.7880321219563484 6.117334716022015 12
    endloop
  endfacet
  facet normal 0.8986744622232423 0.4386162456496182 0
    outer loop
      vertex 2.7880321219563484 6.117334716022015 9
      vertex 2.7880321219563484 6.117334716022015 12
      vertex 2.8203270956873894 6.051166012883186 12
    endloop
  endfacet
  facet normal 0.9783173657021118 0.2071113998931018 0
    outer loop
      vertex 2.557644158601761 6.814729034900665 9
      vertex 2.557644158601761 6.814729034900665 12
      vertex 2.572893612086773 6.742696277797222 12
    endloop
  endfacet
  facet normal 0.9831054832197744 0.18303991057475347 0
    outer loop
      vertex 2.544167071580887 6.887114331126213 9
      vertex 2.544167071580887 6.887114331126213 12
      vertex 2.557644158601761 6.814729034900665 12
    endloop
  endfacet
  facet normal 0.9873014248817249 0.15885810154510796 0
    outer loop
      vertex 2.5324704721570015 6.959808573126793 9
      vertex 2.5324704721570015 6.959808573126793 12
      vertex 2.544167071580887 6.887114331126213 12
    endloop
  endfacet
  facet normal 0.9939069728725332 0.11022218141262549 0
    outer loop
      vertex 2.5144458189606667 7.105948582291603 9
      vertex 2.5144458189606667 7.105948582291603 12
      vertex 2.5225613936781883 7.032767973840237 12
    endloop
  endfacet
  facet normal 0.9963126105930256 0.08579733080527817 0
    outer loop
      vertex 2.5081286281347275 7.17930630594492 9
      vertex 2.5081286281347275 7.17930630594492 12
      vertex 2.5144458189606667 7.105948582291603 12
    endloop
  endfacet
  facet normal 0.9909026278623628 0.13458076421043141 0
    outer loop
      vertex 2.5225613936781883 7.032767973840237 9
      vertex 2.5225613936781883 7.032767973840237 12
      vertex 2.5324704721570015 6.959808573126793 12
    endloop
  endfacet
  facet normal 0.9373389964730794 0.3484187217857852 0
    outer loop
      vertex 2.6753678023815155 6.389330439269543 9
      vertex 2.6753678023815155 6.389330439269543 12
      vertex 2.7010216042399406 6.320314891636372 12
    endloop
  endfacet
  facet normal 0.9456073450481723 0.32531023499260936 0
    outer loop
      vertex 2.6514154598116875 6.458954781293869 9
      vertex 2.6514154598116875 6.458954781293869 12
      vertex 2.6753678023815155 6.389330439269543 12
    endloop
  endfacet
  facet normal 0.9533060367464833 0.3020059607072559 0
    outer loop
      vertex 2.6291789934039116 6.52914597094059 9
      vertex 2.6291789934039116 6.52914597094059 12
      vertex 2.6514154598116875 6.458954781293869 12
    endloop
  endfacet
  facet normal 0.9604305008677799 0.2785197533441126 0
    outer loop
      vertex 2.608671799302101 6.599861726164818 9
      vertex 2.608671799302101 6.599861726164818 12
      vertex 2.6291789934039116 6.52914597094059 12
    endloop
  endfacet
  facet normal 0.9669764746076467 0.25486564608704565 0
    outer loop
      vertex 2.5899062380194664 6.671059459447861 9
      vertex 2.5899062380194664 6.671059459447861 12
      vertex 2.608671799302101 6.599861726164818 12
    endloop
  endfacet
  facet normal 0.9729399656028757 0.23105805186722025 0
    outer loop
      vertex 2.572893612086773 6.742696277797222 9
      vertex 2.572893612086773 6.742696277797222 12
      vertex 2.5899062380194664 6.671059459447861 12
    endloop
  endfacet
  facet normal 0.9285060681263128 0.37131722482617907 0
    outer loop
      vertex 2.7010216042399406 6.320314891636372 9
      vertex 2.7010216042399406 6.320314891636372 12
      vertex 2.7283614054322243 6.251949705183506 12
    endloop
  endfacet
  facet normal 0.7326542916439974 0.6806009762964143 0
    outer loop
      vertex 3.2771466225385666 5.385323137044907 9
      vertex 3.2771466225385666 5.385323137044907 12
      vertex 3.327258750796318 5.331378363072872 12
    endloop
  endfacet
  facet normal 0.6983762471287002 0.7157308275088007 0
    outer loop
      vertex 3.3786796554923058 5.27867965400219 9
      vertex 3.3786796554923058 5.27867965400219 12
      vertex 3.4313783645629883 5.227258749306202 12
    endloop
  endfacet
  facet normal 0.7157308275088007 0.6983762471287002 0
    outer loop
      vertex 3.327258750796318 5.331378363072872 9
      vertex 3.327258750796318 5.331378363072872 12
      vertex 3.3786796554923058 5.27867965400219 12
    endloop
  endfacet
  facet normal 0.6806009762964143 0.7326542916439974 0
    outer loop
      vertex 3.4313783645629883 5.227258749306202 9
      vertex 3.4313783645629883 5.227258749306202 12
      vertex 3.4853231385350227 5.1771466210484505 12
    endloop
  endfacet
  facet normal 0.6624157918795686 0.7491363818882141 0
    outer loop
      vertex 3.4853231385350227 5.1771466210484505 9
      vertex 3.4853231385350227 5.1771466210484505 12
      vertex 3.5404814705252647 5.128373458981514 12
    endloop
  endfacet
  facet normal 0.6438315313738673 0.7651672753122556 0
    outer loop
      vertex 3.5404814705252647 5.128373458981514 9
      vertex 3.5404814705252647 5.128373458981514 12
      vertex 3.596820145845413 5.080968640744686 12
    endloop
  endfacet
  facet normal 0.6248594929852721 0.7807372246961128 0
    outer loop
      vertex 3.596820145845413 5.080968640744686 9
      vertex 3.596820145845413 5.080968640744686 12
      vertex 3.654305227100849 5.034960716962814 12
    endloop
  endfacet
  facet normal 0.6055110641928494 0.7958368872702767 0
    outer loop
      vertex 3.654305227100849 5.034960716962814 9
      vertex 3.654305227100849 5.034960716962814 12
      vertex 3.712902083992958 4.990377403795719 12
    endloop
  endfacet
  facet normal 0.5857978419814098 0.810457209437934 0
    outer loop
      vertex 3.712902083992958 4.990377403795719 9
      vertex 3.712902083992958 4.990377403795719 12
      vertex 3.7725754231214523 4.9472455605864525 12
    endloop
  endfacet
  facet normal 0.8382247125358401 0.5453249776914756 0
    outer loop
      vertex 2.9654393047094345 5.795007139444351 9
      vertex 2.9654393047094345 5.795007139444351 12
      vertex 3.0055911615490913 5.733289301395416 12
    endloop
  endfacet
  facet normal 0.8245892707810064 0.5657318574314585 0
    outer loop
      vertex 3.0055911615490913 5.733289301395416 9
      vertex 3.0055911615490913 5.733289301395416 12
      vertex 3.0472455620765686 5.672575429081917 12
    endloop
  endfacet
  facet normal 0.8876396205051986 0.46053871076098146 0
    outer loop
      vertex 2.8203270956873894 6.051166012883186 9
      vertex 2.8203270956873894 6.051166012883186 12
      vertex 2.8542362079024315 5.985809788107872 12
    endloop
  endfacet
  facet normal 0.8760700743891096 0.48218380806478783 0
    outer loop
      vertex 2.8542362079024315 5.985809788107872 9
      vertex 2.8542362079024315 5.985809788107872 12
      vertex 2.889739029109478 5.921305425465107 12
    endloop
  endfacet
  facet normal 0.8639728945722552 0.5035383177519254 0
    outer loop
      vertex 2.889739029109478 5.921305425465107 9
      vertex 2.889739029109478 5.921305425465107 12
      vertex 2.926814168691635 5.857691764831543 12
    endloop
  endfacet
  facet normal 0.8513551760595545 0.5245897103419062 0
    outer loop
      vertex 2.926814168691635 5.857691764831543 9
      vertex 2.926814168691635 5.857691764831543 12
      vertex 2.9654393047094345 5.795007139444351 12
    endloop
  endfacet
  facet normal 0.7958369243711365 0.605511015430347 0
    outer loop
      vertex 3.0903774052858353 5.6129020899534225 9
      vertex 3.0903774052858353 5.6129020899534225 12
      vertex 3.1349607184529305 5.554305225610733 12
    endloop
  endfacet
  facet normal 0.7807372246961128 0.6248594929852721 0
    outer loop
      vertex 3.1349607184529305 5.554305225610733 9
      vertex 3.1349607184529305 5.554305225610733 12
      vertex 3.1809686422348022 5.496820144355297 12
    endloop
  endfacet
  facet normal 0.810457209437934 0.5857978419814098 0
    outer loop
      vertex 3.0472455620765686 5.672575429081917 9
      vertex 3.0472455620765686 5.672575429081917 12
      vertex 3.0903774052858353 5.6129020899534225 12
    endloop
  endfacet
  facet normal 0.7651672753122556 0.6438315313738673 0
    outer loop
      vertex 3.1809686422348022 5.496820144355297 9
      vertex 3.1809686422348022 5.496820144355297 12
      vertex 3.22837346047163 5.440481469035149 12
    endloop
  endfacet
  facet normal 0.7491363818882141 0.6624157918795686 0
    outer loop
      vertex 3.22837346047163 5.440481469035149 9
      vertex 3.22837346047163 5.440481469035149 12
      vertex 3.2771466225385666 5.385323137044907 12
    endloop
  endfacet
  facet normal 0.9981181121830343 0.06132074797469375 0
    outer loop
      vertex 2.5081286281347275 7.17930630594492 9
      vertex 2.503613628447056 7.252796977758408 9
      vertex 2.5081286281347275 7.17930630594492 12
    endloop
  endfacet
  facet normal 0.999322387435966 0.03680714562800424 0
    outer loop
      vertex 2.503613628447056 7.252796977758408 9
      vertex 2.50090354681015 7.326376311480999 9
      vertex 2.503613628447056 7.252796977758408 12
    endloop
  endfacet
  facet normal 0.9999247013590394 0.012271577406179545 0
    outer loop
      vertex 2.50090354681015 7.326376311480999 9
      vertex 2.5 7.399999998509884 9
      vertex 2.50090354681015 7.326376311480999 12
    endloop
  endfacet
  facet normal 1 0 0
    outer loop
      vertex 2.5 7.399999998509884 6
      vertex 2.5 27.624977029165862 12
      vertex 2.5 7.399999998509884 9
    endloop
  endfacet
  facet normal 0 0 1
    outer loop
      vertex -2.503613628447056 7.252796977758408 12
      vertex 2.5081286281347275 7.17930630594492 12
      vertex 2.503613628447056 7.252796977758408 12
    endloop
  endfacet
  facet normal 0 0 1
    outer loop
      vertex -2.50090354681015 7.326376311480999 12
      vertex 2.503613628447056 7.252796977758408 12
      vertex 2.50090354681015 7.326376311480999 12
    endloop
  endfacet
  facet normal 0 0 1
    outer loop
      vertex -2.5 7.399999998509884 12
      vertex 2.50090354681015 7.326376311480999 12
      vertex 2.5 7.399999998509884 12
    endloop
  endfacet
  facet normal 0.9981181121830343 0.06132074797469375 0
    outer loop
      vertex 2.503613628447056 7.252796977758408 9
      vertex 2.503613628447056 7.252796977758408 12
      vertex 2.5081286281347275 7.17930630594492 12
    endloop
  endfacet
  facet normal 0.999322387435966 0.03680714562800424 0
    outer loop
      vertex 2.50090354681015 7.326376311480999 9
      vertex 2.50090354681015 7.326376311480999 12
      vertex 2.503613628447056 7.252796977758408 12
    endloop
  endfacet
  facet normal 0.9999247013590394 0.012271577406179545 0
    outer loop
      vertex 2.50090354681015 7.326376311480999 12
      vertex 2.5 7.399999998509884 9
      vertex 2.5 7.399999998509884 12
    endloop
  endfacet
  facet normal 1 0 0
    outer loop
      vertex 2.5 7.399999998509884 9
      vertex 2.5 27.624977029165862 12
      vertex 2.5 7.399999998509884 12
    endloop
  endfacet
  facet normal 0.5657318102264423 0.8245893031672874 0
    outer loop
      vertex 3.7725754231214523 4.9472455605864525 9
      vertex 3.8332893028855324 4.905591160058975 12
      vertex 3.8332893028855324 4.905591160058975 9
    endloop
  endfacet
  facet normal 0.5453249776914756 0.8382247125358401 0
    outer loop
      vertex 3.8332893028855324 4.905591160058975 9
      vertex 3.8950071409344673 4.865439303219318 12
      vertex 3.8950071409344673 4.865439303219318 9
    endloop
  endfacet
  facet normal 0.5245897103419062 0.8513551760595545 0
    outer loop
      vertex 3.8950071409344673 4.865439303219318 9
      vertex 3.957691766321659 4.826814167201519 12
      vertex 3.957691766321659 4.826814167201519 9
    endloop
  endfacet
  facet normal 0.5857978419814098 0.810457209437934 0
    outer loop
      vertex 3.712902083992958 4.990377403795719 9
      vertex 3.7725754231214523 4.9472455605864525 12
      vertex 3.7725754231214523 4.9472455605864525 9
    endloop
  endfacet
  facet normal 0.5035383177519254 0.8639728945722552 0
    outer loop
      vertex 4.021305426955223 4.789739027619362 9
      vertex 3.957691766321659 4.826814167201519 9
      vertex 4.021305426955223 4.789739027619362 12
    endloop
  endfacet
  facet normal 0.48218380806478783 0.8760700743891096 0
    outer loop
      vertex 4.021305426955223 4.789739027619362 9
      vertex 4.085809789597988 4.754236206412315 12
      vertex 4.085809789597988 4.754236206412315 9
    endloop
  endfacet
  facet normal 0.4386162456496182 0.8986744622232423 0
    outer loop
      vertex 4.217334717512131 4.688032120466232 9
      vertex 4.1511660143733025 4.720327094197273 9
      vertex 4.217334717512131 4.688032120466232 12
    endloop
  endfacet
  facet normal 0.46053871076098146 0.8876396205051986 0
    outer loop
      vertex 4.085809789597988 4.754236206412315 9
      vertex 4.1511660143733025 4.720327094197273 12
      vertex 4.1511660143733025 4.720327094197273 9
    endloop
  endfacet
  facet normal 0.41642955127452475 0.909167987131805 0
    outer loop
      vertex 4.217334717512131 4.688032120466232 9
      vertex 4.284276060760021 4.6573707312345505 12
      vertex 4.284276060760021 4.6573707312345505 9
    endloop
  endfacet
  facet normal 0.3939920358954072 0.9191138534757226 0
    outer loop
      vertex 4.284276060760021 4.6573707312345505 9
      vertex 4.3519496992230415 4.628361403942108 12
      vertex 4.3519496992230415 4.628361403942108 9
    endloop
  endfacet
  facet normal 0.3713171899386939 0.9285060820781047 0
    outer loop
      vertex 4.3519496992230415 4.628361403942108 9
      vertex 4.420314893126488 4.6010216027498245 12
      vertex 4.420314893126488 4.6010216027498245 9
    endloop
  endfacet
  facet normal 0.3484187217857852 0.9373389964730794 0
    outer loop
      vertex 4.489330440759659 4.575367800891399 9
      vertex 4.420314893126488 4.6010216027498245 9
      vertex 4.489330440759659 4.575367800891399 12
    endloop
  endfacet
  facet normal 0.32531026612041125 0.9456073343395065 0
    outer loop
      vertex 4.489330440759659 4.575367800891399 9
      vertex 4.5589547753334045 4.551415458321571 12
      vertex 4.5589547753334045 4.551415458321571 9
    endloop
  endfacet
  facet normal 0.3020059607072559 0.9533060367464833 0
    outer loop
      vertex 4.5589547753334045 4.551415458321571 9
      vertex 4.629145964980125 4.5291789919137955 12
      vertex 4.629145964980125 4.5291789919137955 9
    endloop
  endfacet
  facet normal 0.2785196329349135 0.9604305357858012 0
    outer loop
      vertex 4.629145964980125 4.5291789919137955 9
      vertex 4.699861727654934 4.508671805262566 12
      vertex 4.699861727654934 4.508671805262566 9
    endloop
  endfacet
  facet normal 0.23105814765540494 0.9729399428546723 0
    outer loop
      vertex 4.771059460937977 4.489906243979931 9
      vertex 4.842696279287338 4.472893610596657 12
      vertex 4.842696279287338 4.472893610596657 9
    endloop
  endfacet
  facet normal 0.2071113998931018 0.9783173657021118 0
    outer loop
      vertex 4.842696279287338 4.472893610596657 9
      vertex 4.914729036390781 4.457644157111645 12
      vertex 4.914729036390781 4.457644157111645 9
    endloop
  endfacet
  facet normal 0.18303991057475347 0.9831054832197744 0
    outer loop
      vertex 4.914729036390781 4.457644157111645 9
      vertex 4.987114332616329 4.444167070090771 12
      vertex 4.987114332616329 4.444167070090771 9
    endloop
  endfacet
  facet normal 0.15885810154510796 0.9873014248817249 0
    outer loop
      vertex 4.987114332616329 4.444167070090771 9
      vertex 5.059808574616909 4.432470470666885 12
      vertex 5.059808574616909 4.432470470666885 9
    endloop
  endfacet
  facet normal 0.13458066485266765 0.9909026413567652 0
    outer loop
      vertex 5.059808574616909 4.432470470666885 9
      vertex 5.132767975330353 4.422561399638653 12
      vertex 5.132767975330353 4.422561399638653 9
    endloop
  endfacet
  facet normal 0.25486564608704565 0.9669764746076467 0
    outer loop
      vertex 4.699861727654934 4.508671805262566 9
      vertex 4.771059460937977 4.489906243979931 12
      vertex 4.771059460937977 4.489906243979931 9
    endloop
  endfacet
  facet normal 0.11022229245928265 0.9939069605576875 0
    outer loop
      vertex 5.132767975330353 4.422561399638653 9
      vertex 5.205948576331139 4.4144458174705505 12
      vertex 5.205948576331139 4.4144458174705505 9
    endloop
  endfacet
  facet normal 0.08579732215541457 0.9963126113379073 0
    outer loop
      vertex 5.205948576331139 4.4144458174705505 9
      vertex 5.279306307435036 4.408128626644611 12
      vertex 5.279306307435036 4.408128626644611 9
    endloop
  endfacet
  facet normal 0.06132064716467091 0.9981181183764304 0
    outer loop
      vertex 5.279306307435036 4.408128626644611 9
      vertex 5.352796979248524 4.40361363440752 12
      vertex 5.352796979248524 4.40361363440752 9
    endloop
  endfacet
  facet normal 0.03680724668144709 0.99932238371395 0
    outer loop
      vertex 5.352796979248524 4.40361363440752 9
      vertex 5.426376312971115 4.400903545320034 12
      vertex 5.426376312971115 4.400903545320034 9
    endloop
  endfacet
  facet normal 0.012271577406179545 0.9999247013590394 0
    outer loop
      vertex 5.426376312971115 4.400903545320034 9
      vertex 5.5 4.399999998509884 12
      vertex 5.5 4.399999998509884 9
    endloop
  endfacet
  facet normal 0.5453249776914756 0.8382247125358401 0
    outer loop
      vertex 3.8332893028855324 4.905591160058975 9
      vertex 3.8332893028855324 4.905591160058975 12
      vertex 3.8950071409344673 4.865439303219318 12
    endloop
  endfacet
  facet normal 0.5245897103419062 0.8513551760595545 0
    outer loop
      vertex 3.8950071409344673 4.865439303219318 9
      vertex 3.8950071409344673 4.865439303219318 12
      vertex 3.957691766321659 4.826814167201519 12
    endloop
  endfacet
  facet normal 0.5035383177519254 0.8639728945722552 0
    outer loop
      vertex 3.957691766321659 4.826814167201519 9
      vertex 3.957691766321659 4.826814167201519 12
      vertex 4.021305426955223 4.789739027619362 12
    endloop
  endfacet
  facet normal 0.5657318102264423 0.8245893031672874 0
    outer loop
      vertex 3.7725754231214523 4.9472455605864525 9
      vertex 3.7725754231214523 4.9472455605864525 12
      vertex 3.8332893028855324 4.905591160058975 12
    endloop
  endfacet
  facet normal 0.48218380806478783 0.8760700743891096 0
    outer loop
      vertex 4.021305426955223 4.789739027619362 9
      vertex 4.021305426955223 4.789739027619362 12
      vertex 4.085809789597988 4.754236206412315 12
    endloop
  endfacet
  facet normal 0.46053871076098146 0.8876396205051986 0
    outer loop
      vertex 4.085809789597988 4.754236206412315 9
      vertex 4.085809789597988 4.754236206412315 12
      vertex 4.1511660143733025 4.720327094197273 12
    endloop
  endfacet
  facet normal 0.4386162456496182 0.8986744622232423 0
    outer loop
      vertex 4.1511660143733025 4.720327094197273 9
      vertex 4.1511660143733025 4.720327094197273 12
      vertex 4.217334717512131 4.688032120466232 12
    endloop
  endfacet
  facet normal 0.41642955127452475 0.909167987131805 0
    outer loop
      vertex 4.217334717512131 4.688032120466232 9
      vertex 4.217334717512131 4.688032120466232 12
      vertex 4.284276060760021 4.6573707312345505 12
    endloop
  endfacet
  facet normal 0.3939920358954072 0.9191138534757226 0
    outer loop
      vertex 4.284276060760021 4.6573707312345505 9
      vertex 4.284276060760021 4.6573707312345505 12
      vertex 4.3519496992230415 4.628361403942108 12
    endloop
  endfacet
  facet normal 0.3713171899386939 0.9285060820781047 0
    outer loop
      vertex 4.3519496992230415 4.628361403942108 9
      vertex 4.3519496992230415 4.628361403942108 12
      vertex 4.420314893126488 4.6010216027498245 12
    endloop
  endfacet
  facet normal 0.3484187217857852 0.9373389964730794 0
    outer loop
      vertex 4.420314893126488 4.6010216027498245 9
      vertex 4.420314893126488 4.6010216027498245 12
      vertex 4.489330440759659 4.575367800891399 12
    endloop
  endfacet
  facet normal 0.32531026612041125 0.9456073343395065 0
    outer loop
      vertex 4.489330440759659 4.575367800891399 9
      vertex 4.489330440759659 4.575367800891399 12
      vertex 4.5589547753334045 4.551415458321571 12
    endloop
  endfacet
  facet normal 0.3020059607072559 0.9533060367464833 0
    outer loop
      vertex 4.5589547753334045 4.551415458321571 9
      vertex 4.5589547753334045 4.551415458321571 12
      vertex 4.629145964980125 4.5291789919137955 12
    endloop
  endfacet
  facet normal 0.2785196329349135 0.9604305357858012 0
    outer loop
      vertex 4.629145964980125 4.5291789919137955 9
      vertex 4.629145964980125 4.5291789919137955 12
      vertex 4.699861727654934 4.508671805262566 12
    endloop
  endfacet
  facet normal 0.23105814765540494 0.9729399428546723 0
    outer loop
      vertex 4.771059460937977 4.489906243979931 9
      vertex 4.771059460937977 4.489906243979931 12
      vertex 4.842696279287338 4.472893610596657 12
    endloop
  endfacet
  facet normal 0.2071113998931018 0.9783173657021118 0
    outer loop
      vertex 4.842696279287338 4.472893610596657 9
      vertex 4.842696279287338 4.472893610596657 12
      vertex 4.914729036390781 4.457644157111645 12
    endloop
  endfacet
  facet normal 0.18303991057475347 0.9831054832197744 0
    outer loop
      vertex 4.914729036390781 4.457644157111645 9
      vertex 4.914729036390781 4.457644157111645 12
      vertex 4.987114332616329 4.444167070090771 12
    endloop
  endfacet
  facet normal 0.15885810154510796 0.9873014248817249 0
    outer loop
      vertex 4.987114332616329 4.444167070090771 9
      vertex 4.987114332616329 4.444167070090771 12
      vertex 5.059808574616909 4.432470470666885 12
    endloop
  endfacet
  facet normal 0.13458066485266765 0.9909026413567652 0
    outer loop
      vertex 5.059808574616909 4.432470470666885 9
      vertex 5.059808574616909 4.432470470666885 12
      vertex 5.132767975330353 4.422561399638653 12
    endloop
  endfacet
  facet normal 0.25486564608704565 0.9669764746076467 0
    outer loop
      vertex 4.699861727654934 4.508671805262566 9
      vertex 4.699861727654934 4.508671805262566 12
      vertex 4.771059460937977 4.489906243979931 12
    endloop
  endfacet
  facet normal 0.11022229245928265 0.9939069605576875 0
    outer loop
      vertex 5.132767975330353 4.422561399638653 9
      vertex 5.132767975330353 4.422561399638653 12
      vertex 5.205948576331139 4.4144458174705505 12
    endloop
  endfacet
  facet normal 0.08579732215541457 0.9963126113379073 0
    outer loop
      vertex 5.205948576331139 4.4144458174705505 9
      vertex 5.205948576331139 4.4144458174705505 12
      vertex 5.279306307435036 4.408128626644611 12
    endloop
  endfacet
  facet normal 0.06132064716467091 0.9981181183764304 0
    outer loop
      vertex 5.279306307435036 4.408128626644611 9
      vertex 5.279306307435036 4.408128626644611 12
      vertex 5.352796979248524 4.40361363440752 12
    endloop
  endfacet
  facet normal 0.03680724668144709 0.99932238371395 0
    outer loop
      vertex 5.352796979248524 4.40361363440752 9
      vertex 5.352796979248524 4.40361363440752 12
      vertex 5.426376312971115 4.400903545320034 12
    endloop
  endfacet
  facet normal 0.012271577406179545 0.9999247013590394 0
    outer loop
      vertex 5.426376312971115 4.400903545320034 9
      vertex 5.426376312971115 4.400903545320034 12
      vertex 5.5 4.399999998509884 12
    endloop
  endfacet
  facet normal 0 0 1
    outer loop
      vertex 4.914729036390781 4.457644157111645 12
      vertex 9 0 12
      vertex 4.987114332616329 4.444167070090771 12
    endloop
  endfacet
  facet normal 0 0 1
    outer loop
      vertex 4.987114332616329 4.444167070090771 12
      vertex 9 0 12
      vertex 5.059808574616909 4.432470470666885 12
    endloop
  endfacet
  facet normal 0 0 1
    outer loop
      vertex 5.059808574616909 4.432470470666885 12
      vertex 9 0 12
      vertex 5.132767975330353 4.422561399638653 12
    endloop
  endfacet
  facet normal 0 0 1
    outer loop
      vertex 5.132767975330353 4.422561399638653 12
      vertex 9 0 12
      vertex 5.205948576331139 4.4144458174705505 12
    endloop
  endfacet
  facet normal 0 0 1
    outer loop
      vertex 5.205948576331139 4.4144458174705505 12
      vertex 9 0 12
      vertex 5.279306307435036 4.408128626644611 12
    endloop
  endfacet
  facet normal 0 0 1
    outer loop
      vertex 5.279306307435036 4.408128626644611 12
      vertex 9 0 12
      vertex 5.352796979248524 4.40361363440752 12
    endloop
  endfacet
  facet normal 0 0 1
    outer loop
      vertex 5.352796979248524 4.40361363440752 12
      vertex 9 0 12
      vertex 5.426376312971115 4.400903545320034 12
    endloop
  endfacet
  facet normal 0 0 1
    outer loop
      vertex 5.426376312971115 4.400903545320034 12
      vertex 9 0 12
      vertex 5.5 4.399999998509884 12
    endloop
  endfacet
  facet normal 0 1 0
    outer loop
      vertex 5.5 4.399999998509884 9
      vertex 5.5 4.399999998509884 12
      vertex 9 4.399999998509884 12
    endloop
  endfacet
  facet normal 0 0 1
    outer loop
      vertex 2.5 7.399999998509884 12
      vertex 2.5 27.624977029165862 12
      vertex -2.5 29.399999998509884 12
    endloop
  endfacet
  facet normal 1 0 0
    outer loop
      vertex 9 0 6
      vertex 9 4.399999998509884 6
      vertex 9 0 9
    endloop
  endfacet
  facet normal 0 1 0
    outer loop
      vertex 5.5 4.399999998509884 6
      vertex 9 4.399999998509884 9
      vertex 9 4.399999998509884 6
    endloop
  endfacet
  facet normal 1 0 0
    outer loop
      vertex 9 4.399999998509884 6
      vertex 9 4.399999998509884 9
      vertex 9 0 9
    endloop
  endfacet
  facet normal 1 0 0
    outer loop
      vertex 9 0 9
      vertex 9 4.399999998509884 9
      vertex 9 0 12
    endloop
  endfacet
  facet normal 0 1 0
    outer loop
      vertex 5.5 4.399999998509884 9
      vertex 9 4.399999998509884 12
      vertex 9 4.399999998509884 9
    endloop
  endfacet
  facet normal 1 0 0
    outer loop
      vertex 9 0 12
      vertex 9 4.399999998509884 9
      vertex 9 4.399999998509884 12
    endloop
  endfacet
  facet normal 0 0 1
    outer loop
      vertex 5.5 4.399999998509884 12
      vertex 9 0 12
      vertex 9 4.399999998509884 12
    endloop
  endfacet
  facet normal 0 0 -1
    outer loop
      vertex -2.5 29.399999998509884 0
      vertex 2.5 29.399999998509884 0
      vertex 2.5 27.624977029165862 0
    endloop
  endfacet
  facet normal 0 0 1
    outer loop
      vertex -2.5 29.399999998509884 12
      vertex 2.5 27.624977029165862 12
      vertex 2.5 29.399999998509884 12
    endloop
  endfacet
endsolid OpenSCAD_Model
