solid OpenSCAD_Model
  facet normal -0.9978693877892034 0 0.06524327485036595
    outer loop
      vertex 0 0 0
      vertex 0.5230606381856329 6.180887469145392 8
      vertex 0 6.666666666666665 0
    endloop
  endfacet
  facet normal -0.9964383815707123 0.0843240875001887 0
    outer loop
      vertex 0.5230606381856329 6.180887469145392 8
      vertex 0 0 0
      vertex 0 0 8
    endloop
  endfacet
  facet normal -0.9915583447944623 0 0.1296612851566203
    outer loop
      vertex 0 6.666666666666665 0
      vertex 1.0461212763712657 12.361774938290784 8
      vertex 0 13.33333333333333 0
    endloop
  endfacet
  facet normal -0.993987307038332 0.0841166641138955 0.0700972200949129
    outer loop
      vertex 1.0461212763712657 12.361774938290784 8
      vertex 0 6.666666666666665 0
      vertex 0.5230606381856329 6.180887469145392 8
    endloop
  endfacet
  facet normal -0.9813009055459703 0 0.19247995421513048
    outer loop
      vertex 0 13.33333333333333 0
      vertex 1.5691819145568986 18.54266240743618 8
      vertex 0 19.999999999999996 0
    endloop
  endfacet
  facet normal -0.9867412054179832 0.08350345920492117 0.13917243200820195
    outer loop
      vertex 1.5691819145568986 18.54266240743618 8
      vertex 0 13.33333333333333 0
      vertex 1.0461212763712657 12.361774938290784 8
    endloop
  endfacet
  facet normal -0.9674609510171264 0 0.25302037122934873
    outer loop
      vertex 0 19.999999999999996 0
      vertex 2.0922425527425315 24.72354987658157 8
      vertex 0 26.66666666666666 0
    endloop
  endfacet
  facet normal -0.9750087258959298 0.08251059236226481 0.20627648090566186
    outer loop
      vertex 2.0922425527425315 24.72354987658157 8
      vertex 0 19.999999999999996 0
      vertex 1.5691819145568986 18.54266240743618 8
    endloop
  endfacet
  facet normal -0.9504981824741394 0 0.3107301161995047
    outer loop
      vertex 0 26.66666666666666 0
      vertex 2.6153031909281643 30.904437345726965 8
      vertex 0 33.33333333333333 0
    endloop
  endfacet
  facet normal -0.959264762847382 0.08117825175570081 0.27059417251900286
    outer loop
      vertex 2.6153031909281643 30.904437345726965 8
      vertex 0 26.66666666666666 0
      vertex 2.0922425527425315 24.72354987658157 8
    endloop
  endfacet
  facet normal -0.9309293322442913 0 0.36519936797206803
    outer loop
      vertex 0 33.33333333333333 0
      vertex 3.138363829113797 37.08532481487236 8
      vertex 0 39.99999999999999 0
    endloop
  endfacet
  facet normal -0.9401001847500422 0.07955643992039511 0.3314851663349796
    outer loop
      vertex 3.138363829113797 37.08532481487236 8
      vertex 0 33.33333333333333 0
      vertex 2.6153031909281643 30.904437345726965 8
    endloop
  endfacet
  facet normal -0.9092903717302366 0 0.41616225186661027
    outer loop
      vertex 0 39.99999999999999 0
      vertex 3.66142446729943 43.26621228401775 8
      vertex 0 46.66666666666666 0
    endloop
  endfacet
  facet normal -0.918166299021943 0.07770027406652683 0.3885013703326339
    outer loop
      vertex 3.66142446729943 43.26621228401775 8
      vertex 0 39.99999999999999 0
      vertex 3.138363829113797 37.08532481487236 8
    endloop
  endfacet
  facet normal -0.886104139244871 0 0.4634861965723533
    outer loop
      vertex 0 46.66666666666666 0
      vertex 4.184485105485065 49.44709975316316 8
      vertex 0 53.33333333333334 0
    endloop
  endfacet
  facet normal -0.8941230579436125 0.07566560298001027 0.44138268405005965
    outer loop
      vertex 4.184485105485065 49.44709975316316 8
      vertex 0 46.66666666666666 0
      vertex 3.66142446729943 43.26621228401775 8
    endloop
  endfacet
  facet normal -0.8618558910819525 0 0.5071532539650452
    outer loop
      vertex 0 53.33333333333334 0
      vertex 4.707545743670697 55.62798722230855 8
      vertex 0 60.00000000000001 0
    endloop
  endfacet
  facet normal -0.8685972637075627 0.07350547010427783 0.4900364673618524
    outer loop
      vertex 4.707545743670697 55.62798722230855 8
      vertex 0 53.33333333333334 0
      vertex 4.184485105485065 49.44709975316316 8
    endloop
  endfacet
  facet normal -0.8369774176424978 0 0.5472374277738099
    outer loop
      vertex 0 60.00000000000001 0
      vertex 5.2306063818563295 61.808874691453944 8
      vertex 0 66.66666666666667 0
    endloop
  endfacet
  facet normal -0.8421536015236036 0.07126766220258828 0.5345074665194128
    outer loop
      vertex 5.2306063818563295 61.808874691453944 8
      vertex 0 60.00000000000001 0
      vertex 4.707545743670697 55.62798722230855 8
    endloop
  endfacet
  facet normal -0.8118389744889214 0 0.5838813916376994
    outer loop
      vertex 0 66.66666666666667 0
      vertex 5.753667020041963 67.98976216059934 8
      vertex 0 73.33333333333334 0
    endloop
  endfacet
  facet normal -0.8152783671230733 0.06899333229007933 0.5749444357506609
    outer loop
      vertex 5.753667020041963 67.98976216059934 8
      vertex 0 66.66666666666667 0
      vertex 5.2306063818563295 61.808874691453944 8
    endloop
  endfacet
  facet normal -0.7867474911560771 0 0.6172749672225649
    outer loop
      vertex 0 73.33333333333334 0
      vertex 6.276727658227595 74.17064962974473 8
      vertex 0 80 0
    endloop
  endfacet
  facet normal -0.7883738455562598 0.06671652393673737 0.6115681360867595
    outer loop
      vertex 6.276727658227595 74.17064962974473 8
      vertex 0 73.33333333333334 0
      vertex 5.753667020041963 67.98976216059934 8
    endloop
  endfacet
  facet normal -0.7619492676901461 0 0.6476367141125108
    outer loop
      vertex 0 80 0
      vertex 6.799788296413229 80.35153709889012 8
      vertex 0 86.66666666666667 0
    endloop
  endfacet
  facet normal -0.7617604853486196 0.06446435525643678 0.6446435525643668
    outer loop
      vertex 6.799788296413229 80.35153709889012 8
      vertex 0 80 0
      vertex 6.276727658227595 74.17064962974473 8
    endloop
  endfacet
  facet normal -0.7376354830863402 0 0.6751991514301403
    outer loop
      vertex 0 86.66666666666667 0
      vertex 7.322848934598861 86.53242456803551 8
      vertex 0 93.33333333333333 0
    endloop
  endfacet
  facet normal -0.7356840205951519 0.062257621617673314 0.6744575675247945
    outer loop
      vertex 7.322848934598861 86.53242456803551 8
      vertex 0 86.66666666666667 0
      vertex 6.799788296413229 80.35153709889012 8
    endloop
  endfacet
  facet normal -0.7139491463778443 0 0.7001975552559059
    outer loop
      vertex 0 93.33333333333333 0
      vertex 7.845909572784494 92.71331203718091 8
      vertex 0 100 0
    endloop
  endfacet
  facet normal -0.7103251637427858 0.0601116159000363 0.7013021855004241
    outer loop
      vertex 7.845909572784494 92.71331203718091 8
      vertex 0 93.33333333333333 0
      vertex 7.322848934598861 86.53242456803551 8
    endloop
  endfacet
  facet normal -0.690992485288965 0 0.7228619406734452
    outer loop
      vertex 0 100 0
      vertex 8.368970210970128 98.8941995063263 8
      vertex 0 106.66666666666667 0
    endloop
  endfacet
  facet normal -0.6858101245773048 0.05803701866864319 0.725462733358039
    outer loop
      vertex 8.368970210970128 98.8941995063263 8
      vertex 0 100 0
      vertex 7.845909572784494 92.71331203718091 8
    endloop
  endfacet
  facet normal -0.6688341062961167 0 0.7434116882690741
    outer loop
      vertex 0 106.66666666666667 0
      vertex 8.89203084915576 105.07508697547169 8
      vertex 0 113.33333333333333 0
    endloop
  endfacet
  facet normal -0.6622208172547132 0.05604076194918232 0.7472101593224324
    outer loop
      vertex 8.89203084915576 105.07508697547169 8
      vertex 0 106.66666666666667 0
      vertex 8.368970210970128 98.8941995063263 8
    endloop
  endfacet
  facet normal -0.6475155349734093 0 0.7620522501561817
    outer loop
      vertex 0 113.33333333333333 0
      vertex 9.415091487341392 111.25597444461708 8
      vertex 0 120 0
    endloop
  endfacet
  facet normal -0.6396041078979054 0.05412681181032543 0.7667965006462758
    outer loop
      vertex 9.415091487341392 111.25597444461708 8
      vertex 0 113.33333333333333 0
      vertex 8.89203084915576 105.07508697547169 8
    endloop
  endfacet
  facet normal -0.6270569475854757 0 0.7789734170591356
    outer loop
      vertex 0 120 0
      vertex 9.938152125527026 117.43686191376247 8
      vertex 0 126.66666666666666 0
    endloop
  endfacet
  facet normal -0.6179798086482318 0.052296844864265606 0.784452672963983
    outer loop
      vertex 9.938152125527026 117.43686191376247 8
      vertex 0 120 0
      vertex 9.415091487341392 111.25597444461708 8
    endloop
  endfacet
  facet normal -0.6074620410840168 0 0.7943487072073826
    outer loop
      vertex 0 126.66666666666666 0
      vertex 10.461212763712659 123.61774938290789 8
      vertex 0 133.33333333333334 0
    endloop
  endfacet
  facet normal -0.5973473543121695 0.050550813281223315 0.800387876952705
    outer loop
      vertex 10.461212763712659 123.61774938290789 8
      vertex 0 126.66666666666666 0
      vertex 9.938152125527026 117.43686191376247 8
    endloop
  endfacet
  facet normal -0.5887220724869079 0 0.8083355252410475
    outer loop
      vertex 0 133.33333333333334 0
      vertex 10.984273401898292 129.79863685205328 8
      vertex 0 140 0
    endloop
  endfacet
  facet normal -0.5776912325656117 0.04888740432315194 0.8147900720525313
    outer loop
      vertex 10.984273401898292 129.79863685205328 8
      vertex 0 133.33333333333334 0
      vertex 10.461212763712659 123.61774938290789 8
    endloop
  endfacet
  facet normal -0.5708191443778035 0 0.8210758213537849
    outer loop
      vertex 0 140 0
      vertex 11.507334040083926 135.97952432119868 8
      vertex 0 146.66666666666669 0
    endloop
  endfacet
  facet normal -0.5589853066143925 0.04730440615100572 0.8278271076426009
    outer loop
      vertex 11.507334040083926 135.97952432119868 8
      vertex 0 140 0
      vertex 10.984273401898292 129.79863685205328 8
    endloop
  endfacet
  facet normal -0.5537288333414885 0 0.8326970512294817
    outer loop
      vertex 0 146.66666666666669 0
      vertex 12.030394678269557 142.16041179034403 8
      vertex 0 153.33333333333331 0
    endloop
  endfacet
  facet normal -0.5411961940756032 0.04579899376423401 0.8396482190109531
    outer loop
      vertex 12.030394678269557 142.16041179034403 8
      vertex 0 146.66666666666669 0
      vertex 11.507334040083926 135.97952432119868 8
    endloop
  endfacet
  facet normal -0.5374222621213753 0 0.8433132942011193
    outer loop
      vertex 0 153.33333333333331 0
      vertex 12.55345531645519 148.34129925948946 8
      vertex 0 160 0
    endloop
  endfacet
  facet normal -0.5242858652907736 0.04436794888430714 0.8503856869492245
    outer loop
      vertex 12.55345531645519 148.34129925948946 8
      vertex 0 153.33333333333331 0
      vertex 12.030394678269557 142.16041179034403 8
    endloop
  endfacet
  facet normal -0.5218677109988827 0 0.8530264311360971
    outer loop
      vertex 0 160 0
      vertex 13.076515954640826 154.52218672863486 8
      vertex 0 166.66666666666669 0
    endloop
  endfacet
  facet normal -0.5082136103351055 0.04300782641384349 0.8601565282768678
    outer loop
      vertex 13.076515954640826 154.52218672863486 8
      vertex 0 160 0
      vertex 12.55345531645519 148.34129925948946 8
    endloop
  endfacet
  facet normal -0.5070318539448408 0 0.8619273165907075
    outer loop
      vertex 0 166.66666666666669 0
      vertex 13.599576592826457 160.70307419778024 8
      vertex 0 173.33333333333334 0
    endloop
  endfacet
  facet normal -0.4929375042764426 0.041715078434864196 0.8690641340596705
    outer loop
      vertex 13.599576592826457 160.70307419778024 8
      vertex 0 166.66666666666669 0
      vertex 13.076515954640826 154.52218672863486 8
    endloop
  endfacet
  facet normal -0.4928806933822762 0 0.8700969038509484
    outer loop
      vertex 0 173.33333333333334 0
      vertex 14.12263723101209 166.88396166692564 8
      vertex 0 180 0
    endloop
  endfacet
  facet normal -0.47841547926543654 0.04048614493495449 0.8771998069240147
    outer loop
      vertex 14.12263723101209 166.88396166692564 8
      vertex 0 173.33333333333334 0
      vertex 13.599576592826457 160.70307419778024 8
    endloop
  endfacet
  facet normal -0.479380255639691 0 0.8776072985697102
    outer loop
      vertex 0 180 0
      vertex 14.645697869197722 173.06484913607102 8
      vertex 0 186.66666666666666 0
    endloop
  endfacet
  facet normal -0.4646060922302573 0.03931751877380361 0.8846441724105808
    outer loop
      vertex 14.645697869197722 173.06484913607102 8
      vertex 0 180 0
      vertex 14.12263723101209 166.88396166692564 8
    endloop
  endfacet
  facet normal -0.46649709828421165 0 0.8845227285335356
    outer loop
      vertex 0 186.66666666666666 0
      vertex 15.168758507383357 179.24573660521642 8
      vertex 0 193.33333333333334 0
    endloop
  endfacet
  facet normal -0.4514690594327094 0.03820579092027895 0.8914684548065067
    outer loop
      vertex 15.168758507383357 179.24573660521642 8
      vertex 0 186.66666666666666 0
      vertex 14.645697869197722 173.06484913607102 8
    endloop
  endfacet
  facet normal -0.4541986709238852 0 0.8909004250369265
    outer loop
      vertex 0 193.33333333333334 0
      vertex 15.691819145568989 185.42662407436183 8
      vertex 0 200 0
    endloop
  endfacet
  facet normal -0.43896561428184316 0.037147680732578514 0.8977356177039845
    outer loop
      vertex 15.691819145568989 185.42662407436183 8
      vertex 0 193.33333333333334 0
      vertex 15.168758507383357 179.24573660521642 8
    endloop
  endfacet
  facet normal 0.037242042493318965 0.5088225986165633 0.860065458792535
    outer loop
      vertex 1.333333333333333 200 0
      vertex 15.691819145568989 185.42662407436183 8
      vertex 17.02104225721316 185.3293347956593 8
    endloop
  endfacet
  facet normal 0 0.4812093964507241 0.8766056791782322
    outer loop
      vertex 15.691819145568989 185.42662407436183 8
      vertex 1.333333333333333 200 0
      vertex 0 200 0
    endloop
  endfacet
  facet normal 0.037044100314418245 0.5061181966261996 0.8616682109000767
    outer loop
      vertex 2.666666666666666 200 0
      vertex 17.02104225721316 185.3293347956593 8
      vertex 18.35026536885733 185.23204551695676 8
    endloop
  endfacet
  facet normal 0 0.47875153502171824 0.8779504357959784
    outer loop
      vertex 17.02104225721316 185.3293347956593 8
      vertex 2.666666666666666 200 0
      vertex 1.333333333333333 200 0
    endloop
  endfacet
  facet normal 0.03684789132725868 0.5034374745167493 0.8632455862365773
    outer loop
      vertex 3.999999999999999 200 0
      vertex 18.35026536885733 185.23204551695676 8
      vertex 19.6794884805015 185.13475623825425 8
    endloop
  endfacet
  facet normal 0 0.4763149719262143 0.8792747281247936
    outer loop
      vertex 18.35026536885733 185.23204551695676 8
      vertex 3.999999999999999 200 0
      vertex 2.666666666666666 200 0
    endloop
  endfacet
  facet normal 0.03665339948184686 0.5007802130033547 0.8647980727145147
    outer loop
      vertex 5.333333333333332 200 0
      vertex 19.6794884805015 185.13475623825425 8
      vertex 21.00871159214567 185.03746695955172 8
    endloop
  endfacet
  facet normal 0 0.4738994952096791 0.8805789393575179
    outer loop
      vertex 19.6794884805015 185.13475623825425 8
      vertex 5.333333333333332 200 0
      vertex 3.999999999999999 200 0
    endloop
  endfacet
  facet normal 0.036460608740633116 0.4981461929720652 0.8663261478436978
    outer loop
      vertex 6.666666666666665 200 0
      vertex 21.00871159214567 185.03746695955172 8
      vertex 22.33793470378984 184.9401776808492 8
    endloop
  endfacet
  facet normal 0 0.47150489408563473 0.8818634445611714
    outer loop
      vertex 21.00871159214567 185.03746695955172 8
      vertex 6.666666666666665 200 0
      vertex 5.333333333333332 200 0
    endloop
  endfacet
  facet normal 0.0362695030874465 0.4955351956004194 0.8678302789526555
    outer loop
      vertex 7.999999999999998 200 0
      vertex 22.33793470378984 184.9401776808492 8
      vertex 23.66715781543401 184.84288840214666 8
    endloop
  endfacet
  facet normal 0 0.4691309589934671 0.8831286108568049
    outer loop
      vertex 22.33793470378984 184.9401776808492 8
      vertex 7.999999999999998 200 0
      vertex 6.666666666666665 200 0
    endloop
  endfacet
  facet normal 0.03608006653573768 0.4929470024708216 0.8693109234064694
    outer loop
      vertex 9.333333333333332 200 0
      vertex 23.66715781543401 184.84288840214666 8
      vertex 24.99638092707818 184.74559912344412 8
    endloop
  endfacet
  facet normal 0 0.4667774816521089 0.884374797595745
    outer loop
      vertex 23.66715781543401 184.84288840214666 8
      vertex 9.333333333333332 200 0
      vertex 7.999999999999998 200 0
    endloop
  endfacet
  facet normal 0.035892283136400485 0.49038139567723765 0.8707685288208922
    outer loop
      vertex 10.666666666666668 200 0
      vertex 24.99638092707818 184.74559912344412 8
      vertex 26.325604038722354 184.6483098447416 8
    endloop
  endfacet
  facet normal 0 0.4644442551097926 0.8856023565322699
    outer loop
      vertex 24.99638092707818 184.74559912344412 8
      vertex 10.666666666666668 200 0
      vertex 9.333333333333332 200 0
    endloop
  endfacet
  facet normal 0.03570613698509658 0.48783815792542506 0.8722035332727847
    outer loop
      vertex 12.000000000000002 200 0
      vertex 26.325604038722354 184.6483098447416 8
      vertex 27.654827150366526 184.55102056603909 8
    endloop
  endfacet
  facet normal 0 0.4621310737900674 0.886811631992747
    outer loop
      vertex 26.325604038722354 184.6483098447416 8
      vertex 12.000000000000002 200 0
      vertex 10.666666666666668 200 0
    endloop
  endfacet
  facet normal 0.03552161222919928 0.48531707262708507 0.8736163655068024
    outer loop
      vertex 13.333333333333336 200 0
      vertex 27.654827150366526 184.55102056603909 8
      vertex 28.984050262010697 184.45373128733655 8
    endloop
  endfacet
  facet normal 0 0.45983773353427193 0.8880029610412704
    outer loop
      vertex 27.654827150366526 184.55102056603909 8
      vertex 13.333333333333336 200 0
      vertex 12.000000000000002 200 0
    endloop
  endfacet
  facet normal 0.03533869307414214 0.48281792398802575 0.8750074451384426
    outer loop
      vertex 14.666666666666668 200 0
      vertex 28.984050262010697 184.45373128733655 8
      vertex 30.313273373654866 184.35644200863402 8
    endloop
  endfacet
  facet normal 0 0.45756403164062337 0.8891766736418464
    outer loop
      vertex 28.984050262010697 184.45373128733655 8
      vertex 14.666666666666668 200 0
      vertex 13.333333333333336 200 0
    endloop
  endfacet
  facet normal 0.03515736378958017 0.48034049709092 0.8763771828532593
    outer loop
      vertex 16 200 0
      vertex 30.313273373654866 184.35644200863402 8
      vertex 31.642496485299034 184.2591527299315 8
    endloop
  endfacet
  facet normal 0 0.455309766900114 0.8903330928171567
    outer loop
      vertex 30.313273373654866 184.35644200863402 8
      vertex 16 200 0
      vertex 14.666666666666668 200 0
    endloop
  endfacet
  facet normal 0.034977608714996306 0.477884577972612 0.8777259806024424
    outer loop
      vertex 17.333333333333336 200 0
      vertex 31.642496485299034 184.2591527299315 8
      vertex 32.97171959694321 184.16186345122895 8
    endloop
  endfacet
  facet normal 0 0.45307473962935063 0.8914725348039592
    outer loop
      vertex 31.642496485299034 184.2591527299315 8
      vertex 17.333333333333336 200 0
      vertex 16 200 0
    endloop
  endfacet
  facet normal 0.03479941226499309 0.4754499536964041 0.8790542317946591
    outer loop
      vertex 18.666666666666668 200 0
      vertex 32.97171959694321 184.16186345122895 8
      vertex 34.30094270858738 184.06457417252645 8
    endloop
  endfacet
  facet normal 0 0.45085875170051776 0.8925953092051576
    outer loop
      vertex 32.97171959694321 184.16186345122895 8
      vertex 18.666666666666668 200 0
      vertex 17.333333333333336 200 0
    endloop
  endfacet
  facet normal 0.03462275893428154 0.4730364124195468 0.8803623214841849
    outer loop
      vertex 20 200 0
      vertex 34.30094270858738 184.06457417252645 8
      vertex 35.63016582023155 183.96728489382392 8
    endloop
  endfacet
  facet normal 0 0.44866160656858595 0.8937017191386035
    outer loop
      vertex 34.30094270858738 184.06457417252645 8
      vertex 20 200 0
      vertex 18.666666666666668 200 0
    endloop
  endfacet
  facet normal 0.034447633302176775 0.47064374345602783 0.8816506265554261
    outer loop
      vertex 21.333333333333332 200 0
      vertex 35.63016582023155 183.96728489382392 8
      vertex 36.95938893187572 183.86999561512138 8
    endloop
  endfacet
  facet normal 0 0.4464831092959297 0.8947920613826651
    outer loop
      vertex 35.63016582023155 183.96728489382392 8
      vertex 21.333333333333332 200 0
      vertex 20 200 0
    endloop
  endfacet
  facet normal 0.03427402003698637 0.4682717373351382 0.8829195159037065
    outer loop
      vertex 22.666666666666664 200 0
      vertex 36.95938893187572 183.86999561512138 8
      vertex 38.28861204351989 183.77270633641885 8
    endloop
  endfacet
  facet normal 0 0.44432306657447357 0.8958666265186219
    outer loop
      vertex 36.95938893187572 183.86999561512138 8
      vertex 22.666666666666664 200 0
      vertex 21.333333333333332 200 0
    endloop
  endfacet
  facet normal 0.0341019038999305 0.46592018585574985 0.8841693506125077
    outer loop
      vertex 24 200 0
      vertex 38.28861204351989 183.77270633641885 8
      vertex 39.61783515516406 183.67541705771632 8
    endloop
  endfacet
  facet normal 0 0.442181286745504 0.8969256990699342
    outer loop
      vertex 38.28861204351989 183.77270633641885 8
      vertex 24 200 0
      vertex 22.666666666666664 200 0
    endloop
  endfacet
  facet normal 0.03393126974883099 0.46358888213668775 0.8854004841270916
    outer loop
      vertex 25.333333333333332 200 0
      vertex 39.61783515516406 183.67541705771632 8
      vertex 40.94705826680823 183.5781277790138 8
    endloop
  endfacet
  facet normal 0 0.44005757981726185 0.8979695576384392
    outer loop
      vertex 39.61783515516406 183.67541705771632 8
      vertex 25.333333333333332 200 0
      vertex 24 200 0
    endloop
  endfacet
  facet normal 0.03376210254157263 0.46127762066336214 0.886613262424559
    outer loop
      vertex 26.66666666666667 200 0
      vertex 40.94705826680823 183.5781277790138 8
      vertex 42.27628137845241 183.48083850031128 8
    endloop
  endfacet
  facet normal 0 0.43795175748044346 0.8989984750375225
    outer loop
      vertex 40.94705826680823 183.5781277790138 8
      vertex 26.66666666666667 200 0
      vertex 25.333333333333332 200 0
    endloop
  endfacet
  facet normal 0.03359438733914951 0.4589861973307127 0.8878080241804528
    outer loop
      vertex 28 200 0
      vertex 42.27628137845241 183.48083850031128 8
      vertex 43.60550449009657 183.38354922160875 8
    endloop
  endfacet
  facet normal 0 0.4358636331217095 0.9000127184223254
    outer loop
      vertex 42.27628137845241 183.48083850031128 8
      vertex 28 200 0
      vertex 26.66666666666667 200 0
    endloop
  endfacet
  facet normal 0.03342810930866473 0.4567144094829033 0.8889851009318046
    outer loop
      vertex 29.333333333333336 200 0
      vertex 43.60550449009657 183.38354922160875 8
      vertex 44.93472760174075 183.2862599429062 8
    endloop
  endfacet
  facet normal 0 0.4337930218353232 0.9010125494170317
    outer loop
      vertex 43.60550449009657 183.38354922160875 8
      vertex 29.333333333333336 200 0
      vertex 28 200 0
    endloop
  endfacet
  facet normal 0.03326325372594751 0.45446205594966826 0.8901448172368156
    outer loop
      vertex 30.666666666666664 200 0
      vertex 44.93472760174075 183.2862599429062 8
      vertex 46.263950713384915 183.18897066420368 8
    endloop
  endfacet
  facet normal 0 0.43173974043300317 0.9019982242392958
    outer loop
      vertex 44.93472760174075 183.2862599429062 8
      vertex 30.666666666666664 200 0
      vertex 29.333333333333336 200 0
    endloop
  endfacet
  facet normal 0.033099805977996645 0.4522289370796358 0.8912874908311246
    outer loop
      vertex 32 200 0
      vertex 46.263950713384915 183.18897066420368 8
      vertex 47.59317382502908 183.09168138550115 8
    endloop
  endfacet
  facet normal 0 0.4297036074521067 0.9029699938218577
    outer loop
      vertex 46.263950713384915 183.18897066420368 8
      vertex 32 200 0
      vertex 30.666666666666664 200 0
    endloop
  endfacet
  facet normal 0.032937751565198695 0.45001485477072284 0.8924134327807457
    outer loop
      vertex 33.333333333333336 200 0
      vertex 47.59317382502908 183.09168138550115 8
      vertex 48.92239693667325 182.99439210679864 8
    endloop
  endfacet
  facet normal 0 0.4276844431622143 0.903928103931406
    outer loop
      vertex 47.59317382502908 183.09168138550115 8
      vertex 33.333333333333336 200 0
      vertex 32 200 0
    endloop
  endfacet
  facet normal 0.032777076103399944 0.4478196124978067 0.8935229476316913
    outer loop
      vertex 34.66666666666667 200 0
      vertex 48.92239693667325 182.99439210679864 8
      vertex 50.251620048317434 182.8971028280961 8
    endloop
  endfacet
  facet normal 0 0.42568206957023336 0.9048727952847312
    outer loop
      vertex 48.92239693667325 182.99439210679864 8
      vertex 34.66666666666667 200 0
      vertex 33.333333333333336 200 0
    endloop
  endfacet
  facet normal 0.032617765325638655 0.4456430153376745 0.894616333556406
    outer loop
      vertex 36 200 0
      vertex 50.251620048317434 182.8971028280961 8
      vertex 51.58084315996159 182.79981354939358 8
    endloop
  endfacet
  facet normal 0 0.42369631042406763 0.9058043036622381
    outer loop
      vertex 50.251620048317434 182.8971028280961 8
      vertex 36 200 0
      vertex 34.66666666666667 200 0
    endloop
  endfacet
  facet normal 0.032459805083888925 0.44348486999161135 0.8956938824969386
    outer loop
      vertex 37.333333333333336 200 0
      vertex 51.58084315996159 182.79981354939358 8
      vertex 52.91006627160577 182.70252427069104 8
    endloop
  endfacet
  facet normal 0 0.4217269912149737 0.9067228600188513
    outer loop
      vertex 51.58084315996159 182.79981354939358 8
      vertex 37.333333333333336 200 0
      vertex 36 200 0
    endloop
  endfacet
  facet normal 0.032303181350495584 0.44134498480554246 0.8967558803050206
    outer loop
      vertex 38.666666666666664 200 0
      vertex 52.91006627160577 182.70252427069104 8
      vertex 54.23928938324994 182.6052349919885 8
    endloop
  endfacet
  facet normal 0 0.4197739391786471 0.9076286905923818
    outer loop
      vertex 52.91006627160577 182.70252427069104 8
      vertex 38.666666666666664 200 0
      vertex 37.333333333333336 200 0
    endloop
  endfacet
  facet normal 0.0321478802194781 0.4392231697879637 0.8978026068790443
    outer loop
      vertex 40 200 0
      vertex 54.23928938324994 182.6052349919885 8
      vertex 55.56851249489411 182.507945713286 8
    endloop
  endfacet
  facet normal 0 0.4178369832951288 0.9085220170093987
    outer loop
      vertex 54.23928938324994 182.6052349919885 8
      vertex 40 200 0
      vertex 38.666666666666664 200 0
    endloop
  endfacet
  facet normal 0.04832183651307134 0.4388454315409041 0.8972623291611442
    outer loop
      vertex 48.180187236050074 199.67826477550022 0
      vertex 55.56851249489411 182.507945713286 8
      vertex 63.698239888916866 181.61277094377678 8
    endloop
  endfacet
  facet normal 0.016842151066412417 0.42821531088272274 0.9035197781305452
    outer loop
      vertex 55.56851249489411 182.507945713286 8
      vertex 48.180187236050074 199.67826477550022 0
      vertex 40 200 0
    endloop
  endfacet
  facet normal 0.0828333771543728 0.4511087889509516 0.8886166170854601
    outer loop
      vertex 56.31777015129319 198.72678503334956 0
      vertex 63.698239888916866 181.61277094377678 8
      vertex 71.73608511164079 180.13684788231154 8
    endloop
  endfacet
  facet normal 0.05157208811182718 0.4410731248713882 0.8959881797456787
    outer loop
      vertex 63.698239888916866 181.61277094377678 8
      vertex 56.31777015129319 198.72678503334956 0
      vertex 48.180187236050074 199.67826477550022 0
    endloop
  endfacet
  facet normal 0.11907169113874395 0.46375234941122734 0.8779269279301816
    outer loop
      vertex 64.39627762811111 197.166149670571 0
      vertex 71.73608511164079 180.13684788231154 8
      vertex 79.66724320664875 178.10046702459664 8
    endloop
  endfacet
  facet normal 0.08776210801800498 0.4542937208230851 0.886518486900839
    outer loop
      vertex 71.73608511164079 180.13684788231154 8
      vertex 64.39627762811111 197.166149670571 0
      vertex 56.31777015129319 198.72678503334956 0
    endloop
  endfacet
  facet normal 0.15723835445048115 0.4765985174473952 0.8649450578254376
    outer loop
      vertex 72.39923854888545 195.0169475841874 0
      vertex 79.66724320664875 178.10046702459664 8
      vertex 87.47690921752346 175.5239188663382 8
    endloop
  endfacet
  facet normal 0.12560638174339225 0.46771914603139375 0.8749067592040863
    outer loop
      vertex 79.66724320664875 178.10046702459664 8
      vertex 72.39923854888545 195.0169475841874 0
      vertex 64.39627762811111 197.166149670571 0
    endloop
  endfacet
  facet normal 0.1974966973876111 0.4894241092671398 0.8493874827127211
    outer loop
      vertex 80.31018179599783 192.29976767122167 0
      vertex 87.47690921752346 175.5239188663382 8
      vertex 95.15027818784768 172.42749390324258 8
    endloop
  endfacet
  facet normal 0.1652618469961999 0.4811521998456648 0.8609187432685397
    outer loop
      vertex 87.47690921752346 175.5239188663382 8
      vertex 80.31018179599783 192.29976767122167 0
      vertex 72.39923854888545 195.0169475841874 0
    endloop
  endfacet
  facet normal 0.23995760418466494 0.5019520308250927 0.8309419395749146
    outer loop
      vertex 88.11263625182991 189.03519882869685 0
      vertex 95.15027818784768 172.42749390324258 8
      vertex 102.67254516120417 168.831482631016 8
    endloop
  endfacet
  facet normal 0.20683742225995103 0.49434998763782506 0.844296375969565
    outer loop
      vertex 95.15027818784768 172.42749390324258 8
      vertex 88.11263625182991 189.03519882869685 0
      vertex 80.31018179599783 192.29976767122167 0
    endloop
  endfacet
  facet normal 0.28466151626203545 0.5138441235085298 0.8092787145941439
    outer loop
      vertex 95.79013079876339 185.24382995363584 0
      vertex 102.67254516120417 168.831482631016 8
      vertex 110.02890518117573 164.75617554536484 8
    endloop
  endfacet
  facet normal 0.2503804059043312 0.507018510816508 0.8247677746060359
    outer loop
      vertex 102.67254516120417 168.831482631016 8
      vertex 95.79013079876339 185.24382995363584 0
      vertex 88.11263625182991 189.03519882869685 0
    endloop
  endfacet
  facet normal 0.33155735888083515 0.52469673988453 0.7840682680267778
    outer loop
      vertex 103.32619431917985 180.94624994306156 0
      vertex 110.02890518117573 164.75617554536484 8
      vertex 117.20455329134506 160.22186314199527 8
    endloop
  endfacet
  facet normal 0.2958607102388086 0.5188094462625839 0.8020618421329487
    outer loop
      vertex 110.02890518117573 164.75617554536484 8
      vertex 103.32619431917985 180.94624994306156 0
      vertex 95.79013079876339 185.24382995363584 0
    endloop
  endfacet
  facet normal 0.38048012192141306 0.5340411516692817 0.7550065729160337
    outer loop
      vertex 110.70435569546096 176.16304769399693 0
      vertex 117.20455329134506 160.22186314199527 8
      vertex 124.18468453529498 155.2488359166136 8
    endloop
  endfacet
  facet normal 0.34315426298174295 0.5293206093748636 0.7759283757464215
    outer loop
      vertex 117.20455329134506 160.22186314199527 8
      vertex 110.70435569546096 176.16304769399693 0
      vertex 103.32619431917985 180.94624994306156 0
    endloop
  endfacet
  facet normal 0.4311301693316304 0.5413512584083487 0.721848732153612
    outer loop
      vertex 117.90814380998836 170.91481210346495 0
      vertex 124.18468453529498 155.2488359166136 8
      vertex 130.9544939566082 149.85738436492616 8
    endloop
  endfacet
  facet normal 0.3920277776166549 0.5381018051198405 0.7461639691808469
    outer loop
      vertex 124.18468453529498 155.2488359166136 8
      vertex 117.90814380998836 170.91481210346495 0
      vertex 110.70435569546096 176.16304769399693 0
    endloop
  endfacet
  facet normal 0.4830588068675325 0.5460609663290872 0.6844498594926142
    outer loop
      vertex 124.9210875451437 165.2221320684885 0
      vertex 130.9544939566082 149.85738436492616 8
      vertex 137.4991765988675 144.0677989826391 8
    endloop
  endfacet
  facet normal 0.4421280015389203 0.5446676748875005 0.7126429359699319
    outer loop
      vertex 130.9544939566082 149.85738436492616 8
      vertex 124.9210875451437 165.2221320684885 0
      vertex 117.90814380998836 170.91481210346495 0
    endloop
  endfacet
  facet normal 0.5356657146861024 0.5475926930447967 0.6428098355141856
    outer loop
      vertex 131.7267157833087 159.10559648609058 0
      vertex 137.4991765988675 144.0677989826391 8
      vertex 143.80392750565568 137.90037026545886 8
    endloop
  endfacet
  facet normal 0.49297920322176125 0.5485185430669549 0.6753509555057596
    outer loop
      vertex 137.4991765988675 144.0677989826391 8
      vertex 131.7267157833087 159.10559648609058 0
      vertex 124.9210875451437 165.2221320684885 0
    endloop
  endfacet
  facet normal 0.588213812952007 0.545396473387328 0.597115731721353
    outer loop
      vertex 138.3085574068649 152.58579425329407 0
      vertex 143.80392750565568 137.90037026545886 8
      vertex 149.8539417205555 131.3753887090916 8
    endloop
  endfacet
  facet normal 0.5439926368782345 0.5491690165542814 0.6344173723023896
    outer loop
      vertex 143.80392750565568 137.90037026545886 8
      vertex 138.3085574068649 152.58579425329407 0
      vertex 131.7267157833087 159.10559648609058 0
    endloop
  endfacet
  facet normal 0.6398652187282375 0.5389961938336667 0.5477733152451708
    outer loop
      vertex 144.650141298194 145.68331426712194 0
      vertex 149.8539417205555 131.3753887090916 8
      vertex 155.63441428714964 124.51314480924366 8
    endloop
  endfacet
  facet normal 0.5944906012503 0.546182245799769 0.5901405590180848
    outer loop
      vertex 149.8539417205555 131.3753887090916 8
      vertex 144.650141298194 145.68331426712194 0
      vertex 138.3085574068649 152.58579425329407 0
    endloop
  endfacet
  facet normal 0.6437452970059487 0.5392056845808126 0.5430002046946759
    outer loop
      vertex 155.63441428714964 124.51314480924366 8
      vertex 150.73499633967768 138.4187454245971 0
      vertex 144.650141298194 145.68331426712194 0
    endloop
  endfacet
  facet normal 0.6897378664793747 0.528036254670079 0.4954183982236384
    outer loop
      vertex 150.73499633967768 138.4187454245971 0
      vertex 155.63441428714964 124.51314480924366 8
      vertex 161.13054024902092 117.33392906162122 8
    endloop
  endfacet
  facet normal 0.6910292945051799 0.5280025740403705 0.49365149239358747
    outer loop
      vertex 161.13054024902092 117.33392906162122 8
      vertex 156.54665141369753 130.8126766227425 0
      vertex 150.73499633967768 138.4187454245971 0
    endloop
  endfacet
  facet normal 0.7369767782166988 0.512319712169938 0.44090105567059656
    outer loop
      vertex 156.54665141369753 130.8126766227425 0
      vertex 161.13054024902092 117.33392906162122 8
      vertex 166.32751464975215 109.85803196193064 8
    endloop
  endfacet
  facet normal 0.7356709708046024 0.5124730214435897 0.44289911380346164
    outer loop
      vertex 166.32751464975215 109.85803196193064 8
      vertex 162.06863540263524 122.88569675858112 0
      vertex 156.54665141369753 130.8126766227425 0
    endloop
  endfacet
  facet normal 0.7808286968308761 0.49182905897396856 0.38524112313481834
    outer loop
      vertex 162.06863540263524 122.88569675858112 0
      vertex 166.32751464975215 109.85803196193064 8
      vertex 171.21053253292598 102.10574400587822 8
    endloop
  endfacet
  facet normal 0.7771060508875196 0.4926599507408864 0.3916533653755463
    outer loop
      vertex 171.21053253292598 102.10574400587822 8
      vertex 167.28447718887244 114.65839472913585 0
      vertex 162.06863540263524 122.88569675858112 0
    endloop
  endfacet
  facet normal 0.8207061753970107 0.46672391641814187 0.32956055514658084
    outer loop
      vertex 167.28447718887244 114.65839472913585 0
      vertex 171.21053253292598 102.10574400587822 8
      vertex 175.76478894212528 94.09735568917016 8
    endloop
  endfacet
  facet normal 0.8149164591675764 0.46873820030103647 0.340874851164361
    outer loop
      vertex 175.76478894212528 94.09735568917016 8
      vertex 172.17770565479083 106.15135943142964 0
      vertex 167.28447718887244 114.65839472913585 0
    endloop
  endfacet
  facet normal 0.8562288313056329 0.4373153192224579 0.2750045454430703
    outer loop
      vertex 172.17770565479083 106.15135943142964 0
      vertex 175.76478894212528 94.09735568917016 8
      vertex 179.9754789209328 85.85315750751278 8
    endloop
  endfacet
  facet normal 0.8488502642781176 0.4409887211652351 0.2915170263295445
    outer loop
      vertex 179.9754789209328 85.85315750751278 8
      vertex 176.73184968277195 97.38517976248544 0
      vertex 172.17770565479083 106.15135943142964 0
    endloop
  endfacet
  facet normal 0.8872350346873715 0.40402200180249614 0.222666152081547
    outer loop
      vertex 176.73184968277195 97.38517976248544 0
      vertex 179.9754789209328 85.85315750751278 8
      vertex 183.8277975129312 77.39343995661234 8
    endloop
  endfacet
  facet normal 0.8788207201475021 0.40976291765151474 0.244475956194354
    outer loop
      vertex 183.8277975129312 77.39343995661234 8
      vertex 180.93043815519755 88.38044461932618 0
      vertex 176.73184968277195 97.38517976248544 0
    endloop
  endfacet
  facet normal 0.9137646110655516 0.36731793680603153 0.17352742971870913
    outer loop
      vertex 180.93043815519755 88.38044461932618 0
      vertex 183.8277975129312 77.39343995661234 8
      vertex 187.30693976170335 68.73849353217514 8
    endloop
  endfacet
  facet normal 0.9048867395865139 0.37544367532892997 0.20055431976398255
    outer loop
      vertex 187.30693976170335 68.73849353217514 8
      vertex 184.75699995444924 79.1577428989748 0
      vertex 180.93043815519755 88.38044461932618 0
    endloop
  endfacet
  facet normal 0.9360193232348822 0.3276811016685512 0.12842477229957422
    outer loop
      vertex 184.75699995444924 79.1577428989748 0
      vertex 187.30693976170335 68.73849353217514 8
      vertex 190.39810071083198 59.90860872990743 8
    endloop
  endfacet
  facet normal 0.9272201649133351 0.33840927887828254 0.16044290494493166
    outer loop
      vertex 190.39810071083198 59.90860872990743 8
      vertex 188.19506396290865 69.73766349845422 0
      vertex 184.75699995444924 79.1577428989748 0
    endloop
  endfacet
  facet normal 0.9543109726156277 0.2855513534447596 0.08803971882781499
    outer loop
      vertex 188.19506396290865 69.73766349845422 0
      vertex 190.39810071083198 59.90860872990743 8
      vertex 193.0864754038998 50.924076045515484 8
    endloop
  endfacet
  facet normal 0.9460662457142268 0.29900472104859305 0.12471902625839153
    outer loop
      vertex 193.0864754038998 50.924076045515484 8
      vertex 191.22815906295747 60.140795314787425 0
      vertex 188.19506396290865 69.73766349845422 0
    endloop
  endfacet
  facet normal 0.9690066364193135 0.24130176430205988 0.052911219226566296
    outer loop
      vertex 191.22815906295747 60.140795314787425 0
      vertex 193.0864754038998 50.924076045515484 8
      vertex 195.3572588844897 41.80518597470561 8
    endloop
  endfacet
  facet normal 0.9617029869255345 0.25752270644802144 0.09385851374378096
    outer loop
      vertex 195.3572588844897 41.80518597470561 8
      vertex 193.83981413697734 50.38772724499731 0
      vertex 191.22815906295747 60.140795314787425 0
    endloop
  endfacet
  facet normal 0.9804779228661017 0.19522436639807125 0.023462513434123575
    outer loop
      vertex 193.83981413697734 50.38772724499731 0
      vertex 195.3572588844897 41.80518597470561 8
      vertex 197.1956461961843 32.57222901318405 8
    endloop
  endfacet
  facet normal 0.9744032284923597 0.21419474644253844 0.06825656671766328
    outer loop
      vertex 197.1956461961843 32.57222901318405 8
      vertex 196.0135580673499 40.499048186106826 0
      vertex 193.83981413697734 50.38772724499731 0
    endloop
  endfacet
  facet normal 0.9890577328558381 0.14752897964222483 0.00003526745612026699
    outer loop
      vertex 196.0135580673499 40.499048186106826 0
      vertex 197.1956461961843 32.57222901318405 8
      vertex 198.58683238256648 23.2454956566571 8
    endloop
  endfacet
  facet normal 0.984401289624435 0.16919156408784558 0.04825262300909431
    outer loop
      vertex 198.58683238256648 23.2454956566571 8
      vertex 197.73291973645678 30.495347035138916 0
      vertex 196.0135580673499 40.499048186106826 0
    endloop
  endfacet
  facet normal 0.9950050926624884 0.0983529118809459 -0.017075429723785198
    outer loop
      vertex 197.73291973645678 30.495347035138916 0
      vertex 198.58683238256648 23.2454956566571 8
      vertex 199.51601248721892 13.845276400831022 8
    endloop
  endfacet
  facet normal 0.991864365047538 0.12263165057081113 0.03415493561877679
    outer loop
      vertex 199.51601248721892 13.845276400831022 8
      vertex 198.98142802667968 20.397212689116518 0
      vertex 197.73291973645678 30.495347035138916 0
    endloop
  endfacet
  facet normal 0.998476787316322 0.04777956203959175 -0.027590191042856985
    outer loop
      vertex 198.98142802667968 20.397212689116518 0
      vertex 199.51601248721892 13.845276400831022 8
      vertex 199.9683815537244 4.391861741412102 8
    endloop
  endfacet
  facet normal 0.9968679083248118 0.07459705951510849 0.026261227385903217
    outer loop
      vertex 199.9683815537244 4.391861741412102 8
      vertex 199.74261182040019 10.225234045062566 0
      vertex 198.98142802667968 20.397212689116518 0
    endloop
  endfacet
  facet normal 0.9995039062276869 -0.004135160915019874 -0.03122245793979545
    outer loop
      vertex 199.74261182040019 10.225234045062566 0
      vertex 199.9683815537244 4.391861741412102 8
      vertex 199.9291346256657 -5.094457825893382 8
    endloop
  endfacet
  facet normal 0.9993740756658103 0.025156106250602356 0.02487221754117858
    outer loop
      vertex 199.9291346256657 -5.094457825893382 8
      vertex 200 0 0
      vertex 199.74261182040019 10.225234045062566 0
    endloop
  endfacet
  facet normal 0.9979719211402855 -0.057328666851065226 -0.027667102715090954
    outer loop
      vertex 200 0 0
      vertex 199.9291346256657 -5.094457825893382 8
      vertex 199.3834667466256 -14.593391805379161 8
    endloop
  endfacet
  facet normal 0 -0.4807019760010638 -0.8768840346754369
    outer loop
      vertex 199.3834667466256 -14.593391805379161 8
      vertex 193.33333333333334 0 0
      vertex 200 0 0
    endloop
  endfacet
  facet normal -0.0359979219222643 -0.4918246946463681 -0.869949779788055
    outer loop
      vertex 193.33333333333334 0 0
      vertex 199.3834667466256 -14.593391805379161 8
      vertex 192.73735118840474 -14.106945411866523 8
    endloop
  endfacet
  facet normal 0 -0.4932955913472967 -0.8698617473813415
    outer loop
      vertex 192.73735118840474 -14.106945411866523 8
      vertex 186.66666666666666 0 0
      vertex 193.33333333333334 0 0
    endloop
  endfacet
  facet normal -0.03695826922732388 -0.5049455220398292 -0.8623596153042214
    outer loop
      vertex 186.66666666666666 0 0
      vertex 192.73735118840474 -14.106945411866523 8
      vertex 186.0912356301839 -13.620499018353883 8
    endloop
  endfacet
  facet normal 0 -0.5064528883418882 -0.8622676335628972
    outer loop
      vertex 186.0912356301839 -13.620499018353883 8
      vertex 180 0 0
      vertex 186.66666666666666 0 0
    endloop
  endfacet
  facet normal -0.037961771556114764 -0.518655958645041 -0.8541398600125831
    outer loop
      vertex 180 0 0
      vertex 186.0912356301839 -13.620499018353883 8
      vertex 179.44512007196303 -13.134052624841244 8
    endloop
  endfacet
  facet normal 0 -0.5202011995328479 -0.8540437412712456
    outer loop
      vertex 179.44512007196303 -13.134052624841244 8
      vertex 173.33333333333334 0 0
      vertex 180 0 0
    endloop
  endfacet
  facet normal -0.03901042956869621 -0.5329833386515892 -0.8452259739884187
    outer loop
      vertex 173.33333333333334 0 0
      vertex 179.44512007196303 -13.134052624841244 8
      vertex 172.79900451374218 -12.647606231328606 8
    endloop
  endfacet
  facet normal 0 -0.5345678961239048 -0.845125531760615
    outer loop
      vertex 172.79900451374218 -12.647606231328606 8
      vertex 166.66666666666669 0 0
      vertex 173.33333333333334 0 0
    endloop
  endfacet
  facet normal -0.04010621269152381 -0.5479545695172797 -0.8355460977400798
    outer loop
      vertex 166.66666666666669 0 0
      vertex 172.79900451374218 -12.647606231328606 8
      vertex 166.15288895552135 -12.161159837815969 8
    endloop
  endfacet
  facet normal 0 -0.5495799161020427 -0.8354411504213038
    outer loop
      vertex 166.15288895552135 -12.161159837815969 8
      vertex 160 0 0
      vertex 166.66666666666669 0 0
    endloop
  endfacet
  facet normal -0.0412510137171806 -0.5635955116830631 -0.8250202743436135
    outer loop
      vertex 160 0 0
      vertex 166.15288895552135 -12.161159837815969 8
      vertex 159.50677339730046 -11.674713444303329 8
    endloop
  endfacet
  facet normal 0 -0.5652631417444746 -0.8249106500616694
    outer loop
      vertex 159.50677339730046 -11.674713444303329 8
      vertex 153.33333333333334 0 0
      vertex 160 0 0
    endloop
  endfacet
  facet normal -0.04244658975371162 -0.579930171788251 -0.8135596369461368
    outer loop
      vertex 153.33333333333334 0 0
      vertex 159.50677339730046 -11.674713444303329 8
      vertex 152.86065783907964 -11.18826705079069 8
    endloop
  endfacet
  facet normal 0 -0.5816415901671075 -0.813445179829519
    outer loop
      vertex 152.86065783907964 -11.18826705079069 8
      vertex 146.66666666666666 0 0
      vertex 153.33333333333334 0 0
    endloop
  endfacet
  facet normal -0.043694486389593355 -0.5969796665679281 -0.8010655838092129
    outer loop
      vertex 146.66666666666666 0 0
      vertex 152.86065783907964 -11.18826705079069 8
      vertex 146.21454228085875 -10.70182065727805 8
    endloop
  endfacet
  facet normal 0 -0.5987363740357805 -0.8009461619899843
    outer loop
      vertex 146.21454228085875 -10.70182065727805 8
      vertex 140 0 0
      vertex 146.66666666666666 0 0
    endloop
  endfacet
  facet normal -0.04499594145208918 -0.6147609079431972 -0.787428975411558
    outer loop
      vertex 140 0 0
      vertex 146.21454228085875 -10.70182065727805 8
      vertex 139.56842672263792 -10.215374263765412 8
    endloop
  endfacet
  facet normal 0 -0.6165643828961258 -0.7873044911239359
    outer loop
      vertex 139.56842672263792 -10.215374263765412 8
      vertex 133.33333333333331 0 0
      vertex 140 0 0
    endloop
  endfacet
  facet normal -0.046351764290411136 -0.6332849537170714 -0.7725294048401867
    outer loop
      vertex 133.33333333333331 0 0
      vertex 139.56842672263792 -10.215374263765412 8
      vertex 132.92231116441704 -9.728927870252772 8
    endloop
  endfacet
  facet normal 0 -0.6351366294944938 -0.7723998070134237
    outer loop
      vertex 132.92231116441704 -9.728927870252772 8
      vertex 126.66666666666666 0 0
      vertex 133.33333333333331 0 0
    endloop
  endfacet
  facet normal -0.04776218619708614 -0.6525549639435221 -0.7562346147871992
    outer loop
      vertex 126.66666666666666 0 0
      vertex 132.92231116441704 -9.728927870252772 8
      vertex 126.2761956061962 -9.242481476740135 8
    endloop
  endfacet
  facet normal 0 -0.6544562011438502 -0.7560999145512188
    outer loop
      vertex 126.2761956061962 -9.242481476740135 8
      vertex 120 0 0
      vertex 126.66666666666666 0 0
    endloop
  endfacet
  facet normal -0.049226677526729525 -0.6725637022970697 -0.738400162900942
    outer loop
      vertex 120 0 0
      vertex 126.2761956061962 -9.242481476740135 8
      vertex 119.63008004797535 -8.756035083227497 8
    endloop
  endfacet
  facet normal 0 -0.674515755492294 -0.7382604524100284
    outer loop
      vertex 119.63008004797535 -8.756035083227497 8
      vertex 113.33333333333333 0 0
      vertex 120 0 0
    endloop
  endfacet
  facet normal -0.050743727483071 -0.6932905273941435 -0.7188694726768372
    outer loop
      vertex 113.33333333333333 0 0
      vertex 119.63008004797535 -8.756035083227497 8
      vertex 112.9839644897545 -8.269588689714856 8
    endloop
  endfacet
  facet normal 0 -0.6952945057418083 -0.7187249475879174
    outer loop
      vertex 112.9839644897545 -8.269588689714856 8
      vertex 106.66666666666667 0 0
      vertex 113.33333333333333 0 0
    endloop
  endfacet
  facet normal -0.052310583707766166 -0.7146978349028841 -0.6974744494368826
    outer loop
      vertex 106.66666666666667 0 0
      vertex 112.9839644897545 -8.269588689714856 8
      vertex 106.33784893153366 -7.783142296202219 8
    endloop
  endfacet
  facet normal -0.05392295109830106 -0.7367269426169362 -0.674036888728764
    outer loop
      vertex 100 0 0
      vertex 106.33784893153366 -7.783142296202219 8
      vertex 99.6917333733128 -7.296695902689581 8
    endloop
  endfacet
  facet normal 0 -0.7167546563436595 -0.6973254352235279
    outer loop
      vertex 106.33784893153366 -7.783142296202219 8
      vertex 100 0 0
      vertex 106.66666666666667 0 0
    endloop
  endfacet
  facet normal -0.05557465317671381 -0.7592934638765881 -0.6483709537283272
    outer loop
      vertex 93.33333333333333 0 0
      vertex 99.6917333733128 -7.296695902689581 8
      vertex 93.04561781509194 -6.810249509176941 8
    endloop
  endfacet
  facet normal 0 -0.7388372816595337 -0.6738838707299283
    outer loop
      vertex 99.6917333733128 -7.296695902689581 8
      vertex 93.33333333333333 0 0
      vertex 100 0 0
    endloop
  endfacet
  facet normal -0.05725726534533314 -0.7822822968938542 -0.6202870412411097
    outer loop
      vertex 86.66666666666667 0 0
      vertex 93.04561781509194 -6.810249509176941 8
      vertex 86.39950225687109 -6.323803115664303 8
    endloop
  endfacet
  facet normal 0 -0.7614576934384778 -0.6482146103747999
    outer loop
      vertex 93.04561781509194 -6.810249509176941 8
      vertex 86.66666666666667 0 0
      vertex 93.33333333333333 0 0
    endloop
  endfacet
  facet normal -0.05895973796904987 -0.8055424750816794 -0.5895973796904994
    outer loop
      vertex 80 0 0
      vertex 86.39950225687109 -6.323803115664303 8
      vertex 79.75338669865023 -5.8373567221516645 8
    endloop
  endfacet
  facet normal 0 -0.784500425306662 -0.62012827922428
    outer loop
      vertex 86.39950225687109 -6.323803115664303 8
      vertex 80 0 0
      vertex 86.66666666666667 0 0
    endloop
  endfacet
  facet normal -0.060668038641262384 -0.8288822794817605 -0.5561236875449047
    outer loop
      vertex 73.33333333333334 0 0
      vertex 79.75338669865023 -5.8373567221516645 8
      vertex 73.10727114042939 -5.350910328639026 8
    endloop
  endfacet
  facet normal 0 -0.8078140801836473 -0.5894373689010972
    outer loop
      vertex 79.75338669865023 -5.8373567221516645 8
      vertex 73.33333333333334 0 0
      vertex 80 0 0
    endloop
  endfacet
  facet normal -0.062364856893820354 -0.8520652043388359 -0.519707140781836
    outer loop
      vertex 66.66666666666666 0 0
      vertex 73.10727114042939 -5.350910328639026 8
      vertex 66.46115558220852 -4.864463935126386 8
    endloop
  endfacet
  facet normal 0 -0.8312064426681096 -0.5559638924130113
    outer loop
      vertex 73.10727114042939 -5.350910328639026 8
      vertex 66.66666666666666 0 0
      vertex 73.33333333333334 0 0
    endloop
  endfacet
  facet normal -0.06402942969232986 -0.8748075729153199 -0.4802207226924744
    outer loop
      vertex 60 0 0
      vertex 66.46115558220852 -4.864463935126386 8
      vertex 59.81504002398768 -4.378017541613748 8
    endloop
  endfacet
  facet normal 0 -0.8544404484309065 -0.5195493432631701
    outer loop
      vertex 66.46115558220852 -4.864463935126386 8
      vertex 60 0 0
      vertex 66.66666666666666 0 0
    endloop
  endfacet
  facet normal -0.06563755956790975 -0.8967787852179825 -0.4375837304527313
    outer loop
      vertex 53.333333333333314 0 0
      vertex 59.81504002398768 -4.378017541613748 8
      vertex 53.16892446576681 -3.891571148101108 8
    endloop
  endfacet
  facet normal 0 -0.8772318085797215 -0.4800670307529468
    outer loop
      vertex 59.81504002398768 -4.378017541613748 8
      vertex 53.333333333333314 0 0
      vertex 60 0 0
    endloop
  endfacet
  facet normal -0.06716190468146502 -0.9176052810259613 -0.3917777773085457
    outer loop
      vertex 46.666666666666686 0 0
      vertex 53.16892446576681 -3.891571148101108 8
      vertex 46.52280890754599 -3.405124754588472 8
    endloop
  endfacet
  facet normal 0 -0.8992492711926507 -0.43743656484053356
    outer loop
      vertex 53.16892446576681 -3.891571148101108 8
      vertex 46.666666666666686 0 0
      vertex 53.333333333333314 0 0
    endloop
  endfacet
  facet normal -0.0685726154620078 -0.9368792380163995 -0.3428630773100395
    outer loop
      vertex 40 0 0
      vertex 46.52280890754599 -3.405124754588472 8
      vertex 39.876693349325116 -2.9186783610758322 8
    endloop
  endfacet
  facet normal 0 -0.9201186033364869 -0.39163982917230533
    outer loop
      vertex 46.52280890754599 -3.405124754588472 8
      vertex 40 0 0
      vertex 46.666666666666686 0 0
    endloop
  endfacet
  facet normal -0.06983836927252124 -0.9541727079755128 -0.2909932053021716
    outer loop
      vertex 33.333333333333314 0 0
      vertex 39.876693349325116 -2.9186783610758322 8
      vertex 33.230577791104245 -2.432231967563192 8
    endloop
  endfacet
  facet normal 0 -0.9394313124838569 -0.34273723043296267
    outer loop
      vertex 39.876693349325116 -2.9186783610758322 8
      vertex 33.333333333333314 0 0
      vertex 40 0 0
    endloop
  endfacet
  facet normal -0.07092780837920126 -0.9690572631766654 -0.23642602793067077
    outer loop
      vertex 26.666666666666657 0 0
      vertex 33.230577791104245 -2.432231967563192 8
      vertex 26.584462232883403 -1.945785574050554 8
    endloop
  endfacet
  facet normal 0 -0.9567588085692996 -0.29088241993124037
    outer loop
      vertex 33.230577791104245 -2.432231967563192 8
      vertex 26.666666666666657 0 0
      vertex 33.333333333333314 0 0
    endloop
  endfacet
  facet normal -0.07181131822218267 -0.9811282921566093 -0.1795282955554568
    outer loop
      vertex 20 0 0
      vertex 26.584462232883403 -1.945785574050554 8
      vertex 19.938346674662558 -1.4593391805379161 8
    endloop
  endfacet
  facet normal 0 -0.9716720763518101 -0.23633318860913757
    outer loop
      vertex 26.584462232883403 -1.945785574050554 8
      vertex 20 0 0
      vertex 26.666666666666657 0 0
    endloop
  endfacet
  facet normal -0.07246300201112009 -0.9900319777969149 -0.12077167001853352
    outer loop
      vertex 13.333333333333343 0 0
      vertex 19.938346674662558 -1.4593391805379161 8
      vertex 13.292231116441716 -0.972892787025278 8
    endloop
  endfacet
  facet normal 0 -0.9837659947229992 -0.1794560325725162
    outer loop
      vertex 19.938346674662558 -1.4593391805379161 8
      vertex 13.333333333333343 0 0
      vertex 20 0 0
    endloop
  endfacet
  facet normal -0.0728626327606096 -0.995491967175286 -0.060718860633841264
    outer loop
      vertex 6.666666666666657 0 0
      vertex 13.292231116441716 -0.972892787025278 8
      vertex 6.646115558220844 -0.486446393512638 8
    endloop
  endfacet
  facet normal 0 -0.992686333768588 -0.12072217173775336
    outer loop
      vertex 13.292231116441716 -0.972892787025278 8
      vertex 6.666666666666657 0 0
      vertex 13.333333333333343 0 0
    endloop
  endfacet
  facet normal -0.0729973195455935 -0.9973321369228801 0
    outer loop
      vertex 0 0 0
      vertex 6.646115558220844 -0.486446393512638 8
      vertex 0 0 8
    endloop
  endfacet
  facet normal 0 -0.9981564380340191 -0.0606936999303837
    outer loop
      vertex 6.646115558220844 -0.486446393512638 8
      vertex 0 0 0
      vertex 6.666666666666657 0 0
    endloop
  endfacet
  facet normal -0.993991514427044 0.08411702016623196 0.07003710563255104
    outer loop
      vertex 0 0 8
      vertex 1.042896433601539 5.662746486078788 16
      vertex 0.5230606381856329 6.180887469145392 8
    endloop
  endfacet
  facet normal -0.9834606472165986 0.18112193510535723 0
    outer loop
      vertex 1.042896433601539 5.662746486078788 16
      vertex 0 0 8
      vertex 0 0 16
    endloop
  endfacet
  facet normal -0.986757669897956 0.0835048525196264 0.13905481114737525
    outer loop
      vertex 0.5230606381856329 6.180887469145392 8
      vertex 2.085792867203078 11.325492972157576 16
      vertex 1.0461212763712657 12.361774938290784 8
    endloop
  endfacet
  facet normal -0.9806595967869695 0.18060607137905768 0.07542017111251728
    outer loop
      vertex 2.085792867203078 11.325492972157576 16
      vertex 0.5230606381856329 6.180887469145392 8
      vertex 1.042896433601539 5.662746486078788 16
    endloop
  endfacet
  facet normal -0.975044466283694 0.0825136169101353 0.20610626335449764
    outer loop
      vertex 1.0461212763712657 12.361774938290784 8
      vertex 3.128689300804617 16.988239458236368 16
      vertex 1.5691819145568986 18.54266240743618 8
    endloop
  endfacet
  facet normal -0.9723978995240227 0.17908453149868248 0.14956956769064403
    outer loop
      vertex 3.128689300804617 16.988239458236368 16
      vertex 1.0461212763712657 12.361774938290784 8
      vertex 2.085792867203078 11.325492972157576 16
    endloop
  endfacet
  facet normal -0.959325275182793 0.08118337264180928 0.27037802499825986
    outer loop
      vertex 1.5691819145568986 18.54266240743618 8
      vertex 4.171585734406156 22.650985944315153 16
      vertex 2.0922425527425315 24.72354987658157 8
    endloop
  endfacet
  facet normal -0.9590805802788627 0.17663190806232473 0.22128174255058283
    outer loop
      vertex 4.171585734406156 22.650985944315153 16
      vertex 1.5691819145568986 18.54266240743618 8
      vertex 3.128689300804617 16.988239458236368 16
    endloop
  endfacet
  facet normal -0.9401891850471092 0.07956397161425213 0.3312308420745554
    outer loop
      vertex 2.0922425527425315 24.72354987658157 8
      vertex 5.214482168007695 28.313732430393944 16
      vertex 2.6153031909281643 30.904437345726965 8
    endloop
  endfacet
  facet normal -0.9413232222589752 0.17336157176974054 0.2895796206046015
    outer loop
      vertex 5.214482168007695 28.313732430393944 16
      vertex 2.0922425527425315 24.72354987658157 8
      vertex 4.171585734406156 22.650985944315153 16
    endloop
  endfacet
  facet normal -0.9182857029516911 0.07771037868273403 0.3882170331135725
    outer loop
      vertex 2.6153031909281643 30.904437345726965 8
      vertex 6.257378601609234 33.976478916472736 16
      vertex 3.138363829113797 37.08532481487236 8
    endloop
  endfacet
  facet normal -0.9198782337406329 0.169412092113643 0.35372811329592113
    outer loop
      vertex 6.257378601609234 33.976478916472736 16
      vertex 2.6153031909281643 30.904437345726965 8
      vertex 5.214482168007695 28.313732430393944 16
    endloop
  endfacet
  facet normal -0.8942731524074751 0.07567830479774243 0.4410763234023527
    outer loop
      vertex 3.138363829113797 37.08532481487236 8
      vertex 7.300275035210772 39.63922540255152 16
      vertex 3.66142446729943 43.26621228401775 8
    endloop
  endfacet
  facet normal -0.895556357831337 0.16493278199325187 0.4132505140611886
    outer loop
      vertex 7.300275035210772 39.63922540255152 16
      vertex 3.138363829113797 37.08532481487236 8
      vertex 6.257378601609234 33.976478916472736 16
    endloop
  endfacet
  facet normal -0.8687770007098292 0.07352068043638316 0.4897154608400727
    outer loop
      vertex 3.66142446729943 43.26621228401775 8
      vertex 8.343171468812315 45.30197188863033 16
      vertex 4.184485105485065 49.44709975316316 8
    endloop
  endfacet
  facet normal -0.8691571984858468 0.16007090283281716 0.4679135287491923
    outer loop
      vertex 8.343171468812315 45.30197188863033 16
      vertex 3.66142446729943 43.26621228401775 8
      vertex 7.300275035210772 39.63922540255152 16
    endloop
  endfacet
  facet normal -0.8423609432348337 0.07128520859674937 0.5341783038909754
    outer loop
      vertex 4.184485105485065 49.44709975316316 8
      vertex 9.386067902413853 50.964718374709115 16
      vertex 4.707545743670697 55.62798722230855 8
    endloop
  endfacet
  facet normal -0.8414171541598792 0.1549620756291586 0.5176909578138227
    outer loop
      vertex 9.386067902413853 50.964718374709115 16
      vertex 4.184485105485065 49.44709975316316 8
      vertex 8.343171468812315 45.30197188863033 16
    endloop
  endfacet
  facet normal -0.8155106251185734 0.06901298723703568 0.5746125894124965
    outer loop
      vertex 4.707545743670697 55.62798722230855 8
      vertex 10.428964336015392 56.6274648607879 16
      vertex 5.2306063818563295 61.808874691453944 8
    endloop
  endfacet
  facet normal -0.8129772679937604 0.1497243599857702 0.5627171383139606
    outer loop
      vertex 10.428964336015392 56.6274648607879 16
      vertex 4.707545743670697 55.62798722230855 8
      vertex 9.386067902413853 50.964718374709115 16
    endloop
  endfacet
  facet normal -0.7886279775309837 0.06673802997993039 0.6112380456170806
    outer loop
      vertex 5.2306063818563295 61.808874691453944 8
      vertex 11.471860769616931 62.2902113468667 16
      vertex 5.753667020041963 67.98976216059934 8
    endloop
  endfacet
  facet normal -0.7843690579375661 0.1444556444759594 0.6032393784636164
    outer loop
      vertex 11.471860769616931 62.2902113468667 16
      vertex 5.2306063818563295 61.808874691453944 8
      vertex 10.428964336015392 56.6274648607879 16
    endloop
  endfacet
  facet normal -0.7620333318961218 0.06448744502954379 0.6443186870740727
    outer loop
      vertex 5.753667020041963 67.98976216059934 8
      vertex 12.514757203218469 67.95295783294547 16
      vertex 6.276727658227595 74.17064962974473 8
    endloop
  endfacet
  facet normal -0.7560140577244161 0.13923356210484125 0.6395754527080135
    outer loop
      vertex 12.514757203218469 67.95295783294547 16
      vertex 5.753667020041963 67.98976216059934 8
      vertex 11.471860769616931 62.2902113468667 16
    endloop
  endfacet
  facet normal -0.7359724791391655 0.062282032563654076 0.6741405331008441
    outer loop
      vertex 6.276727658227595 74.17064962974473 8
      vertex 13.55765363682001 73.61570431902427 16
      vertex 6.799788296413229 80.35153709889012 8
    endloop
  endfacet
  facet normal -0.7282322876949603 0.1341170503637476 0.6720791262643803
    outer loop
      vertex 13.55765363682001 73.61570431902427 16
      vertex 6.276727658227595 74.17064962974473 8
      vertex 12.514757203218469 67.95295783294547 16
    endloop
  endfacet
  facet normal -0.7106263056148566 0.06013710017888401 0.7009948522993984
    outer loop
      vertex 6.799788296413229 80.35153709889012 8
      vertex 14.600550070421548 79.27845080510305 16
      vertex 7.322848934598861 86.53242456803551 8
    endloop
  endfacet
  facet normal -0.7012554877788363 0.1291487883213498 0.701114349685694
    outer loop
      vertex 14.600550070421548 79.27845080510305 16
      vertex 6.799788296413229 80.35153709889012 8
      vertex 13.55765363682001 73.61570431902427 16
    endloop
  endfacet
  facet normal -0.6861212654241792 0.05806334911564507 0.7251663647896238
    outer loop
      vertex 7.322848934598861 86.53242456803551 8
      vertex 15.643446504023087 84.94119729118185 16
      vertex 7.845909572784494 92.71331203718091 8
    endloop
  endfacet
  facet normal -0.6752420193121542 0.1243579410608896 0.7270373565714079
    outer loop
      vertex 15.643446504023087 84.94119729118185 16
      vertex 7.322848934598861 86.53242456803551 8
      vertex 14.600550070421548 79.27845080510305 16
    endloop
  endfacet
  facet normal -0.6625395519018334 0.056067735025260475 0.7469255326033879
    outer loop
      vertex 7.845909572784494 92.71331203718091 8
      vertex 16.686342937624627 90.60394377726064 16
      vertex 8.368970210970128 98.8941995063263 8
    endloop
  endfacet
  facet normal -0.65029143319472 0.11976284266789113 0.7501852527407232
    outer loop
      vertex 16.686342937624627 90.60394377726064 16
      vertex 7.845909572784494 92.71331203718091 8
      vertex 15.643446504023087 84.94119729118185 16
    endloop
  endfacet
  facet normal -0.639928319875194 0.05415424840815922 0.7665240131927106
    outer loop
      vertex 8.368970210970128 98.8941995063263 8
      vertex 17.729239371226164 96.26669026333943 16
      vertex 8.89203084915576 105.07508697547169 8
    endloop
  endfacet
  facet normal -0.6264575921038567 0.11537341292142542 0.7708695485529964
    outer loop
      vertex 17.729239371226164 96.26669026333943 16
      vertex 8.368970210970128 98.8941995063263 8
      vertex 16.686342937624627 90.60394377726064 16
    endloop
  endfacet
  facet normal -0.6183076628324712 0.05232458968565188 0.784192432631733
    outer loop
      vertex 8.89203084915576 105.07508697547169 8
      vertex 18.772135804827705 101.92943674941822 16
      vertex 9.415091487341392 111.25597444461708 8
    endloop
  endfacet
  facet normal -0.60375986603536 0.11119321915398571 0.7893732274273924
    outer loop
      vertex 18.772135804827705 101.92943674941822 16
      vertex 8.89203084915576 105.07508697547169 8
      vertex 17.729239371226164 96.26669026333943 16
    endloop
  endfacet
  facet normal -0.5976772792062086 0.05057873333744378 0.8001397763232644
    outer loop
      vertex 9.415091487341392 111.25597444461708 8
      vertex 19.815032238429243 107.592183235497 16
      vertex 9.938152125527026 117.43686191376247 8
    endloop
  endfacet
  facet normal -0.5821923191742421 0.10722116817866979 0.8059501998193926
    outer loop
      vertex 19.815032238429243 107.592183235497 16
      vertex 9.415091487341392 111.25597444461708 8
      vertex 18.772135804827705 101.92943674941822 16
    endloop
  endfacet
  facet normal -0.5780218969643951 0.04891538696032417 0.8145538481575076
    outer loop
      vertex 9.938152125527026 117.43686191376247 8
      vertex 20.857928672030784 113.2549297215758 16
      vertex 10.461212763712659 123.61774938290789 8
    endloop
  endfacet
  facet normal -0.5617310281918486 0.10345285408499098 0.8208262659955504
    outer loop
      vertex 20.857928672030784 113.2549297215758 16
      vertex 9.938152125527026 117.43686191376247 8
      vertex 19.815032238429243 107.592183235497 16
    endloop
  endfacet
  facet normal -0.559315593944819 0.04733235687858338 0.827602389050728
    outer loop
      vertex 10.461212763712659 123.61774938290789 8
      vertex 21.90082510563232 118.91767620765458 16
      vertex 10.984273401898292 129.79863685205328 8
    endloop
  endfacet
  facet normal -0.542339774726988 0.09988160661147581 0.8342009550520727
    outer loop
      vertex 21.90082510563232 118.91767620765458 16
      vertex 10.461212763712659 123.61774938290789 8
      vertex 20.857928672030784 113.2549297215758 16
    endloop
  endfacet
  facet normal -0.5415251765671657 0.04582683406918148 0.8394345623234105
    outer loop
      vertex 10.984273401898292 129.79863685205328 8
      vertex 22.943721539233863 124.5804226937334 16
      vertex 11.507334040083926 135.97952432119868 8
    endloop
  endfacet
  facet normal -0.5239743842411452 0.09649929022375241 0.8462498045172151
    outer loop
      vertex 22.943721539233863 124.5804226937334 16
      vertex 10.984273401898292 129.79863685205328 8
      vertex 21.90082510563232 118.91767620765458 16
    endloop
  endfacet
  facet normal -0.5246127793043023 0.044395614143285654 0.8501826046417652
    outer loop
      vertex 11.507334040083926 135.97952432119868 8
      vertex 23.986617972835397 130.24316917981216 16
      vertex 12.030394678269557 142.16041179034403 8
    endloop
  endfacet
  facet normal -0.5065859724555818 0.0932969020042306 0.857126793763703
    outer loop
      vertex 23.986617972835397 130.24316917981216 16
      vertex 11.507334040083926 135.97952432119868 8
      vertex 22.943721539233863 124.5804226937334 16
    endloop
  endfacet
  facet normal -0.50853783359331 0.04303526396633017 0.8599635096093154
    outer loop
      vertex 12.030394678269557 142.16041179034403 8
      vertex 25.029514406436938 135.90591566589094 16
      vertex 12.55345531645519 148.34129925948946 8
    endloop
  endfacet
  facet normal -0.4901233304246297 0.09026501090616618 0.8669667518305294
    outer loop
      vertex 25.029514406436938 135.90591566589094 16
      vertex 12.030394678269557 142.16041179034403 8
      vertex 23.986617972835397 130.24316917981216 16
    endloop
  endfacet
  facet normal -0.4932585353454655 0.04174224584677378 0.8688806605170319
    outer loop
      vertex 12.55345531645519 148.34129925948946 8
      vertex 26.072410840038483 141.56866215196976 16
      vertex 13.076515954640826 154.52218672863486 8
    endloop
  endfacet
  facet normal -0.474534642647514 0.08739407417480277 0.8758876347606039
    outer loop
      vertex 26.072410840038483 141.56866215196976 16
      vertex 12.55345531645519 148.34129925948946 8
      vertex 25.029514406436938 135.90591566589094 16
    endloop
  endfacet
  facet normal -0.47873291938120427 0.040513008460680906 0.8770253633996077
    outer loop
      vertex 13.076515954640826 154.52218672863486 8
      vertex 27.11530727364002 147.23140863804855 16
      vertex 13.599576592826457 160.70307419778024 8
    endloop
  endfacet
  facet normal -0.45976869637951234 0.0846746600637333 0.8839926174875982
    outer loop
      vertex 27.11530727364002 147.23140863804855 16
      vertex 13.076515954640826 154.52218672863486 8
      vertex 26.072410840038483 141.56866215196976 16
    endloop
  endfacet
  facet normal -0.4649196294064417 0.039344052011350536 0.8844782551108338
    outer loop
      vertex 13.599576592826457 160.70307419778024 8
      vertex 28.158203707241558 152.89415512412734 16
      vertex 14.12263723101209 166.88396166692564 8
    endloop
  endfacet
  facet normal -0.4457757077825338 0.08209759998536113 0.891371977587149
    outer loop
      vertex 28.158203707241558 152.89415512412734 16
      vertex 13.599576592826457 160.70307419778024 8
      vertex 27.11530727364002 147.23140863804855 16
    endloop
  endfacet
  facet normal -0.4517784546977257 0.03823197364655869 0.8913105766577798
    outer loop
      vertex 14.12263723101209 166.88396166692564 8
      vertex 29.201100140843096 158.5569016102061 16
      vertex 14.645697869197722 173.06484913607102 8
    endloop
  endfacet
  facet normal -0.4325078629689888 0.07965408815384278 0.8981047682260563
    outer loop
      vertex 29.201100140843096 158.5569016102061 16
      vertex 14.12263723101209 166.88396166692564 8
      vertex 28.158203707241558 152.89415512412734 16
    endloop
  endfacet
  facet normal -0.4392706898477906 0.03717349790220301 0.8975853118753454
    outer loop
      vertex 14.645697869197722 173.06484913607102 8
      vertex 30.243996574444637 164.2196480962849 16
      vertex 15.168758507383357 179.24573660521642 8
    endloop
  endfacet
  facet normal -0.41991964942522114 0.07733574262266157 0.9042602893744703
    outer loop
      vertex 30.243996574444637 164.2196480962849 16
      vertex 14.645697869197722 173.06484913607102 8
      vertex 29.201100140843096 158.5569016102061 16
    endloop
  endfacet
  facet normal -0.42735936169429933 0.03616549590625879 0.9033581974378135
    outer loop
      vertex 15.168758507383357 179.24573660521642 8
      vertex 31.286893008046174 169.8823945823637 16
      vertex 15.691819145568989 185.42662407436183 8
    endloop
  endfacet
  facet normal -0.4079680352929646 0.07513463830253116 0.9098993726266362
    outer loop
      vertex 31.286893008046174 169.8823945823637 16
      vertex 15.168758507383357 179.24573660521642 8
      vertex 30.243996574444637 164.2196480962849 16
    endloop
  endfacet
  facet normal 0.06925939796373766 0.5084728241849031 0.8582881351033167
    outer loop
      vertex 17.02104225721316 185.3293347956593 8
      vertex 31.286893008046174 169.8823945823637 16
      vertex 32.603810795506355 169.70301639578423 16
    endloop
  endfacet
  facet normal 0.03551778450455982 0.48526477601101775 0.8736455712397703
    outer loop
      vertex 31.286893008046174 169.8823945823637 16
      vertex 17.02104225721316 185.3293347956593 8
      vertex 15.691819145568989 185.42662407436183 8
    endloop
  endfacet
  facet normal 0.06894409820525835 0.5061580284550494 0.8596806160157161
    outer loop
      vertex 18.35026536885733 185.23204551695676 8
      vertex 32.603810795506355 169.70301639578423 16
      vertex 33.92072858296654 169.52363820920476 16
    endloop
  endfacet
  facet normal 0.03536215886606364 0.48313852738205915 0.8748295154368231
    outer loop
      vertex 32.603810795506355 169.70301639578423 16
      vertex 18.35026536885733 185.23204551695676 8
      vertex 17.02104225721316 185.3293347956593 8
    endloop
  endfacet
  facet normal 0.06863115544682856 0.5038605368097309 0.8610541933861324
    outer loop
      vertex 19.6794884805015 185.13475623825425 8
      vertex 33.92072858296654 169.52363820920476 16
      vertex 35.237646370426724 169.34426002262532 16
    endloop
  endfacet
  facet normal 0.03520768442172671 0.4810280070421454 0.8759979882389695
    outer loop
      vertex 33.92072858296654 169.52363820920476 16
      vertex 19.6794884805015 185.13475623825425 8
      vertex 18.35026536885733 185.23204551695676 8
    endloop
  endfacet
  facet normal 0.06832055128370751 0.5015802141289883 0.8624091784452484
    outer loop
      vertex 21.00871159214567 185.03746695955172 8
      vertex 35.237646370426724 169.34426002262532 16
      vertex 36.55456415788691 169.16488183604585 16
    endloop
  endfacet
  facet normal 0.035054351531726556 0.4789330832859484 0.87715123791334
    outer loop
      vertex 35.237646370426724 169.34426002262532 16
      vertex 21.00871159214567 185.03746695955172 8
      vertex 19.6794884805015 185.13475623825425 8
    endloop
  endfacet
  facet normal 0.06801226731051939 0.4993169252886785 0.8637458767574769
    outer loop
      vertex 22.33793470378984 184.9401776808492 8
      vertex 36.55456415788691 169.16488183604585 16
      vertex 37.87148194534709 168.98550364946638 16
    endloop
  endfacet
  facet normal 0.03490215059472169 0.476853624934744 0.8782895082320281
    outer loop
      vertex 36.55456415788691 169.16488183604585 16
      vertex 22.33793470378984 184.9401776808492 8
      vertex 21.00871159214567 185.03746695955172 8
    endloop
  endfacet
  facet normal 0.06770628512939202 0.4970705352194268 0.8650645883231206
    outer loop
      vertex 23.66715781543401 184.84288840214666 8
      vertex 37.87148194534709 168.98550364946638 16
      vertex 39.18839973280728 168.8061254628869 16
    endloop
  endfacet
  facet normal 0.03475107205021232 0.47478950136723813 0.8794130385562919
    outer loop
      vertex 37.87148194534709 168.98550364946638 16
      vertex 23.66715781543401 184.84288840214666 8
      vertex 22.33793470378984 184.9401776808492 8
    endloop
  endfacet
  facet normal 0.06740258635751915 0.4948409089625464 0.8663656076792511
    outer loop
      vertex 24.99638092707818 184.74559912344412 8
      vertex 39.18839973280728 168.8061254628869 16
      vertex 40.50531752026746 168.62674727630744 16
    endloop
  endfacet
  facet normal 0.034601106380604166 0.4727405825484882 0.8805220639194421
    outer loop
      vertex 39.18839973280728 168.8061254628869 16
      vertex 24.99638092707818 184.74559912344412 8
      vertex 23.66715781543401 184.84288840214666 8
    endloop
  endfacet
  facet normal 0.06710115263441625 0.4926279117232265 0.8676492239991606
    outer loop
      vertex 26.325604038722354 184.6483098447416 8
      vertex 40.50531752026746 168.62674727630744 16
      vertex 41.822235307727645 168.44736908972797 16
    endloop
  endfacet
  facet normal 0.034452244113216395 0.47070673905717625 0.8816168151083115
    outer loop
      vertex 40.50531752026746 168.62674727630744 16
      vertex 26.325604038722354 184.6483098447416 8
      vertex 24.99638092707818 184.74559912344412 8
    endloop
  endfacet
  facet normal 0.0668019656287874 0.490431408921025 0.8689157211904206
    outer loop
      vertex 27.654827150366526 184.55102056603909 8
      vertex 41.822235307727645 168.44736908972797 16
      vertex 43.13915309518783 168.26799090314853 16
    endloop
  endfacet
  facet normal 0.03430447582214572 0.46868784211122877 0.8826975187433619
    outer loop
      vertex 41.822235307727645 168.44736908972797 16
      vertex 27.654827150366526 184.55102056603909 8
      vertex 26.325604038722354 184.6483098447416 8
    endloop
  endfacet
  facet normal 0.06650500704511206 0.4882512662378357 0.870165377991494
    outer loop
      vertex 28.984050262010697 184.45373128733655 8
      vertex 43.13915309518783 168.26799090314853 16
      vertex 44.456070882648014 168.08861271656906 16
    endloop
  endfacet
  facet normal 0.034157792130081736 0.4666837635919274 0.8837643973573909
    outer loop
      vertex 43.13915309518783 168.26799090314853 16
      vertex 28.984050262010697 184.45373128733655 8
      vertex 27.654827150366526 184.55102056603909 8
    endloop
  endfacet
  facet normal 0.06621025862971962 0.48608734966326367 0.8713984680670088
    outer loop
      vertex 30.313273373654866 184.35644200863402 8
      vertex 44.456070882648014 168.08861271656906 16
      vertex 45.7729886701082 167.9092345299896 16
    endloop
  endfacet
  facet normal 0.0340121837098525 0.4646943760663954 0.8848176694729547
    outer loop
      vertex 44.456070882648014 168.08861271656906 16
      vertex 30.313273373654866 184.35644200863402 8
      vertex 28.984050262010697 184.45373128733655 8
    endloop
  endfacet
  facet normal 0.06591770217677444 0.48393952553778363 0.8726152601014945
    outer loop
      vertex 31.642496485299034 184.2591527299315 8
      vertex 45.7729886701082 167.9092345299896 16
      vertex 47.089906457568375 167.72985634341012 16
    endloop
  endfacet
  facet normal 0.03386764128607662 0.462719552808805 0.8858575496783538
    outer loop
      vertex 45.7729886701082 167.9092345299896 16
      vertex 31.642496485299034 184.2591527299315 8
      vertex 30.313273373654866 184.35644200863402 8
    endloop
  endfacet
  facet normal 0.06562731953377268 0.48180766059349833 0.8738160178917713
    outer loop
      vertex 32.97171959694321 184.16186345122895 8
      vertex 47.089906457568375 167.72985634341012 16
      vertex 48.40682424502856 167.55047815683065 16
    endloop
  endfacet
  facet normal 0.03372415563655687 0.4607591678200968 0.8868842487023508
    outer loop
      vertex 47.089906457568375 167.72985634341012 16
      vertex 32.97171959694321 184.16186345122895 8
      vertex 31.642496485299034 184.2591527299315 8
    endloop
  endfacet
  facet normal 0.06533909260680575 0.4796916219927516 0.8750010004378751
    outer loop
      vertex 34.30094270858738 184.06457417252645 8
      vertex 48.40682424502856 167.55047815683065 16
      vertex 49.723742032488744 167.3710999702512 16
    endloop
  endfacet
  facet normal 0.03358171759363018 0.45881309584641494 0.8878979734875456
    outer loop
      vertex 48.40682424502856 167.55047815683065 16
      vertex 34.30094270858738 184.06457417252645 8
      vertex 32.97171959694321 184.16186345122895 8
    endloop
  endfacet
  facet normal 0.0650530033655857 0.47759127736466944 0.8761704620325319
    outer loop
      vertex 35.63016582023155 183.96728489382392 8
      vertex 49.723742032488744 167.3710999702512 16
      vertex 51.04065981994893 167.19172178367174 16
    endloop
  endfacet
  facet normal 0.033440318045474815 0.4568812123963191 0.8888989272624234
    outer loop
      vertex 49.723742032488744 167.3710999702512 16
      vertex 35.63016582023155 183.96728489382392 8
      vertex 34.30094270858738 184.06457417252645 8
    endloop
  endfacet
  facet normal 0.06476903384803023 0.4755064948395679 0.8773246523492775
    outer loop
      vertex 36.95938893187572 183.86999561512138 8
      vertex 51.04065981994893 167.19172178367174 16
      vertex 52.35757760740911 167.01234359709227 16
    endloop
  endfacet
  facet normal 0.03329994793717706 0.45496339375667616 0.8898873096121716
    outer loop
      vertex 51.04065981994893 167.19172178367174 16
      vertex 36.95938893187572 183.86999561512138 8
      vertex 35.63016582023155 183.96728489382392 8
    endloop
  endfacet
  facet normal 0.06448716616481123 0.473437143081589 0.8784638165290446
    outer loop
      vertex 38.28861204351989 183.77270633641885 8
      vertex 52.35757760740911 167.01234359709227 16
      vertex 53.6744953948693 166.8329654105128 16
    endloop
  endfacet
  facet normal 0.03316059827191905 0.4530595170075495 0.8908633165481304
    outer loop
      vertex 52.35757760740911 167.01234359709227 16
      vertex 38.28861204351989 183.77270633641885 8
      vertex 36.95938893187572 183.86999561512138 8
    endloop
  endfacet
  facet normal 0.06420738250347782 0.4713830913193506 0.8795881952654122
    outer loop
      vertex 39.61783515516406 183.67541705771632 8
      vertex 53.6744953948693 166.8329654105128 16
      vertex 54.99141318232948 166.65358722393333 16
    endloop
  endfacet
  facet normal 0.033022260111928235 0.45116946003586245 0.8918271405760471
    outer loop
      vertex 53.6744953948693 166.8329654105128 16
      vertex 39.61783515516406 183.67541705771632 8
      vertex 38.28861204351989 183.77270633641885 8
    endloop
  endfacet
  facet normal 0.06392966513240658 0.4693442093748708 0.8806980248884039
    outer loop
      vertex 40.94705826680823 183.5781277790138 8
      vertex 54.99141318232948 166.65358722393333 16
      vertex 56.308330969789665 166.47420903735386 16
    endloop
  endfacet
  facet normal 0.0328849245794049 0.4492931015480443 0.8927789707630582
    outer loop
      vertex 54.99141318232948 166.65358722393333 16
      vertex 40.94705826680823 183.5781277790138 8
      vertex 39.61783515516406 183.67541705771632 8
    endloop
  endfacet
  facet normal 0.06365399640449572 0.4673203676907638 0.8817935374468935
    outer loop
      vertex 42.27628137845241 183.48083850031128 8
      vertex 56.308330969789665 166.47420903735386 16
      vertex 57.62524875724985 166.29483085077442 16
    endloop
  endfacet
  facet normal 0.032748582857423846 0.44743032108170944 0.8937189928034142
    outer loop
      vertex 56.308330969789665 166.47420903735386 16
      vertex 42.27628137845241 183.48083850031128 8
      vertex 40.94705826680823 183.5781277790138 8
    endloop
  endfacet
  facet normal 0.06338035876070315 0.4653114373558439 0.8828749607895804
    outer loop
      vertex 43.60550449009657 183.38354922160875 8
      vertex 57.62524875724985 166.29483085077442 16
      vertex 58.942166544710034 166.11545266419495 16
    endloop
  endfacet
  facet normal 0.03261322619061556 0.4455809990162483 0.894647389083052
    outer loop
      vertex 57.62524875724985 166.29483085077442 16
      vertex 43.60550449009657 183.38354922160875 8
      vertex 42.27628137845241 183.48083850031128 8
    endloop
  endfacet
  facet normal 0.06310873473320384 0.4633172901290465 0.8839425186446519
    outer loop
      vertex 44.93472760174075 183.2862599429062 8
      vertex 58.942166544710034 166.11545266419495 16
      vertex 60.25908433217022 165.93607447761548 16
    endloop
  endfacet
  facet normal 0.03247884588597589 0.44374501658263904 0.8955643387428893
    outer loop
      vertex 58.942166544710034 166.11545266419495 16
      vertex 44.93472760174075 183.2862599429062 8
      vertex 43.60550449009657 183.38354922160875 8
    endloop
  endfacet
  facet normal 0.06283910694856536 0.46133779846200035 0.884996430697967
    outer loop
      vertex 46.263950713384915 183.18897066420368 8
      vertex 60.25908433217022 165.93607447761548 16
      vertex 61.5760021196304 165.756696291036 16
    endloop
  endfacet
  facet normal 0.03234543331347092 0.44192225587228423 0.8964700177409812
    outer loop
      vertex 60.25908433217022 165.93607447761548 16
      vertex 46.263950713384915 183.18897066420368 8
      vertex 44.93472760174075 183.2862599429062 8
    endloop
  endfacet
  facet normal 0.06257145813055907 0.45937283552003744 0.8860369126699498
    outer loop
      vertex 47.59317382502908 183.09168138550115 8
      vertex 61.5760021196304 165.756696291036 16
      vertex 62.89291990709059 165.57731810445654 16
    endloop
  endfacet
  facet normal 0.032212979906627984 0.440112599845026 0.8973645989135003
    outer loop
      vertex 61.5760021196304 165.756696291036 16
      vertex 47.59317382502908 183.09168138550115 8
      vertex 46.263950713384915 183.18897066420368 8
    endloop
  endfacet
  facet normal 0.062305771102840364 0.45742227520186746 0.8870641763911039
    outer loop
      vertex 48.92239693667325 182.99439210679864 8
      vertex 62.89291990709059 165.57731810445654 16
      vertex 64.20983769455077 165.3979399178771 16
    endloop
  endfacet
  facet normal 0.03208147716305703 0.4383159323363572 0.8982482520345622
    outer loop
      vertex 62.89291990709059 165.57731810445654 16
      vertex 48.92239693667325 182.99439210679864 8
      vertex 47.59317382502908 183.09168138550115 8
    endloop
  endfacet
  facet normal 0.062042028791502425 0.4554859921579651 0.8880784298761617
    outer loop
      vertex 50.251620048317434 182.8971028280961 8
      vertex 64.20983769455077 165.3979399178771 16
      vertex 65.52675548201096 165.21856173129763 16
    endloop
  endfacet
  facet normal 0.03195091664497015 0.43653213806389735 0.8991211438748998
    outer loop
      vertex 64.20983769455077 165.3979399178771 16
      vertex 50.251620048317434 182.8971028280961 8
      vertex 48.92239693667325 182.99439210679864 8
    endloop
  endfacet
  facet normal 0.061780214227294294 0.4535638618075778 0.8890798773969782
    outer loop
      vertex 51.58084315996159 182.79981354939358 8
      vertex 65.52675548201096 165.21856173129763 16
      vertex 66.84367326947114 165.03918354471816 16
    endloop
  endfacet
  facet normal 0.03182128997950301 0.43476110263303536 0.8999834382594757
    outer loop
      vertex 65.52675548201096 165.21856173129763 16
      vertex 51.58084315996159 182.79981354939358 8
      vertex 50.251620048317434 182.8971028280961 8
    endloop
  endfacet
  facet normal 0.06152031054789272 0.45165576035468097 0.8900687195540162
    outer loop
      vertex 52.91006627160577 182.70252427069104 8
      vertex 66.84367326947114 165.03918354471816 16
      vertex 68.16059105693132 164.8598053581387 16
    endloop
  endfacet
  facet normal 0.03169258885917501 0.43300271254200967 0.9008352961239169
    outer loop
      vertex 66.84367326947114 165.03918354471816 16
      vertex 52.91006627160577 182.70252427069104 8
      vertex 51.58084315996159 182.79981354939358 8
    endloop
  endfacet
  facet normal 0.06126230099985223 0.4497615648026515 0.8910451533466045
    outer loop
      vertex 54.23928938324994 182.6052349919885 8
      vertex 68.16059105693132 164.8598053581387 16
      vertex 69.4775088443915 164.68042717155922 16
    endloop
  endfacet
  facet normal 0.03156480504216614 0.43125685518621526 0.9016768755699271
    outer loop
      vertex 68.16059105693132 164.8598053581387 16
      vertex 54.23928938324994 182.6052349919885 8
      vertex 52.91006627160577 182.70252427069104 8
    endloop
  endfacet
  facet normal 0.06100616894046532 0.44788115296788106 0.8920093722418889
    outer loop
      vertex 55.56851249489411 182.507945713286 8
      vertex 69.4775088443915 164.68042717155922 16
      vertex 70.79442663185169 164.50104898497975 16
    endloop
  endfacet
  facet normal 0.031437930352580336 0.42952341886191514 0.9025083319196107
    outer loop
      vertex 69.4775088443915 164.68042717155922 16
      vertex 55.56851249489411 182.507945713286 8
      vertex 54.23928938324994 182.6052349919885 8
    endloop
  endfacet
  facet normal 0.07668599185073256 0.4481909265403861 0.890642550084342
    outer loop
      vertex 63.698239888916866 181.61277094377678 8
      vertex 70.79442663185169 164.50104898497975 16
      vertex 78.82357171105429 163.1272528689698 16
    endloop
  endfacet
  facet normal 0.04838476796683858 0.4394169574384868 0.8969791813327097
    outer loop
      vertex 70.79442663185169 164.50104898497975 16
      vertex 63.698239888916866 181.61277094377678 8
      vertex 55.56851249489411 182.507945713286 8
    endloop
  endfacet
  facet normal 0.11108600427928733 0.4604930591992081 0.8806849845901864
    outer loop
      vertex 71.73608511164079 180.13684788231154 8
      vertex 78.82357171105429 163.1272528689698 16
      vertex 86.71212325260615 161.22427593414673 16
    endloop
  endfacet
  facet normal 0.08304394756768706 0.4522555508892227 0.8880138622016329
    outer loop
      vertex 78.82357171105429 163.1272528689698 16
      vertex 71.73608511164079 180.13684788231154 8
      vertex 63.698239888916866 181.61277094377678 8
    endloop
  endfacet
  facet normal 0.14761841347642574 0.47330042706055603 0.8684443043436916
    outer loop
      vertex 79.66724320664875 178.10046702459664 8
      vertex 86.71212325260615 161.22427593414673 16
      vertex 94.44703373877073 158.81182255555788 16
    endloop
  endfacet
  facet normal 0.11954221617586243 0.4655849184235062 0.8768924348449703
    outer loop
      vertex 86.71212325260615 161.22427593414673 16
      vertex 79.66724320664875 178.10046702459664 8
      vertex 71.73608511164079 180.13684788231154 8
    endloop
  endfacet
  facet normal 0.18652394049845025 0.48640417480203607 0.8535922904736668
    outer loop
      vertex 87.47690921752346 175.5239188663382 8
      vertex 94.44703373877073 158.81182255555788 16
      vertex 102.0152556518113 155.90959710825044 16
    endloop
  endfacet
  facet normal 0.15810200041419364 0.4792162781543379 0.8633397455329707
    outer loop
      vertex 94.44703373877073 158.81182255555788 16
      vertex 87.47690921752346 175.5239188663382 8
      vertex 79.66724320664875 178.10046702459664 8
    endloop
  endfacet
  facet normal 0.22799960927768967 0.49953305071275333 0.835752899734623
    outer loop
      vertex 95.15027818784768 172.42749390324258 8
      vertex 102.0152556518113 155.90959710825044 16
      vertex 109.40374147399118 152.53730396727178 16
    endloop
  endfacet
  facet normal 0.19890235517699056 0.492907523524702 0.8470419271546076
    outer loop
      vertex 102.0152556518113 155.90959710825044 16
      vertex 95.15027818784768 172.42749390324258 8
      vertex 87.47690921752346 175.5239188663382 8
    endloop
  endfacet
  facet normal 0.2721762966587092 0.5123399397903142 0.8145108038772766
    outer loop
      vertex 102.67254516120417 168.831482631016 8
      vertex 109.40374147399118 152.53730396727178 16
      vertex 116.59944368757374 148.71464750766933 16
    endloop
  endfacet
  facet normal 0.24206141974103362 0.5063528686088705 0.8276551464979379
    outer loop
      vertex 109.40374147399118 152.53730396727178 16
      vertex 102.67254516120417 168.831482631016 8
      vertex 95.15027818784768 172.42749390324258 8
    endloop
  endfacet
  facet normal 0.3190897283175675 0.5243900004542134 0.7894281935083464
    outer loop
      vertex 110.02890518117573 164.75617554536484 8
      vertex 116.59944368757374 148.71464750766933 16
      vertex 123.58931477482233 144.46133210449028 16
    endloop
  endfacet
  facet normal 0.2876142352657021 0.5191740933911093 0.8048206709721397
    outer loop
      vertex 116.59944368757374 148.71464750766933 16
      vertex 110.02890518117573 164.75617554536484 8
      vertex 102.67254516120417 168.831482631016 8
    endloop
  endfacet
  facet normal 0.36864607034755414 0.5351533619775353 0.7600729925352218
    outer loop
      vertex 117.20455329134506 160.22186314199527 8
      vertex 123.58931477482233 144.46133210449028 16
      vertex 130.36030721800023 139.79706213278206 16
    endloop
  endfacet
  facet normal 0.3354870628940989 0.5309155820523845 0.7781883289825597
    outer loop
      vertex 123.58931477482233 144.46133210449028 16
      vertex 117.20455329134506 160.22186314199527 8
      vertex 110.02890518117573 164.75617554536484 8
    endloop
  endfacet
  facet normal 0.42058543689643296 0.544006543141047 0.7260611346783168
    outer loop
      vertex 124.18468453529498 155.2488359166136 8
      vertex 130.36030721800023 139.79706213278206 16
      vertex 136.89937349937082 134.74154196759184 16
    endloop
  endfacet
  facet normal 0.3854708186225488 0.541046083754688 0.7474499202248787
    outer loop
      vertex 130.36030721800023 139.79706213278206 16
      vertex 124.18468453529498 155.2488359166136 8
      vertex 117.20455329134506 160.22186314199527 8
    endloop
  endfacet
  facet normal 0.4744496040237615 0.5502475465815115 0.6871136810766637
    outer loop
      vertex 130.9544939566082 149.85738436492616 8
      vertex 136.89937349937082 134.74154196759184 16
      vertex 143.19346610119737 129.3144759839671 16
    endloop
  endfacet
  facet normal 0.4371981308959606 0.5489705318030086 0.7123827268772035
    outer loop
      vertex 136.89937349937082 134.74154196759184 16
      vertex 130.9544939566082 149.85738436492616 8
      vertex 124.18468453529498 155.2488359166136 8
    endloop
  endfacet
  facet normal 0.5295633630446607 0.553129170685079 0.6431257770126038
    outer loop
      vertex 137.4991765988675 144.0677989826391 8
      vertex 143.19346610119737 129.3144759839671 16
      vertex 149.22953750574328 123.53556855695501 16
    endloop
  endfacet
  facet normal 0.4901303989998854 0.5540548593673249 0.6729007391790166
    outer loop
      vertex 143.19346610119737 129.3144759839671 16
      vertex 137.4991765988675 144.0677989826391 8
      vertex 130.9544939566082 149.85738436492616 8
    endloop
  endfacet
  facet normal 0.5850408390865387 0.5519125271274468 0.5942388232021821
    outer loop
      vertex 143.80392750565568 137.90037026545886 8
      vertex 149.22953750574328 123.53556855695501 16
      vertex 154.99454019527192 117.42452406160302 16
    endloop
  endfacet
  facet normal 0.5435622369733766 0.555665037020574 0.629107670569532
    outer loop
      vertex 149.22953750574328 123.53556855695501 16
      vertex 143.80392750565568 137.90037026545886 8
      vertex 137.4991765988675 144.0677989826391 8
    endloop
  endfacet
  facet normal 0.6398266851199305 0.545937552227343 0.5409011019368128
    outer loop
      vertex 149.8539417205555 131.3753887090916 8
      vertex 154.99454019527192 117.42452406160302 16
      vertex 160.47542665204654 111.0010468729584 16
    endloop
  endfacet
  facet normal 0.5966496962406402 0.5532182907167061 0.581342121983637
    outer loop
      vertex 154.99454019527192 117.42452406160302 16
      vertex 149.8539417205555 131.3753887090916 8
      vertex 143.80392750565568 137.90037026545886 8
    endloop
  endfacet
  facet normal 0.648464769336668 0.5462401022552505 0.5302029739800742
    outer loop
      vertex 160.47542665204654 111.0010468729584 16
      vertex 155.63441428714964 124.51314480924366 8
      vertex 149.8539417205555 131.3753887090916 8
    endloop
  endfacet
  facet normal 0.6927756166997318 0.5347002397354038 0.4838983349146884
    outer loop
      vertex 155.63441428714964 124.51314480924366 8
      vertex 160.47542665204654 111.0010468729584 16
      vertex 165.6591493583305 104.28484136606849 16
    endloop
  endfacet
  facet normal 0.698072045796705 0.5344165754359007 0.476544166658839
    outer loop
      vertex 165.6591493583305 104.28484136606849 16
      vertex 161.13054024902092 117.33392906162122 8
      vertex 155.63441428714964 124.51314480924366 8
    endloop
  endfacet
  facet normal 0.7427625843175962 0.5179200334289736 0.4243378162629117
    outer loop
      vertex 161.13054024902092 117.33392906162122 8
      vertex 165.6591493583305 104.28484136606849 16
      vertex 170.53266079638715 97.29561191598053 16
    endloop
  endfacet
  facet normal 0.7446158668826925 0.5176301314698142 0.4214335745773933
    outer loop
      vertex 170.53266079638715 97.29561191598053 16
      vertex 166.32751464975215 109.85803196193064 8
      vertex 161.13054024902092 117.33392906162122 8
    endloop
  endfacet
  facet normal 0.7888036154602384 0.49557907501759085 0.3635797527937519
    outer loop
      vertex 166.32751464975215 109.85803196193064 8
      vertex 170.53266079638715 97.29561191598053 16
      vertex 175.08291344847984 90.05306289774191 16
    endloop
  endfacet
  facet normal 0.7874010982898019 0.49596888892369023 0.3660797339812925
    outer loop
      vertex 175.08291344847984 90.05306289774191 16
      vertex 171.21053253292598 102.10574400587822 8
      vertex 166.32751464975215 109.85803196193064 8
    endloop
  endfacet
  facet normal 0.8301600615541567 0.46792042832070513 0.30312496591433474
    outer loop
      vertex 171.21053253292598 102.10574400587822 8
      vertex 175.08291344847984 90.05306289774191 16
      vertex 179.29685979687187 82.57689868639999 16
    endloop
  endfacet
  facet normal 0.8259506250736032 0.4697063602767287 0.3117394746516906
    outer loop
      vertex 179.29685979687187 82.57689868639999 16
      vertex 175.76478894212528 94.09735568917016 8
      vertex 171.21053253292598 102.10574400587822 8
    endloop
  endfacet
  facet normal 0.8664015627838422 0.43540394496495055 0.24448258979868928
    outer loop
      vertex 175.76478894212528 94.09735568917016 8
      vertex 179.29685979687187 82.57689868639999 16
      vertex 183.1614523238266 74.886823657002 16
    endloop
  endfacet
  facet normal 0.8600285125268481 0.43925599062412696 0.2596249840475183
    outer loop
      vertex 183.1614523238266 74.886823657002 16
      vertex 179.9754789209328 85.85315750751278 8
      vertex 175.76478894212528 94.09735568917016 8
    endloop
  endfacet
  facet normal 0.8974153091464865 0.39863112427834047 0.1890475857187881
    outer loop
      vertex 179.9754789209328 85.85315750751278 8
      vertex 183.1614523238266 74.886823657002 16
      vertex 186.66364351160738 67.00254218459528 16
    endloop
  endfacet
  facet normal 0.889627101261086 0.40511128196814866 0.21082805772458407
    outer loop
      vertex 186.66364351160738 67.00254218459528 16
      vertex 183.8277975129312 77.39343995661234 8
      vertex 179.9754789209328 85.85315750751278 8
    endloop
  endfacet
  facet normal 0.9233653164935962 0.35825821694745746 0.13801283377392648
    outer loop
      vertex 183.8277975129312 77.39343995661234 8
      vertex 186.66364351160738 67.00254218459528 16
      vertex 189.79038584247746 58.943758644227216 16
    endloop
  endfacet
  facet normal 0.9149250846859251 0.36778442759675756 0.16627298105759147
    outer loop
      vertex 189.79038584247746 58.943758644227216 16
      vertex 187.30693976170335 68.73849353217514 8
      vertex 183.8277975129312 77.39343995661234 8
    endloop
  endfacet
  facet normal 0.9446178719032245 0.31491696428760496 0.09232757813840088
    outer loop
      vertex 187.30693976170335 68.73849353217514 8
      vertex 189.79038584247746 58.943758644227216 16
      vertex 192.52863179870033 50.73017741094507 16
    endloop
  endfacet
  facet normal 0.9362285904090354 0.3277543617994773 0.12670084775615387
    outer loop
      vertex 192.52863179870033 50.73017741094507 16
      vertex 190.39810071083198 59.90860872990743 8
      vertex 187.30693976170335 68.73849353217514 8
    endloop
  endfacet
  facet normal 0.9616535928034494 0.26915625004122457 0.05269990998060013
    outer loop
      vertex 190.39810071083198 59.90860872990743 8
      vertex 192.52863179870033 50.73017741094507 16
      vertex 194.86533386253916 42.38150285979616 16
    endloop
  endfacet
  facet normal 0.953907560973851 0.285430643588528 0.09268070358795055
    outer loop
      vertex 194.86533386253916 42.38150285979616 16
      vertex 193.0864754038998 50.924076045515484 8
      vertex 190.39810071083198 59.90860872990743 8
    endloop
  endfacet
  facet normal 0.9749832588355216 0.22140969409552916 0.0196314123534327
    outer loop
      vertex 193.0864754038998 50.924076045515484 8
      vertex 194.86533386253916 42.38150285979616 16
      vertex 196.78744451625738 33.91743936582782 16
    endloop
  endfacet
  facet normal 0.9683366074685855 0.24113491387826758 0.06463874956364014
    outer loop
      vertex 196.78744451625738 33.91743936582782 16
      vertex 195.3572588844897 41.80518597470561 8
      vertex 193.0864754038998 50.924076045515484 8
    endloop
  endfacet
  facet normal 0.9850774659240982 0.17198758771726827 -0.006531140769599821
    outer loop
      vertex 195.3572588844897 41.80518597470561 8
      vertex 196.78744451625738 33.91743936582782 16
      vertex 198.2819162421183 25.357691304087375 16
    endloop
  endfacet
  facet normal 0.9798451686787816 0.19509837780370884 0.04289601840744055
    outer loop
      vertex 198.2819162421183 25.357691304087375 16
      vertex 197.1956461961843 32.57222901318405 8
      vertex 195.3572588844897 41.80518597470561 8
    endloop
  endfacet
  facet normal 0.9923131173546934 0.12108821927594964 -0.025540561434512835
    outer loop
      vertex 197.1956461961843 32.57222901318405 8
      vertex 198.2819162421183 25.357691304087375 16
      vertex 199.33570152238528 16.721963049622133 16
    endloop
  endfacet
  facet normal 0.9886780416932267 0.14747234447529936 0.027706271647496464
    outer loop
      vertex 199.33570152238528 16.721963049622133 16
      vertex 198.58683238256648 23.2454956566571 8
      vertex 197.1956461961843 32.57222901318405 8
    endloop
  endfacet
  facet normal 0.9969350474253792 0.06882327517825887 -0.03720037645904253
    outer loop
      vertex 198.58683238256648 23.2454956566571 8
      vertex 199.33570152238528 16.721963049622133 16
      vertex 199.93575283932165 8.029958977479428 16
    endloop
  endfacet
  facet normal 0.9949650542257936 0.09834895421593984 0.019287925603713917
    outer loop
      vertex 199.93575283932165 8.029958977479428 16
      vertex 199.51601248721892 13.845276400831022 8
      vertex 198.58683238256648 23.2454956566571 8
    endloop
  endfacet
  facet normal 0.9990291654747661 0.015253399903100082 -0.04132868643192911
    outer loop
      vertex 199.51601248721892 13.845276400831022 8
      vertex 199.93575283932165 8.029958977479428 16
      vertex 200.06902267519072 -0.6986165372934323 16
    endloop
  endfacet
  facet normal 0.9986979710098084 0.04779014622155704 0.01784557718355521
    outer loop
      vertex 200.06902267519072 -0.6986165372934323 16
      vertex 199.9683815537244 4.391861741412102 8
      vertex 199.51601248721892 13.845276400831022 8
    endloop
  endfacet
  facet normal 0.9985039507162737 -0.03956811677496521 -0.03773889954510897
    outer loop
      vertex 199.9683815537244 4.391861741412102 8
      vertex 200.06902267519072 -0.6986165372934323 16
      vertex 199.72246351225584 -9.444059119649122 16
    endloop
  endfacet
  facet normal 0.9997134509648254 -0.004136027846306049 0.02357772749130245
    outer loop
      vertex 199.72246351225584 -9.444059119649122 16
      vertex 199.9291346256657 -5.094457825893382 8
      vertex 199.9683815537244 4.391861741412102 8
    endloop
  endfacet
  facet normal 0.9950792631573927 -0.09554417832399685 -0.026240617800134532
    outer loop
      vertex 199.9291346256657 -5.094457825893382 8
      vertex 199.72246351225584 -9.444059119649122 16
      vertex 198.88302783278033 -18.186664394540315 16
    endloop
  endfacet
  facet normal 0.9976827200489664 -0.057312053645156326 0.03666767817397846
    outer loop
      vertex 198.88302783278033 -18.186664394540315 16
      vertex 199.3834667466256 -14.593391805379161 8
      vertex 199.9291346256657 -5.094457825893382 8
    endloop
  endfacet
  facet normal 0.988284741459935 -0.15247577758936612 -0.00666386119210453
    outer loop
      vertex 199.3834667466256 -14.593391805379161 8
      vertex 198.88302783278033 -18.186664394540315 16
      vertex 197.53766811902756 -26.90672798691971 16
    endloop
  endfacet
  facet normal -0.03953952455571109 -0.540212144275132 -0.8405994677464246
    outer loop
      vertex 197.53766811902756 -26.90672798691971 16
      vertex 192.73735118840474 -14.106945411866523 8
      vertex 199.3834667466256 -14.593391805379161 8
    endloop
  endfacet
  facet normal -0.07471468799523245 -0.5485232261608985 -0.8327904813095638
    outer loop
      vertex 192.73735118840474 -14.106945411866523 8
      vertex 197.53766811902756 -26.90672798691971 16
      vertex 190.95307918172665 -26.009837054022388 16
    endloop
  endfacet
  facet normal -0.04048839590529287 -0.5531761804429542 -0.8320798057804073
    outer loop
      vertex 190.95307918172665 -26.009837054022388 16
      vertex 186.0912356301839 -13.620499018353883 8
      vertex 192.73735118840474 -14.106945411866523 8
    endloop
  endfacet
  facet normal -0.07653513132534961 -0.5618881410828817 -0.8236650354260735
    outer loop
      vertex 186.0912356301839 -13.620499018353883 8
      vertex 190.95307918172665 -26.009837054022388 16
      vertex 184.36849024442571 -25.11294612112506 16
    endloop
  endfacet
  facet normal -0.041473161595328566 -0.5666306261147347 -0.8229275244006069
    outer loop
      vertex 184.36849024442571 -25.11294612112506 16
      vertex 179.44512007196303 -13.134052624841244 8
      vertex 186.0912356301839 -13.620499018353883 8
    endloop
  endfacet
  facet normal -0.07842412150111884 -0.5757562975752898 -0.8138515484836113
    outer loop
      vertex 179.44512007196303 -13.134052624841244 8
      vertex 184.36849024442571 -25.11294612112506 16
      vertex 177.7839013071248 -24.216055188227738 16
    endloop
  endfacet
  facet normal -0.04249487457584151 -0.5805898673104386 -0.8130864601081675
    outer loop
      vertex 177.7839013071248 -24.216055188227738 16
      vertex 172.79900451374218 -12.647606231328606 8
      vertex 179.44512007196303 -13.134052624841244 8
    endloop
  endfacet
  facet normal -0.08038341981682981 -0.5901406263061275 -0.8032885826411096
    outer loop
      vertex 172.79900451374218 -12.647606231328606 8
      vertex 177.7839013071248 -24.216055188227738 16
      vertex 171.1993123698239 -23.319164255330417 16
    endloop
  endfacet
  facet normal -0.04355446905099199 -0.5950666676745044 -0.8024952767764101
    outer loop
      vertex 171.1993123698239 -23.319164255330417 16
      vertex 166.15288895552135 -12.161159837815969 8
      vertex 172.79900451374218 -12.647606231328606 8
    endloop
  endfacet
  facet normal -0.08241449031247544 -0.6050518756297233 -0.791909135938896
    outer loop
      vertex 166.15288895552135 -12.161159837815969 8
      vertex 171.1993123698239 -23.319164255330417 16
      vertex 164.614723432523 -22.422273322433092 16
    endloop
  endfacet
  facet normal -0.04465271663507575 -0.6100715694534058 -0.7910871096420203
    outer loop
      vertex 164.614723432523 -22.422273322433092 16
      vertex 159.50677339730046 -11.674713444303329 8
      vertex 166.15288895552135 -12.161159837815969 8
    endloop
  endfacet
  facet normal -0.08451840149343104 -0.6204978900547261 -0.779640306966378
    outer loop
      vertex 159.50677339730046 -11.674713444303329 8
      vertex 164.614723432523 -22.422273322433092 16
      vertex 158.03013449522206 -21.525382389535768 16
    endloop
  endfacet
  facet normal -0.04579017319723264 -0.6256121672569198 -0.7787892373541555
    outer loop
      vertex 158.03013449522206 -21.525382389535768 16
      vertex 152.86065783907964 -11.18826705079069 8
      vertex 159.50677339730046 -11.674713444303329 8
    endloop
  endfacet
  facet normal -0.08669570808121405 -0.6364827421088297 -0.7664030096482671
    outer loop
      vertex 152.86065783907964 -11.18826705079069 8
      vertex 158.03013449522206 -21.525382389535768 16
      vertex 151.44554555792112 -20.628491456638447 16
    endloop
  endfacet
  facet normal -0.04696711498011506 -0.6416922352739794 -0.7655228052119208
    outer loop
      vertex 151.44554555792112 -20.628491456638447 16
      vertex 146.21454228085875 -10.70182065727805 8
      vertex 152.86065783907964 -11.18826705079069 8
    endloop
  endfacet
  facet normal -0.08894631007105276 -0.653005697599842 -0.7521117688395041
    outer loop
      vertex 146.21454228085875 -10.70182065727805 8
      vertex 151.44554555792112 -20.628491456638447 16
      vertex 144.8609566206202 -19.73160052374112 16
    endloop
  endfacet
  facet normal -0.04818346254785294 -0.6583106882051866 -0.751202630274757
    outer loop
      vertex 144.8609566206202 -19.73160052374112 16
      vertex 139.56842672263792 -10.215374263765412 8
      vertex 146.21454228085875 -10.70182065727805 8
    endloop
  endfacet
  facet normal -0.09126928648223737 -0.6700599950820201 -0.7366746366854953
    outer loop
      vertex 139.56842672263792 -10.215374263765412 8
      vertex 144.8609566206202 -19.73160052374112 16
      vertex 138.27636768331928 -18.834709590843797 16
    endloop
  endfacet
  facet normal -0.049438691185056234 -0.6754603570815496 -0.7357371282089644
    outer loop
      vertex 138.27636768331928 -18.834709590843797 16
      vertex 132.92231116441704 -9.728927870252772 8
      vertex 139.56842672263792 -10.215374263765412 8
    endloop
  endfacet
  facet normal -0.09366270157025229 -0.6876314231485295 -0.7199932806862086
    outer loop
      vertex 132.92231116441704 -9.728927870252772 8
      vertex 138.27636768331928 -18.834709590843797 16
      vertex 131.69177874601834 -17.93781865794647 16
    endloop
  endfacet
  facet normal -0.05073172658289214 -0.6931265640665224 -0.7190284125841312
    outer loop
      vertex 131.69177874601834 -17.93781865794647 16
      vertex 126.2761956061962 -9.242481476740135 8
      vertex 132.92231116441704 -9.728927870252772 8
    endloop
  endfacet
  facet normal -0.09612338205117536 -0.7056966849084848 -0.7019633069699714
    outer loop
      vertex 126.2761956061962 -9.242481476740135 8
      vertex 131.69177874601834 -17.93781865794647 16
      vertex 125.10718980871744 -17.040927725049148 16
    endloop
  endfacet
  facet normal -0.09864666522610803 -0.7242215488243979 -0.6824748959911702
    outer loop
      vertex 119.63008004797535 -8.756035083227497 8
      vertex 125.10718980871744 -17.040927725049148 16
      vertex 118.52260087141653 -16.144036792151827 16
    endloop
  endfacet
  facet normal -0.05206082507760347 -0.7112854862045239 -0.700972629713196
    outer loop
      vertex 125.10718980871744 -17.040927725049148 16
      vertex 119.63008004797535 -8.756035083227497 8
      vertex 126.2761956061962 -9.242481476740135 8
    endloop
  endfacet
  facet normal -0.1012261199713676 -0.7431588003417434 -0.6614138417890594
    outer loop
      vertex 112.9839644897545 -8.269588689714856 8
      vertex 118.52260087141653 -16.144036792151827 16
      vertex 111.93801193411561 -15.247145859254502 16
    endloop
  endfacet
  facet normal -0.05342343843502241 -0.7299023080277609 -0.6814606055829837
    outer loop
      vertex 118.52260087141653 -16.144036792151827 16
      vertex 112.9839644897545 -8.269588689714856 8
      vertex 119.63008004797535 -8.756035083227497 8
    endloop
  endfacet
  facet normal -0.10385324557893999 -0.7624460309045942 -0.6386630984647156
    outer loop
      vertex 106.33784893153366 -7.783142296202219 8
      vertex 111.93801193411561 -15.247145859254502 16
      vertex 105.3534229968147 -14.350254926357179 16
    endloop
  endfacet
  facet normal -0.05481606429971391 -0.7489291783048199 -0.6603788950128229
    outer loop
      vertex 111.93801193411561 -15.247145859254502 16
      vertex 106.33784893153366 -7.783142296202219 8
      vertex 112.9839644897545 -8.269588689714856 8
    endloop
  endfacet
  facet normal -0.1065171575777262 -0.7820033313898239 -0.6141049461100108
    outer loop
      vertex 99.6917333733128 -7.296695902689581 8
      vertex 105.3534229968147 -14.350254926357179 16
      vertex 98.76883405951378 -13.453363993459854 16
    endloop
  endfacet
  facet normal -0.056234085054696584 -0.7683030084477823 -0.637611335288315
    outer loop
      vertex 105.3534229968147 -14.350254926357179 16
      vertex 99.6917333733128 -7.296695902689581 8
      vertex 106.33784893153366 -7.783142296202219 8
    endloop
  endfacet
  facet normal -0.10920427506282988 -0.8017309966127114 -0.5876238893870724
    outer loop
      vertex 93.04561781509194 -6.810249509176941 8
      vertex 98.76883405951378 -13.453363993459854 16
      vertex 92.18424512221286 -12.55647306056253 16
    endloop
  endfacet
  facet normal -0.05767160006440684 -0.7879431805173537 -0.6130412146195457
    outer loop
      vertex 98.76883405951378 -13.453363993459854 16
      vertex 93.04561781509194 -6.810249509176941 8
      vertex 99.6917333733128 -7.296695902689581 8
    endloop
  endfacet
  facet normal -0.11189803068982387 -0.8215073962291055 -0.559110390413749
    outer loop
      vertex 86.39950225687109 -6.323803115664303 8
      vertex 92.18424512221286 -12.55647306056253 16
      vertex 85.59965618491195 -11.659582127665209 16
    endloop
  endfacet
  facet normal -0.059121259161921305 -0.8077492722277606 -0.5865541662375542
    outer loop
      vertex 92.18424512221286 -12.55647306056253 16
      vertex 86.39950225687109 -6.323803115664303 8
      vertex 93.04561781509194 -6.810249509176941 8
    endloop
  endfacet
  facet normal -0.1145786320872323 -0.8411872231280895 -0.5284655075925699
    outer loop
      vertex 79.75338669865023 -5.8373567221516645 8
      vertex 85.59965618491195 -11.659582127665209 16
      vertex 79.01506724761103 -10.762691194767884 16
    endloop
  endfacet
  facet normal -0.060574108777190314 -0.8275989546605356 -0.5580418869499294
    outer loop
      vertex 85.59965618491195 -11.659582127665209 16
      vertex 79.75338669865023 -5.8373567221516645 8
      vertex 86.39950225687109 -6.323803115664303 8
    endloop
  endfacet
  facet normal -0.1172229113580484 -0.8606003885366249 -0.4956064570839988
    outer loop
      vertex 73.10727114042939 -5.350910328639026 8
      vertex 79.01506724761103 -10.762691194767884 16
      vertex 72.43047831031011 -9.865800261870561 16
    endloop
  endfacet
  facet normal -0.06201946613840365 -0.8473462735299035 -0.5274067486815971
    outer loop
      vertex 79.01506724761103 -10.762691194767884 16
      vertex 73.10727114042939 -5.350910328639026 8
      vertex 79.75338669865023 -5.8373567221516645 8
    endloop
  endfacet
  facet normal -0.11980430642729835 -0.8795518850813344 -0.4604730281040846
    outer loop
      vertex 66.46115558220852 -4.864463935126386 8
      vertex 72.43047831031011 -9.865800261870561 16
      vertex 65.84588937300917 -8.968909328973234 16
    endloop
  endfacet
  facet normal -0.0634448411638083 -0.8668205820230457 -0.4945673166626839
    outer loop
      vertex 72.43047831031011 -9.865800261870561 16
      vertex 66.46115558220852 -4.864463935126386 8
      vertex 73.10727114042939 -5.350910328639026 8
    endloop
  endfacet
  facet normal -0.12229302250993185 -0.8978229722165956 -0.4230346643072449
    outer loop
      vertex 59.81504002398768 -4.378017541613748 8
      vertex 65.84588937300917 -8.968909328973234 16
      vertex 59.261300435708264 -8.072018396075913 16
    endloop
  endfacet
  facet normal -0.06483592937774792 -0.8858264440148708 -0.4594647030465917
    outer loop
      vertex 65.84588937300917 -8.968909328973234 16
      vertex 59.81504002398768 -4.378017541613748 8
      vertex 66.46115558220852 -4.864463935126386 8
    endloop
  endfacet
  facet normal -0.12465642164970998 -0.9151740360521242 -0.3832978740843143
    outer loop
      vertex 53.16892446576681 -3.891571148101108 8
      vertex 59.261300435708264 -8.072018396075913 16
      vertex 52.67671149840733 -7.175127463178587 16
    endloop
  endfacet
  facet normal -0.06617670150635635 -0.9041448581768649 -0.4220695672635914
    outer loop
      vertex 59.261300435708264 -8.072018396075913 16
      vertex 53.16892446576681 -3.891571148101108 8
      vertex 59.81504002398768 -4.378017541613748 8
    endloop
  endfacet
  facet normal -0.1268596805798974 -0.9313494190843248 -0.3413134644494078
    outer loop
      vertex 46.52280890754599 -3.405124754588472 8
      vertex 52.67671149840733 -7.175127463178587 16
      vertex 46.09212256110645 -6.278236530281268 16
    endloop
  endfacet
  facet normal -0.06744961513139423 -0.9215361497157867 -0.3823894273978168
    outer loop
      vertex 52.67671149840733 -7.175127463178587 16
      vertex 46.52280890754599 -3.405124754588472 8
      vertex 53.16892446576681 -3.891571148101108 8
    endloop
  endfacet
  facet normal -0.12886673985146532 -0.9460843882888645 -0.29718292951672
    outer loop
      vertex 39.876693349325116 -2.9186783610758322 8
      vertex 46.09212256110645 -6.278236530281268 16
      vertex 39.507533623805514 -5.381345597383942 16
    endloop
  endfacet
  facet normal -0.06863596957042058 -0.9377448189544324 -0.34047578211268864
    outer loop
      vertex 46.09212256110645 -6.278236530281268 16
      vertex 39.876693349325116 -2.9186783610758322 8
      vertex 46.52280890754599 -3.405124754588472 8
    endloop
  endfacet
  facet normal -0.13064153920930682 -0.9591142047235354 -0.25106320027149215
    outer loop
      vertex 33.230577791104245 -2.432231967563192 8
      vertex 39.507533623805514 -5.381345597383942 16
      vertex 32.92294468650457 -4.4844546644866154 16
    endloop
  endfacet
  facet normal -0.0697164158456006 -0.9525065088241882 -0.29643038307366526
    outer loop
      vertex 39.507533623805514 -5.381345597383942 16
      vertex 33.230577791104245 -2.432231967563192 8
      vertex 39.876693349325116 -2.9186783610758322 8
    endloop
  endfacet
  facet normal -0.1321494967093512 -0.9701849825723382 -0.20316892013931911
    outer loop
      vertex 26.584462232883403 -1.945785574050554 8
      vertex 32.92294468650457 -4.4844546644866154 16
      vertex 26.338355749203664 -3.5875637315892934 16
    endloop
  endfacet
  facet normal -0.07067161867059613 -0.9655570493177 -0.25040987765536415
    outer loop
      vertex 32.92294468650457 -4.4844546644866154 16
      vertex 26.584462232883403 -1.945785574050554 8
      vertex 33.230577791104245 -2.432231967563192 8
    endloop
  endfacet
  facet normal -0.13335914621367367 -0.9790657109329678 -0.1537714921449434
    outer loop
      vertex 19.938346674662558 -1.4593391805379161 8
      vertex 26.338355749203664 -3.5875637315892934 16
      vertex 19.753766811902757 -2.690672798691971 16
    endloop
  endfacet
  facet normal -0.07148304745784992 -0.9766432646936926 -0.20262800264174916
    outer loop
      vertex 26.338355749203664 -3.5875637315892934 16
      vertex 19.938346674662558 -1.4593391805379161 8
      vertex 26.584462232883403 -1.945785574050554 8
    endloop
  endfacet
  facet normal -0.13424380698494046 -0.9855605112638514 -0.10319437447615942
    outer loop
      vertex 13.292231116441716 -0.972892787025278 8
      vertex 19.753766811902757 -2.690672798691971 16
      vertex 13.169177874601846 -1.7937818657946485 16
    endloop
  endfacet
  facet normal -0.07213385065014621 -0.9855349191068886 -0.1533545917517986
    outer loop
      vertex 19.753766811902757 -2.690672798691971 16
      vertex 13.292231116441716 -0.972892787025278 8
      vertex 19.938346674662558 -1.4593391805379161 8
    endloop
  endfacet
  facet normal -0.13478312957958627 -0.989519986669483 -0.05180447820756758
    outer loop
      vertex 6.646115558220844 -0.486446393512638 8
      vertex 13.169177874601846 -1.7937818657946485 16
      vertex 6.584588937300909 -0.8968909328973224 16
    endloop
  endfacet
  facet normal -0.07260974608543126 -0.992036881293709 -0.10291088827942678
    outer loop
      vertex 13.169177874601846 -1.7937818657946485 16
      vertex 6.646115558220844 -0.486446393512638 8
      vertex 13.292231116441716 -0.972892787025278 8
    endloop
  endfacet
  facet normal -0.1349643534341106 -0.9908504545601786 0
    outer loop
      vertex 0 0 8
      vertex 6.584588937300909 -0.8968909328973224 16
      vertex 0 0 16
    endloop
  endfacet
  facet normal -0.0728998445987043 -0.9960003771037166 -0.05166102463888169
    outer loop
      vertex 6.584588937300909 -0.8968909328973224 16
      vertex 0 0 8
      vertex 6.646115558220844 -0.486446393512638 8
    endloop
  endfacet
  facet normal -0.98067869215879 0.18060958813461417 0.07516301896258974
    outer loop
      vertex 0 0 16
      vertex 1.5563024257060356 5.1211482474277625 24
      vertex 1.042896433601539 5.662746486078788 16
    endloop
  endfacet
  facet normal -0.9567939059577739 0.29076695397184754 0
    outer loop
      vertex 1.5563024257060356 5.1211482474277625 24
      vertex 0 0 16
      vertex 0 0 24
    endloop
  endfacet
  facet normal -0.9724723731508065 0.17909824715414432 0.14906810968396866
    outer loop
      vertex 1.042896433601539 5.662746486078788 16
      vertex 3.112604851412071 10.242296494855525 24
      vertex 2.085792867203078 11.325492972157576 16
    endloop
  endfacet
  facet normal -0.953663761095547 0.289815711827209 0.08082254605729682
    outer loop
      vertex 3.112604851412071 10.242296494855525 24
      vertex 1.042896433601539 5.662746486078788 16
      vertex 1.5563024257060356 5.1211482474277625 24
    endloop
  endfacet
  facet normal -0.9592413771509081 0.17666152169323712 0.22055993995886744
    outer loop
      vertex 2.085792867203078 11.325492972157576 16
      vertex 4.668907277118107 15.363444742283287 24
      vertex 3.128689300804617 16.988239458236368 16
    endloop
  endfacet
  facet normal -0.9444544929670041 0.2870170413660235 0.16008413000648528
    outer loop
      vertex 4.668907277118107 15.363444742283287 24
      vertex 2.085792867203078 11.325492972157576 16
      vertex 3.112604851412071 10.242296494855525 24
    endloop
  endfacet
  facet normal -0.9415935458407639 0.17341135671068036 0.28866952695907877
    outer loop
      vertex 3.128689300804617 16.988239458236368 16
      vertex 6.225209702824142 20.48459298971105 24
      vertex 4.171585734406156 22.650985944315153 16
    endloop
  endfacet
  facet normal -0.9296813219761998 0.2825275166076047 0.23637013755575192
    outer loop
      vertex 6.225209702824142 20.48459298971105 24
      vertex 3.128689300804617 16.988239458236368 16
      vertex 4.668907277118107 15.363444742283287 24
    endloop
  endfacet
  facet normal -0.9202724828797041 0.1694847001708992 0.352666263856362
    outer loop
      vertex 4.171585734406156 22.650985944315153 16
      vertex 7.781512128530179 25.605741237138812 24
      vertex 5.214482168007695 28.313732430393944 16
    endloop
  endfacet
  facet normal -0.9101169921588647 0.2765819722724405 0.3085279131579315
    outer loop
      vertex 7.781512128530179 25.605741237138812 24
      vertex 4.171585734406156 22.650985944315153 16
      vertex 6.225209702824142 20.48459298971105 24
    endloop
  endfacet
  facet normal -0.8960803476877509 0.1650292841329537 0.41207444214166483
    outer loop
      vertex 5.214482168007695 28.313732430393944 16
      vertex 9.337814554236214 30.726889484566573 24
      vertex 6.257378601609234 33.976478916472736 16
    endloop
  endfacet
  facet normal -0.8866880747358055 0.26946199072621435 0.3757319439110495
    outer loop
      vertex 9.337814554236214 30.726889484566573 24
      vertex 5.214482168007695 28.313732430393944 16
      vertex 7.781512128530179 25.605741237138812 24
    endloop
  endfacet
  facet normal -0.8698093375732512 0.16019100595418043 0.4666589309996863
    outer loop
      vertex 6.257378601609234 33.976478916472736 16
      vertex 10.894116979942249 35.84803773199434 24
      vertex 7.300275035210772 39.63922540255152 16
    endloop
  endfacet
  facet normal -0.860368958719036 0.2614636860257183 0.4374951379873453
    outer loop
      vertex 10.894116979942249 35.84803773199434 24
      vertex 6.257378601609234 33.976478916472736 16
      vertex 9.337814554236214 30.726889484566573 24
    endloop
  endfacet
  facet normal -0.8421901422240282 0.15510443525929576 0.5163897544525513
    outer loop
      vertex 7.300275035210772 39.63922540255152 16
      vertex 12.45041940564829 40.969185979422114 24
      vertex 8.343171468812315 45.30197188863033 16
    endloop
  endfacet
  facet normal -0.8320933223224856 0.2528708003316881 0.49363656801936734
    outer loop
      vertex 12.45041940564829 40.969185979422114 24
      vertex 7.300275035210772 39.63922540255152 16
      vertex 10.894116979942249 35.84803773199434 24
    endloop
  endfacet
  facet normal -0.8138599161813919 0.14988691549646932 0.5613964280222773
    outer loop
      vertex 8.343171468812315 45.30197188863033 16
      vertex 14.006721831354325 46.090334226849876 24
      vertex 9.386067902413853 50.964718374709115 16
    endloop
  endfacet
  facet normal -0.8026932763828539 0.24393620976702285 0.5442229594699752
    outer loop
      vertex 14.006721831354325 46.090334226849876 24
      vertex 8.343171468812315 45.30197188863033 16
      vertex 12.45041940564829 40.969185979422114 24
    endloop
  endfacet
  facet normal -0.7853479489755868 0.14463592483548937 0.6019211312845079
    outer loop
      vertex 9.386067902413853 50.964718374709115 16
      vertex 15.563024257060361 51.21148247427764 24
      vertex 10.428964336015392 56.6274648607879 16
    endloop
  endfacet
  facet normal -0.7728671210709688 0.23487212577283556 0.5895010582708243
    outer loop
      vertex 15.563024257060361 51.21148247427764 24
      vertex 9.386067902413853 50.964718374709115 16
      vertex 14.006721831354325 46.090334226849876 24
    endloop
  endfacet
  facet normal -0.7570748953734397 0.13942893440404538 0.6382767229393908
    outer loop
      vertex 10.428964336015392 56.6274648607879 16
      vertex 17.1193266827664 56.33263072170541 24
      vertex 11.471860769616931 62.2902113468667 16
    endloop
  endfacet
  facet normal -0.7431706503610344 0.2258474525613164 0.6298335594532266
    outer loop
      vertex 17.1193266827664 56.33263072170541 24
      vertex 10.428964336015392 56.6274648607879 16
      vertex 15.563024257060361 51.21148247427764 24
    endloop
  endfacet
  facet normal -0.7293608916111681 0.1343249030377207 0.6708125745780774
    outer loop
      vertex 11.471860769616931 62.2902113468667 16
      vertex 18.67562910847243 61.45377896913316 24
      vertex 12.514757203218469 67.95295783294547 16
    endloop
  endfacet
  facet normal -0.7140246138531995 0.2169900547424495 0.665645676733995
    outer loop
      vertex 18.67562910847243 61.45377896913316 24
      vertex 11.471860769616931 62.2902113468667 16
      vertex 17.1193266827664 56.33263072170541 24
    endloop
  endfacet
  facet normal -0.7024384584236862 0.12936665360449487 0.6998889062290741
    outer loop
      vertex 12.514757203218469 67.95295783294547 16
      vertex 20.231931534178468 66.57492721656092 24
      vertex 13.55765363682001 73.61570431902427 16
    endloop
  endfacet
  facet normal -0.6857312684054955 0.20839178731800687 0.6973847507003553
    outer loop
      vertex 20.231931534178468 66.57492721656092 24
      vertex 12.514757203218469 67.95295783294547 16
      vertex 18.67562910847243 61.45377896913316 24
    endloop
  endfacet
  facet normal -0.6764671310998653 0.12458356739208958 0.7258589086574457
    outer loop
      vertex 13.55765363682001 73.61570431902427 16
      vertex 21.7882339598845 71.69607546398868 24
      vertex 14.600550070421548 79.27845080510305 16
    endloop
  endfacet
  facet normal -0.6584945637904872 0.20011463004534483 0.7254922772160919
    outer loop
      vertex 21.7882339598845 71.69607546398868 24
      vertex 13.55765363682001 73.61570431902427 16
      vertex 20.231931534178468 66.57492721656092 24
    endloop
  endfacet
  facet normal -0.651547822984527 0.11999422940473736 0.7490572870439797
    outer loop
      vertex 14.600550070421548 79.27845080510305 16
      vertex 23.34453638559054 76.81722371141645 24
      vertex 15.643446504023087 84.94119729118185 16
    endloop
  endfacet
  facet normal -0.6324403800062066 0.19219683749879407 0.7503862614634327
    outer loop
      vertex 23.34453638559054 76.81722371141645 24
      vertex 14.600550070421548 79.27845080510305 16
      vertex 21.7882339598845 71.69607546398868 24
    endloop
  endfacet
  facet normal -0.6277358049933003 0.11560881877387927 0.7697937127251181
    outer loop
      vertex 15.643446504023087 84.94119729118185 16
      vertex 24.900838811296577 81.93837195884421 24
      vertex 16.686342937624627 90.60394377726064 16
    endloop
  endfacet
  facet normal -0.6076348241931093 0.18465849945081775 0.7724513958873925
    outer loop
      vertex 24.900838811296577 81.93837195884421 24
      vertex 15.643446504023087 84.94119729118185 16
      vertex 23.34453638559054 76.81722371141645 24
    endloop
  endfacet
  facet normal -0.6050518091383631 0.11143115367177636 0.7883497994226744
    outer loop
      vertex 16.686342937624627 90.60394377726064 16
      vertex 26.45714123700261 87.05952020627197 24
      vertex 17.729239371226164 96.26669026333943 16
    endloop
  endfacet
  facet normal -0.5840997280230252 0.17750625048455837 0.7920347459312256
    outer loop
      vertex 26.45714123700261 87.05952020627197 24
      vertex 16.686342937624627 90.60394377726064 16
      vertex 24.900838811296577 81.93837195884421 24
    endloop
  endfacet
  facet normal -0.5834911615734888 0.1074603733257335 0.8049784671221427
    outer loop
      vertex 17.729239371226164 96.26669026333943 16
      vertex 28.013443662708646 92.18066845369974 24
      vertex 18.772135804827705 101.92943674941822 16
    endloop
  endfacet
  facet normal -0.561825190539184 0.17073708172733787 0.8094450594072718
    outer loop
      vertex 28.013443662708646 92.18066845369974 24
      vertex 17.729239371226164 96.26669026333943 16
      vertex 26.45714123700261 87.05952020627197 24
    endloop
  endfacet
  facet normal -0.5630310740298758 0.10369228086691203 0.8199048240895902
    outer loop
      vertex 18.772135804827705 101.92943674941822 16
      vertex 29.569746088414682 97.30181670112749 24
      vertex 19.815032238429243 107.592183235497 16
    endloop
  endfacet
  facet normal -0.5407793911190466 0.16434132298222998 0.8249542894617639
    outer loop
      vertex 29.569746088414682 97.30181670112749 24
      vertex 18.772135804827705 101.92943674941822 16
      vertex 28.013443662708646 92.18066845369974 24
    endloop
  endfacet
  facet normal -0.5436363273782447 0.10012039006033681 0.8333279372785123
    outer loop
      vertex 19.815032238429243 107.592183235497 16
      vertex 31.126048514120722 102.42296494855528 24
      vertex 20.857928672030784 113.2549297215758 16
    endloop
  endfacet
  facet normal -0.5209160626291404 0.15830491379861247 0.8388003397484811
    outer loop
      vertex 31.126048514120722 102.42296494855528 24
      vertex 19.815032238429243 107.592183235497 16
      vertex 29.569746088414682 97.30181670112749 24
    endloop
  endfacet
  facet normal -0.5252636127680103 0.0967367248036109 0.8454230557396504
    outer loop
      vertex 20.857928672030784 113.2549297215758 16
      vertex 32.682350939826755 107.54411319598303 24
      vertex 21.90082510563232 118.91767620765458 16
    endloop
  endfacet
  facet normal -0.5021800538094295 0.15261109386500468 0.851190370942532
    outer loop
      vertex 32.682350939826755 107.54411319598303 24
      vertex 20.857928672030784 113.2549297215758 16
      vertex 31.126048514120722 102.42296494855528 24
    endloop
  endfacet
  facet normal -0.5078647867889247 0.09353241862337625 0.856343999223619
    outer loop
      vertex 21.90082510563232 118.91767620765458 16
      vertex 34.2386533655328 112.66526144341081 24
      vertex 22.943721539233863 124.5804226937334 16
    endloop
  endfacet
  facet normal -0.4845113829820961 0.14724163491966152 0.8623042506603812
    outer loop
      vertex 34.2386533655328 112.66526144341081 24
      vertex 21.90082510563232 118.91767620765458 16
      vertex 32.682350939826755 107.54411319598303 24
    endloop
  endfacet
  facet normal -0.49138926850085524 0.0904981561313852 0.8662255309900614
    outer loop
      vertex 22.943721539233863 124.5804226937334 16
      vertex 35.79495579123882 117.78640969083854 24
      vertex 23.986617972835397 130.24316917981216 16
    endloop
  endfacet
  facet normal -0.46784812986432556 0.14217771956427858 0.8722978983363164
    outer loop
      vertex 35.79495579123882 117.78640969083854 24
      vertex 22.943721539233863 124.5804226937334 16
      vertex 34.2386533655328 112.66526144341081 24
    endloop
  endfacet
  facet normal -0.47578577067155836 0.08762449186301524 0.8751856082296028
    outer loop
      vertex 23.986617972835397 130.24316917981216 16
      vertex 37.35125821694486 122.90755793826632 24
      vertex 25.029514406436938 135.90591566589094 16
    endloop
  endfacet
  facet normal -0.4521284497600636 0.1374005533711554 0.8813063898842797
    outer loop
      vertex 37.35125821694486 122.90755793826632 24
      vertex 23.986617972835397 130.24316917981216 16
      vertex 35.79495579123882 117.78640969083854 24
    endloop
  endfacet
  facet normal -0.4610035221273017 0.08490207539508454 0.8833274535413409
    outer loop
      vertex 25.029514406436938 135.90591566589094 16
      vertex 38.9075606426509 128.0287061856941 24
      vertex 26.072410840038483 141.56866215196976 16
    endloop
  endfacet
  facet normal -0.4372919354100318 0.13289177874554758 0.8894467597148202
    outer loop
      vertex 38.9075606426509 128.0287061856941 24
      vertex 25.029514406436938 135.90591566589094 16
      vertex 37.35125821694486 122.90755793826632 24
    endloop
  endfacet
  facet normal -0.44699310614622545 0.08232180575104171 0.8907414233971814
    outer loop
      vertex 26.072410840038483 141.56866215196976 16
      vertex 40.463863068356936 133.14985443312185 24
      vertex 27.11530727364002 147.23140863804855 16
    endloop
  endfacet
  facet normal -0.42328050080290736 0.12863374351338258 0.896820482409815
    outer loop
      vertex 40.463863068356936 133.14985443312185 24
      vertex 26.072410840038483 141.56866215196976 16
      vertex 38.9075606426509 128.0287061856941 24
    endloop
  endfacet
  facet normal -0.4337070125940624 0.07987493308667105 0.8975066697752911
    outer loop
      vertex 27.11530727364002 147.23140863804855 16
      vertex 42.02016549406297 138.2710026805496 24
      vertex 28.158203707241558 152.89415512412734 16
    endloop
  endfacet
  facet normal -0.410038919437371 0.1246096644975644 0.9035156423994205
    outer loop
      vertex 42.02016549406297 138.2710026805496 24
      vertex 27.11530727364002 147.23140863804855 16
      vertex 40.463863068356936 133.14985443312185 24
    endloop
  endfacet
  facet normal -0.42109997915745695 0.07755312153433486 0.9036926030979063
    outer loop
      vertex 28.158203707241558 152.89415512412734 16
      vertex 43.576467919769 143.39215092797735 24
      vertex 29.201100140843096 158.5569016102061 16
    endloop
  endfacet
  facet normal -0.39751511636638504 0.12080371626940428 0.9096088139391134
    outer loop
      vertex 43.576467919769 143.39215092797735 24
      vertex 28.158203707241558 152.89415512412734 16
      vertex 42.02016549406297 138.2710026805496 24
    endloop
  endfacet
  facet normal -0.4091291791556894 0.07534848379187283 0.9093601710838548
    outer loop
      vertex 29.201100140843096 158.5569016102061 16
      vertex 45.132770345475045 148.51329917540514 24
      vertex 30.243996574444637 164.2196480962849 16
    endloop
  endfacet
  facet normal -0.3856602876645362 0.11720106745440824 0.9151666800676553
    outer loop
      vertex 45.132770345475045 148.51329917540514 24
      vertex 29.201100140843096 158.5569016102061 16
      vertex 43.576467919769 143.39215092797735 24
    endloop
  endfacet
  facet normal -0.3977542993713066 0.07325359545651439 0.9145629710874666
    outer loop
      vertex 30.243996574444637 164.2196480962849 16
      vertex 46.68907277118108 153.6344474228329 24
      vertex 31.286893008046174 169.8823945823637 16
    endloop
  endfacet
  facet normal -0.374428901384428 0.11378788102291747 0.9202474210452124
    outer loop
      vertex 46.68907277118108 153.6344474228329 24
      vertex 30.243996574444637 164.2196480962849 16
      vertex 45.132770345475045 148.51329917540514 24
    endloop
  endfacet
  facet normal 0.0967816339196096 0.5102841993852396 0.8545427731796786
    outer loop
      vertex 32.603810795506355 169.70301639578423 16
      vertex 46.68907277118108 153.6344474228329 24
      vertex 47.985565998377986 153.38855163957135 24
    endloop
  endfacet
  facet normal 0.06688707843120693 0.49105627064791635 0.8685561915019073
    outer loop
      vertex 46.68907277118108 153.6344474228329 24
      vertex 32.603810795506355 169.70301639578423 16
      vertex 31.286893008046174 169.8823945823637 16
    endloop
  endfacet
  facet normal 0.0964114560484221 0.5083324249525832 0.8557470285571838
    outer loop
      vertex 33.92072858296654 169.52363820920476 16
      vertex 47.985565998377986 153.38855163957135 24
      vertex 49.28205922557488 153.14265585630977 24
    endloop
  endfacet
  facet normal 0.06664071854351629 0.4892476019106364 0.8695951924066135
    outer loop
      vertex 47.985565998377986 153.38855163957135 24
      vertex 33.92072858296654 169.52363820920476 16
      vertex 32.603810795506355 169.70301639578423 16
    endloop
  endfacet
  facet normal 0.09604358675121494 0.5063928225487455 0.8569375348968422
    outer loop
      vertex 35.237646370426724 169.34426002262532 16
      vertex 49.28205922557488 153.14265585630977 24
      vertex 50.57855245277179 152.89676007304823 24
    endloop
  endfacet
  facet normal 0.06639587710388943 0.4874500809685052 0.8706227690954349
    outer loop
      vertex 49.28205922557488 153.14265585630977 24
      vertex 35.237646370426724 169.34426002262532 16
      vertex 33.92072858296654 169.52363820920476 16
    endloop
  endfacet
  facet normal 0.095678011366847 0.5044653148722129 0.8581144820079455
    outer loop
      vertex 36.55456415788691 169.16488183604585 16
      vertex 50.57855245277179 152.89676007304823 24
      vertex 51.875045679968686 152.65086428978668 24
    endloop
  endfacet
  facet normal 0.06615254378812484 0.48566363202542845 0.8716390752359771
    outer loop
      vertex 50.57855245277179 152.89676007304823 24
      vertex 36.55456415788691 169.16488183604585 16
      vertex 35.237646370426724 169.34426002262532 16
    endloop
  endfacet
  facet normal 0.09531471521634338 0.5025498245276999 0.8592780568188654
    outer loop
      vertex 37.87148194534709 168.98550364946638 16
      vertex 51.875045679968686 152.65086428978668 24
      vertex 53.17153890716559 152.40496850652514 24
    endloop
  endfacet
  facet normal 0.06591070829532379 0.4838881794568532 0.8726442621790055
    outer loop
      vertex 51.875045679968686 152.65086428978668 24
      vertex 37.87148194534709 168.98550364946638 16
      vertex 36.55456415788691 169.16488183604585 16
    endloop
  endfacet
  facet normal 0.094953683608148 0.5006462740534473 0.8604284434196978
    outer loop
      vertex 39.18839973280728 168.8061254628869 16
      vertex 53.17153890716559 152.40496850652514 24
      vertex 54.46803213436249 152.15907272326356 24
    endloop
  endfacet
  facet normal 0.06567036035012667 0.4821236478254144 0.8736384789940289
    outer loop
      vertex 53.17153890716559 152.40496850652514 24
      vertex 39.18839973280728 168.8061254628869 16
      vertex 37.87148194534709 168.98550364946638 16
    endloop
  endfacet
  facet normal 0.09459490184299842 0.49875458594731775 0.8615658231045572
    outer loop
      vertex 40.50531752026746 168.62674727630744 16
      vertex 54.46803213436249 152.15907272326356 24
      vertex 55.76452536155939 151.91317694000202 24
    endloop
  endfacet
  facet normal 0.0654314897046806 0.48036996189576736 0.8746218725045042
    outer loop
      vertex 54.46803213436249 152.15907272326356 24
      vertex 40.50531752026746 168.62674727630744 16
      vertex 39.18839973280728 168.8061254628869 16
    endloop
  endfacet
  facet normal 0.09423835521882083 0.4968746826919842 0.8626903744133183
    outer loop
      vertex 41.822235307727645 168.44736908972797 16
      vertex 55.76452536155939 151.91317694000202 24
      vertex 57.0610185887563 151.66728115674047 24
    endloop
  endfacet
  facet normal 0.06519408614058458 0.4786270466487901 0.8755945873225526
    outer loop
      vertex 55.76452536155939 151.91317694000202 24
      vertex 41.822235307727645 168.44736908972797 16
      vertex 40.50531752026746 168.62674727630744 16
    endloop
  endfacet
  facet normal 0.09388402903517827 0.49500648677893533 0.8638022731730319
    outer loop
      vertex 43.13915309518783 168.26799090314853 16
      vertex 57.0610185887563 151.66728115674047 24
      vertex 58.3575118159532 151.4213853734789 24
    endloop
  endfacet
  facet normal 0.06495813947072288 0.4768948272951193 0.8765567658832257
    outer loop
      vertex 57.0610185887563 151.66728115674047 24
      vertex 43.13915309518783 168.26799090314853 16
      vertex 41.822235307727645 168.44736908972797 16
    endloop
  endfacet
  facet normal 0.09353190859765637 0.49314992073158226 0.8649016925388189
    outer loop
      vertex 44.456070882648014 168.08861271656906 16
      vertex 58.3575118159532 151.4213853734789 24
      vertex 59.65400504315011 151.17548959021735 24
    endloop
  endfacet
  facet normal 0.06472363954108114 0.47517322928810574 0.8775085484782866
    outer loop
      vertex 58.3575118159532 151.4213853734789 24
      vertex 44.456070882648014 168.08861271656906 16
      vertex 43.13915309518783 168.26799090314853 16
    endloop
  endfacet
  facet normal 0.09318197922217289 0.4913049071274665 0.8659888030342597
    outer loop
      vertex 45.7729886701082 167.9092345299896 16
      vertex 59.65400504315011 151.17548959021735 24
      vertex 60.950498270347005 150.9295938069558 24
    endloop
  endfacet
  facet normal 0.06449057623231017 0.47346217833605003 0.8784500732896019
    outer loop
      vertex 59.65400504315011 151.17548959021735 24
      vertex 45.7729886701082 167.9092345299896 16
      vertex 44.456070882648014 168.08861271656906 16
    endloop
  endfacet
  facet normal 0.09283422623888987 0.4894713686194137 0.8670637725914195
    outer loop
      vertex 47.089906457568375 167.72985634341012 16
      vertex 60.950498270347005 150.9295938069558 24
      vertex 62.2469914975439 150.68369802369423 24
    endloop
  endfacet
  facet normal 0.06425893946143502 0.47176160041399245 0.8793814764219907
    outer loop
      vertex 60.950498270347005 150.9295938069558 24
      vertex 47.089906457568375 167.72985634341012 16
      vertex 45.7729886701082 167.9092345299896 16
    endloop
  endfacet
  facet normal 0.09248863499607282 0.48764922795586385 0.8681267665903484
    outer loop
      vertex 48.40682424502856 167.55047815683065 16
      vertex 62.2469914975439 150.68369802369423 24
      vertex 63.54348472474081 150.4378022404327 24
    endloop
  endfacet
  facet normal 0.06402871918331643 0.47007142177483213 0.8803028919356859
    outer loop
      vertex 62.2469914975439 150.68369802369423 24
      vertex 48.40682424502856 167.55047815683065 16
      vertex 47.089906457568375 167.72985634341012 16
    endloop
  endfacet
  facet normal 0.09214519086389229 0.48583840800040756 0.869177947898062
    outer loop
      vertex 49.723742032488744 167.3710999702512 16
      vertex 63.54348472474081 150.4378022404327 24
      vertex 64.83997795193771 150.19190645717114 24
    endloop
  endfacet
  facet normal 0.06379990539209934 0.46839156895993495 0.881214451878321
    outer loop
      vertex 63.54348472474081 150.4378022404327 24
      vertex 49.723742032488744 167.3710999702512 16
      vertex 48.40682424502856 167.55047815683065 16
    endloop
  endfacet
  facet normal 0.09180387923783198 0.4840388317503338 0.8702174769071566
    outer loop
      vertex 51.04065981994893 167.19172178367174 16
      vertex 64.83997795193771 150.19190645717114 24
      vertex 66.13647117913462 149.9460106739096 24
    endloop
  endfacet
  facet normal 0.06357248812263706 0.46672196880924366 0.8821162863164472
    outer loop
      vertex 64.83997795193771 150.19190645717114 24
      vertex 51.04065981994893 167.19172178367174 16
      vertex 49.723742032488744 167.3710999702512 16
    endloop
  endfacet
  facet normal 0.09146468554214528 0.4822504223545006 0.8712455115738517
    outer loop
      vertex 52.35757760740911 167.01234359709227 16
      vertex 66.13647117913462 149.9460106739096 24
      vertex 67.43296440633151 149.70011489064802 24
    endloop
  endfacet
  facet normal 0.06334645745168535 0.4650625484707735 0.8830085233666723
    outer loop
      vertex 66.13647117913462 149.9460106739096 24
      vertex 52.35757760740911 167.01234359709227 16
      vertex 51.04065981994893 167.19172178367174 16
    endloop
  endfacet
  facet normal 0.09112759523300877 0.48047310313032615 0.8722622074556274
    outer loop
      vertex 53.6744953948693 166.8329654105128 16
      vertex 67.43296440633151 149.70011489064802 24
      vertex 68.72945763352841 149.45421910738648 24
    endloop
  endfacet
  facet normal 0.0631218034992477 0.46341323540974916 0.883891289226266
    outer loop
      vertex 67.43296440633151 149.70011489064802 24
      vertex 53.6744953948693 166.8329654105128 16
      vertex 52.35757760740911 167.01234359709227 16
    endloop
  endfacet
  facet normal 0.0907925938017414 0.47870679758015144 0.8732677177482904
    outer loop
      vertex 54.99141318232948 166.65358722393333 16
      vertex 68.72945763352841 149.45421910738648 24
      vertex 70.02595086072532 149.20832332412493 24
    endloop
  endfacet
  facet normal 0.06289851642969245 0.46177395741717736 0.8847647082033859
    outer loop
      vertex 68.72945763352841 149.45421910738648 24
      vertex 54.99141318232948 166.65358722393333 16
      vertex 53.6744953948693 166.8329654105128 16
    endloop
  endfacet
  facet normal 0.09045966677763548 0.47695142940672247 0.8742621933226686
    outer loop
      vertex 56.308330969789665 166.47420903735386 16
      vertex 70.02595086072532 149.20832332412493 24
      vertex 71.32244408792222 148.96242754086336 24
    endloop
  endfacet
  facet normal 0.06267658645287091 0.46014464261798116 0.8856289027468481
    outer loop
      vertex 70.02595086072532 149.20832332412493 24
      vertex 56.308330969789665 166.47420903735386 16
      vertex 54.99141318232948 166.65358722393333 16
    endloop
  endfacet
  facet normal 0.09012879973077939 0.47520692252804314 0.8752457827607714
    outer loop
      vertex 57.62524875724985 166.29483085077442 16
      vertex 71.32244408792222 148.96242754086336 24
      vertex 72.61893731511913 148.7165317576018 24
    endloop
  endfacet
  facet normal 0.062456003825154635 0.45852521947868796 0.8864839934754679
    outer loop
      vertex 71.32244408792222 148.96242754086336 24
      vertex 57.62524875724985 166.29483085077442 16
      vertex 56.308330969789665 166.47420903735386 16
    endloop
  endfacet
  facet normal 0.08979997827485016 0.473473201091604 0.8762186323914289
    outer loop
      vertex 58.942166544710034 166.11545266419495 16
      vertex 72.61893731511913 148.7165317576018 24
      vertex 73.91543054231602 148.47063597434027 24
    endloop
  endfacet
  facet normal 0.06223675885047972 0.45691561681473325 0.8873300992069407
    outer loop
      vertex 72.61893731511913 148.7165317576018 24
      vertex 58.942166544710034 166.11545266419495 16
      vertex 57.62524875724985 166.29483085077442 16
    endloop
  endfacet
  facet normal 0.08947318806954904 0.47175018948780595 0.8771808863255572
    outer loop
      vertex 60.25908433217022 165.93607447761548 16
      vertex 73.91543054231602 148.47063597434027 24
      vertex 75.21192376951294 148.22474019107872 24
    endloop
  endfacet
  facet normal 0.06201884188117145 0.45531576379724087 0.8881673369863662
    outer loop
      vertex 73.91543054231602 148.47063597434027 24
      vertex 60.25908433217022 165.93607447761548 16
      vertex 58.942166544710034 166.11545266419495 16
    endloop
  endfacet
  facet normal 0.08914841482313281 0.4700378123628943 0.8781326864908442
    outer loop
      vertex 61.5760021196304 165.756696291036 16
      vertex 75.21192376951294 148.22474019107872 24
      vertex 76.50841699670983 147.97884440781715 24
    endloop
  endfacet
  facet normal 0.06180224331893188 0.45372558995954726 0.8889958221142595
    outer loop
      vertex 75.21192376951294 148.22474019107872 24
      vertex 61.5760021196304 165.756696291036 16
      vertex 60.25908433217022 165.93607447761548 16
    endloop
  endfacet
  facet normal 0.08882564429463799 0.46833599463114184 0.8790741726660507
    outer loop
      vertex 62.89291990709059 165.57731810445654 16
      vertex 76.50841699670983 147.97884440781715 24
      vertex 77.80491022390673 147.7329486245556 24
    endloop
  endfacet
  facet normal 0.061586953615612755 0.45214502520323907 0.8898156681742071
    outer loop
      vertex 76.50841699670983 147.97884440781715 24
      vertex 62.89291990709059 165.57731810445654 16
      vertex 61.5760021196304 165.756696291036 16
    endloop
  endfacet
  facet normal 0.08850486229623815 0.4666446614866051 0.880005482514726
    outer loop
      vertex 64.20983769455077 165.3979399178771 16
      vertex 77.80491022390673 147.7329486245556 24
      vertex 79.10140345110364 147.48705284129406 24
    endloop
  endfacet
  facet normal 0.06137296327399217 0.45057399980385376 0.8906269870600856
    outer loop
      vertex 77.80491022390673 147.7329486245556 24
      vertex 64.20983769455077 165.3979399178771 16
      vertex 62.89291990709059 165.57731810445654 16
    endloop
  endfacet
  facet normal 0.088186054695222 0.46496373841412647 0.8809267516185729
    outer loop
      vertex 65.52675548201096 165.21856173129763 16
      vertex 79.10140345110364 147.48705284129406 24
      vertex 80.39789667830054 147.24115705803248 24
    endloop
  endfacet
  facet normal 0.06116026284855578 0.449012444416258 0.8914298890028495
    outer loop
      vertex 79.10140345110364 147.48705284129406 24
      vertex 65.52675548201096 165.21856173129763 16
      vertex 64.20983769455077 165.3979399178771 16
    endloop
  endfacet
  facet normal 0.08786920741599932 0.4632931511998763 0.8818381135102817
    outer loop
      vertex 66.84367326947114 165.03918354471816 16
      vertex 80.39789667830054 147.24115705803248 24
      vertex 81.69438990549745 146.99526127477094 24
    endloop
  endfacet
  facet normal 0.06094884294607181 0.4474602900795829 0.8922244825969698
    outer loop
      vertex 80.39789667830054 147.24115705803248 24
      vertex 66.84367326947114 165.03918354471816 16
      vertex 65.52675548201096 165.21856173129763 16
    endloop
  endfacet
  facet normal 0.08755430644210019 0.4616328259414113 0.8827396997058586
    outer loop
      vertex 68.16059105693132 164.8598053581387 16
      vertex 81.69438990549745 146.99526127477094 24
      vertex 82.99088313269434 146.7493654915094 24
    endloop
  endfacet
  facet normal 0.06073869422633302 0.44591746822195755 0.8930108748263929
    outer loop
      vertex 81.69438990549745 146.99526127477094 24
      vertex 68.16059105693132 164.8598053581387 16
      vertex 66.84367326947114 165.03918354471816 16
    endloop
  endfacet
  facet normal 0.08724133781785144 0.459982689057076 0.8836316397365888
    outer loop
      vertex 69.4775088443915 164.68042717155922 16
      vertex 82.99088313269434 146.7493654915094 24
      vertex 84.28737635989124 146.50346970824785 24
    endloop
  endfacet
  facet normal 0.06052980740269696 0.4443839106648274 0.8937891710901554
    outer loop
      vertex 82.99088313269434 146.7493654915094 24
      vertex 69.4775088443915 164.68042717155922 16
      vertex 68.16059105693132 164.8598053581387 16
    endloop
  endfacet
  facet normal 0.08693028765016103 0.45834266729503886 0.8845140611804482
    outer loop
      vertex 70.79442663185169 164.50104898497975 16
      vertex 84.28737635989124 146.50346970824785 24
      vertex 85.58386958708815 146.25757392498627 24
    endloop
  endfacet
  facet normal 0.06032217324264313 0.44285954962700197 0.8945594752275856
    outer loop
      vertex 84.28737635989124 146.50346970824785 24
      vertex 70.79442663185169 164.50104898497975 16
      vertex 69.4775088443915 164.68042717155922 16
    endloop
  endfacet
  facet normal 0.10237868593142142 0.45943122236652384 0.8822933506389795
    outer loop
      vertex 78.82357171105429 163.1272528689698 16
      vertex 85.58386958708815 146.25757392498627 24
      vertex 93.46293000209563 144.50182069709786 24
    endloop
  endfacet
  facet normal 0.07739793510380433 0.45235187560732265 0.8884747268640818
    outer loop
      vertex 85.58386958708815 146.25757392498627 24
      vertex 78.82357171105429 163.1272528689698 16
      vertex 70.79442663185169 164.50104898497975 16
    endloop
  endfacet
  facet normal 0.13694565149674448 0.47193694284079085 0.8709313466159203
    outer loop
      vertex 86.71212325260615 161.22427593414673 16
      vertex 93.46293000209563 144.50182069709786 24
      vertex 101.15355231901219 142.2701723814015 24
    endloop
  endfacet
  facet normal 0.11225604790663937 0.46534332789733557 0.8779830105929244
    outer loop
      vertex 93.46293000209563 144.50182069709786 24
      vertex 86.71212325260615 161.22427593414673 16
      vertex 78.82357171105429 163.1272528689698 16
    endloop
  endfacet
  facet normal 0.17409421705815012 0.4850449024640455 0.8569846242381215
    outer loop
      vertex 94.44703373877073 158.81182255555788 16
      vertex 101.15355231901219 142.2701723814015 24
      vertex 108.64452690106742 139.58148243075908 24
    endloop
  endfacet
  facet normal 0.14937257067815374 0.4789246803847649 0.8650543252578712
    outer loop
      vertex 101.15355231901219 142.2701723814015 24
      vertex 94.44703373877073 158.81182255555788 16
      vertex 86.71212325260615 161.22427593414673 16
    endloop
  endfacet
  facet normal 0.2141124191837283 0.49850471994747136 0.8400291162462075
    outer loop
      vertex 102.0152556518113 155.90959710825044 16
      vertex 108.64452690106742 139.58148243075908 24
      vertex 115.9246441114908 136.45460429803228 24
    endloop
  endfacet
  facet normal 0.18900213018773754 0.49286662572173834 0.849329549723878
    outer loop
      vertex 108.64452690106742 139.58148243075908 24
      vertex 102.0152556518113 155.90959710825044 16
      vertex 94.44703373877073 158.81182255555788 16
    endloop
  endfacet
  facet normal 0.2572369785447291 0.5119804081323167 0.8195762310839945
    outer loop
      vertex 109.40374147399118 152.53730396727178 16
      vertex 115.9246441114908 136.45460429803228 24
      vertex 122.98269431351177 132.90839143608295 24
    endloop
  endfacet
  facet normal 0.2313470772724741 0.5068671461741249 0.8304000397198825
    outer loop
      vertex 115.9246441114908 136.45460429803228 24
      vertex 109.40374147399118 152.53730396727178 16
      vertex 102.0152556518113 155.90959710825044 16
    endloop
  endfacet
  facet normal 0.30361905708192516 0.5250296170696224 0.7950845045505593
    outer loop
      vertex 116.59944368757374 148.71464750766933 16
      vertex 122.98269431351177 132.90839143608295 24
      vertex 129.80746787035983 128.96169729777287 24
    endloop
  endfacet
  facet normal 0.2765303226882141 0.5205358828653984 0.8078201379536736
    outer loop
      vertex 122.98269431351177 132.90839143608295 24
      vertex 116.59944368757374 148.71464750766933 16
      vertex 109.40374147399118 152.53730396727178 16
    endloop
  endfacet
  facet normal 0.35327908005291575 0.5370852389157004 0.7659852072565307
    outer loop
      vertex 123.58931477482233 144.46133210449028 16
      vertex 129.80746787035983 128.96169729777287 24
      vertex 136.38775514526458 124.63337533596388 24
    endloop
  endfacet
  facet normal 0.3245608041156151 0.5333811311162695 0.7811304970367974
    outer loop
      vertex 129.80746787035983 128.96169729777287 24
      vertex 123.58931477482233 144.46133210449028 16
      vertex 116.59944368757374 148.71464750766933 16
    endloop
  endfacet
  facet normal 0.4060525691111072 0.5474448586776353 0.7317277074333687
    outer loop
      vertex 130.36030721800023 139.79706213278206 16
      vertex 136.38775514526458 124.63337533596388 24
      vertex 142.7123465014554 119.94227900351768 24
    endloop
  endfacet
  facet normal 0.37529368191741813 0.5448035168737465 0.7498958463112495
    outer loop
      vertex 136.38775514526458 124.63337533596388 24
      vertex 130.36030721800023 139.79706213278206 16
      vertex 123.58931477482233 144.46133210449028 16
    endloop
  endfacet
  facet normal 0.4615333948264634 0.5552760106768373 0.6918493169952376
    outer loop
      vertex 136.89937349937082 134.74154196759184 16
      vertex 142.7123465014554 119.94227900351768 24
      vertex 148.77003230216178 114.90726175329613 24
    endloop
  endfacet
  facet normal 0.42839037174810973 0.5541018418737688 0.7137596501803766
    outer loop
      vertex 142.7123465014554 119.94227900351768 24
      vertex 136.89937349937082 134.74154196759184 16
      vertex 130.36030721800023 139.79706213278206 16
    endloop
  endfacet
  facet normal 0.5190270521759847 0.5596466576875563 0.6460700717791027
    outer loop
      vertex 143.19346610119737 129.3144759839671 16
      vertex 148.77003230216178 114.90726175329613 24
      vertex 154.54960291061326 109.547177038161 24
    endloop
  endfacet
  facet normal 0.4832873216346386 0.5604971756074888 0.6725148926850951
    outer loop
      vertex 148.77003230216178 114.90726175329613 24
      vertex 143.19346610119737 129.3144759839671 16
      vertex 136.89937349937082 134.74154196759184 16
    endloop
  endfacet
  facet normal 0.57753275606261 0.5595887066877623 0.5944042353670128
    outer loop
      vertex 149.22953750574328 123.53556855695501 16
      vertex 154.54960291061326 109.547177038161 24
      vertex 160.03984869003932 103.88087831097407 24
    endloop
  endfacet
  facet normal 0.5391858410097897 0.5631798532439826 0.6261845428902346
    outer loop
      vertex 154.54960291061326 109.547177038161 24
      vertex 149.22953750574328 123.53556855695501 16
      vertex 143.19346610119737 129.3144759839671 16
    endloop
  endfacet
  facet normal 0.6357754678123347 0.5541954921377633 0.5372680066988814
    outer loop
      vertex 154.99454019527192 117.42452406160302 16
      vertex 160.03984869003932 103.88087831097407 24
      vertex 165.22956000366952 97.92721902459718 24
    endloop
  endfacet
  facet normal 0.5950760642295024 0.5613795012238085 0.5750978467937722
    outer loop
      vertex 160.03984869003932 103.88087831097407 24
      vertex 154.99454019527192 117.42452406160302 16
      vertex 149.22953750574328 123.53556855695501 16
    endloop
  endfacet
  facet normal 0.6498036734784074 0.5544505022647529 0.5199421376194957
    outer loop
      vertex 165.22956000366952 97.92721902459718 24
      vertex 160.47542665204654 111.0010468729584 16
      vertex 154.99454019527192 117.42452406160302 16
    endloop
  endfacet
  facet normal 0.6923023078161724 0.5427415058572322 0.47555144034292
    outer loop
      vertex 160.47542665204654 111.0010468729584 16
      vertex 165.22956000366952 97.92721902459718 24
      vertex 170.10752721473324 91.70505263189207 24
    endloop
  endfacet
  facet normal 0.7021771454368467 0.5419565570024035 0.4617687156448147
    outer loop
      vertex 170.10752721473324 91.70505263189207 24
      vertex 165.6591493583305 104.28484136606849 16
      vertex 160.47542665204654 111.0010468729584 16
    endloop
  endfacet
  facet normal 0.7456394715111058 0.5247979414683424 0.4106201397340725
    outer loop
      vertex 165.6591493583305 104.28484136606849 16
      vertex 170.10752721473324 91.70505263189207 24
      vertex 174.66254068646006 85.23323258572057 24
    endloop
  endfacet
  facet normal 0.7510985130208678 0.5237325831774596 0.4019393051893614
    outer loop
      vertex 174.66254068646006 85.23323258572057 24
      vertex 170.53266079638715 97.29561191598053 16
      vertex 165.6591493583305 104.28484136606849 16
    endloop
  endfacet
  facet normal 0.7944803184583603 0.5003091633821297 0.34422632760754357
    outer loop
      vertex 170.53266079638715 97.29561191598053 16
      vertex 174.66254068646006 85.23323258572057 24
      vertex 178.88339078207946 78.53061233894442 24
    endloop
  endfacet
  facet normal 0.7956885218931994 0.49990463272898483 0.3420162778341322
    outer loop
      vertex 178.88339078207946 78.53061233894442 24
      vertex 175.08291344847984 90.05306289774191 16
      vertex 170.53266079638715 97.29561191598053 16
    endloop
  endfacet
  facet normal 0.8378557091688199 0.4696014373859903 0.27833846413714675
    outer loop
      vertex 175.08291344847984 90.05306289774191 16
      vertex 178.88339078207946 78.53061233894442 24
      vertex 182.7588678648209 71.61604534442544 24
    endloop
  endfacet
  facet normal 0.8353749960494503 0.4708598306067341 0.2836188214776629
    outer loop
      vertex 182.7588678648209 71.61604534442544 24
      vertex 179.29685979687187 82.57689868639999 16
      vertex 175.08291344847984 90.05306289774191 16
    endloop
  endfacet
  facet normal 0.8752378827676356 0.43331695493330064 0.21493037276233995
    outer loop
      vertex 179.29685979687187 82.57689868639999 16
      vertex 182.7588678648209 71.61604534442544 24
      vertex 186.2777622979139 64.50838505502546 24
    endloop
  endfacet
  facet normal 0.8699238801170608 0.4371740604958761 0.22827896011596321
    outer loop
      vertex 186.2777622979139 64.50838505502546 24
      vertex 183.1614523238266 74.886823657002 16
      vertex 179.29685979687187 82.57689868639999 16
    endloop
  endfacet
  facet normal 0.9065521493276184 0.3922929966442023 0.1557864093346632
    outer loop
      vertex 183.1614523238266 74.886823657002 16
      vertex 186.2777622979139 64.50838505502546 24
      vertex 189.428864444588 57.226484923606236 24
    endloop
  endfacet
  facet normal 0.8994108841801318 0.39951755702707575 0.17732958874770624
    outer loop
      vertex 189.428864444588 57.226484923606236 24
      vertex 186.66364351160738 67.00254218459528 16
      vertex 183.1614523238266 74.886823657002 16
    endloop
  endfacet
  facet normal 0.9321038933621545 0.3474231366441665 0.10236940999850477
    outer loop
      vertex 186.66364351160738 67.00254218459528 16
      vertex 189.428864444588 57.226484923606236 24
      vertex 192.20096466807263 49.789198403029545 24
    endloop
  endfacet
  facet normal 0.9241485727879867 0.35856211400578186 0.13184318645130041
    outer loop
      vertex 192.20096466807263 49.789198403029545 24
      vertex 189.79038584247746 58.943758644227216 16
      vertex 186.66364351160738 67.00254218459528 16
    endloop
  endfacet
  facet normal 0.9524533295640912 0.2995368190571892 0.05577050323761902
    outer loop
      vertex 189.79038584247746 58.943758644227216 16
      vertex 192.20096466807263 49.789198403029545 24
      vertex 194.58285333159725 42.21537894615721 24
    endloop
  endfacet
  facet normal 0.9445918905447102 0.31490830261520303 0.09262246628751614
    outer loop
      vertex 194.58285333159725 42.21537894615721 24
      vertex 192.52863179870033 50.73017741094507 16
      vertex 189.79038584247746 58.943758644227216 16
    endloop
  endfacet
  facet normal 0.9682767455775648 0.24931949004382617 0.01673128381225981
    outer loop
      vertex 192.52863179870033 50.73017741094507 16
      vertex 194.58285333159725 42.21537894615721 24
      vertex 196.5633207983915 34.52388000585102 24
    endloop
  endfacet
  facet normal 0.9612434305973006 0.2690414501567944 0.060230932510309976
    outer loop
      vertex 196.5633207983915 34.52388000585102 24
      vertex 194.86533386253916 42.38150285979616 16
      vertex 192.52863179870033 50.73017741094507 16
    endloop
  endfacet
  facet normal 0.9802434173344715 0.19727823229282723 -0.01428782124239459
    outer loop
      vertex 194.86533386253916 42.38150285979616 16
      vertex 196.5633207983915 34.52388000585102 24
      vertex 198.13115743168473 26.73355503497274 24
    endloop
  endfacet
  facet normal 0.9745721508399414 0.22131633526632183 0.03504572087282014
    outer loop
      vertex 198.13115743168473 26.73355503497274 24
      vertex 196.78744451625738 33.91743936582782 16
      vertex 194.86533386253916 42.38150285979616 16
    endloop
  endfacet
  facet normal 0.988921896709081 0.14374588106472017 -0.037021667793887436
    outer loop
      vertex 196.78744451625738 33.91743936582782 16
      vertex 198.13115743168473 26.73355503497274 24
      vertex 199.27515359470647 18.863257486384178 24
    endloop
  endfacet
  facet normal 0.9849507763278551 0.17196546860603037 0.01731605666033201
    outer loop
      vertex 199.27515359470647 18.863257486384178 24
      vertex 198.2819162421183 25.357691304087375 16
      vertex 196.78744451625738 33.91743936582782 16
    endloop
  endfacet
  facet normal 0.994716508528423 0.08891228069015589 -0.0513193336229043
    outer loop
      vertex 198.2819162421183 25.357691304087375 16
      vertex 199.27515359470647 18.863257486384178 24
      vertex 199.98409965068626 10.931840812947136 24
    endloop
  endfacet
  facet normal 0.9926110929075462 0.12112458010646944 0.0072148687387931084
    outer loop
      vertex 199.98409965068626 10.931840812947136 24
      vertex 199.33570152238528 16.721963049622133 16
      vertex 198.2819162421183 25.357691304087375 16
    endloop
  endfacet
  facet normal 0.9978281779352114 0.03287261680155451 -0.05708168167734923
    outer loop
      vertex 199.33570152238528 16.721963049622133 16
      vertex 199.98409965068626 10.931840812947136 24
      vertex 200.24678596285358 2.95815846752339 24
    endloop
  endfacet
  facet normal 0.9976137199832419 0.06887012724582972 0.00487557938518032
    outer loop
      vertex 200.24678596285358 2.95815846752339 24
      vertex 199.93575283932165 8.029958977479428 16
      vertex 199.33570152238528 16.721963049622133 16
    endloop
  endfacet
  facet normal 0.9982327017465281 -0.024313683809742134 -0.054224698647637244
    outer loop
      vertex 199.93575283932165 8.029958977479428 16
      vertex 200.24678596285358 2.95815846752339 24
      vertex 200.05200289443792 -5.03893609702525 24
    endloop
  endfacet
  facet normal 0.9998292889767691 0.015265616367012945 0.010409316074715633
    outer loop
      vertex 200.05200289443792 -5.03893609702525 24
      vertex 200.06902267519072 -0.6986165372934323 16
      vertex 199.93575283932165 8.029958977479428 16
    endloop
  endfacet
  facet normal 0.9956723696552867 -0.08255679667732006 -0.042672094246777134
    outer loop
      vertex 200.06902267519072 -0.6986165372934323 16
      vertex 200.05200289443792 -5.03893609702525 24
      vertex 199.38854080866875 -13.04058942783701 24
    endloop
  endfacet
  facet normal 0.9989303457644984 -0.03958501370266221 0.02389960252765155
    outer loop
      vertex 199.38854080866875 -13.04058942783701 24
      vertex 199.72246351225584 -9.444059119649122 16
      vertex 200.06902267519072 -0.6986165372934323 16
    endloop
  endfacet
  facet normal 0.9896616403784472 -0.14166515104343577 -0.022379064843765523
    outer loop
      vertex 199.72246351225584 -9.444059119649122 16
      vertex 199.38854080866875 -13.04058942783701 24
      vertex 198.24519006877563 -21.027948072050094 24
    endloop
  endfacet
  facet normal 0.9943968726596181 -0.09547865747372901 0.04537274084497806
    outer loop
      vertex 198.24519006877563 -21.027948072050094 24
      vertex 198.88302783278033 -18.186664394540315 16
      vertex 199.72246351225584 -9.444059119649122 16
    endloop
  endfacet
  facet normal 0.9795129654968269 -0.20127252304218865 0.006612253159391015
    outer loop
      vertex 198.88302783278033 -18.186664394540315 16
      vertex 198.24519006877563 -21.027948072050094 24
      vertex 196.61074103798796 -28.982158576802707 24
    endloop
  endfacet
  facet normal 0.9855421587701644 -0.1520526430303845 0.07474387623155855
    outer loop
      vertex 196.61074103798796 -28.982158576802707 24
      vertex 197.53766811902756 -26.90672798691971 16
      vertex 198.88302783278033 -18.186664394540315 16
    endloop
  endfacet
  facet normal 0.9643931920614579 -0.2607718786806811 0.044088529062104996
    outer loop
      vertex 197.53766811902756 -26.90672798691971 16
      vertex 196.61074103798796 -28.982158576802707 24
      vertex 194.4739840795353 -36.88436748923306 24
    endloop
  endfacet
  facet normal -0.08278925370078019 -0.6078032278512999 -0.7897602013809057
    outer loop
      vertex 194.4739840795353 -36.88436748923306 24
      vertex 190.95307918172665 -26.009837054022388 16
      vertex 197.53766811902756 -26.90672798691971 16
    endloop
  endfacet
  facet normal -0.11620752021726546 -0.612707793979434 -0.7817192408031218
    outer loop
      vertex 190.95307918172665 -26.009837054022388 16
      vertex 194.4739840795353 -36.88436748923306 24
      vertex 187.9915179435508 -35.65488857292529 24
    endloop
  endfacet
  facet normal -0.08453555206789458 -0.6206238022239059 -0.7795382200698812
    outer loop
      vertex 187.9915179435508 -35.65488857292529 24
      vertex 184.36849024442571 -25.11294612112506 16
      vertex 190.95307918172665 -26.009837054022388 16
    endloop
  endfacet
  facet normal -0.11869144354259407 -0.6258043575945144 -0.7708963920304026
    outer loop
      vertex 184.36849024442571 -25.11294612112506 16
      vertex 187.9915179435508 -35.65488857292529 24
      vertex 181.5090518075663 -34.42540965661752 24
    endloop
  endfacet
  facet normal -0.08633209844540916 -0.6338132759590438 -0.7686530426636436
    outer loop
      vertex 181.5090518075663 -34.42540965661752 24
      vertex 177.7839013071248 -24.216055188227738 16
      vertex 184.36849024442571 -25.11294612112506 16
    endloop
  endfacet
  facet normal -0.12124575683508994 -0.6392720545185294 -0.7593620393206025
    outer loop
      vertex 177.7839013071248 -24.216055188227738 16
      vertex 181.5090518075663 -34.42540965661752 24
      vertex 175.02658567158178 -33.19593074030975 24
    endloop
  endfacet
  facet normal -0.08817887211185851 -0.6473714969285863 -0.7570565576477903
    outer loop
      vertex 175.02658567158178 -33.19593074030975 24
      vertex 171.1993123698239 -23.319164255330417 16
      vertex 177.7839013071248 -24.216055188227738 16
    endloop
  endfacet
  facet normal -0.12387001920399941 -0.6531085601411586 -0.74706454005845
    outer loop
      vertex 171.1993123698239 -23.319164255330417 16
      vertex 175.02658567158178 -33.19593074030975 24
      vertex 168.54411953559728 -31.966451824001982 24
    endloop
  endfacet
  facet normal -0.09007548211161759 -0.6612955949038474 -0.7446976189589477
    outer loop
      vertex 168.54411953559728 -31.966451824001982 24
      vertex 164.614723432523 -22.422273322433092 16
      vertex 171.1993123698239 -23.319164255330417 16
    endloop
  endfacet
  facet normal -0.1265631819019251 -0.6673083449088623 -0.7339491357048218
    outer loop
      vertex 164.614723432523 -22.422273322433092 16
      vertex 168.54411953559728 -31.966451824001982 24
      vertex 162.06165339961277 -30.736972907694216 24
    endloop
  endfacet
  facet normal -0.09202109494183192 -0.6755794506640094 -0.7315220597673193
    outer loop
      vertex 162.06165339961277 -30.736972907694216 24
      vertex 158.03013449522206 -21.525382389535768 16
      vertex 164.614723432523 -22.422273322433092 16
    endloop
  endfacet
  facet normal -0.12932347422065757 -0.6818620727070847 -0.7199580215672977
    outer loop
      vertex 158.03013449522206 -21.525382389535768 16
      vertex 162.06165339961277 -30.736972907694216 24
      vertex 155.57918726362826 -29.507493991386443 24
    endloop
  endfacet
  facet normal -0.0940143530358287 -0.6902130975362336 -0.7174727739870637
    outer loop
      vertex 155.57918726362826 -29.507493991386443 24
      vertex 151.44554555792112 -20.628491456638447 16
      vertex 158.03013449522206 -21.525382389535768 16
    endloop
  endfacet
  facet normal -0.13214827583608887 -0.696755927794819 -0.7050305030821928
    outer loop
      vertex 151.44554555792112 -20.628491456638447 16
      vertex 155.57918726362826 -29.507493991386443 24
      vertex 149.09672112764375 -28.278015075078677 24
    endloop
  endfacet
  facet normal -0.09605328382590263 -0.7051820537736082 -0.7024898844125064
    outer loop
      vertex 149.09672112764375 -28.278015075078677 24
      vertex 144.8609566206202 -19.73160052374112 16
      vertex 151.44554555792112 -20.628491456638447 16
    endloop
  endfacet
  facet normal -0.13503397570378609 -0.7119708708270575 -0.6891032611295573
    outer loop
      vertex 144.8609566206202 -19.73160052374112 16
      vertex 149.09672112764375 -28.278015075078677 24
      vertex 142.6142549916592 -27.048536158770904 24
    endloop
  endfacet
  facet normal -0.13797581831319466 -0.727481828225298 -0.6721107521553141
    outer loop
      vertex 138.27636768331928 -18.834709590843797 16
      vertex 142.6142549916592 -27.048536158770904 24
      vertex 136.13178885567473 -25.81905724246314 24
    endloop
  endfacet
  facet normal -0.09813519953155427 -0.7204665868433593 -0.6865110194710515
    outer loop
      vertex 142.6142549916592 -27.048536158770904 24
      vertex 138.27636768331928 -18.834709590843797 16
      vertex 144.8609566206202 -19.73160052374112 16
    endloop
  endfacet
  facet normal -0.14096773907135546 -0.7432568242330166 -0.6539857718422941
    outer loop
      vertex 131.69177874601834 -17.93781865794647 16
      vertex 136.13178885567473 -25.81905724246314 24
      vertex 129.6493227196902 -24.589578326155365 24
    endloop
  endfacet
  facet normal -0.10025658833129704 -0.7360409144568342 -0.6694717236311897
    outer loop
      vertex 136.13178885567473 -25.81905724246314 24
      vertex 131.69177874601834 -17.93781865794647 16
      vertex 138.27636768331928 -18.834709590843797 16
    endloop
  endfacet
  facet normal -0.14400219184922544 -0.7592560716482212 -0.6346602133487889
    outer loop
      vertex 125.10718980871744 -17.040927725049148 16
      vertex 129.6493227196902 -24.589578326155365 24
      vertex 123.1668565837057 -23.3600994098476 24
    endloop
  endfacet
  facet normal -0.10241299826763844 -0.7518723522496693 -0.6513060292277218
    outer loop
      vertex 129.6493227196902 -24.589578326155365 24
      vertex 125.10718980871744 -17.040927725049148 16
      vertex 131.69177874601834 -17.93781865794647 16
    endloop
  endfacet
  facet normal -0.14706997331816954 -0.7754310456321222 -0.6140660521621972
    outer loop
      vertex 118.52260087141653 -16.144036792151827 16
      vertex 123.1668565837057 -23.3600994098476 24
      vertex 116.68439044772119 -22.130620493539833 24
    endloop
  endfacet
  facet normal -0.10459891613416537 -0.7679204246226223 -0.6319472194661271
    outer loop
      vertex 123.1668565837057 -23.3600994098476 24
      vertex 118.52260087141653 -16.144036792151827 16
      vertex 125.10718980871744 -17.040927725049148 16
    endloop
  endfacet
  facet normal -0.15016005064252416 -0.7917235752127476 -0.5921365886713802
    outer loop
      vertex 111.93801193411561 -15.247145859254502 16
      vertex 116.68439044772119 -22.130620493539833 24
      vertex 110.20192431173668 -20.901141577232064 24
    endloop
  endfacet
  facet normal -0.10680764472107206 -0.7841359635308629 -0.6113288131003335
    outer loop
      vertex 116.68439044772119 -22.130620493539833 24
      vertex 111.93801193411561 -15.247145859254502 16
      vertex 118.52260087141653 -16.144036792151827 16
    endloop
  endfacet
  facet normal -0.15325940135138244 -0.8080649990039359 -0.5688079757547224
    outer loop
      vertex 105.3534229968147 -14.350254926357179 16
      vertex 110.20192431173668 -20.901141577232064 24
      vertex 103.71945817575217 -19.671662660924298 24
    endloop
  endfacet
  facet normal -0.10903118315592601 -0.8004602299971388 -0.5893858000431863
    outer loop
      vertex 110.20192431173668 -20.901141577232064 24
      vertex 105.3534229968147 -14.350254926357179 16
      vertex 111.93801193411561 -15.247145859254502 16
    endloop
  endfacet
  facet normal -0.15635287670872902 -0.8243754448200553 -0.5440210509921846
    outer loop
      vertex 98.76883405951378 -13.453363993459854 16
      vertex 103.71945817575217 -19.671662660924298 24
      vertex 97.23699203976766 -18.44218374461653 24
    endloop
  endfacet
  facet normal -0.11126011664842152 -0.8168241046649918 -0.5660561531169981
    outer loop
      vertex 103.71945817575217 -19.671662660924298 24
      vertex 98.76883405951378 -13.453363993459854 16
      vertex 105.3534229968147 -14.350254926357179 16
    endloop
  endfacet
  facet normal -0.1594231024784571 -0.8405633064564781 -0.5177234804749502
    outer loop
      vertex 92.18424512221286 -12.55647306056253 16
      vertex 97.23699203976766 -18.44218374461653 24
      vertex 90.75452590378315 -17.21270482830876 24
    endloop
  endfacet
  facet normal -0.11348352367084111 -0.833147406357481 -0.5412826333211256
    outer loop
      vertex 97.23699203976766 -18.44218374461653 24
      vertex 92.18424512221286 -12.55647306056253 16
      vertex 98.76883405951378 -13.453363993459854 16
    endloop
  endfacet
  facet normal -0.16245043338539544 -0.8565250035838944 -0.48987220264933057
    outer loop
      vertex 85.59965618491195 -11.659582127665209 16
      vertex 90.75452590378315 -17.21270482830876 24
      vertex 84.27205976779864 -15.983225912000991 24
    endloop
  endfacet
  facet normal -0.11568891036590077 -0.8493384105276885 -0.5150148933969291
    outer loop
      vertex 90.75452590378315 -17.21270482830876 24
      vertex 85.59965618491195 -11.659582127665209 16
      vertex 92.18424512221286 -12.55647306056253 16
    endloop
  endfacet
  facet normal -0.16541297943959554 -0.8721451205439462 -0.460436135576153
    outer loop
      vertex 79.01506724761103 -10.762691194767884 16
      vertex 84.27205976779864 -15.983225912000991 24
      vertex 77.78959363181413 -14.753746995693222 24
    endloop
  endfacet
  facet normal -0.1178621835898638 -0.8652936513528025 -0.4872118662429766
    outer loop
      vertex 84.27205976779864 -15.983225912000991 24
      vertex 79.01506724761103 -10.762691194767884 16
      vertex 85.59965618491195 -11.659582127665209 16
    endloop
  endfacet
  facet normal -0.16828672314362356 -0.8872970243283623 -0.4293990794489608
    outer loop
      vertex 72.43047831031011 -9.865800261870561 16
      vertex 77.78959363181413 -14.753746995693222 24
      vertex 71.30712749582962 -13.524268079385456 24
    endloop
  endfacet
  facet normal -0.119987675215521 -0.8808981001562022 -0.4578444003562436
    outer loop
      vertex 77.78959363181413 -14.753746995693222 24
      vertex 72.43047831031011 -9.865800261870561 16
      vertex 79.01506724761103 -10.762691194767884 16
    endloop
  endfacet
  facet normal -0.1710457458829781 -0.9018440582295081 -0.396762709250085
    outer loop
      vertex 65.84588937300917 -8.968909328973234 16
      vertex 71.30712749582962 -13.524268079385456 24
      vertex 64.8246613598451 -12.294789163077683 24
    endloop
  endfacet
  facet normal -0.12204823080857435 -0.896025816431448 -0.42689807407020947
    outer loop
      vertex 71.30712749582962 -13.524268079385456 24
      vertex 65.84588937300917 -8.968909328973234 16
      vertex 72.43047831031011 -9.865800261870561 16
    endloop
  endfacet
  facet normal -0.17366257892911563 -0.9156413925148795 -0.3625495124711945
    outer loop
      vertex 59.261300435708264 -8.072018396075913 16
      vertex 64.8246613598451 -12.294789163077683 24
      vertex 58.34219522386059 -11.065310246769917 24
    endloop
  endfacet
  facet normal -0.12402537517129518 -0.9105411631929143 -0.394376085031679
    outer loop
      vertex 64.8246613598451 -12.294789163077683 24
      vertex 59.261300435708264 -8.072018396075913 16
      vertex 65.84588937300917 -8.968909328973234 16
    endloop
  endfacet
  facet normal -0.17610868896874646 -0.9285385843955001 -0.32680548795653697
    outer loop
      vertex 52.67671149840733 -7.175127463178587 16
      vertex 58.34219522386059 -11.065310246769917 24
      vertex 51.85972908787606 -9.835831330462145 24
    endloop
  endfacet
  facet normal -0.12589956513039555 -0.9243006628360044 -0.36030207351734744
    outer loop
      vertex 58.34219522386059 -11.065310246769917 24
      vertex 52.67671149840733 -7.175127463178587 16
      vertex 59.261300435708264 -8.072018396075913 16
    endloop
  endfacet
  facet normal -0.1783550996468269 -0.940382855130862 -0.2896023898483898
    outer loop
      vertex 46.09212256110645 -6.278236530281268 16
      vertex 51.85972908787606 -9.835831330462145 24
      vertex 45.37726295189159 -8.606352414154383 24
    endloop
  endfacet
  facet normal -0.12765053600774756 -0.9371555407767409 -0.3247227017755134
    outer loop
      vertex 51.85972908787606 -9.835831330462145 24
      vertex 46.09212256110645 -6.278236530281268 16
      vertex 52.67671149840733 -7.175127463178587 16
    endloop
  endfacet
  facet normal -0.18037313940408956 -0.9510230330257472 -0.2510392822568241
    outer loop
      vertex 39.507533623805514 -5.381345597383942 16
      vertex 45.37726295189159 -8.606352414154383 24
      vertex 38.894796815907064 -7.376873497846611 24
    endloop
  endfacet
  facet normal -0.12925774229195575 -0.9489549606736182 -0.2877097820209075
    outer loop
      vertex 45.37726295189159 -8.606352414154383 24
      vertex 39.507533623805514 -5.381345597383942 16
      vertex 46.09212256110645 -6.278236530281268 16
    endloop
  endfacet
  facet normal -0.18213529257692251 -0.9603140408810207 -0.211243172871183
    outer loop
      vertex 32.92294468650457 -4.4844546644866154 16
      vertex 38.894796815907064 -7.376873497846611 24
      vertex 32.41233067992253 -6.147394581538839 24
    endloop
  endfacet
  facet normal -0.13070088523820406 -0.9595498978396284 -0.24936172952943012
    outer loop
      vertex 38.894796815907064 -7.376873497846611 24
      vertex 32.92294468650457 -4.4844546644866154 16
      vertex 39.507533623805514 -5.381345597383942 16
    endloop
  endfacet
  facet normal -0.1836161166048471 -0.9681217319988171 -0.1703685233679205
    outer loop
      vertex 26.338355749203664 -3.5875637315892934 16
      vertex 32.41233067992253 -6.147394581538839 24
      vertex 25.92986454393803 -4.917915665231073 24
    endloop
  endfacet
  facet normal -0.1319605109465437 -0.9687975300767827 -0.2098041211889139
    outer loop
      vertex 32.41233067992253 -6.147394581538839 24
      vertex 26.338355749203664 -3.5875637315892934 16
      vertex 32.92294468650457 -4.4844546644866154 16
    endloop
  endfacet
  facet normal -0.1847931751268213 -0.9743278099620587 -0.1285954943265378
    outer loop
      vertex 19.753766811902757 -2.690672798691971 16
      vertex 25.92986454393803 -4.917915665231073 24
      vertex 19.447398407953532 -3.6884367489233054 24
    endloop
  endfacet
  facet normal -0.13301865280634306 -0.9765659542280023 -0.16918916941795323
    outer loop
      vertex 25.92986454393803 -4.917915665231073 24
      vertex 19.753766811902757 -2.690672798691971 16
      vertex 26.338355749203664 -3.5875637315892934 16
    endloop
  endfacet
  facet normal -0.18564792695791024 -0.9788345157918305 -0.08612687101481753
    outer loop
      vertex 13.169177874601846 -1.7937818657946485 16
      vertex 19.447398407953532 -3.6884367489233054 24
      vertex 12.96493227196903 -2.4589578326155386 24
    endloop
  endfacet
  facet normal -0.13385948332620354 -0.9827389716330657 -0.12769397933037546
    outer loop
      vertex 19.447398407953532 -3.6884367489233054 24
      vertex 13.169177874601846 -1.7937818657946485 16
      vertex 19.753766811902757 -2.690672798691971 16
    endloop
  endfacet
  facet normal -0.1861665065914318 -0.9815687431694015 -0.043183726754230274
    outer loop
      vertex 6.584588937300909 -0.8968909328973224 16
      vertex 12.96493227196903 -2.4589578326155386 24
      vertex 6.4824661359845015 -1.2294789163077668 24
    endloop
  endfacet
  facet normal -0.1344699337955315 -0.9872206374183605 -0.08551754182804458
    outer loop
      vertex 12.96493227196903 -2.4589578326155386 24
      vertex 6.584588937300909 -0.8968909328973224 16
      vertex 13.169177874601846 -1.7937818657946485 16
    endloop
  endfacet
  facet normal -0.18634033458899366 -0.9824852567368438 0
    outer loop
      vertex 0 0 16
      vertex 6.4824661359845015 -1.2294789163077668 24
      vertex 0 0 24
    endloop
  endfacet
  facet normal -0.13484023740206605 -0.9899392478330663 -0.04287652011366503
    outer loop
      vertex 6.4824661359845015 -1.2294789163077668 24
      vertex 0 0 16
      vertex 6.584588937300909 -0.8968909328973224 16
    endloop
  endfacet
  facet normal -0.9537113154722747 0.2898301634674035 0.08020725082311143
    outer loop
      vertex 0 0 24
      vertex 2.060113295832982 4.5650712782167355 32
      vertex 1.5563024257060356 5.1211482474277625 24
    endloop
  endfacet
  facet normal -0.9114852897234064 0.41133267146901636 0
    outer loop
      vertex 2.060113295832982 4.5650712782167355 32
      vertex 0 0 24
      vertex 0 0 32
    endloop
  endfacet
  facet normal -0.944639293289877 0.2870732016599385 0.15888858505731032
    outer loop
      vertex 1.5563024257060356 5.1211482474277625 24
      vertex 4.120226591665964 9.130142556433471 32
      vertex 3.112604851412071 10.242296494855525 24
    endloop
  endfacet
  facet normal -0.9081336956807412 0.4098201729714625 0.08567739839000295
    outer loop
      vertex 4.120226591665964 9.130142556433471 32
      vertex 1.5563024257060356 5.1211482474277625 24
      vertex 2.060113295832982 4.5650712782167355 32
    endloop
  endfacet
  facet normal -0.9300780518674001 0.2826480816961738 0.2346590704575785
    outer loop
      vertex 3.112604851412071 10.242296494855525 24
      vertex 6.180339887498947 13.695213834650207 32
      vertex 4.668907277118107 15.363444742283287 24
    endloop
  endfacet
  facet normal -0.89829648403485 0.4053808621106824 0.16949862360805898
    outer loop
      vertex 6.180339887498947 13.695213834650207 32
      vertex 3.112604851412071 10.242296494855525 24
      vertex 4.120226591665964 9.130142556433471 32
    endloop
  endfacet
  facet normal -0.9107789913607216 0.2767831519520527 0.30638654619848016
    outer loop
      vertex 4.668907277118107 15.363444742283287 24
      vertex 8.240453183331928 18.260285112866942 32
      vertex 6.225209702824142 20.48459298971105 24
    endloop
  endfacet
  facet normal -0.8825884094590221 0.39829216375015175 0.24980202517957273
    outer loop
      vertex 8.240453183331928 18.260285112866942 32
      vertex 4.668907277118107 15.363444742283287 24
      vertex 6.180339887498947 13.695213834650207 32
    endloop
  endfacet
  facet normal -0.8876451089508309 0.26975283070943035 0.37325536952590105
    outer loop
      vertex 6.225209702824142 20.48459298971105 24
      vertex 10.300566479164912 22.82535639108368 32
      vertex 7.781512128530179 25.605741237138812 24
    endloop
  endfacet
  facet normal -0.8619199433735684 0.388964953025033 0.3252695444291378
    outer loop
      vertex 10.300566479164912 22.82535639108368 32
      vertex 6.225209702824142 20.48459298971105 24
      vertex 8.240453183331928 18.260285112866942 32
    endloop
  endfacet
  facet normal -0.8616287015371876 0.261846518294759 0.4347785431047082
    outer loop
      vertex 7.781512128530179 25.605741237138812 24
      vertex 12.360679774997894 27.390427669300415 32
      vertex 9.337814554236214 30.726889484566573 24
    endloop
  endfacet
  facet normal -0.8373631702040341 0.3778830373601643 0.39500295095265636
    outer loop
      vertex 12.360679774997894 27.390427669300415 32
      vertex 7.781512128530179 25.605741237138812 24
      vertex 10.300566479164912 22.82535639108368 32
    endloop
  endfacet
  facet normal -0.8336453451763665 0.25334245567450225 0.4907678051977225
    outer loop
      vertex 9.337814554236214 30.726889484566573 24
      vertex 14.420793070830875 31.955498947517153 32
      vertex 10.894116979942249 35.84803773199434 24
    endloop
  endfacet
  facet normal -0.8100199191127447 0.3655436473065501 0.45852543283269126
    outer loop
      vertex 14.420793070830875 31.955498947517153 32
      vertex 9.337814554236214 30.726889484566573 24
      vertex 12.360679774997894 27.390427669300415 32
    endloop
  endfacet
  facet normal -0.8045141375104532 0.24448956429863247 0.5412779835674794
    outer loop
      vertex 10.894116979942249 35.84803773199434 24
      vertex 16.480906366663863 36.5205702257339 32
      vertex 12.45041940564829 40.969185979422114 24
    endloop
  endfacet
  facet normal -0.7809177643249808 0.35241050384354616 0.5157269453329073
    outer loop
      vertex 16.480906366663863 36.5205702257339 32
      vertex 10.894116979942249 35.84803773199434 24
      vertex 14.420793070830875 31.955498947517153 32
    endloop
  endfacet
  facet normal -0.7749253984312031 0.23549763042408559 0.586541978830912
    outer loop
      vertex 12.45041940564829 40.969185979422114 24
      vertex 18.541019662496847 41.08564150395063 32
      vertex 14.006721831354325 46.090334226849876 24
    endloop
  endfacet
  facet normal -0.7509447119098988 0.33888434400204437 0.5667798876502792
    outer loop
      vertex 18.541019662496847 41.08564150395063 32
      vertex 12.45041940564829 40.969185979422114 24
      vertex 16.480906366663863 36.5205702257339 32
    endloop
  endfacet
  facet normal -0.7454312093937191 0.22653443003903076 0.6269086568781043
    outer loop
      vertex 14.006721831354325 46.090334226849876 24
      vertex 20.601132958329828 45.650712782167375 32
      vertex 15.563024257060361 51.21148247427764 24
    endloop
  endfacet
  facet normal -0.7208206409001899 0.3252900328884695 0.6120490161381341
    outer loop
      vertex 20.601132958329828 45.650712782167375 32
      vertex 14.006721831354325 46.090334226849876 24
      vertex 18.541019662496847 41.08564150395063 32
    endloop
  endfacet
  facet normal -0.7164518228810535 0.21772767668097523 0.6627906489213017
    outer loop
      vertex 15.563024257060361 51.21148247427764 24
      vertex 22.661246254162812 50.21578406038411 32
      vertex 17.1193266827664 56.33263072170541 24
    endloop
  endfacet
  facet normal -0.6910965092895626 0.31187620536942623 0.6520113859221702
    outer loop
      vertex 22.661246254162812 50.21578406038411 32
      vertex 15.563024257060361 51.21148247427764 24
      vertex 20.601132958329828 45.650712782167375 32
    endloop
  endfacet
  facet normal -0.6882911692024688 0.2091697339087732 0.6946245668088852
    outer loop
      vertex 17.1193266827664 56.33263072170541 24
      vertex 24.721359549995793 54.780855338600844 32
      vertex 18.67562910847243 61.45377896913316 24
    endloop
  endfacet
  facet normal -0.6621706689400544 0.2988226286199205 0.6871935985005696
    outer loop
      vertex 24.721359549995793 54.780855338600844 32
      vertex 17.1193266827664 56.33263072170541 24
      vertex 22.661246254162812 50.21578406038411 32
    endloop
  endfacet
  facet normal -0.6611561611525918 0.2009234819337817 0.7228431952903571
    outer loop
      vertex 18.67562910847243 61.45377896913316 24
      vertex 26.781472845828777 59.345926616817586 32
      vertex 20.231931534178468 66.57492721656092 24
    endloop
  endfacet
  facet normal -0.6343132359833579 0.28625119993364495 0.7181274045689036
    outer loop
      vertex 26.781472845828777 59.345926616817586 32
      vertex 18.67562910847243 61.45377896913316 24
      vertex 24.721359549995793 54.780855338600844 32
    endloop
  endfacet
  facet normal -0.6351762660892877 0.19302826551880725 0.74785774028733
    outer loop
      vertex 20.231931534178468 66.57492721656092 24
      vertex 28.841586141661754 63.91099789503431 32
      vertex 21.7882339598845 71.69607546398868 24
    endloop
  endfacet
  facet normal -0.6076922349584487 0.27423774498027076 0.7453212775705129
    outer loop
      vertex 28.841586141661754 63.91099789503431 32
      vertex 20.231931534178468 66.57492721656092 24
      vertex 26.781472845828777 59.345926616817586 32
    endloop
  endfacet
  facet normal -0.6104213437943419 0.1855053148533705 0.7700477655324128
    outer loop
      vertex 21.7882339598845 71.69607546398868 24
      vertex 30.901699437494738 68.47606917325105 32
      vertex 23.34453638559054 76.81722371141645 24
    endloop
  endfacet
  facet normal -0.5823978683486545 0.26282297009796834 0.7692443105618825
    outer loop
      vertex 30.901699437494738 68.47606917325105 32
      vertex 21.7882339598845 71.69607546398868 24
      vertex 28.841586141661754 63.91099789503431 32
    endloop
  endfacet
  facet normal -0.586916853927088 0.17836236705572267 0.7897565907256543
    outer loop
      vertex 23.34453638559054 76.81722371141645 24
      vertex 32.961812733327726 73.0411404514678 32
      vertex 24.900838811296577 81.93837195884421 24
    endloop
  endfacet
  facet normal -0.5584632280028807 0.25202180888881154 0.7903188159300104
    outer loop
      vertex 32.961812733327726 73.0411404514678 32
      vertex 23.34453638559054 76.81722371141645 24
      vertex 30.901699437494738 68.47606917325105 32
    endloop
  endfacet
  facet normal -0.5646562347117754 0.17159742802082747 0.8072903190908196
    outer loop
      vertex 24.900838811296577 81.93837195884421 24
      vertex 35.0219260291607 77.60621172968452 32
      vertex 26.45714123700261 87.05952020627197 24
    endloop
  endfacet
  facet normal -0.5358810098796039 0.2418309652042557 0.8089186161282196
    outer loop
      vertex 35.0219260291607 77.60621172968452 32
      vertex 24.900838811296577 81.93837195884421 24
      vertex 32.961812733327726 73.0411404514678 32
    endloop
  endfacet
  facet normal -0.5436106385203755 0.1652017310363559 0.8229191100892367
    outer loop
      vertex 26.45714123700261 87.05952020627197 24
      vertex 37.08203932499369 82.17128300790127 32
      vertex 28.013443662708646 92.18066845369974 24
    endloop
  endfacet
  facet normal -0.514616470319852 0.2322347600177451 0.8253707680279435
    outer loop
      vertex 37.08203932499369 82.17128300790127 32
      vertex 26.45714123700261 87.05952020627197 24
      vertex 35.0219260291607 77.60621172968452 32
    endloop
  endfacet
  facet normal -0.5237363835680373 0.15916200133180042 0.8368797152871671
    outer loop
      vertex 28.013443662708646 92.18066845369974 24
      vertex 39.142152620826664 86.736354286118 32
      vertex 29.569746088414682 97.30181670112749 24
    endloop
  endfacet
  facet normal -0.4946171602408415 0.22320952424588417 0.8399591496502743
    outer loop
      vertex 39.142152620826664 86.736354286118 32
      vertex 28.013443662708646 92.18066845369974 24
      vertex 37.08203932499369 82.17128300790127 32
    endloop
  endfacet
  facet normal -0.5049805282957516 0.15346215011755102 0.8493786167095578
    outer loop
      vertex 29.569746088414682 97.30181670112749 24
      vertex 41.202265916659655 91.30142556433475 32
      vertex 31.126048514120722 102.42296494855528 24
    endloop
  endfacet
  facet normal -0.47582005033796976 0.2147268141907494 0.8529288803668588
    outer loop
      vertex 41.202265916659655 91.30142556433475 32
      vertex 29.569746088414682 97.30181670112749 24
      vertex 39.142152620826664 86.736354286118 32
    endloop
  endfacet
  facet normal -0.48728495516537523 0.14808451563862432 0.8605953455007483
    outer loop
      vertex 31.126048514120722 102.42296494855528 24
      vertex 43.26237921249263 95.86649684255147 32
      vertex 32.682350939826755 107.54411319598303 24
    endloop
  endfacet
  facet normal -0.4581566238699821 0.20675570979851202 0.8644909394954774
    outer loop
      vertex 43.26237921249263 95.86649684255147 32
      vertex 31.126048514120722 102.42296494855528 24
      vertex 41.202265916659655 91.30142556433475 32
    endloop
  endfacet
  facet normal -0.4705893006835923 0.14301075360062854 0.8706857265607997
    outer loop
      vertex 32.682350939826755 107.54411319598303 24
      vertex 45.322492508325624 100.43156812076822 32
      vertex 34.2386533655328 112.66526144341081 24
    endloop
  endfacet
  facet normal -0.441556429919286 0.1992644181653628 0.8748266175935401
    outer loop
      vertex 45.322492508325624 100.43156812076822 32
      vertex 32.682350939826755 107.54411319598303 24
      vertex 43.26237921249263 95.86649684255147 32
    endloop
  endfacet
  facet normal -0.4548330098183168 0.13822246150108297 0.8797849079838734
    outer loop
      vertex 34.2386533655328 112.66526144341081 24
      vertex 47.382605804158594 104.99663939898494 32
      vertex 35.79495579123882 117.78640969083854 24
    endloop
  endfacet
  facet normal -0.425949495360368 0.19222136200423634 0.8840916102935736
    outer loop
      vertex 47.382605804158594 104.99663939898494 32
      vertex 34.2386533655328 112.66526144341081 24
      vertex 45.322492508325624 100.43156812076822 32
    endloop
  endfacet
  facet normal -0.43995673658336515 0.13370160426312896 0.8880101074607097
    outer loop
      vertex 35.79495579123882 117.78640969083854 24
      vertex 49.442719099991585 109.56171067720169 32
      vertex 37.35125821694486 122.90755793826632 24
    endloop
  endfacet
  facet normal -0.41126790563887206 0.1855958930146196 0.8924196738572732
    outer loop
      vertex 49.442719099991585 109.56171067720169 32
      vertex 35.79495579123882 117.78640969083854 24
      vertex 47.382605804158594 104.99663939898494 32
    endloop
  endfacet
  facet normal -0.42590326328179257 0.12943079359096787 0.8954630533954667
    outer loop
      vertex 37.35125821694486 122.90755793826632 24
      vertex 51.50283239582457 114.12678195541844 32
      vertex 38.9075606426509 128.0287061856941 24
    endloop
  endfacet
  facet normal -0.39744678970869085 0.17935873636234914 0.8999258264105753
    outer loop
      vertex 51.50283239582457 114.12678195541844 32
      vertex 37.35125821694486 122.90755793826632 24
      vertex 49.442719099991585 109.56171067720169 32
    endloop
  endfacet
  facet normal -0.41261807013552215 0.12539346107869448 0.9022321254069505
    outer loop
      vertex 38.9075606426509 128.0287061856941 24
      vertex 53.56294569165755 118.69185323363517 32
      vertex 40.463863068356936 133.14985443312185 24
    endloop
  endfacet
  facet normal -0.38442488440158556 0.17348224536685203 0.9067091147635514
    outer loop
      vertex 53.56294569165755 118.69185323363517 32
      vertex 38.9075606426509 128.0287061856941 24
      vertex 51.50283239582457 114.12678195541844 32
    endloop
  endfacet
  facet normal -0.4000496544918365 0.12157395521623982 0.9083942136286657
    outer loop
      vertex 40.463863068356936 133.14985443312185 24
      vertex 55.62305898749053 123.25692451185189 32
      vertex 42.02016549406297 138.2710026805496 24
    endloop
  endfacet
  facet normal -0.37214480687496676 0.16794052445064986 0.9128549846296697
    outer loop
      vertex 55.62305898749053 123.25692451185189 32
      vertex 40.463863068356936 133.14985443312185 24
      vertex 53.56294569165755 118.69185323363517 32
    endloop
  endfacet
  facet normal -0.3881496734501835 0.11795758473325577 0.9140163232702208
    outer loop
      vertex 42.02016549406297 138.2710026805496 24
      vertex 57.68317228332351 127.82199579006863 32
      vertex 43.576467919769 143.39215092797735 24
    endloop
  endfacet
  facet normal -0.3605531284356528 0.1627094624543557 0.9184372991135966
    outer loop
      vertex 57.68317228332351 127.82199579006863 32
      vertex 42.02016549406297 138.2710026805496 24
      vertex 55.62305898749053 123.25692451185189 32
    endloop
  endfacet
  facet normal -0.3768729643476033 0.1145306248245791 0.9191569532572451
    outer loop
      vertex 43.576467919769 143.39215092797735 24
      vertex 59.7432855791565 132.38706706828538 32
      vertex 45.132770345475045 148.51329917540514 24
    endloop
  endfacet
  facet normal -0.34960031668981145 0.15776670653025218 0.9235200511526432
    outer loop
      vertex 59.7432855791565 132.38706706828538 32
      vertex 43.576467919769 143.39215092797735 24
      vertex 57.68317228332351 127.82199579006863 32
    endloop
  endfacet
  facet normal -0.36617748287551294 0.11128029834409336 0.9238672773918356
    outer loop
      vertex 45.132770345475045 148.51329917540514 24
      vertex 61.803398874989476 136.9521383465021 32
      vertex 46.68907277118108 153.6344474228329 24
    endloop
  endfacet
  facet normal -0.33924059357474445 0.1530915980752457 0.9281588130647807
    outer loop
      vertex 61.803398874989476 136.9521383465021 32
      vertex 45.132770345475045 148.51329917540514 24
      vertex 59.7432855791565 132.38706706828538 32
    endloop
  endfacet
  facet normal 0.12034577290409175 0.5144252833827264 0.8490485985859222
    outer loop
      vertex 47.985565998377986 153.38855163957135 24
      vertex 61.803398874989476 136.9521383465021 32
      vertex 63.07147423004968 136.65548203190215 32
    endloop
  endfacet
  facet normal 0.09461412498021578 0.498855940541029 0.8615050307114598
    outer loop
      vertex 61.803398874989476 136.9521383465021 32
      vertex 47.985565998377986 153.38855163957135 24
      vertex 46.68907277118108 153.6344474228329 24
    endloop
  endfacet
  facet normal 0.11996952342375035 0.5128169822278381 0.8500741474649204
    outer loop
      vertex 49.28205922557488 153.14265585630977 24
      vertex 63.07147423004968 136.65548203190215 32
      vertex 64.33954958510988 136.3588257173022 32
    endloop
  endfacet
  facet normal 0.09432943688817985 0.4973549136494438 0.8624036451715131
    outer loop
      vertex 63.07147423004968 136.65548203190215 32
      vertex 49.28205922557488 153.14265585630977 24
      vertex 47.985565998377986 153.38855163957135 24
    endloop
  endfacet
  facet normal 0.11959517138217614 0.5112167917896518 0.8510901167175915
    outer loop
      vertex 50.57855245277179 152.89676007304823 24
      vertex 64.33954958510988 136.3588257173022 32
      vertex 65.60762494017008 136.06216940270224 32
    endloop
  endfacet
  facet normal 0.09404616406987137 0.4958613488330822 0.8632941803100374
    outer loop
      vertex 64.33954958510988 136.3588257173022 32
      vertex 50.57855245277179 152.89676007304823 24
      vertex 49.28205922557488 153.14265585630977 24
    endloop
  endfacet
  facet normal 0.11922270741803906 0.5096246720527345 0.8520966140474069
    outer loop
      vertex 51.875045679968686 152.65086428978668 24
      vertex 65.60762494017008 136.06216940270224 32
      vertex 66.87570029523029 135.7655130881023 32
    endloop
  endfacet
  facet normal 0.09376429906540988 0.49437520675930724 0.8641767244970583
    outer loop
      vertex 65.60762494017008 136.06216940270224 32
      vertex 51.875045679968686 152.65086428978668 24
      vertex 50.57855245277179 152.89676007304823 24
    endloop
  endfacet
  facet normal 0.11885212214625462 0.5080405828998309 0.8530937458381299
    outer loop
      vertex 53.17153890716559 152.40496850652514 24
      vertex 66.87570029523029 135.7655130881023 32
      vertex 68.1437756502905 135.46885677350235 32
    endloop
  endfacet
  facet normal 0.09348383441824833 0.49289644811330935 0.8650513650296988
    outer loop
      vertex 66.87570029523029 135.7655130881023 32
      vertex 53.17153890716559 152.40496850652514 24
      vertex 51.875045679968686 152.65086428978668 24
    endloop
  endfacet
  facet normal 0.11848340616050132 0.5064644841230999 0.8540816171693008
    outer loop
      vertex 54.46803213436249 152.15907272326356 24
      vertex 68.1437756502905 135.46885677350235 32
      vertex 69.4118510053507 135.1722004589024 32
    endloop
  endfacet
  facet normal 0.09320476267658734 0.49142503360517475 0.8659181881451353
    outer loop
      vertex 68.1437756502905 135.46885677350235 32
      vertex 54.46803213436249 152.15907272326356 24
      vertex 53.17153890716559 152.40496850652514 24
    endloop
  endfacet
  facet normal 0.11811655003586269 0.5048963354351179 0.8550603318315114
    outer loop
      vertex 55.76452536155939 151.91317694000202 24
      vertex 69.4118510053507 135.1722004589024 32
      vertex 70.6799263604109 134.87554414430244 32
    endloop
  endfacet
  facet normal 0.09292707639457869 0.4899609239766166 0.8667772790335105
    outer loop
      vertex 69.4118510053507 135.1722004589024 32
      vertex 55.76452536155939 151.91317694000202 24
      vertex 54.46803213436249 152.15907272326356 24
    endloop
  endfacet
  facet normal 0.11775154433123176 0.5033360964794529 0.8560299923416451
    outer loop
      vertex 57.0610185887563 151.66728115674047 24
      vertex 70.6799263604109 134.87554414430244 32
      vertex 71.94800171547112 134.5788878297025 32
    endloop
  endfacet
  facet normal 0.09265076813369974 0.4885040800076126 0.8676287218506263
    outer loop
      vertex 70.6799263604109 134.87554414430244 32
      vertex 57.0610185887563 151.66728115674047 24
      vertex 55.76452536155939 151.91317694000202 24
    endloop
  endfacet
  facet normal 0.11738837959185618 0.5017837268410322 0.8569906999578948
    outer loop
      vertex 58.3575118159532 151.4213853734789 24
      vertex 71.94800171547112 134.5788878297025 32
      vertex 73.21607707053133 134.28223151510255 32
    endloop
  endfacet
  facet normal 0.09237583046383874 0.48705446252266854 0.8684725997306252
    outer loop
      vertex 71.94800171547112 134.5788878297025 32
      vertex 58.3575118159532 151.4213853734789 24
      vertex 57.0610185887563 151.66728115674047 24
    endloop
  endfacet
  facet normal 0.1170270463515195 0.5002391860560067 0.8579425546948136
    outer loop
      vertex 59.65400504315011 151.17548959021735 24
      vertex 73.21607707053133 134.28223151510255 32
      vertex 74.48415242559153 133.9855752005026 32
    endloop
  endfacet
  facet normal 0.09210225596445613 0.48561203239692613 0.8693089947985034
    outer loop
      vertex 73.21607707053133 134.28223151510255 32
      vertex 59.65400504315011 151.17548959021735 24
      vertex 58.3575118159532 151.4213853734789 24
    endloop
  endfacet
  facet normal 0.11666753513489236 0.49870243362145444 0.8588856553381174
    outer loop
      vertex 60.950498270347005 150.9295938069558 24
      vertex 74.48415242559153 133.9855752005026 32
      vertex 75.75222778065174 133.68891888590264 32
    endloop
  endfacet
  facet normal 0.0918300372258145 0.4841767505621407 0.8701379881824446
    outer loop
      vertex 74.48415242559153 133.9855752005026 32
      vertex 60.950498270347005 150.9295938069558 24
      vertex 59.65400504315011 151.17548959021735 24
    endloop
  endfacet
  facet normal 0.11630983645963006 0.49717342900465744 0.8598200994594655
    outer loop
      vertex 62.2469914975439 150.68369802369423 24
      vertex 75.75222778065174 133.68891888590264 32
      vertex 77.02030313571193 133.3922625713027 32
    endloop
  endfacet
  facet normal 0.09155916684994704 0.48274857801230636 0.8709596600261345
    outer loop
      vertex 75.75222778065174 133.68891888590264 32
      vertex 62.2469914975439 150.68369802369423 24
      vertex 60.950498270347005 150.9295938069558 24
    endloop
  endfacet
  facet normal 0.11595394083860762 0.4956521316522053 0.8607459834310129
    outer loop
      vertex 63.54348472474081 150.4378022404327 24
      vertex 77.02030313571193 133.3922625713027 32
      vertex 78.28837849077215 133.09560625670275 32
    endloop
  endfacet
  facet normal 0.09128963745170411 0.48132747580915736 0.8717740895008991
    outer loop
      vertex 77.02030313571193 133.3922625713027 32
      vertex 63.54348472474081 150.4378022404327 24
      vertex 62.2469914975439 150.68369802369423 24
    endloop
  endfacet
  facet normal 0.11559983878185705 0.49413850099867035 0.8616634024399525
    outer loop
      vertex 64.83997795193771 150.19190645717114 24
      vertex 78.28837849077215 133.09560625670275 32
      vertex 79.55645384583235 132.7989499421028 32
    endloop
  endfacet
  facet normal 0.09102144165986556 0.47991340508753155 0.8725813548176757
    outer loop
      vertex 78.28837849077215 133.09560625670275 32
      vertex 64.83997795193771 150.19190645717114 24
      vertex 63.54348472474081 150.4378022404327 24
    endloop
  endfacet
  facet normal 0.11524752079857979 0.492632496475077 0.8625724505028631
    outer loop
      vertex 66.13647117913462 149.9460106739096 24
      vertex 79.55645384583235 132.7989499421028 32
      vertex 80.82452920089254 132.50229362750287 32
    endloop
  endfacet
  facet normal 0.09075457211798825 0.4785063270604104 0.8733815332389598
    outer loop
      vertex 79.55645384583235 132.7989499421028 32
      vertex 66.13647117913462 149.9460106739096 24
      vertex 64.83997795193771 150.19190645717114 24
    endloop
  endfacet
  facet normal 0.1148969773990731 0.49113407751708105 0.8634732204799421
    outer loop
      vertex 67.43296440633151 149.70011489064802 24
      vertex 80.82452920089254 132.50229362750287 32
      vertex 82.09260455595275 132.2056373129029 32
    endloop
  endfacet
  facet normal 0.09048902148541528 0.47710620302388973 0.8741747010905422
    outer loop
      vertex 80.82452920089254 132.50229362750287 32
      vertex 67.43296440633151 149.70011489064802 24
      vertex 66.13647117913462 149.9460106739096 24
    endloop
  endfacet
  facet normal 0.1145481990965209 0.489643203572838 0.8643658040891438
    outer loop
      vertex 68.72945763352841 149.45421910738648 24
      vertex 82.09260455595275 132.2056373129029 32
      vertex 83.36067991101295 131.90898099830295 32
    endloop
  endfacet
  facet normal 0.09022478243809905 0.47571299436188025 0.8749609337731893
    outer loop
      vertex 82.09260455595275 132.2056373129029 32
      vertex 68.72945763352841 149.45421910738648 24
      vertex 67.43296440633151 149.70011489064802 24
    endloop
  endfacet
  facet normal 0.11420117640889421 0.48815983411070607 0.8652502919201083
    outer loop
      vertex 70.02595086072532 149.20832332412493 24
      vertex 83.36067991101295 131.90898099830295 32
      vertex 84.62875526607316 131.612324683703 32
    endloop
  endfacet
  facet normal 0.08996184766959803 0.4743266625507585 0.8757403057741096
    outer loop
      vertex 83.36067991101295 131.90898099830295 32
      vertex 70.02595086072532 149.20832332412493 24
      vertex 68.72945763352841 149.45421910738648 24
    endloop
  endfacet
  facet normal 0.11385589986055634 0.4866839286265503 0.8661267734480732
    outer loop
      vertex 71.32244408792222 148.96242754086336 24
      vertex 84.62875526607316 131.612324683703 32
      vertex 85.89683062113336 131.31566836910307 32
    endloop
  endfacet
  facet normal 0.08970020989179307 0.4729471691636938 0.8765128906784067
    outer loop
      vertex 84.62875526607316 131.612324683703 32
      vertex 71.32244408792222 148.96242754086336 24
      vertex 70.02595086072532 149.20832332412493 24
    endloop
  endfacet
  facet normal 0.11351235998400415 0.48521544665091493 0.8669953370475616
    outer loop
      vertex 72.61893731511913 148.7165317576018 24
      vertex 85.89683062113336 131.31566836910307 32
      vertex 87.16490597619358 131.0190120545031 32
    endloop
  endfacet
  facet normal 0.08943986183569759 0.4715744758748901 0.8772787611803524
    outer loop
      vertex 85.89683062113336 131.31566836910307 32
      vertex 72.61893731511913 148.7165317576018 24
      vertex 71.32244408792222 148.96242754086336 24
    endloop
  endfacet
  facet normal 0.11317054732141184 0.48375434775586934 0.8678560700060037
    outer loop
      vertex 73.91543054231602 148.47063597434027 24
      vertex 87.16490597619358 131.0190120545031 32
      vertex 88.43298133125377 130.72235573990315 32
    endloop
  endfacet
  facet normal 0.08918079625233512 0.47020854446372284 0.8780379890944963
    outer loop
      vertex 87.16490597619358 131.0190120545031 32
      vertex 73.91543054231602 148.47063597434027 24
      vertex 72.61893731511913 148.7165317576018 24
    endloop
  endfacet
  facet normal 0.11283045242628667 0.48230059156170785 0.8687090585371527
    outer loop
      vertex 75.21192376951294 148.22474019107872 24
      vertex 88.43298133125377 130.72235573990315 32
      vertex 89.70105668631399 130.4256994253032 32
    endloop
  endfacet
  facet normal 0.08892300591335886 0.4688493368185821 0.8787906453667497
    outer loop
      vertex 88.43298133125377 130.72235573990315 32
      vertex 75.21192376951294 148.22474019107872 24
      vertex 73.91543054231602 148.47063597434027 24
    endloop
  endfacet
  facet normal 0.1124920658648836 0.4808541377433198 0.869554387794449
    outer loop
      vertex 76.50841699670983 147.97884440781715 24
      vertex 89.70105668631399 130.4256994253032 32
      vertex 90.96913204137418 130.12904311070326 32
    endloop
  endfacet
  facet normal 0.08866648361185367 0.46749681494069156 0.8795368000852595
    outer loop
      vertex 89.70105668631399 130.4256994253032 32
      vertex 76.50841699670983 147.97884440781715 24
      vertex 75.21192376951294 148.22474019107872 24
    endloop
  endfacet
  facet normal 0.1121553782176698 0.4794149460363805 0.8703921418842118
    outer loop
      vertex 77.80491022390673 147.7329486245556 24
      vertex 90.96913204137418 130.12904311070326 32
      vertex 92.23720739643439 129.83238679610332 32
    endloop
  endfacet
  facet normal 0.08841122216292419 0.4661509409476634 0.8802765224912374
    outer loop
      vertex 90.96913204137418 130.12904311070326 32
      vertex 77.80491022390673 147.7329486245556 24
      vertex 76.50841699670983 147.97884440781715 24
    endloop
  endfacet
  facet normal 0.11182038008075938 0.47798297624334896 0.8712224038786794
    outer loop
      vertex 79.10140345110364 147.48705284129406 24
      vertex 92.23720739643439 129.83238679610332 32
      vertex 93.5052827514946 129.53573048150335 32
    endloop
  endfacet
  facet normal 0.0881572144044969 0.4648116770770579 0.8810098809895678
    outer loop
      vertex 92.23720739643439 129.83238679610332 32
      vertex 79.10140345110364 147.48705284129406 24
      vertex 77.80491022390673 147.7329486245556 24
    endloop
  endfacet
  facet normal 0.11148706206718131 0.4765581882391766 0.8720452558289746
    outer loop
      vertex 80.39789667830054 147.24115705803248 24
      vertex 93.5052827514946 129.53573048150335 32
      vertex 94.77335810655481 129.2390741669034 32
    endloop
  endfacet
  facet normal 0.08790445319783086 0.46347898568964496 0.8817369431594029
    outer loop
      vertex 93.5052827514946 129.53573048150335 32
      vertex 80.39789667830054 147.24115705803248 24
      vertex 79.10140345110364 147.48705284129406 24
    endloop
  endfacet
  facet normal 0.11115541480829674 0.47514054197692357 0.8728607787778477
    outer loop
      vertex 81.69438990549745 146.99526127477094 24
      vertex 94.77335810655481 129.2390741669034 32
      vertex 96.041433461615 128.94241785230346 32
    endloop
  endfacet
  facet normal 0.08765293142813042 0.4621528292726023 0.8824577757645883
    outer loop
      vertex 94.77335810655481 129.2390741669034 32
      vertex 81.69438990549745 146.99526127477094 24
      vertex 80.39789667830054 147.24115705803248 24
    endloop
  endfacet
  facet normal 0.1108254289549303 0.47372999749303607 0.8736690527723892
    outer loop
      vertex 82.99088313269434 146.7493654915094 24
      vertex 96.041433461615 128.94241785230346 32
      vertex 97.30950881667522 128.64576153770352 32
    endloop
  endfacet
  facet normal 0.08740264200522863 0.4608331704426366 0.8831724447639281
    outer loop
      vertex 96.041433461615 128.94241785230346 32
      vertex 82.99088313269434 146.7493654915094 24
      vertex 81.69438990549745 146.99526127477094 24
    endloop
  endfacet
  facet normal 0.11049709517866527 0.47232651491255034 0.8744701568765176
    outer loop
      vertex 84.28737635989124 146.50346970824785 24
      vertex 97.30950881667522 128.64576153770352 32
      vertex 98.57758417173541 128.34910522310355 32
    endloop
  endfacet
  facet normal 0.08715357786402503 0.45951997194885286 0.8838810153214203
    outer loop
      vertex 97.30950881667522 128.64576153770352 32
      vertex 84.28737635989124 146.50346970824785 24
      vertex 82.99088313269434 146.7493654915094 24
    endloop
  endfacet
  facet normal 0.11017040417289584 0.47093005445399 0.8752641691834201
    outer loop
      vertex 85.58386958708815 146.25757392498627 24
      vertex 98.57758417173541 128.34910522310355 32
      vertex 99.84565952679561 128.0524489085036 32
    endloop
  endfacet
  facet normal 0.08690573196509663 0.4582131966756045 0.8845835518162964
    outer loop
      vertex 98.57758417173541 128.34910522310355 32
      vertex 85.58386958708815 146.25757392498627 24
      vertex 84.28737635989124 146.50346970824785 24
    endloop
  endfacet
  facet normal 0.12562651413546128 0.47289266551157033 0.8721184012802017
    outer loop
      vertex 93.46293000209563 144.50182069709786 24
      vertex 99.84565952679561 128.0524489085036 32
      vertex 107.52605825009601 126.01210912498233 32
    endloop
  endfacet
  facet normal 0.10414831916341522 0.46737257023125356 0.8779043274815698
    outer loop
      vertex 99.84565952679561 128.0524489085036 32
      vertex 93.46293000209563 144.50182069709786 24
      vertex 85.58386958708815 146.25757392498627 24
    endloop
  endfacet
  facet normal 0.16063255657612482 0.48574847829325274 0.8592121959118175
    outer loop
      vertex 101.15355231901219 142.2701723814015 24
      vertex 107.52605825009601 126.01210912498233 32
      vertex 114.97133609840205 123.55002418053712 32
    endloop
  endfacet
  facet normal 0.13947939903589318 0.4806686481157454 0.8657384986028794
    outer loop
      vertex 107.52605825009601 126.01210912498233 32
      vertex 101.15355231901219 142.2701723814015 24
      vertex 93.46293000209563 144.50182069709786 24
    endloop
  endfacet
  facet normal 0.19871894096457046 0.49927171105191814 0.8433495959833085
    outer loop
      vertex 108.64452690106742 139.58148243075908 24
      vertex 114.97133609840205 123.55002418053712 32
      vertex 122.17219042704775 120.68395723832293 32
    endloop
  endfacet
  facet normal 0.1775309194059127 0.49461991870086675 0.8507842903340654
    outer loop
      vertex 114.97133609840205 123.55002418053712 32
      vertex 108.64452690106742 139.58148243075908 24
      vertex 101.15355231901219 142.2701723814015 24
    endloop
  endfacet
  facet normal 0.24023264237124936 0.5131550762534027 0.8239903793459555
    outer loop
      vertex 115.9246441114908 136.45460429803228 24
      vertex 122.17219042704775 120.68395723832293 32
      vertex 129.11931859136703 117.4316714614947 32
    endloop
  endfacet
  facet normal 0.2185953782456316 0.508942116620723 0.8325827181363229
    outer loop
      vertex 122.17219042704775 120.68395723832293 32
      vertex 115.9246441114908 136.45460429803228 24
      vertex 108.64452690106742 139.58148243075908 24
    endloop
  endfacet
  facet normal 0.28545853625047896 0.5269730648751093 0.8005078469183596
    outer loop
      vertex 122.98269431351177 132.90839143608295 24
      vertex 129.11931859136703 117.4316714614947 32
      vertex 135.80341794669377 113.81093001320733 32
    endloop
  endfacet
  facet normal 0.26289985783598685 0.5232512731033809 0.8106119724908515
    outer loop
      vertex 129.11931859136703 117.4316714614947 32
      vertex 122.98269431351177 132.90839143608295 24
      vertex 115.9246441114908 136.45460429803228 24
    endloop
  endfacet
  facet normal 0.3345680854138229 0.5401507199731939 0.77220553995356
    outer loop
      vertex 129.80746787035983 128.96169729777287 24
      vertex 135.80341794669377 113.81093001320733 32
      vertex 142.2151858483619 109.83949605661579 32
    endloop
  endfacet
  facet normal 0.3105651002649936 0.5370409790295914 0.7843062573640047
    outer loop
      vertex 135.80341794669377 113.81093001320733 32
      vertex 129.80746787035983 128.96169729777287 24
      vertex 122.98269431351177 132.90839143608295 24
    endloop
  endfacet
  facet normal 0.3875501431102223 0.5519362716919818 0.738357121294297
    outer loop
      vertex 136.38775514526458 124.63337533596388 24
      vertex 142.2151858483619 109.83949605661579 32
      vertex 148.34531965170538 105.53513275487504 32
    endloop
  endfacet
  facet normal 0.3615532090008602 0.5496642813038327 0.7530925938554445
    outer loop
      vertex 142.2151858483619 109.83949605661579 32
      vertex 136.38775514526458 124.63337533596388 24
      vertex 129.80746787035983 128.96169729777287 24
    endloop
  endfacet
  facet normal 0.44412739460986816 0.5613877746984888 0.6982797603941628
    outer loop
      vertex 142.7123465014554 119.94227900351768 24
      vertex 148.34531965170538 105.53513275487504 32
      vertex 154.18451671205816 100.91560327113999 32
    endloop
  endfacet
  facet normal 0.4156080067758099 0.5603276123403137 0.7164516393678232
    outer loop
      vertex 148.34531965170538 105.53513275487504 32
      vertex 142.7123465014554 119.94227900351768 24
      vertex 136.38775514526458 124.63337533596388 24
    endloop
  endfacet
  facet normal 0.5036709511555826 0.5673887282277223 0.6514488499047018
    outer loop
      vertex 148.77003230216178 114.90726175329613 24
      vertex 154.18451671205816 100.91560327113999 32
      vertex 159.72347438475407 95.99867076856555 32
    endloop
  endfacet
  facet normal 0.4721979950917868 0.5681067110273905 0.6740057999134265
    outer loop
      vertex 154.18451671205816 100.91560327113999 32
      vertex 148.77003230216178 114.90726175329613 24
      vertex 142.7123465014554 119.94227900351768 24
    endloop
  endfacet
  facet normal 0.5651380661327919 0.5687098414608115 0.5976521416621101
    outer loop
      vertex 154.54960291061326 109.547177038161 24
      vertex 159.72347438475407 95.99867076856555 32
      vertex 164.95289002512712 90.80209841030674 32
    endloop
  endfacet
  facet normal 0.5304790402733695 0.5719948904737079 0.6256307482074518
    outer loop
      vertex 159.72347438475407 95.99867076856555 32
      vertex 154.54960291061326 109.547177038161 24
      vertex 148.77003230216178 114.90726175329613 24
    endloop
  endfacet
  facet normal 0.6270691052358892 0.5641286218036335 0.5371622057820098
    outer loop
      vertex 160.03984869003932 103.88087831097407 24
      vertex 164.95289002512712 90.80209841030674 32
      vertex 169.86346098851118 85.3436493595184 32
    endloop
  endfacet
  facet normal 0.5892992086226229 0.5709895733940079 0.5715744481623363
    outer loop
      vertex 164.95289002512712 90.80209841030674 32
      vertex 160.03984869003932 103.88087831097407 24
      vertex 154.54960291061326 109.547177038161 24
    endloop
  endfacet
  facet normal 0.6472662264730739 0.5642118060306804 0.512553870342333
    outer loop
      vertex 169.86346098851118 85.3436493595184 32
      vertex 165.22956000366952 97.92721902459718 24
      vertex 160.03984869003932 103.88087831097407 24
    endloop
  endfacet
  facet normal 0.6876797464262412 0.5526006744623736 0.47088115373082245
    outer loop
      vertex 165.22956000366952 97.92721902459718 24
      vertex 169.86346098851118 85.3436493595184 32
      vertex 174.44588463024027 79.64108677935556 32
    endloop
  endfacet
  facet normal 0.7028838999625433 0.551037114857879 0.4497914196853361
    outer loop
      vertex 174.44588463024027 79.64108677935556 32
      vertex 170.10752721473324 91.70505263189207 24
      vertex 165.22956000366952 97.92721902459718 24
    endloop
  endfacet
  facet normal 0.7450618779443522 0.5334482201081376 0.4003945485361846
    outer loop
      vertex 170.10752721473324 91.70505263189207 24
      vertex 174.44588463024027 79.64108677935556 32
      vertex 178.69085830564825 73.71217383297312 32
    endloop
  endfacet
  facet normal 0.7547383646574655 0.531201948465414 0.3849603757021263
    outer loop
      vertex 178.69085830564825 73.71217383297312 32
      vertex 174.66254068646006 85.23323258572057 24
      vertex 170.10752721473324 91.70505263189207 24
    endloop
  endfacet
  facet normal 0.7974614781244705 0.5065060784347138 0.32788227066467346
    outer loop
      vertex 174.66254068646006 85.23323258572057 24
      vertex 178.69085830564825 73.71217383297312 32
      vertex 182.58907937006902 67.574673683526 32
    endloop
  endfacet
  facet normal 0.8016890058944044 0.504848699851968 0.3200351981982903
    outer loop
      vertex 182.58907937006902 67.574673683526 32
      vertex 178.88339078207946 78.53061233894442 24
      vertex 174.66254068646006 85.23323258572057 24
    endloop
  endfacet
  facet normal 0.8435549161244432 0.4721647141180154 0.2558819771381648
    outer loop
      vertex 178.88339078207946 78.53061233894442 24
      vertex 182.58907937006902 67.574673683526 32
      vertex 186.1312451788366 61.24634949416914 32
    endloop
  endfacet
  facet normal 0.8430088881703697 0.47248969158030224 0.25707879301122427
    outer loop
      vertex 186.1312451788366 61.24634949416914 32
      vertex 182.7588678648209 71.61604534442544 24
      vertex 178.88339078207946 78.53061233894442 24
    endloop
  endfacet
  facet normal 0.8826308055241026 0.4312847946577555 0.18696600503003621
    outer loop
      vertex 182.7588678648209 71.61604534442544 24
      vertex 186.1312451788366 61.24634949416914 32
      vertex 189.30805308728478 54.74496442805749 32
    endloop
  endfacet
  facet normal 0.8784351775045812 0.4348998868958165 0.19802456236664437
    outer loop
      vertex 189.30805308728478 54.74496442805749 32
      vertex 186.2777622979139 64.50838505502546 24
      vertex 182.7588678648209 71.61604534442544 24
    endloop
  endfacet
  facet normal 0.9146202643977577 0.38501170136320473 0.12343322796713384
    outer loop
      vertex 186.2777622979139 64.50838505502546 24
      vertex 189.30805308728478 54.74496442805749 32
      vertex 192.1102004507476 48.088281648346026 32
    endloop
  endfacet
  facet normal 0.908123826829478 0.39297310983727135 0.14451038055934945
    outer loop
      vertex 192.1102004507476 48.088281648346026 32
      vertex 189.428864444588 57.226484923606236 24
      vertex 186.2777622979139 64.50838505502546 24
    endloop
  endfacet
  facet normal 0.9399832887369833 0.33455696248954336 0.06710481163802984
    outer loop
      vertex 189.428864444588 57.226484923606236 24
      vertex 192.1102004507476 48.088281648346026 32
      vertex 194.52838462455898 41.29406431818964 32
    endloop
  endfacet
  facet normal 0.9325349245680047 0.3475837949297873 0.09779631876074622
    outer loop
      vertex 194.52838462455898 41.29406431818964 32
      vertex 192.20096466807263 49.789198403029545 24
      vertex 189.428864444588 57.226484923606236 24
    endloop
  endfacet
  facet normal 0.9595103085862826 0.28101434644911605 0.019258889023850447
    outer loop
      vertex 192.20096466807263 49.789198403029545 24
      vertex 194.52838462455898 41.29406431818964 32
      vertex 196.55330296405282 34.38007560074327 32
    endloop
  endfacet
  facet normal 0.952289474002032 0.2994852881607971 0.05876495452374253
    outer loop
      vertex 196.55330296405282 34.38007560074327 32
      vertex 194.58285333159725 42.21537894615721 24
      vertex 192.20096466807263 49.789198403029545 24
    endloop
  endfacet
  facet normal 0.9741096947987821 0.22524906162833133 -0.019317420494981405
    outer loop
      vertex 194.58285333159725 42.21537894615721 24
      vertex 196.55330296405282 34.38007560074327 32
      vertex 198.17565282456303 27.364078659161883 32
    endloop
  endfacet
  facet normal 0.968033158477937 0.24925676932711183 0.027979761111208482
    outer loop
      vertex 198.17565282456303 27.364078659161883 32
      vertex 196.5633207983915 34.52388000585102 24
      vertex 194.58285333159725 42.21537894615721 24
    endloop
  endfacet
  facet normal 0.9846306463114561 0.16786392077781273 -0.048209899869055536
    outer loop
      vertex 196.5633207983915 34.52388000585102 24
      vertex 198.17565282456303 27.364078659161883 32
      vertex 199.38613156142358 20.263836656600397 32
    endloop
  endfacet
  facet normal 0.9803271687446987 0.19729508762678766 0.0057698023658594565
    outer loop
      vertex 199.38613156142358 20.263836656600397 32
      vertex 198.13115743168473 26.73355503497274 24
      vertex 196.5633207983915 34.52388000585102 24
    endloop
  endfacet
  facet normal 0.9917399505065225 0.10922497940752791 -0.06724414058299427
    outer loop
      vertex 198.13115743168473 26.73355503497274 24
      vertex 199.38613156142358 20.263836656600397 32
      vertex 200.17543652996838 13.097112756213747 32
    endloop
  endfacet
  facet normal 0.989571071527211 0.14384024261795067 -0.007686286495857695
    outer loop
      vertex 200.17543652996838 13.097112756213747 32
      vertex 199.27515359470647 18.863257486384178 24
      vertex 198.13115743168473 26.73355503497274 24
    endloop
  endfacet
  facet normal 0.9958486628780756 0.04952418795815034 -0.07637274023520833
    outer loop
      vertex 199.27515359470647 18.863257486384178 24
      vertex 200.17543652996838 13.097112756213747 32
      vertex 200.5342650855313 5.88167012115688 32
    endloop
  endfacet
  facet normal 0.9959536969561433 0.08902286621257255 -0.012294828615688045
    outer loop
      vertex 200.5342650855313 5.88167012115688 32
      vertex 199.98409965068626 10.931840812947136 24
      vertex 199.27515359470647 18.863257486384178 24
    endloop
  endfacet
  facet normal 0.9970759375264102 -0.011138471204406513 -0.07560098719632356
    outer loop
      vertex 199.98409965068626 10.931840812947136 24
      vertex 200.5342650855313 5.88167012115688 32
      vertex 200.45331458344637 -1.3647280854152513 32
    endloop
  endfacet
  facet normal 0.9994257212148175 0.032925246532018795 -0.008009738762749848
    outer loop
      vertex 200.45331458344637 -1.3647280854152513 32
      vertex 200.24678596285358 2.95815846752339 24
      vertex 199.98409965068626 10.931840812947136 24
    endloop
  endfacet
  facet normal 0.9952389033261697 -0.07266369383812066 -0.06495777785548737
    outer loop
      vertex 200.24678596285358 2.95815846752339 24
      vertex 200.45331458344637 -1.3647280854152513 32
      vertex 199.92328237904744 -8.624318700347743 32
    endloop
  endfacet
  facet normal 0.9996901336054889 -0.024349182083171782 0.005172436922793006
    outer loop
      vertex 199.92328237904744 -8.624318700347743 32
      vertex 200.05200289443792 -5.03893609702525 24
      vertex 200.24678596285358 2.95815846752339 24
    endloop
  endfacet
  facet normal 0.9898645832658601 -0.13485814740487911 -0.04451277203712328
    outer loop
      vertex 200.05200289443792 -5.03893609702525 24
      vertex 199.92328237904744 -8.624318700347743 32
      vertex 198.9348658276685 -15.879338560485625 32
    endloop
  endfacet
  facet normal 0.9962118359889359 -0.08260152686546092 0.02718392162746725
    outer loop
      vertex 198.9348658276685 -15.879338560485625 32
      vertex 199.38854080866875 -13.04058942783701 24
      vertex 200.05200289443792 -5.03893609702525 24
    endloop
  endfacet
  facet normal 0.9802283534515365 -0.1973421754854459 -0.014437481233282092
    outer loop
      vertex 199.38854080866875 -13.04058942783701 24
      vertex 198.9348658276685 -15.879338560485625 32
      vertex 197.47876228464338 -23.11202450267397 32
    endloop
  endfacet
  facet normal 0.9882531470623567 -0.14146353221713537 0.05782548204727357
    outer loop
      vertex 197.47876228464338 -23.11202450267397 32
      vertex 198.24519006877563 -21.027948072050094 24
      vertex 199.38854080866875 -13.04058942783701 24
    endloop
  endfacet
  facet normal 0.9654300034049498 -0.2594707122503885 0.024896947800777353
    outer loop
      vertex 198.24519006877563 -21.027948072050094 24
      vertex 197.47876228464338 -23.11202450267397 32
      vertex 195.54566910530613 -30.304613363757852 32
    endloop
  endfacet
  facet normal 0.974945594070822 -0.20033400930835918 0.09668181481711136
    outer loop
      vertex 195.54566910530613 -30.304613363757852 32
      vertex 196.61074103798796 -28.982158576802707 24
      vertex 198.24519006877563 -21.027948072050094 24
    endloop
  endfacet
  facet normal 0.9445192027630971 -0.3202863274666458 0.07280208822343075
    outer loop
      vertex 196.61074103798796 -28.982158576802707 24
      vertex 195.54566910530613 -30.304613363757852 32
      vertex 193.12628364499056 -37.43934198058231 32
    endloop
  endfacet
  facet normal 0.9554068442790415 -0.25834197061725983 0.1430286269330516
    outer loop
      vertex 193.12628364499056 -37.43934198058231 32
      vertex 194.4739840795353 -36.88436748923306 24
      vertex 196.61074103798796 -28.982158576802707 24
    endloop
  endfacet
  facet normal 0.916672592927292 -0.3785299339593378 0.1281656992829777
    outer loop
      vertex 194.4739840795353 -36.88436748923306 24
      vertex 193.12628364499056 -37.43934198058231 32
      vertex 190.2113032590307 -44.498447189992426 32
    endloop
  endfacet
  facet normal -0.12951737810567748 -0.6828844370206222 -0.7189534716820406
    outer loop
      vertex 190.2113032590307 -44.498447189992426 32
      vertex 187.9915179435508 -35.65488857292529 24
      vertex 194.4739840795353 -36.88436748923306 24
    endloop
  endfacet
  facet normal -0.16001546762797425 -0.6839957922389068 -0.7117196121502278
    outer loop
      vertex 187.9915179435508 -35.65488857292529 24
      vertex 190.2113032590307 -44.498447189992426 32
      vertex 183.8709264837297 -43.015165616992675 32
    endloop
  endfacet
  facet normal -0.13176913483104458 -0.6947568949579274 -0.7070712496023985
    outer loop
      vertex 183.8709264837297 -43.015165616992675 32
      vertex 181.5090518075663 -34.42540965661752 24
      vertex 187.9915179435508 -35.65488857292529 24
    endloop
  endfacet
  facet normal -0.1628350915671788 -0.6960484452649061 -0.6992862752826023
    outer loop
      vertex 181.5090518075663 -34.42540965661752 24
      vertex 183.8709264837297 -43.015165616992675 32
      vertex 177.53054970842865 -41.531884043992925 32
    endloop
  endfacet
  facet normal -0.13406000833827864 -0.706835597354115 -0.6945583866583083
    outer loop
      vertex 177.53054970842865 -41.531884043992925 32
      vertex 175.02658567158178 -33.19593074030975 24
      vertex 181.5090518075663 -34.42540965661752 24
    endloop
  endfacet
  facet normal -0.16570209423976948 -0.7083036215516699 -0.6861842286597261
    outer loop
      vertex 175.02658567158178 -33.19593074030975 24
      vertex 177.53054970842865 -41.531884043992925 32
      vertex 171.19017293312763 -40.04860247099318 32
    endloop
  endfacet
  facet normal -0.16861319117741452 -0.7207472814407104 -0.6723785749537191
    outer loop
      vertex 168.54411953559728 -31.966451824001982 24
      vertex 171.19017293312763 -40.04860247099318 32
      vertex 164.84979615782663 -38.56532089799344 32
    endloop
  endfacet
  facet normal -0.13638773190562345 -0.7191085928476555 -0.6813818446937844
    outer loop
      vertex 171.19017293312763 -40.04860247099318 32
      vertex 168.54411953559728 -31.966451824001982 24
      vertex 175.02658567158178 -33.19593074030975 24
    endloop
  endfacet
  facet normal -0.17156439945871652 -0.7333623996936838 -0.6578337537356165
    outer loop
      vertex 162.06165339961277 -30.736972907694216 24
      vertex 164.84979615782663 -38.56532089799344 32
      vertex 158.5094193825256 -37.082039324993694 32
    endloop
  endfacet
  facet normal -0.13874953178094906 -0.73156125674347 -0.6675078239709872
    outer loop
      vertex 164.84979615782663 -38.56532089799344 32
      vertex 162.06165339961277 -30.736972907694216 24
      vertex 168.54411953559728 -31.966451824001982 24
    endloop
  endfacet
  facet normal -0.17455096464421763 -0.746128653171621 -0.6425138081458454
    outer loop
      vertex 155.57918726362826 -29.507493991386443 24
      vertex 158.5094193825256 -37.082039324993694 32
      vertex 152.16904260722455 -35.598757751993936 32
    endloop
  endfacet
  facet normal -0.14114207234379372 -0.7441760018780844 -0.6529019785873285
    outer loop
      vertex 158.5094193825256 -37.082039324993694 32
      vertex 155.57918726362826 -29.507493991386443 24
      vertex 162.06165339961277 -30.736972907694216 24
    endloop
  endfacet
  facet normal -0.17756728653126352 -0.7590221034696527 -0.6263827146389245
    outer loop
      vertex 149.09672112764375 -28.278015075078677 24
      vertex 152.16904260722455 -35.598757751993936 32
      vertex 145.82866583192356 -34.11547617899419 32
    endloop
  endfacet
  facet normal -0.14356139970203866 -0.7569319812313433 -0.6375296858223819
    outer loop
      vertex 152.16904260722455 -35.598757751993936 32
      vertex 149.09672112764375 -28.278015075078677 24
      vertex 155.57918726362826 -29.507493991386443 24
    endloop
  endfacet
  facet normal -0.18060684546466105 -0.772014881927422 -0.6094047829266626
    outer loop
      vertex 142.6142549916592 -27.048536158770904 24
      vertex 145.82866583192356 -34.11547617899419 32
      vertex 139.4882890566225 -32.63219460599444 32
    endloop
  endfacet
  facet normal -0.14600288480251 -0.7698047879752314 -0.6213563760353263
    outer loop
      vertex 145.82866583192356 -34.11547617899419 32
      vertex 142.6142549916592 -27.048536158770904 24
      vertex 149.09672112764375 -28.278015075078677 24
    endloop
  endfacet
  facet normal -0.18366213142963314 -0.7850748865326387 -0.5915451326944449
    outer loop
      vertex 136.13178885567473 -25.81905724246314 24
      vertex 139.4882890566225 -32.63219460599444 32
      vertex 133.14791228132148 -31.148913032994695 32
    endloop
  endfacet
  facet normal -0.14846116746750132 -0.7827661604047299 -0.6043479294904742
    outer loop
      vertex 139.4882890566225 -32.63219460599444 32
      vertex 136.13178885567473 -25.81905724246314 24
      vertex 142.6142549916592 -27.048536158770904 24
    endloop
  endfacet
  facet normal -0.1867245786944968 -0.7981655025472733 -0.5727702525924522
    outer loop
      vertex 129.6493227196902 -24.589578326155365 24
      vertex 133.14791228132148 -31.148913032994695 32
      vertex 126.80753550602046 -29.665631459994945 32
    endloop
  endfacet
  facet normal -0.15093010314362773 -0.7957837011694631 -0.5864711458529608
    outer loop
      vertex 133.14791228132148 -31.148913032994695 32
      vertex 129.6493227196902 -24.589578326155365 24
      vertex 136.13178885567473 -25.81905724246314 24
    endloop
  endfacet
  facet normal -0.1897845093440805 -0.811245361137724 -0.5530486452795542
    outer loop
      vertex 123.1668565837057 -23.3600994098476 24
      vertex 126.80753550602046 -29.665631459994945 32
      vertex 120.46715873071943 -28.1823498869952 32
    endloop
  endfacet
  facet normal -0.15340271455696078 -0.8088206223738663 -0.5676942909606427
    outer loop
      vertex 126.80753550602046 -29.665631459994945 32
      vertex 123.1668565837057 -23.3600994098476 24
      vertex 129.6493227196902 -24.589578326155365 24
    endloop
  endfacet
  facet normal -0.19283108962325077 -0.8242681527625606 -0.5323515597949402
    outer loop
      vertex 116.68439044772119 -22.130620493539833 24
      vertex 120.46715873071943 -28.1823498869952 32
      vertex 114.12678195541842 -26.699068313995454 32
    endloop
  endfacet
  facet normal -0.15587115089442655 -0.8218355303598542 -0.547987723728355
    outer loop
      vertex 120.46715873071943 -28.1823498869952 32
      vertex 116.68439044772119 -22.130620493539833 24
      vertex 123.1668565837057 -23.3600994098476 24
    endloop
  endfacet
  facet normal -0.19585230355289115 -0.8371825143924775 -0.510653809139338
    outer loop
      vertex 110.20192431173668 -20.901141577232064 24
      vertex 114.12678195541842 -26.699068313995454 32
      vertex 107.7864051801174 -25.215786740995707 32
    endloop
  endfacet
  facet normal -0.15832665755344025 -0.8347822662107952 -0.5273246035677877
    outer loop
      vertex 114.12678195541842 -26.699068313995454 32
      vertex 110.20192431173668 -20.901141577232064 24
      vertex 116.68439044772119 -22.130620493539833 24
    endloop
  endfacet
  facet normal -0.19883494873475394 -0.8499320115778305 -0.48793466658653245
    outer loop
      vertex 103.71945817575217 -19.671662660924298 24
      vertex 107.7864051801174 -25.215786740995707 32
      vertex 101.44602840481637 -23.73250516799596 32
    endloop
  endfacet
  facet normal -0.16075955988812213 -0.8476098200529533 -0.5056816754188126
    outer loop
      vertex 107.7864051801174 -25.215786740995707 32
      vertex 103.71945817575217 -19.671662660924298 24
      vertex 110.20192431173668 -20.901141577232064 24
    endloop
  endfacet
  facet normal -0.20176465955948625 -0.8624552376527789 -0.4641788288990928
    outer loop
      vertex 97.23699203976766 -18.44218374461653 24
      vertex 101.44602840481637 -23.73250516799596 32
      vertex 95.10565162951535 -22.249223594996213 32
    endloop
  endfacet
  facet normal -0.16315926469018738 -0.8602623388634916 -0.4830401253300522
    outer loop
      vertex 101.44602840481637 -23.73250516799596 32
      vertex 97.23699203976766 -18.44218374461653 24
      vertex 103.71945817575217 -19.671662660924298 24
    endloop
  endfacet
  facet normal -0.2046259630954521 -0.8746860526354204 -0.4393774283600893
    outer loop
      vertex 90.75452590378315 -17.21270482830876 24
      vertex 95.10565162951535 -22.249223594996213 32
      vertex 88.76527485421433 -20.765942021996462 32
    endloop
  endfacet
  facet normal -0.16551428332508134 -0.8726792484565072 -0.45938649449975155
    outer loop
      vertex 95.10565162951535 -22.249223594996213 32
      vertex 90.75452590378315 -17.21270482830876 24
      vertex 97.23699203976766 -18.44218374461653 24
    endloop
  endfacet
  facet normal -0.20740237267868644 -0.8865539832837226 -0.4135290685441791
    outer loop
      vertex 84.27205976779864 -15.983225912000991 24
      vertex 88.76527485421433 -20.765942021996462 32
      vertex 82.42489807891332 -19.28266044899672 32
    endloop
  endfacet
  facet normal -0.16781228044123664 -0.884795510304091 -0.43471363387733186
    outer loop
      vertex 88.76527485421433 -20.765942021996462 32
      vertex 84.27205976779864 -15.983225912000991 24
      vertex 90.75452590378315 -17.21270482830876 24
    endloop
  endfacet
  facet normal -0.2100765235614125 -0.8979848029332897 -0.3866408513714142
    outer loop
      vertex 77.78959363181413 -14.753746995693222 24
      vertex 82.42489807891332 -19.28266044899672 32
      vertex 76.08452130361228 -17.799378875996968 32
    endloop
  endfacet
  facet normal -0.17004015192021937 -0.8965420325309224 -0.4090216750250177
    outer loop
      vertex 82.42489807891332 -19.28266044899672 32
      vertex 77.78959363181413 -14.753746995693222 24
      vertex 84.27205976779864 -15.983225912000991 24
    endloop
  endfacet
  facet normal -0.21263035383434703 -0.9089013048607212 -0.35872935571368947
    outer loop
      vertex 71.30712749582962 -13.524268079385456 24
      vertex 76.08452130361228 -17.799378875996968 32
      vertex 69.74414452831127 -16.316097302997225 32
    endloop
  endfacet
  facet normal -0.17218413517806996 -0.9078462514815614 -0.38231898627174876
    outer loop
      vertex 76.08452130361228 -17.799378875996968 32
      vertex 71.30712749582962 -13.524268079385456 24
      vertex 77.78959363181413 -14.753746995693222 24
    endloop
  endfacet
  facet normal -0.2150453321690696 -0.9192242757821234 -0.329821521318918
    outer loop
      vertex 64.8246613598451 -12.294789163077683 24
      vertex 69.74414452831127 -16.316097302997225 32
      vertex 63.40376775301023 -14.832815729997472 32
    endloop
  endfacet
  facet normal -0.17422995401339697 -0.9186328954365381 -0.3546230767256583
    outer loop
      vertex 69.74414452831127 -16.316097302997225 32
      vertex 64.8246613598451 -12.294789163077683 24
      vertex 71.30712749582962 -13.524268079385456 24
    endloop
  endfacet
  facet normal -0.2173027317254979 -0.9288736666871887 -0.2999553868823394
    outer loop
      vertex 58.34219522386059 -11.065310246769917 24
      vertex 63.40376775301023 -14.832815729997472 32
      vertex 57.06339097770921 -13.349534156997727 32
    endloop
  endfacet
  facet normal -0.17616299889650194 -0.9288249351924538 -0.3259614050536121
    outer loop
      vertex 63.40376775301023 -14.832815729997472 32
      vertex 58.34219522386059 -11.065310246769917 24
      vertex 64.8246613598451 -12.294789163077683 24
    endloop
  endfacet
  facet normal -0.21938394688894186 -0.9377699467508693 -0.2691806286089356
    outer loop
      vertex 51.85972908787606 -9.835831330462145 24
      vertex 57.06339097770921 -13.349534156997727 32
      vertex 50.72301420240817 -11.866252583997975 32
    endloop
  endfacet
  facet normal -0.17796854190893982 -0.9383447173375119 -0.29637204580660287
    outer loop
      vertex 57.06339097770921 -13.349534156997727 32
      vertex 51.85972908787606 -9.835831330462145 24
      vertex 58.34219522386059 -11.065310246769917 24
    endloop
  endfacet
  facet normal -0.22127084646483391 -0.9458356130856291 -0.23755884644371386
    outer loop
      vertex 45.37726295189159 -8.606352414154383 24
      vertex 50.72301420240817 -11.866252583997975 32
      vertex 44.382637427107184 -10.382971010998236 32
    endloop
  endfacet
  facet normal -0.1796319835201738 -0.9471152653891961 -0.2659041642459944
    outer loop
      vertex 50.72301420240817 -11.866252583997975 32
      vertex 45.37726295189159 -8.606352414154383 24
      vertex 51.85972908787606 -9.835831330462145 24
    endloop
  endfacet
  facet normal -0.22294615376695834 -0.9529968154515422 -0.20516355002713993
    outer loop
      vertex 38.894796815907064 -7.376873497846611 24
      vertex 44.382637427107184 -10.382971010998236 32
      vertex 38.04226065180614 -8.899689437998484 32
    endloop
  endfacet
  facet normal -0.18113912612468344 -0.9550617220272435 -0.23461825185850843
    outer loop
      vertex 44.382637427107184 -10.382971010998236 32
      vertex 38.894796815907064 -7.376873497846611 24
      vertex 45.37726295189159 -8.606352414154383 24
    endloop
  endfacet
  facet normal -0.22439384095684872 -0.9591850418839106 -0.1720798058076339
    outer loop
      vertex 32.41233067992253 -6.147394581538839 24
      vertex 38.04226065180614 -8.899689437998484 32
      vertex 31.7018838765051 -7.4164078649987335 32
    endloop
  endfacet
  facet normal -0.18247646690989783 -0.9621128932489988 -0.20258607965040834
    outer loop
      vertex 38.04226065180614 -8.899689437998484 32
      vertex 32.41233067992253 -6.147394581538839 24
      vertex 38.894796815907064 -7.376873497846611 24
    endloop
  endfacet
  facet normal -0.22559952234891925 -0.9643387998998181 -0.138403520633393
    outer loop
      vertex 25.92986454393803 -4.917915665231073 24
      vertex 31.7018838765051 -7.4164078649987335 32
      vertex 25.361507101204086 -5.933126291998987 32
    endloop
  endfacet
  facet normal -0.18363150038239465 -0.9682028434482879 -0.16989033523411723
    outer loop
      vertex 31.7018838765051 -7.4164078649987335 32
      vertex 25.92986454393803 -4.917915665231073 24
      vertex 32.41233067992253 -6.147394581538839 24
    endloop
  endfacet
  facet normal -0.22655082952503644 -0.9684052199480588 -0.10424035504002138
    outer loop
      vertex 19.447398407953532 -3.6884367489233054 24
      vertex 25.361507101204086 -5.933126291998987 32
      vertex 19.02113032590307 -4.449844718999242 32
    endloop
  endfacet
  facet normal -0.18459301898002403 -0.9732724804022651 -0.13662392263239642
    outer loop
      vertex 25.361507101204086 -5.933126291998987 32
      vertex 19.447398407953532 -3.6884367489233054 24
      vertex 25.92986454393803 -4.917915665231073 24
    endloop
  endfacet
  facet normal -0.22723775031181348 -0.9713415043880685 -0.06970428025845878
    outer loop
      vertex 12.96493227196903 -2.4589578326155386 24
      vertex 19.02113032590307 -4.449844718999242 32
      vertex 12.680753550602056 -2.966563145999497 32
    endloop
  endfacet
  facet normal -0.1853513988826403 -0.9772710622174668 -0.10288892012550364
    outer loop
      vertex 19.02113032590307 -4.449844718999242 32
      vertex 12.96493227196903 -2.4589578326155386 24
      vertex 19.447398407953532 -3.6884367489233054 24
    endloop
  endfacet
  facet normal -0.227652914191586 -0.9731161474964093 -0.03491581506745838
    outer loop
      vertex 6.4824661359845015 -1.2294789163077668 24
      vertex 12.680753550602056 -2.966563145999497 32
      vertex 6.3403767753010145 -1.4832815729997453 32
    endloop
  endfacet
  facet normal -0.1858988576215121 -0.980157555583488 -0.06879521035375923
    outer loop
      vertex 12.680753550602056 -2.966563145999497 32
      vertex 6.4824661359845015 -1.2294789163077668 24
      vertex 12.96493227196903 -2.4589578326155386 24
    endloop
  endfacet
  facet normal -0.22779180864419857 -0.9737098602328134 0
    outer loop
      vertex 0 0 24
      vertex 6.3403767753010145 -1.4832815729997453 32
      vertex 0 0 32
    endloop
  endfacet
  facet normal -0.1862296705347976 -0.9819017770412741 -0.034458816806279484
    outer loop
      vertex 6.3403767753010145 -1.4832815729997453 32
      vertex 0 0 24
      vertex 6.4824661359845015 -1.2294789163077668 24
    endloop
  endfacet
  facet normal -0.9082232936398095 0.409860606501523 0.0845265173082387
    outer loop
      vertex 0 0 32
      vertex 2.5512228824339314 4.003477974215575 40
      vertex 2.060113295832982 4.5650712782167355 32
    endloop
  endfacet
  facet normal -0.8433221260157993 0.5374084031462406 0
    outer loop
      vertex 2.5512228824339314 4.003477974215575 40
      vertex 0 0 32
      vertex 0 0 40
    endloop
  endfacet
  facet normal -0.8986435045660686 0.4055374646184463 0.1672698911700993
    outer loop
      vertex 2.060113295832982 4.5650712782167355 32
      vertex 5.102445764867863 8.00695594843115 40
      vertex 4.120226591665964 9.130142556433471 32
    endloop
  endfacet
  facet normal -0.8399649658704303 0.5352690473565941 0.08913979499780639
    outer loop
      vertex 5.102445764867863 8.00695594843115 40
      vertex 2.060113295832982 4.5650712782167355 32
      vertex 2.5512228824339314 4.003477974215575 40
    endloop
  endfacet
  facet normal -0.8833294608926839 0.39862658348170543 0.24662909491936139
    outer loop
      vertex 4.120226591665964 9.130142556433471 32
      vertex 7.653668647301794 12.010433922646726 40
      vertex 6.180339887498947 13.695213834650207 32
    endloop
  endfacet
  facet normal -0.8301290496559455 0.5290010936728938 0.17619195160448956
    outer loop
      vertex 7.653668647301794 12.010433922646726 40
      vertex 4.120226591665964 9.130142556433471 32
      vertex 5.102445764867863 8.00695594843115 40
    endloop
  endfacet
  facet normal -0.863148040395962 0.3895191654020614 0.3213258161820994
    outer loop
      vertex 6.180339887498947 13.695213834650207 32
      vertex 10.204891529735725 16.0139118968623 40
      vertex 8.240453183331928 18.260285112866942 32
    endloop
  endfacet
  facet normal -0.8144767655167429 0.5190266500227787 0.259304714572482
    outer loop
      vertex 10.204891529735725 16.0139118968623 40
      vertex 6.180339887498947 13.695213834650207 32
      vertex 7.653668647301794 12.010433922646726 40
    endloop
  endfacet
  facet normal -0.8391244753866919 0.3786778745058902 0.3904781455686226
    outer loop
      vertex 8.240453183331928 18.260285112866942 32
      vertex 12.756114412169657 20.017389871077878 40
      vertex 10.300566479164912 22.82535639108368 32
    endloop
  endfacet
  facet normal -0.7939799655758693 0.5059650307600738 0.3370388729984999
    outer loop
      vertex 12.756114412169657 20.017389871077878 40
      vertex 8.240453183331928 18.260285112866942 32
      vertex 10.204891529735725 16.0139118968623 40
    endloop
  endfacet
  facet normal -0.812318286421791 0.3665808484286159 0.45360498576417907
    outer loop
      vertex 10.300566479164912 22.82535639108368 32
      vertex 15.307337294603588 24.020867845293452 40
      vertex 12.360679774997894 27.390427669300415 32
    endloop
  endfacet
  facet normal -0.769767711761985 0.4905357324441811 0.4084511783850898
    outer loop
      vertex 15.307337294603588 24.020867845293452 40
      vertex 10.300566479164912 22.82535639108368 32
      vertex 12.756114412169657 20.017389871077878 40
    endloop
  endfacet
  facet normal -0.7837240545126332 0.3536769190592586 0.5105773627013145
    outer loop
      vertex 12.360679774997894 27.390427669300415 32
      vertex 17.85856017703752 28.024345819509026 40
      vertex 14.420793070830875 31.955498947517153 32
    endloop
  endfacet
  facet normal -0.7429808711559127 0.47346577448700994 0.4730851778335661
    outer loop
      vertex 17.85856017703752 28.024345819509026 40
      vertex 12.360679774997894 27.390427669300415 32
      vertex 15.307337294603588 24.020867845293452 40
    endloop
  endfacet
  facet normal -0.7542076722523647 0.3403568441177304 0.5615407427586073
    outer loop
      vertex 14.420793070830875 31.955498947517153 32
      vertex 20.409783059471458 32.027823793724615 40
      vertex 16.480906366663863 36.5205702257339 32
    endloop
  endfacet
  facet normal -0.7146623787073378 0.45541976888984004 0.5308959583239395
    outer loop
      vertex 20.409783059471458 32.027823793724615 40
      vertex 14.420793070830875 31.955498947517153 32
      vertex 17.85856017703752 28.024345819509026 40
    endloop
  endfacet
  facet normal -0.724476974464979 0.32694005343180044 0.6068305487795435
    outer loop
      vertex 16.480906366663863 36.5205702257339 32
      vertex 22.96100594190539 36.03130176794019 40
      vertex 18.541019662496847 41.08564150395063 32
    endloop
  endfacet
  facet normal -0.6856932505588732 0.4369591446295048 0.582143858563034
    outer loop
      vertex 22.96100594190539 36.03130176794019 40
      vertex 16.480906366663863 36.5205702257339 32
      vertex 20.409783059471458 32.027823793724615 40
    endloop
  endfacet
  facet normal -0.6950788817441883 0.3136733598808742 0.6468959510263549
    outer loop
      vertex 18.541019662496847 41.08564150395063 32
      vertex 25.51222882433932 40.03477974215576 40
      vertex 20.601132958329828 45.650712782167375 32
    endloop
  endfacet
  facet normal -0.656769581898377 0.418527489502177 0.6272865826909073
    outer loop
      vertex 25.51222882433932 40.03477974215576 40
      vertex 18.541019662496847 41.08564150395063 32
      vertex 22.96100594190539 36.03130176794019 40
    endloop
  endfacet
  facet normal -0.6664133272242256 0.3007372442323001 0.6822392448617268
    outer loop
      vertex 20.601132958329828 45.650712782167375 32
      vertex 28.063451706773254 44.03825771637134 40
      vertex 22.661246254162812 50.21578406038411 32
    endloop
  endfacet
  facet normal -0.6284085870540214 0.40045439918382986 0.6668874881800424
    outer loop
      vertex 28.063451706773254 44.03825771637134 40
      vertex 20.601132958329828 45.650712782167375 32
      vertex 25.51222882433932 40.03477974215576 40
    endloop
  endfacet
  facet normal -0.638755475185306 0.28825588189488227 0.7133722657026959
    outer loop
      vertex 22.661246254162812 50.21578406038411 32
      vertex 30.614674589207183 48.04173569058691 40
      vertex 24.721359549995793 54.780855338600844 32
    endloop
  endfacet
  facet normal -0.6009710265060527 0.3829697688801353 0.7015468490586763
    outer loop
      vertex 30.614674589207183 48.04173569058691 40
      vertex 22.661246254162812 50.21578406038411 32
      vertex 28.063451706773254 44.03825771637134 40
    endloop
  endfacet
  facet normal -0.6122801878727667 0.2763081842403418 0.7407879310978919
    outer loop
      vertex 24.721359549995793 54.780855338600844 32
      vertex 33.16589747164112 52.04521366480249 40
      vertex 26.781472845828777 59.345926616817586 32
    endloop
  endfacet
  facet normal -0.5746900760120257 0.36622219022370145 0.7318556031903063
    outer loop
      vertex 33.16589747164112 52.04521366480249 40
      vertex 24.721359549995793 54.780855338600844 32
      vertex 30.614674589207183 48.04173569058691 40
    endloop
  endfacet
  facet normal -0.587085120710357 0.2649382209500948 0.764943658134574
    outer loop
      vertex 26.781472845828777 59.345926616817586 32
      vertex 35.71712035407504 56.04869163901806 40
      vertex 28.841586141661754 63.91099789503431 32
    endloop
  endfacet
  facet normal -0.5497002576925706 0.35029738765576585 0.7583675671429175
    outer loop
      vertex 35.71712035407504 56.04869163901806 40
      vertex 26.781472845828777 59.345926616817586 32
      vertex 33.16589747164112 52.04521366480249 40
    endloop
  endfacet
  facet normal -0.5632106879687948 0.25416423006937117 0.7862533084896753
    outer loop
      vertex 28.841586141661754 63.91099789503431 32
      vertex 38.268343236508976 60.052169613233644 40
      vertex 30.901699437494738 68.47606917325105 32
    endloop
  endfacet
  facet normal -0.5260630876612633 0.3352345624202482 0.7815851943065469
    outer loop
      vertex 38.268343236508976 60.052169613233644 40
      vertex 28.841586141661754 63.91099789503431 32
      vertex 35.71712035407504 56.04869163901806 40
    endloop
  endfacet
  facet normal -0.5406563541680405 0.2439859699481532 0.8050848111635079
    outer loop
      vertex 30.901699437494738 68.47606917325105 32
      vertex 40.81956611894291 64.05564758744922 40
      vertex 32.961812733327726 73.0411404514678 32
    endloop
  endfacet
  facet normal -0.5037881751187885 0.32103983799599145 0.8019544232872516
    outer loop
      vertex 40.81956611894291 64.05564758744922 40
      vertex 30.901699437494738 68.47606917325105 32
      vertex 38.268343236508976 60.052169613233644 40
    endloop
  endfacet
  facet normal -0.519393388853233 0.23439047518273948 0.8217612869679151
    outer loop
      vertex 32.961812733327726 73.0411404514678 32
      vertex 43.37078900137684 68.05912556166479 40
      vertex 35.0219260291607 77.60621172968452 32
    endloop
  endfacet
  facet normal -0.4828497159086989 0.30769677064212225 0.8198651408514075
    outer loop
      vertex 43.37078900137684 68.05912556166479 40
      vertex 32.961812733327726 73.0411404514678 32
      vertex 40.81956611894291 64.05564758744922 40
    endloop
  endfacet
  facet normal -0.499374540642854 0.22535642229461522 0.836564134474046
    outer loop
      vertex 35.0219260291607 77.60621172968452 32
      vertex 45.922011883810775 72.06260353588037 40
      vertex 37.08203932499369 82.17128300790127 32
    endloop
  endfacet
  facet normal -0.4631989078967002 0.29517426111879846 0.8356547895490549
    outer loop
      vertex 45.922011883810775 72.06260353588037 40
      vertex 35.0219260291607 77.60621172968452 32
      vertex 43.37078900137684 68.05912556166479 40
    endloop
  endfacet
  facet normal -0.48054118533434476 0.21685735550866067 0.8497370514219403
    outer loop
      vertex 37.08203932499369 82.17128300790127 32
      vertex 48.4732347662447 76.06608151009594 40
      vertex 39.142152620826664 86.736354286118 32
    endloop
  endfacet
  facet normal -0.4447730184472973 0.28343233295152176 0.8496134854737993
    outer loop
      vertex 48.4732347662447 76.06608151009594 40
      vertex 37.08203932499369 82.17128300790127 32
      vertex 45.922011883810775 72.06260353588037 40
    endloop
  endfacet
  facet normal -0.46282848534123733 0.20886401509029334 0.861490346061462
    outer loop
      vertex 39.142152620826664 86.736354286118 32
      vertex 51.02445764867864 80.06955948431153 40
      vertex 41.202265916659655 91.30142556433475 32
    endloop
  endfacet
  facet normal -0.427501834064736 0.27242624247536346 0.8619896311917222
    outer loop
      vertex 51.02445764867864 80.06955948431153 40
      vertex 39.142152620826664 86.736354286118 32
      vertex 48.4732347662447 76.06608151009594 40
    endloop
  endfacet
  facet normal -0.44616902842858686 0.20134597942437155 0.8720051574622317
    outer loop
      vertex 41.202265916659655 91.30142556433475 32
      vertex 53.57568053111257 84.0730374585271 40
      vertex 43.26237921249263 95.86649684255147 32
    endloop
  endfacet
  facet normal -0.41131213135120226 0.2621093279603873 0.8729954357266053
    outer loop
      vertex 53.57568053111257 84.0730374585271 40
      vertex 41.202265916659655 91.30142556433475 32
      vertex 51.02445764867864 80.06955948431153 40
    endloop
  endfacet
  facet normal -0.4304953291192363 0.19427279384320487 0.8814373790456563
    outer loop
      vertex 43.26237921249263 95.86649684255147 32
      vertex 56.12690341354651 88.07651543274268 40
      vertex 45.322492508325624 100.43156812076822 32
    endloop
  endfacet
  facet normal -0.39613068971828236 0.25243492946695556 0.8828120315493729
    outer loop
      vertex 56.12690341354651 88.07651543274268 40
      vertex 43.26237921249263 95.86649684255147 32
      vertex 53.57568053111257 84.0730374585271 40
    endloop
  endfacet
  facet normal -0.4157414946696505 0.18761472244371796 0.8899211906299409
    outer loop
      vertex 45.322492508325624 100.43156812076822 32
      vertex 58.67812629598043 92.07999340695824 40
      vertex 47.382605804158594 104.99663939898494 32
    endloop
  endfacet
  facet normal -0.3818862508815084 0.2433576375368232 0.8915940509223701
    outer loop
      vertex 58.67812629598043 92.07999340695824 40
      vertex 45.322492508325624 100.43156812076822 32
      vertex 56.12690341354651 88.07651543274268 40
    endloop
  endfacet
  facet normal -0.4018442869530118 0.18134322729125227 0.8975721714485242
    outer loop
      vertex 47.382605804158594 104.99663939898494 32
      vertex 61.22934917841437 96.08347138117382 40
      vertex 49.442719099991585 109.56171067720169 32
    endloop
  endfacet
  facet normal -0.36851073087404757 0.2348340655508497 0.8994736254540955
    outer loop
      vertex 61.22934917841437 96.08347138117382 40
      vertex 47.382605804158594 104.99663939898494 32
      vertex 58.67812629598043 92.07999340695824 40
    endloop
  endfacet
  facet normal -0.38874375403243516 0.17543125343424756 0.9044900049305455
    outer loop
      vertex 49.442719099991585 109.56171067720169 32
      vertex 63.78057206084831 100.08694935538941 40
      vertex 51.50283239582457 114.12678195541844 32
    endloop
  endfacet
  facet normal -0.3559399103762324 0.22682328964261472 0.9065638286833764
    outer loop
      vertex 63.78057206084831 100.08694935538941 40
      vertex 49.442719099991585 109.56171067720169 32
      vertex 61.22934917841437 96.08347138117382 40
    endloop
  endfacet
  facet normal -0.3763835600050454 0.16985337775541579 0.9107608060424013
    outer loop
      vertex 51.50283239582457 114.12678195541844 32
      vertex 66.33179494328223 104.09042732960498 40
      vertex 53.56294569165755 118.69185323363517 32
    endloop
  endfacet
  facet normal -0.3441137673871133 0.21928706069391177 0.9129616093280549
    outer loop
      vertex 66.33179494328223 104.09042732960498 40
      vertex 51.50283239582457 114.12678195541844 32
      vertex 63.78057206084831 100.08694935538941 40
    endloop
  endfacet
  facet normal -0.3647111070935427 0.16458586406889023 0.9164591107688871
    outer loop
      vertex 53.56294569165755 118.69185323363517 32
      vertex 68.88301782571617 108.09390530382055 40
      vertex 55.62305898749053 123.25692451185189 32
    endloop
  endfacet
  facet normal -0.3329765698168553 0.21218986333940537 0.9187502739313907
    outer loop
      vertex 68.88301782571617 108.09390530382055 40
      vertex 53.56294569165755 118.69185323363517 32
      vertex 66.33179494328223 104.09042732960498 40
    endloop
  endfacet
  facet normal -0.3536775179461263 0.15960665513258804 0.9216495694876955
    outer loop
      vertex 55.62305898749053 123.25692451185189 32
      vertex 71.43424070815009 112.09738327803612 40
      vertex 57.68317228332351 127.82199579006863 32
    endloop
  endfacet
  facet normal -0.32247681131280387 0.2054988750716806 0.9240015792788451
    outer loop
      vertex 71.43424070815009 112.09738327803612 40
      vertex 55.62305898749053 123.25692451185189 32
      vertex 68.88301782571617 108.09390530382055 40
    endloop
  endfacet
  facet normal -0.34323752680589903 0.1548953235354263 0.9263883845013523
    outer loop
      vertex 57.68317228332351 127.82199579006863 32
      vertex 73.98546359058403 116.10086125225172 40
      vertex 59.7432855791565 132.38706706828538 32
    endloop
  endfacet
  facet normal -0.3125670487022937 0.19918386265141816 0.9287774916118494
    outer loop
      vertex 73.98546359058403 116.10086125225172 40
      vertex 57.68317228332351 127.82199579006863 32
      vertex 71.43424070815009 112.09738327803612 40
    endloop
  endfacet
  facet normal -0.3333493140391075 0.15043299702365917 0.9307245286528857
    outer loop
      vertex 59.7432855791565 132.38706706828538 32
      vertex 76.53668647301795 120.10433922646729 40
      vertex 61.803398874989476 136.9521383465021 32
    endloop
  endfacet
  facet normal -0.30320368149051796 0.19321704159203731 0.9331316640051484
    outer loop
      vertex 76.53668647301795 120.10433922646729 40
      vertex 59.7432855791565 132.38706706828538 32
      vertex 73.98546359058403 116.10086125225172 40
    endloop
  endfacet
  facet normal 0.14029229477891958 0.5210700934641841 0.8419050004144715
    outer loop
      vertex 63.07147423004968 136.65548203190215 32
      vertex 76.53668647301795 120.10433922646729 40
      vertex 77.76852584969967 119.77268025175088 40
    endloop
  endfacet
  facet normal 0.1190611203105478 0.5089339581908656 0.8525319207106415
    outer loop
      vertex 76.53668647301795 120.10433922646729 40
      vertex 63.07147423004968 136.65548203190215 32
      vertex 61.803398874989476 136.9521383465021 32
    endloop
  endfacet
  facet normal 0.13994863031568014 0.5197936636056044 0.8427508102329115
    outer loop
      vertex 64.33954958510988 136.3588257173022 32
      vertex 77.76852584969967 119.77268025175088 40
      vertex 79.00036522638138 119.44102127703447 40
    endloop
  endfacet
  facet normal 0.11878089456273663 0.5077361162870696 0.8532849086352104
    outer loop
      vertex 77.76852584969967 119.77268025175088 40
      vertex 64.33954958510988 136.3588257173022 32
      vertex 63.07147423004968 136.65548203190215 32
    endloop
  endfacet
  facet normal 0.13960630413905856 0.518522204377394 0.8435904239690257
    outer loop
      vertex 65.60762494017008 136.06216940270224 32
      vertex 79.00036522638138 119.44102127703447 40
      vertex 80.2322046030631 119.10936230231806 40
    endloop
  endfacet
  facet normal 0.11850174002257774 0.5065428533251145 0.854032596191078
    outer loop
      vertex 79.00036522638138 119.44102127703447 40
      vertex 65.60762494017008 136.06216940270224 32
      vertex 64.33954958510988 136.3588257173022 32
    endloop
  endfacet
  facet normal 0.13926531144319587 0.517255697929646 0.8444238959124408
    outer loop
      vertex 66.87570029523029 135.7655130881023 32
      vertex 80.2322046030631 119.10936230231806 40
      vertex 81.46404397974482 118.77770332760164 40
    endloop
  endfacet
  facet normal 0.1182236525948756 0.5053541517999766 0.854775028428915
    outer loop
      vertex 80.2322046030631 119.10936230231806 40
      vertex 66.87570029523029 135.7655130881023 32
      vertex 65.60762494017008 136.06216940270224 32
    endloop
  endfacet
  facet normal 0.1389256474036548 0.5159941263436518 0.8452512798406915
    outer loop
      vertex 68.1437756502905 135.46885677350235 32
      vertex 81.46404397974482 118.77770332760164 40
      vertex 82.69588335642653 118.44604435288524 40
    endloop
  endfacet
  facet normal 0.11794662817916195 0.5041699941838133 0.8555122499800105
    outer loop
      vertex 81.46404397974482 118.77770332760164 40
      vertex 68.1437756502905 135.46885677350235 32
      vertex 66.87570029523029 135.7655130881023 32
    endloop
  endfacet
  facet normal 0.13858730717858633 0.5147374716358444 0.8460726290236119
    outer loop
      vertex 69.4118510053507 135.1722004589024 32
      vertex 82.69588335642653 118.44604435288524 40
      vertex 83.92772273310824 118.11438537816882 40
    endloop
  endfacet
  facet normal 0.11767066267017251 0.502990362928473 0.8562443050600952
    outer loop
      vertex 82.69588335642653 118.44604435288524 40
      vertex 69.4118510053507 135.1722004589024 32
      vertex 68.1437756502905 135.46885677350235 32
    endloop
  endfacet
  facet normal 0.13825028590962662 0.5134857157615174 0.8468879962278297
    outer loop
      vertex 70.6799263604109 134.87554414430244 32
      vertex 83.92772273310824 118.11438537816882 40
      vertex 85.15956210978996 117.78272640345241 40
    endloop
  endfacet
  facet normal 0.11739575195851147 0.5018152404680467 0.8569712374730508
    outer loop
      vertex 83.92772273310824 118.11438537816882 40
      vertex 70.6799263604109 134.87554414430244 32
      vertex 69.4118510053507 135.1722004589024 32
    endloop
  endfacet
  facet normal 0.13791457872302398 0.5122388406185998 0.8476974337211146
    outer loop
      vertex 71.94800171547112 134.5788878297025 32
      vertex 85.15956210978996 117.78272640345241 40
      vertex 86.39140148647168 117.451067428736 40
    endloop
  endfacet
  facet normal 0.11712189193114769 0.5006446092212838 0.8576930906146655
    outer loop
      vertex 85.15956210978996 117.78272640345241 40
      vertex 71.94800171547112 134.5788878297025 32
      vertex 70.6799263604109 134.87554414430244 32
    endloop
  endfacet
  facet normal 0.13758018073048148 0.5109968280511963 0.8485009932768399
    outer loop
      vertex 73.21607707053133 134.28223151510255 32
      vertex 86.39140148647168 117.451067428736 40
      vertex 87.6232408631534 117.11940845401959 40
    endloop
  endfacet
  facet normal 0.11684907847211069 0.49947845159405874 0.858409907476271
    outer loop
      vertex 86.39140148647168 117.451067428736 40
      vertex 73.21607707053133 134.28223151510255 32
      vertex 71.94800171547112 134.5788878297025 32
    endloop
  endfacet
  facet normal 0.13724708703023009 0.5097596598531872 0.849298726178298
    outer loop
      vertex 74.48415242559153 133.9855752005026 32
      vertex 87.6232408631534 117.11940845401959 40
      vertex 88.8550802398351 116.78774947930317 40
    endloop
  endfacet
  facet normal 0.11657730746289392 0.498316749981631 0.8591217306484841
    outer loop
      vertex 87.6232408631534 117.11940845401959 40
      vertex 74.48415242559153 133.9855752005026 32
      vertex 73.21607707053133 134.28223151510255 32
    endloop
  endfacet
  facet normal 0.13691529270783503 0.5085273177716079 0.8500906832231148
    outer loop
      vertex 75.75222778065174 133.68891888590264 32
      vertex 88.8550802398351 116.78774947930317 40
      vertex 90.08691961651682 116.45609050458677 40
    endloop
  endfacet
  facet normal 0.11630657478307926 0.497159486770971 0.8598286023248196
    outer loop
      vertex 88.8550802398351 116.78774947930317 40
      vertex 75.75222778065174 133.68891888590264 32
      vertex 74.48415242559153 133.9855752005026 32
    endloop
  endfacet
  facet normal 0.13658479283722963 0.5072997835100813 0.8508769147275274
    outer loop
      vertex 77.02030313571193 133.3922625713027 32
      vertex 90.08691961651682 116.45609050458677 40
      vertex 91.31875899319854 116.12443152987035 40
    endloop
  endfacet
  facet normal 0.11603687631077404 0.4960066443429365 0.860530564305358
    outer loop
      vertex 90.08691961651682 116.45609050458677 40
      vertex 77.02030313571193 133.3922625713027 32
      vertex 75.75222778065174 133.68891888590264 32
    endloop
  endfacet
  facet normal 0.13625558248147307 0.5060770387320397 0.8516574705307552
    outer loop
      vertex 78.28837849077215 133.09560625670275 32
      vertex 91.31875899319854 116.12443152987035 40
      vertex 92.55059836988026 115.79277255515395 40
    endloop
  endfacet
  facet normal 0.11576820792323973 0.4948582050745118 0.8612276580002955
    outer loop
      vertex 91.31875899319854 116.12443152987035 40
      vertex 78.28837849077215 133.09560625670275 32
      vertex 77.02030313571193 133.3922625713027 32
    endloop
  endfacet
  facet normal 0.13592765669373408 0.5048590650639948 0.8524323999992373
    outer loop
      vertex 79.55645384583235 132.7989499421028 32
      vertex 92.55059836988026 115.79277255515395 40
      vertex 93.78243774656197 115.46111358043753 40
    endloop
  endfacet
  facet normal 0.11550056549727965 0.49371415134085767 0.8619199244335783
    outer loop
      vertex 92.55059836988026 115.79277255515395 40
      vertex 79.55645384583235 132.7989499421028 32
      vertex 78.28837849077215 133.09560625670275 32
    endloop
  endfacet
  facet normal 0.13560101051801268 0.5036458440986008 0.8532017520309612
    outer loop
      vertex 80.82452920089254 132.50229362750287 32
      vertex 93.78243774656197 115.46111358043753 40
      vertex 95.01427712324369 115.12945460572112 40
    endloop
  endfacet
  facet normal 0.11523394490975736 0.49257446551739464 0.8626074042464439
    outer loop
      vertex 93.78243774656197 115.46111358043753 40
      vertex 80.82452920089254 132.50229362750287 32
      vertex 79.55645384583235 132.7989499421028 32
    endloop
  endfacet
  facet normal 0.13527563899009426 0.5024373573977877 0.8539655750596447
    outer loop
      vertex 82.09260455595275 132.2056373129029 32
      vertex 95.01427712324369 115.12945460572112 40
      vertex 96.24611649992539 114.7977956310047 40
    endloop
  endfacet
  facet normal 0.11496834203808133 0.49143912998182 0.8632901377009506
    outer loop
      vertex 95.01427712324369 115.12945460572112 40
      vertex 82.09260455595275 132.2056373129029 32
      vertex 80.82452920089254 132.50229362750287 32
    endloop
  endfacet
  facet normal 0.13495153713821334 0.5012335864956594 0.8547239170590301
    outer loop
      vertex 83.36067991101295 131.90898099830295 32
      vertex 96.24611649992539 114.7977956310047 40
      vertex 97.47795587660711 114.4661366562883 40
    endloop
  endfacet
  facet normal 0.11470375276060454 0.49030812711602906 0.8639681646835176
    outer loop
      vertex 96.24611649992539 114.7977956310047 40
      vertex 83.36067991101295 131.90898099830295 32
      vertex 82.09260455595275 132.2056373129029 32
    endloop
  endfacet
  facet normal 0.1346286999839689 0.5000345129014827 0.8554768255470182
    outer loop
      vertex 84.62875526607316 131.612324683703 32
      vertex 97.47795587660711 114.4661366562883 40
      vertex 98.70979525328883 114.1344776815719 40
    endloop
  endfacet
  facet normal 0.11444017295718587 0.48918143930809355 0.8646415247083563
    outer loop
      vertex 97.47795587660711 114.4661366562883 40
      vertex 84.62875526607316 131.612324683703 32
      vertex 83.36067991101295 131.90898099830295 32
    endloop
  endfacet
  facet normal 0.13430712254299879 0.4988401181024716 0.8562243475898895
    outer loop
      vertex 85.89683062113336 131.31566836910307 32
      vertex 98.70979525328883 114.1344776815719 40
      vertex 99.94163462997055 113.80281870685548 40
    endloop
  endfacet
  facet normal 0.11417759850950471 0.48805904895405017 0.8653102569209903
    outer loop
      vertex 98.70979525328883 114.1344776815719 40
      vertex 85.89683062113336 131.31566836910307 32
      vertex 84.62875526607316 131.612324683703 32
    endloop
  endfacet
  facet normal 0.13398679982573516 0.4976503835665637 0.8569665298064507
    outer loop
      vertex 87.16490597619358 131.0190120545031 32
      vertex 99.94163462997055 113.80281870685548 40
      vertex 101.17347400665227 113.47115973213907 40
    endloop
  endfacet
  facet normal 0.11391602530155763 0.4869409384597522 0.8659744001016604
    outer loop
      vertex 99.94163462997055 113.80281870685548 40
      vertex 87.16490597619358 131.0190120545031 32
      vertex 85.89683062113336 131.31566836910307 32
    endloop
  endfacet
  facet normal 0.13366772683819883 0.49646529074515644 0.8577034183721293
    outer loop
      vertex 88.43298133125377 130.72235573990315 32
      vertex 101.17347400665227 113.47115973213907 40
      vertex 102.40531338333398 113.13950075742265 40
    endloop
  endfacet
  facet normal 0.11365544922000474 0.48582709024259774 0.8666339926687677
    outer loop
      vertex 101.17347400665227 113.47115973213907 40
      vertex 88.43298133125377 130.72235573990315 32
      vertex 87.16490597619358 131.0190120545031 32
    endloop
  endfacet
  facet normal 0.13334989858259869 0.49528482107568306 0.8584350590231269
    outer loop
      vertex 89.70105668631399 130.4256994253032 32
      vertex 102.40531338333398 113.13950075742265 40
      vertex 103.6371527600157 112.80784178270625 40
    endloop
  endfacet
  facet normal 0.11339586615467324 0.4847174867333027 0.8672890726822181
    outer loop
      vertex 102.40531338333398 113.13950075742265 40
      vertex 89.70105668631399 130.4256994253032 32
      vertex 88.43298133125377 130.72235573990315 32
    endloop
  endfacet
  facet normal 0.13303331005814853 0.4941089559842476 0.8591614970604359
    outer loop
      vertex 90.96913204137418 130.12904311070326 32
      vertex 103.6371527600157 112.80784178270625 40
      vertex 104.86899213669741 112.47618280798983 40
    endloop
  endfacet
  facet normal 0.113137271998863 0.4836121103775322 0.8679396778468218
    outer loop
      vertex 103.6371527600157 112.80784178270625 40
      vertex 90.96913204137418 130.12904311070326 32
      vertex 89.70105668631399 130.4256994253032 32
    endloop
  endfacet
  facet normal 0.1327179562616177 0.4929376768880621 0.8598827773539484
    outer loop
      vertex 92.23720739643439 129.83238679610332 32
      vertex 104.86899213669741 112.47618280798983 40
      vertex 106.10083151337912 112.14452383327342 40
    endloop
  endfacet
  facet normal 0.11287966264974415 0.48251094363752994 0.8685858455156291
    outer loop
      vertex 104.86899213669741 112.47618280798983 40
      vertex 92.23720739643439 129.83238679610332 32
      vertex 90.96913204137418 130.12904311070326 32
    endloop
  endfacet
  facet normal 0.13240383218809348 0.4917709651979447 0.8605989443464295
    outer loop
      vertex 93.5052827514946 129.53573048150335 32
      vertex 106.10083151337912 112.14452383327342 40
      vertex 107.33267089006085 111.812864858557 40
    endloop
  endfacet
  facet normal 0.11262303400876675 0.4814139689937339 0.8692276126932234
    outer loop
      vertex 106.10083151337912 112.14452383327342 40
      vertex 93.5052827514946 129.53573048150335 32
      vertex 92.23720739643439 129.83238679610332 32
    endloop
  endfacet
  facet normal 0.1320909328315417 0.4906088023206541 0.8613100420575547
    outer loop
      vertex 94.77335810655481 129.2390741669034 32
      vertex 107.33267089006085 111.812864858557 40
      vertex 108.56451026674256 111.4812058838406 40
    endloop
  endfacet
  facet normal 0.11236738198194199 0.480321168946269 0.8698650160390485
    outer loop
      vertex 107.33267089006085 111.812864858557 40
      vertex 94.77335810655481 129.2390741669034 32
      vertex 93.5052827514946 129.53573048150335 32
    endloop
  endfacet
  facet normal 0.13177925318549474 0.4894511696612452 0.8620161140878473
    outer loop
      vertex 96.041433461615 128.94241785230346 32
      vertex 108.56451026674256 111.4812058838406 40
      vertex 109.79634964342426 111.14954690912418 40
    endloop
  endfacet
  facet normal 0.11211270248031416 0.47923252601651917 0.8704980918706181
    outer loop
      vertex 108.56451026674256 111.4812058838406 40
      vertex 96.041433461615 128.94241785230346 32
      vertex 94.77335810655481 129.2390741669034 32
    endloop
  endfacet
  facet normal 0.13146878824358796 0.4882980486252885 0.8627172036226576
    outer loop
      vertex 97.30950881667522 128.64576153770352 32
      vertex 109.79634964342426 111.14954690912418 40
      vertex 111.028189020106 110.81788793440778 40
    endloop
  endfacet
  facet normal 0.11185899142018249 0.47814802274852086 0.871126876166807
    outer loop
      vertex 109.79634964342426 111.14954690912418 40
      vertex 97.30950881667522 128.64576153770352 32
      vertex 96.041433461615 128.94241785230346 32
    endloop
  endfacet
  facet normal 0.1311595330002514 0.4871494206211263 0.8634133534360335
    outer loop
      vertex 98.57758417173541 128.34910522310355 32
      vertex 111.028189020106 110.81788793440778 40
      vertex 112.2600283967877 110.48622895969137 40
    endloop
  endfacet
  facet normal 0.11160624472352469 0.47706764171043786 0.8717514045710245
    outer loop
      vertex 111.028189020106 110.81788793440778 40
      vertex 98.57758417173541 128.34910522310355 32
      vertex 97.30950881667522 128.64576153770352 32
    endloop
  endfacet
  facet normal 0.13085148245118622 0.48600526706195785 0.8641046058946579
    outer loop
      vertex 99.84565952679561 128.0524489085036 32
      vertex 112.2600283967877 110.48622895969137 40
      vertex 113.49186777346942 110.15456998497496 40
    endloop
  endfacet
  facet normal 0.1113544583182101 0.475991365495876 0.8723717123944524
    outer loop
      vertex 112.2600283967877 110.48622895969137 40
      vertex 99.84565952679561 128.0524489085036 32
      vertex 98.57758417173541 128.34910522310355 32
    endloop
  endfacet
  facet normal 0.14653111742937566 0.48894831594332466 0.8599175402101559
    outer loop
      vertex 107.52605825009601 126.01210912498233 32
      vertex 113.49186777346942 110.15456998497496 40
      vertex 120.92625259294184 107.92658661848034 40
    endloop
  endfacet
  facet normal 0.1288082444184129 0.4848695712213114 0.8650490940250202
    outer loop
      vertex 113.49186777346942 110.15456998497496 40
      vertex 107.52605825009601 126.01210912498233 32
      vertex 99.84565952679561 128.0524489085036 32
    endloop
  endfacet
  facet normal 0.18223496175420043 0.5022862133745575 0.8452804141634265
    outer loop
      vertex 114.97133609840205 123.55002418053712 32
      vertex 120.92625259294184 107.92658661848034 40
      vertex 128.0802833588964 105.33102558513397 40
    endloop
  endfacet
  facet normal 0.16488359499612568 0.49860350275215176 0.8510040817437003
    outer loop
      vertex 120.92625259294184 107.92658661848034 40
      vertex 114.97133609840205 123.55002418053712 32
      vertex 107.52605825009601 126.01210912498233 32
    endloop
  endfacet
  facet normal 0.22157677526503367 0.5163174831699672 0.8272363563312359
    outer loop
      vertex 122.17219042704775 120.68395723832293 32
      vertex 128.0802833588964 105.33102558513397 40
      vertex 134.94662177266946 102.38434805978389 40
    endloop
  endfacet
  facet normal 0.20418909223362644 0.5130152010813931 0.8337398983329425
    outer loop
      vertex 128.0802833588964 105.33102558513397 40
      vertex 122.17219042704775 120.68395723832293 32
      vertex 114.97133609840205 123.55002418053712 32
    endloop
  endfacet
  facet normal 0.26497858708555994 0.5306550508284203 0.8051034501332279
    outer loop
      vertex 129.11931859136703 117.4316714614947 32
      vertex 134.94662177266946 102.38434805978389 40
      vertex 141.51792953559706 99.103015217278 40
    endloop
  endfacet
  facet normal 0.24706245678378894 0.5277440759041961 0.8126784928838615
    outer loop
      vertex 134.94662177266946 102.38434805978389 40
      vertex 129.11931859136703 117.4316714614947 32
      vertex 122.17219042704775 120.68395723832293 32
    endloop
  endfacet
  facet normal 0.31278528649131243 0.5447470823317274 0.7780848159716379
    outer loop
      vertex 135.80341794669377 113.81093001320733 32
      vertex 141.51792953559706 99.103015217278 40
      vertex 147.78686834901538 95.50348823246435 40
    endloop
  endfacet
  facet normal 0.2937567129762309 0.5422919818690917 0.7871635154031803
    outer loop
      vertex 141.51792953559706 99.103015217278 40
      vertex 135.80341794669377 113.81093001320733 32
      vertex 129.11931859136703 117.4316714614947 32
    endloop
  endfacet
  facet normal 0.36518832993724865 0.5578305085138151 0.7452936384062739
    outer loop
      vertex 142.2151858483619 109.83949605661579 32
      vertex 147.78686834901538 95.50348823246435 40
      vertex 153.74609991426058 91.60222828019099 40
    endloop
  endfacet
  facet normal 0.3443795201839913 0.5559910041668326 0.7564897549626174
    outer loop
      vertex 147.78686834901538 95.50348823246435 40
      vertex 142.2151858483619 109.83949605661579 32
      vertex 135.80341794669377 113.81093001320733 32
    endloop
  endfacet
  facet normal 0.4221204922492281 0.5688915036562359 0.7058163692427487
    outer loop
      vertex 148.34531965170538 105.53513275487504 32
      vertex 153.74609991426058 91.60222828019099 40
      vertex 159.3882859326689 87.41569653530591 40
    endloop
  endfacet
  facet normal 0.39881540144109295 0.5679798851271067 0.7199618918139893
    outer loop
      vertex 153.74609991426058 91.60222828019099 40
      vertex 148.34531965170538 105.53513275487504 32
      vertex 142.2151858483619 109.83949605661579 32
    endloop
  endfacet
  facet normal 0.48312836713114277 0.576651774746185 0.6588320814557156
    outer loop
      vertex 154.18451671205816 100.91560327113999 32
      vertex 159.3882859326689 87.41569653530591 40
      vertex 164.7060881055765 82.96035417265712 40
    endloop
  endfacet
  facet normal 0.4566387923561091 0.5772024842263703 0.6769921015185192
    outer loop
      vertex 159.3882859326689 87.41569653530591 40
      vertex 154.18451671205816 100.91560327113999 32
      vertex 148.34531965170538 105.53513275487504 32
    endloop
  endfacet
  facet normal 0.5472472805916542 0.579608616969507 0.6037998551007897
    outer loop
      vertex 159.72347438475407 95.99867076856555 32
      vertex 164.7060881055765 82.96035417265712 40
      vertex 169.69216813431945 78.2526623670926 40
    endloop
  endfacet
  facet normal 0.5170371237108395 0.582445811885217 0.6272395785680239
    outer loop
      vertex 164.7060881055765 82.96035417265712 40
      vertex 159.72347438475407 95.99867076856555 32
      vertex 154.18451671205816 100.91560327113999 32
    endloop
  endfacet
  facet normal 0.612927631086364 0.5761587076537035 0.5407040434892939
    outer loop
      vertex 164.95289002512712 90.80209841030674 32
      vertex 169.69216813431945 78.2526623670926 40
      vertex 174.33918772023395 73.30908229346042 40
    endloop
  endfacet
  facet normal 0.5787758762045203 0.5824338449717391 0.5707795558314311
    outer loop
      vertex 169.69216813431945 78.2526623670926 40
      vertex 164.95289002512712 90.80209841030674 32
      vertex 159.72347438475407 95.99867076856555 32
    endloop
  endfacet
  facet normal 0.6402437658955374 0.5759809090533173 0.508265592616709
    outer loop
      vertex 174.33918772023395 73.30908229346042 40
      vertex 169.86346098851118 85.3436493595184 32
      vertex 164.95289002512712 90.80209841030674 32
    endloop
  endfacet
  facet normal 0.6780795482075282 0.5648187083528404 0.4703062332111954
    outer loop
      vertex 169.86346098851118 85.3436493595184 32
      vertex 174.33918772023395 73.30908229346042 40
      vertex 178.63980856465622 68.14607512660855 40
    endloop
  endfacet
  facet normal 0.6996042348753492 0.5621828679090184 0.441026459040802
    outer loop
      vertex 178.63980856465622 68.14607512660855 40
      vertex 174.44588463024027 79.64108677935556 32
      vertex 169.86346098851118 85.3436493595184 32
    endloop
  endfacet
  facet normal 0.7402896378456031 0.5445120830227261 0.39430678860587426
    outer loop
      vertex 174.44588463024027 79.64108677935556 32
      vertex 178.63980856465622 68.14607512660855 40
      vertex 182.58669236892248 62.78010204138502 40
    endloop
  endfacet
  facet normal 0.7550427196236063 0.5405942872826774 0.371036801544971
    outer loop
      vertex 182.58669236892248 62.78010204138502 40
      vertex 178.69085830564825 73.71217383297312 32
      vertex 174.44588463024027 79.64108677935556 32
    endloop
  endfacet
  facet normal 0.7971999514911391 0.5148343537564906 0.3153059237227588
    outer loop
      vertex 178.69085830564825 73.71217383297312 32
      vertex 182.58669236892248 62.78010204138502 40
      vertex 186.17250083436878 57.227624212637835 40
    endloop
  endfacet
  facet normal 0.8050494717105284 0.5113255775326528 0.3007349362137664
    outer loop
      vertex 186.17250083436878 57.227624212637835 40
      vertex 182.58907937006902 67.574673683526 32
      vertex 178.69085830564825 73.71217383297312 32
    endloop
  endfacet
  facet normal 0.8469437638032783 0.47618039252120653 0.23651320202704695
    outer loop
      vertex 182.58907937006902 67.574673683526 32
      vertex 186.17250083436878 57.227624212637835 40
      vertex 189.38989566233133 51.50510281521501 40
    endloop
  endfacet
  facet normal 0.848646384585073 0.4750145721464636 0.23272402149154361
    outer loop
      vertex 189.38989566233133 51.50510281521501 40
      vertex 186.1312451788366 61.24634949416914 32
      vertex 182.58907937006902 67.574673683526 32
    endloop
  endfacet
  facet normal 0.8884726210277092 0.4296591751621068 0.16127428463078308
    outer loop
      vertex 186.1312451788366 61.24634949416914 32
      vertex 189.38989566233133 51.50510281521501 40
      vertex 192.2315385541463 45.62899902396451 40
    endloop
  endfacet
  facet normal 0.8854814543585281 0.4326777230367582 0.16944787391653007
    outer loop
      vertex 192.2315385541463 45.62899902396451 40
      vertex 189.30805308728478 54.74496442805749 32
      vertex 186.1312451788366 61.24634949416914 32
    endloop
  endfacet
  facet normal 0.9216468959301966 0.3768223242857763 0.09258474573113355
    outer loop
      vertex 189.30805308728478 54.74496442805749 32
      vertex 192.2315385541463 45.62899902396451 40
      vertex 194.69009121114988 39.615774013734395 40
    endloop
  endfacet
  facet normal 0.9157712353007311 0.3854962054605037 0.1129412244104258
    outer loop
      vertex 194.69009121114988 39.615774013734395 40
      vertex 192.1102004507476 48.088281648346026 32
      vertex 189.30805308728478 54.74496442805749 32
    endloop
  endfacet
  facet normal 0.9470801047544075 0.31932114707033216 0.0327609556037035
    outer loop
      vertex 192.1102004507476 48.088281648346026 32
      vertex 194.69009121114988 39.615774013734395 40
      vertex 196.75821533467823 33.48188895937269 40
    endloop
  endfacet
  facet normal 0.9401321885177917 0.33460995860019715 0.06471200598282911
    outer loop
      vertex 196.75821533467823 33.48188895937269 40
      vertex 194.52838462455898 41.29406431818964 32
      vertex 192.1102004507476 48.088281648346026 32
    endloop
  endfacet
  facet normal 0.9658356037684624 0.2586195637610578 -0.016658563360919414
    outer loop
      vertex 194.52838462455898 41.29406431818964 32
      vertex 196.75821533467823 33.48188895937269 40
      vertex 198.4285726260675 27.243805035727377 40
    endloop
  endfacet
  facet normal 0.9593700089121985 0.2809732565088966 0.02575296345266153
    outer loop
      vertex 198.4285726260675 27.243805035727377 40
      vertex 196.55330296405282 34.38007560074327 32
      vertex 194.52838462455898 41.29406431818964 32
    endloop
  endfacet
  facet normal 0.9791035389907737 0.19583430310538882 -0.054819573721153335
    outer loop
      vertex 196.55330296405282 34.38007560074327 32
      vertex 198.4285726260675 27.243805035727377 40
      vertex 199.69382478665392 20.917983417646454 40
    endloop
  endfacet
  facet normal 0.9742859909783761 0.22528982762135474 -0.003361748596182692
    outer loop
      vertex 199.69382478665392 20.917983417646454 40
      vertex 198.17565282456303 27.364078659161883 32
      vertex 196.55330296405282 34.38007560074327 32
    endloop
  endfacet
  facet normal 0.9879444587223267 0.1317046639160572 -0.08136109624757641
    outer loop
      vertex 198.17565282456303 27.364078659161883 32
      vertex 199.69382478665392 20.917983417646454 40
      vertex 200.54663351777356 14.52088527997796 40
    endloop
  endfacet
  facet normal 0.9855306561731754 0.16801735819588706 -0.022349341998038785
    outer loop
      vertex 200.54663351777356 14.52088527997796 40
      vertex 199.38613156142358 20.263836656600397 32
      vertex 198.17565282456303 27.364078659161883 32
    endloop
  endfacet
  facet normal 0.9931261654490605 0.06665471385923598 -0.09621625964871375
    outer loop
      vertex 199.38613156142358 20.263836656600397 32
      vertex 200.54663351777356 14.52088527997796 40
      vertex 200.97966052076265 8.068971797569894 40
    endloop
  endfacet
  facet normal 0.9935088822272928 0.10941980016742146 -0.031103187405743832
    outer loop
      vertex 200.97966052076265 8.068971797569894 40
      vertex 200.17543652996838 13.097112756213747 32
      vertex 199.38613156142358 20.263836656600397 32
    endloop
  endfacet
  facet normal 0.9950411192957108 0.0009056150715750207 -0.09946029746628031
    outer loop
      vertex 200.17543652996838 13.097112756213747 32
      vertex 200.97966052076265 8.068971797569894 40
      vertex 200.9855674969574 1.5787041452702582 40
    endloop
  endfacet
  facet normal 0.9983276555676126 0.049647469842717715 -0.02961453810361947
    outer loop
      vertex 200.9855674969574 1.5787041452702582 40
      vertex 200.5342650855313 5.88167012115688 32
      vertex 200.17543652996838 13.097112756213747 32
    endloop
  endfacet
  facet normal 0.9936806339365304 -0.06539199498776221 -0.09122874947633249
    outer loop
      vertex 200.5342650855313 5.88167012115688 32
      vertex 200.9855674969574 1.5787041452702582 40
      vertex 200.55701614769384 -4.933456502072914 40
    endloop
  endfacet
  facet normal 0.9997766475421253 -0.011168641204111976 -0.017942031186097593
    outer loop
      vertex 200.55701614769384 -4.933456502072914 40
      vertex 200.45331458344637 -1.3647280854152513 32
      vertex 200.5342650855313 5.88167012115688 32
    endloop
  endfacet
  facet normal 0.9886494724854228 -0.13202253271464887 -0.07170963261588256
    outer loop
      vertex 200.45331458344637 -1.3647280854152513 32
      vertex 200.55701614769384 -4.933456502072914 40
      vertex 199.6866681743083 -11.451048969611634 40
    endloop
  endfacet
  facet normal 0.9973382001680446 -0.0728169662458647 0.0037688078106968793
    outer loop
      vertex 199.6866681743083 -11.451048969611634 40
      vertex 199.92328237904744 -8.624318700347743 32
      vertex 200.45331458344637 -1.3647280854152513 32
    endloop
  endfacet
  facet normal 0.9792185234203823 -0.1985782771719376 -0.04120377683940516
    outer loop
      vertex 199.92328237904744 -8.624318700347743 32
      vertex 199.6866681743083 -11.451048969611634 40
      vertex 198.36718527813687 -17.957612082497878 40
    endloop
  endfacet
  facet normal 0.9902319606292641 -0.13490819852446123 0.035219910834753725
    outer loop
      vertex 198.36718527813687 -17.957612082497878 40
      vertex 198.9348658276685 -15.879338560485625 32
      vertex 199.92328237904744 -8.624318700347743 32
    endloop
  endfacet
  facet normal 0.9644253347769147 -0.26435528406920067 -0.00023963540708447453
    outer loop
      vertex 198.9348658276685 -15.879338560485625 32
      vertex 198.36718527813687 -17.957612082497878 40
      vertex 196.5912291605157 -24.436684665883643 40
    endloop
  endfacet
  facet normal 0.977505653895897 -0.19679403437974208 0.07586042864431784
    outer loop
      vertex 196.5912291605157 -24.436684665883643 40
      vertex 197.47876228464338 -23.11202450267397 32
      vertex 198.9348658276685 -15.879338560485625 32
    endloop
  endfacet
  facet normal 0.9432353385208316 -0.32829655039871664 0.05028390559408657
    outer loop
      vertex 197.47876228464338 -23.11202450267397 32
      vertex 196.5912291605157 -24.436684665883643 40
      vertex 194.351461522781 -30.871805544920917 40
    endloop
  endfacet
  facet normal 0.9581821897154329 -0.25752277674637014 0.12477544136959592
    outer loop
      vertex 194.351461522781 -30.871805544920917 40
      vertex 195.54566910530613 -30.304613363757852 32
      vertex 197.47876228464338 -23.11202450267397 32
    endloop
  endfacet
  facet normal 0.9147641135578888 -0.3890138974360545 0.10897157495540205
    outer loop
      vertex 195.54566910530613 -30.304613363757852 32
      vertex 194.351461522781 -30.871805544920917 40
      vertex 191.64054406626894 -37.24651354476168 40
    endloop
  endfacet
  facet normal 0.931459560935608 -0.3158578047783618 0.18060158776223065
    outer loop
      vertex 191.64054406626894 -37.24651354476168 40
      vertex 193.12628364499056 -37.43934198058231 32
      vertex 195.54566910530613 -30.304613363757852 32
    endloop
  endfacet
  facet normal 0.8785310344524674 -0.4449135690603503 0.17388253957731994
    outer loop
      vertex 193.12628364499056 -37.43934198058231 32
      vertex 191.64054406626894 -37.24651354476168 40
      vertex 188.45113849231566 -43.54434749055794 40
    endloop
  endfacet
  facet normal 0.8969333775093055 -0.37037884057416426 0.24151610870641246
    outer loop
      vertex 188.45113849231566 -43.54434749055794 40
      vertex 190.2113032590307 -44.498447189992426 32
      vertex 193.12628364499056 -37.43934198058231 32
    endloop
  endfacet
  facet normal 0.8346778680465692 -0.49442105510971496 0.2426121943708317
    outer loop
      vertex 190.2113032590307 -44.498447189992426 32
      vertex 188.45113849231566 -43.54434749055794 40
      vertex 184.77590650225736 -49.748846207461675 40
    endloop
  endfacet
  facet normal -0.20466174325396252 -0.7601494711732867 -0.6166736189616202
    outer loop
      vertex 183.8709264837297 -43.015165616992675 32
      vertex 184.77590650225736 -49.748846207461675 40
      vertex 178.61670961884877 -48.09055133387962 40
    endloop
  endfacet
  facet normal -0.17841270157127184 -0.7626358811789741 -0.6217358125895677
    outer loop
      vertex 184.77590650225736 -49.748846207461675 40
      vertex 183.8709264837297 -43.015165616992675 32
      vertex 190.2113032590307 -44.498447189992426 32
    endloop
  endfacet
  facet normal -0.20735137230204356 -0.7701392233665634 -0.603233773123493
    outer loop
      vertex 177.53054970842865 -41.531884043992925 32
      vertex 178.61670961884877 -48.09055133387962 40
      vertex 172.4575127354402 -46.43225646029756 40
    endloop
  endfacet
  facet normal -0.180717158158982 -0.7724864202097179 -0.6087742104742255
    outer loop
      vertex 178.61670961884877 -48.09055133387962 40
      vertex 177.53054970842865 -41.531884043992925 32
      vertex 183.8709264837297 -43.015165616992675 32
    endloop
  endfacet
  facet normal -0.2100497874413724 -0.7801616086377676 -0.5892596636488576
    outer loop
      vertex 171.19017293312763 -40.04860247099318 32
      vertex 172.4575127354402 -46.43225646029756 40
      vertex 166.2983158520316 -44.77396158671551 40
    endloop
  endfacet
  facet normal -0.18303049058240808 -0.7823748995369295 -0.5953061028510815
    outer loop
      vertex 172.4575127354402 -46.43225646029756 40
      vertex 171.19017293312763 -40.04860247099318 32
      vertex 177.53054970842865 -41.531884043992925 32
    endloop
  endfacet
  facet normal -0.2127523345863895 -0.790199340899996 -0.5747359791845756
    outer loop
      vertex 164.84979615782663 -38.56532089799344 32
      vertex 166.2983158520316 -44.77396158671551 40
      vertex 160.13911896862305 -43.11566671313345 40
    endloop
  endfacet
  facet normal -0.18534901895249928 -0.7922855892523474 -0.5813168552832498
    outer loop
      vertex 166.2983158520316 -44.77396158671551 40
      vertex 164.84979615782663 -38.56532089799344 32
      vertex 171.19017293312763 -40.04860247099318 32
    endloop
  endfacet
  facet normal -0.21545390314799295 -0.8002334385324704 -0.5596481568564253
    outer loop
      vertex 158.5094193825256 -37.082039324993694 32
      vertex 160.13911896862305 -43.11566671313345 40
      vertex 153.97992208521447 -41.4573718395514 40
    endloop
  endfacet
  facet normal -0.18766870069290312 -0.8022012091189161 -0.5667924477870064
    outer loop
      vertex 160.13911896862305 -43.11566671313345 40
      vertex 158.5094193825256 -37.082039324993694 32
      vertex 164.84979615782663 -38.56532089799344 32
    endloop
  endfacet
  facet normal -0.21814891220060892 -0.8102431730025308 -0.5439825849312474
    outer loop
      vertex 152.16904260722455 -35.598757751993936 32
      vertex 153.97992208521447 -41.4573718395514 40
      vertex 147.82072520180589 -39.799076965969334 40
    endloop
  endfacet
  facet normal -0.18998511840300833 -0.8121028766905954 -0.5517196502357464
    outer loop
      vertex 153.97992208521447 -41.4573718395514 40
      vertex 152.16904260722455 -35.598757751993936 32
      vertex 158.5094193825256 -37.082039324993694 32
    endloop
  endfacet
  facet normal -0.22083130073176055 -0.8202060326509383 -0.5277268238588282
    outer loop
      vertex 145.82866583192356 -34.11547617899419 32
      vertex 147.82072520180589 -39.799076965969334 40
      vertex 141.6615283183973 -38.14078209238728 40
    endloop
  endfacet
  facet normal -0.1922934705805803 -0.8219700676557569 -0.5360862141951293
    outer loop
      vertex 147.82072520180589 -39.799076965969334 40
      vertex 145.82866583192356 -34.11547617899419 32
      vertex 152.16904260722455 -35.598757751993936 32
    endloop
  endfacet
  facet normal -0.22349452288761865 -0.8300977050329119 -0.5108698448120894
    outer loop
      vertex 139.4882890566225 -32.63219460599444 32
      vertex 141.6615283183973 -38.14078209238728 40
      vertex 135.50233143498872 -36.482487218805225 40
    endloop
  endfacet
  facet normal -0.19458856587388418 -0.831780591267496 -0.5198810806538738
    outer loop
      vertex 141.6615283183973 -38.14078209238728 40
      vertex 139.4882890566225 -32.63219460599444 32
      vertex 145.82866583192356 -34.11547617899419 32
    endloop
  endfacet
  facet normal -0.22613154918140013 -0.8398920814064222 -0.49340228420185456
    outer loop
      vertex 133.14791228132148 -31.148913032994695 32
      vertex 135.50233143498872 -36.482487218805225 40
      vertex 129.34313455158014 -34.82419234522317 40
    endloop
  endfacet
  facet normal -0.1968648215790073 -0.8415105839203537 -0.5030946026093808
    outer loop
      vertex 135.50233143498872 -36.482487218805225 40
      vertex 133.14791228132148 -31.148913032994695 32
      vertex 139.4882890566225 -32.63219460599444 32
    endloop
  endfacet
  facet normal -0.22873487466303902 -0.8495612870757208 -0.4753167119038931
    outer loop
      vertex 126.80753550602046 -29.665631459994945 32
      vertex 129.34313455158014 -34.82419234522317 40
      vertex 123.18393766817155 -33.16589747164111 40
    endloop
  endfacet
  facet normal -0.19911626713021996 -0.8511345240700928 -0.48571878088056614
    outer loop
      vertex 129.34313455158014 -34.82419234522317 40
      vertex 126.80753550602046 -29.665631459994945 32
      vertex 133.14791228132148 -31.148913032994695 32
    endloop
  endfacet
  facet normal -0.23129653505028547 -0.8590757413050811 -0.4566079101098199
    outer loop
      vertex 120.46715873071943 -28.1823498869952 32
      vertex 123.18393766817155 -33.16589747164111 40
      vertex 117.02474078476298 -31.507602598059055 40
    endloop
  endfacet
  facet normal -0.2013365533445527 -0.8606252717501928 -0.46774751085627697
    outer loop
      vertex 123.18393766817155 -33.16589747164111 40
      vertex 120.46715873071943 -28.1823498869952 32
      vertex 126.80753550602046 -29.665631459994945 32
    endloop
  endfacet
  facet normal -0.23380813178619408 -0.8684042503866869 -0.4372731588160722
    outer loop
      vertex 114.12678195541842 -26.699068313995454 32
      vertex 117.02474078476298 -31.507602598059055 40
      vertex 110.86554390135441 -29.849307724477004 40
    endloop
  endfacet
  facet normal -0.20351896817096787 -0.8699541358926127 -0.44917683715655027
    outer loop
      vertex 117.02474078476298 -31.507602598059055 40
      vertex 114.12678195541842 -26.699068313995454 32
      vertex 120.46715873071943 -28.1823498869952 32
    endloop
  endfacet
  facet normal -0.23626086690792347 -0.8775141371494358 -0.41731252302177285
    outer loop
      vertex 107.7864051801174 -25.215786740995707 32
      vertex 110.86554390135441 -29.849307724477004 40
      vertex 104.70634701794583 -28.191012850894946 40
    endloop
  endfacet
  facet normal -0.2056564596541063 -0.8790909724877639 -0.43000521240219464
    outer loop
      vertex 110.86554390135441 -29.849307724477004 40
      vertex 107.7864051801174 -25.215786740995707 32
      vertex 114.12678195541842 -26.699068313995454 32
    endloop
  endfacet
  facet normal -0.23864558848005457 -0.8863714097062396 -0.396729135751815
    outer loop
      vertex 101.44602840481637 -23.73250516799596 32
      vertex 104.70634701794583 -28.191012850894946 40
      vertex 98.54715013453726 -26.532717977312892 40
    endloop
  endfacet
  facet normal -0.20774166674738886 -0.8880043162969261 -0.41023375547978225
    outer loop
      vertex 104.70634701794583 -28.191012850894946 40
      vertex 101.44602840481637 -23.73250516799596 32
      vertex 107.7864051801174 -25.215786740995707 32
    endloop
  endfacet
  facet normal -0.24095284715667684 -0.8949409715354794 -0.37552947010084753
    outer loop
      vertex 95.10565162951535 -22.249223594996213 32
      vertex 98.54715013453726 -26.532717977312892 40
      vertex 92.38795325112868 -24.874423103730837 40
    endloop
  endfacet
  facet normal -0.20976695849543017 -0.8966615483398755 -0.389866503886027
    outer loop
      vertex 98.54715013453726 -26.532717977312892 40
      vertex 95.10565162951535 -22.249223594996213 32
      vertex 101.44602840481637 -23.73250516799596 32
    endloop
  endfacet
  facet normal -0.24317296418677875 -0.9031868740649044 -0.3537235926616745
    outer loop
      vertex 88.76527485421433 -20.765942021996462 32
      vertex 92.38795325112868 -24.874423103730837 40
      vertex 86.2287563677201 -23.21612823014878 40
    endloop
  endfacet
  facet normal -0.21172448194812218 -0.9050291007065188 -0.36891065397755773
    outer loop
      vertex 92.38795325112868 -24.874423103730837 40
      vertex 88.76527485421433 -20.765942021996462 32
      vertex 95.10565162951535 -22.249223594996213 32
    endloop
  endfacet
  facet normal -0.24529611086677422 -0.9110726117722157 -0.33132539002042805
    outer loop
      vertex 82.42489807891332 -19.28266044899672 32
      vertex 86.2287563677201 -23.21612823014878 40
      vertex 80.06955948431153 -21.557833356566725 40
    endloop
  endfacet
  facet normal -0.2136062189664394 -0.9130726993767545 -0.3473767822864799
    outer loop
      vertex 86.2287563677201 -23.21612823014878 40
      vertex 82.42489807891332 -19.28266044899672 32
      vertex 88.76527485421433 -20.765942021996462 32
    endloop
  endfacet
  facet normal -0.24731239907585253 -0.9185614584491542 -0.308352759538664
    outer loop
      vertex 76.08452130361228 -17.799378875996968 32
      vertex 80.06955948431153 -21.557833356566725 40
      vertex 73.91036260090294 -19.899538482984667 40
    endloop
  endfacet
  facet normal -0.2154040518339055 -0.9207576446806335 -0.3252790405416687
    outer loop
      vertex 80.06955948431153 -21.557833356566725 40
      vertex 76.08452130361228 -17.799378875996968 32
      vertex 82.42489807891332 -19.28266044899672 32
    endloop
  endfacet
  facet normal -0.24921198211245404 -0.9256168417257978 -0.28482775546835537
    outer loop
      vertex 69.74414452831127 -16.316097302997225 32
      vertex 73.91036260090294 -19.899538482984667 40
      vertex 67.75116571749437 -18.241243609402616 40
    endloop
  endfacet
  facet normal -0.21710983730125605 -0.9280491278067693 -0.3026353167165344
    outer loop
      vertex 73.91036260090294 -19.899538482984667 40
      vertex 69.74414452831127 -16.316097302997225 32
      vertex 76.08452130361228 -17.799378875996968 32
    endloop
  endfacet
  facet normal -0.25098516459706494 -0.9322027512687346 -0.260776681624692
    outer loop
      vertex 63.40376775301023 -14.832815729997472 32
      vertex 67.75116571749437 -18.241243609402616 40
      vertex 61.591968834085776 -16.582948735820555 40
    endloop
  endfacet
  facet normal -0.2187154883723174 -0.9349125804010087 -0.2794673543618041
    outer loop
      vertex 67.75116571749437 -18.241243609402616 40
      vertex 63.40376775301023 -14.832815729997472 32
      vertex 69.74414452831127 -16.316097302997225 32
    endloop
  endfacet
  facet normal -0.2526225197362415 -0.9382841743201527 -0.2362301224282408
    outer loop
      vertex 57.06339097770921 -13.349534156997727 32
      vertex 61.591968834085776 -16.582948735820555 40
      vertex 55.43277195067721 -14.924653862238502 40
    endloop
  endfacet
  facet normal -0.22021306279707056 -0.9413140528353955 -0.2558008227276367
    outer loop
      vertex 61.591968834085776 -16.582948735820555 40
      vertex 57.06339097770921 -13.349534156997727 32
      vertex 63.40376775301023 -14.832815729997472 32
    endloop
  endfacet
  facet normal -0.2541150117789488 -0.9438275505220565 -0.21122290515973782
    outer loop
      vertex 50.72301420240817 -11.866252583997975 32
      vertex 55.43277195067721 -14.924653862238502 40
      vertex 49.27357506726861 -13.26635898865644 40
    endloop
  endfacet
  facet normal -0.2215948568877567 -0.9472206152307702 -0.2316653307742358
    outer loop
      vertex 55.43277195067721 -14.924653862238502 40
      vertex 50.72301420240817 -11.866252583997975 32
      vertex 57.06339097770921 -13.349534156997727 32
    endloop
  endfacet
  facet normal -0.2554541210662329 -0.9488012363726123 -0.18579398776085476
    outer loop
      vertex 44.382637427107184 -10.382971010998236 32
      vertex 49.27357506726861 -13.26635898865644 40
      vertex 43.11437818386007 -11.608064115074395 40
    endloop
  endfacet
  facet normal -0.22285350293320355 -0.9526007738602198 -0.2070943791398287
    outer loop
      vertex 49.27357506726861 -13.26635898865644 40
      vertex 44.382637427107184 -10.382971010998236 32
      vertex 50.72301420240817 -11.866252583997975 32
    endloop
  endfacet
  facet normal -0.25663196870877897 -0.9531759683003719 -0.15998626844609062
    outer loop
      vertex 38.04226065180614 -8.899689437998484 32
      vertex 43.11437818386007 -11.608064115074395 40
      vertex 36.95518130045147 -9.949769241492334 40
    endloop
  endfacet
  facet normal -0.22398206817550087 -0.9574248942308395 -0.18212524548477893
    outer loop
      vertex 43.11437818386007 -11.608064115074395 40
      vertex 38.04226065180614 -8.899689437998484 32
      vertex 44.382637427107184 -10.382971010998236 32
    endloop
  endfacet
  facet normal -0.2576414376537625 -0.9569253123277169 -0.1338463157139704
    outer loop
      vertex 31.7018838765051 -7.4164078649987335 32
      vertex 36.95518130045147 -9.949769241492334 40
      vertex 30.795984417042874 -8.291474367910274 40
    endloop
  endfacet
  facet normal -0.22497415305297622 -0.9616656210292929 -0.1567988003412032
    outer loop
      vertex 36.95518130045147 -9.949769241492334 40
      vertex 31.7018838765051 -7.4164078649987335 32
      vertex 38.04226065180614 -8.899689437998484 32
    endloop
  endfacet
  facet normal -0.25847628675009293 -0.9600260877290944 -0.107424019974366
    outer loop
      vertex 25.361507101204086 -5.933126291998987 32
      vertex 30.795984417042874 -8.291474367910274 40
      vertex 24.636787533634305 -6.63317949432822 40
    endloop
  endfacet
  facet normal -0.22582398622536928 -0.9652982843126525 -0.13115925262189373
    outer loop
      vertex 30.795984417042874 -8.291474367910274 40
      vertex 25.361507101204086 -5.933126291998987 32
      vertex 31.7018838765051 -7.4164078649987335 32
    endloop
  endfacet
  facet normal -0.2591312544118129 -0.9624587520550024 -0.08077217082441046
    outer loop
      vertex 19.02113032590307 -4.449844718999242 32
      vertex 24.636787533634305 -6.63317949432822 40
      vertex 18.477590650225736 -4.974884620746167 40
    endloop
  endfacet
  facet normal -0.22652651380007718 -0.96830128091139 -0.10525382620572486
    outer loop
      vertex 24.636787533634305 -6.63317949432822 40
      vertex 19.02113032590307 -4.449844718999242 32
      vertex 25.361507101204086 -5.933126291998987 32
    endloop
  endfacet
  facet normal -0.25960214862748104 -0.9642077354425552 -0.05394596686254205
    outer loop
      vertex 12.680753550602056 -2.966563145999497 32
      vertex 18.477590650225736 -4.974884620746167 40
      vertex 12.318393766817165 -3.3165897471641137 40
    endloop
  endfacet
  facet normal -0.22707748018753007 -0.9706564200505574 -0.07913237141851533
    outer loop
      vertex 18.477590650225736 -4.974884620746167 40
      vertex 12.680753550602056 -2.966563145999497 32
      vertex 19.02113032590307 -4.449844718999242 32
    endloop
  endfacet
  facet normal -0.25988592037309627 -0.9652617132839127 -0.027002467665639664
    outer loop
      vertex 6.3403767753010145 -1.4832815729997453 32
      vertex 12.318393766817165 -3.3165897471641137 40
      vertex 6.159196883408569 -1.6582948735820533 40
    endloop
  endfacet
  facet normal -0.2274734981383941 -0.972349222728057 -0.05284691764734746
    outer loop
      vertex 12.318393766817165 -3.3165897471641137 40
      vertex 6.3403767753010145 -1.4832815729997453 32
      vertex 12.680753550602056 -2.966563145999497 32
    endloop
  endfacet
  facet normal -0.25998071795047656 -0.9656138080485152 0
    outer loop
      vertex 0 0 32
      vertex 6.159196883408569 -1.6582948735820533 40
      vertex 0 0 40
    endloop
  endfacet
  facet normal -0.22771210575760156 -0.9733691654245565 -0.026451175628720198
    outer loop
      vertex 6.159196883408569 -1.6582948735820533 40
      vertex 0 0 32
      vertex 6.3403767753010145 -1.4832815729997453 32
    endloop
  endfacet
  facet normal -0.8401039133527807 0.5353575918668204 0.08727922776871137
    outer loop
      vertex 0 0 40
      vertex 3.0266033315969776 3.4452252268616887 48
      vertex 2.5512228824339314 4.003477974215575 40
    endloop
  endfacet
  facet normal -0.7512750522905461 0.6599892391591223 0
    outer loop
      vertex 3.0266033315969776 3.4452252268616887 48
      vertex 0 0 40
      vertex 0 0 48
    endloop
  endfacet
  facet normal -0.8306659298673166 0.5293432214650781 0.17259741263020023
    outer loop
      vertex 2.5512228824339314 4.003477974215575 40
      vertex 6.053206663193955 6.8904504537233775 48
      vertex 5.102445764867863 8.00695594843115 40
    endloop
  endfacet
  facet normal -0.7482039592627324 0.6572913080290603 0.09032702659236748
    outer loop
      vertex 6.053206663193955 6.8904504537233775 48
      vertex 2.5512228824339314 4.003477974215575 40
      vertex 3.0266033315969776 3.4452252268616887 48
    endloop
  endfacet
  facet normal -0.8156189884030832 0.519754533423971 0.2542063939824512
    outer loop
      vertex 5.102445764867863 8.00695594843115 40
      vertex 9.079809994790933 10.335675680585066 48
      vertex 7.653668647301794 12.010433922646726 40
    endloop
  endfacet
  facet normal -0.7392118387098928 0.6493918006728644 0.178482903186816
    outer loop
      vertex 9.079809994790933 10.335675680585066 48
      vertex 5.102445764867863 8.00695594843115 40
      vertex 6.053206663193955 6.8904504537233775 48
    endloop
  endfacet
  facet normal -0.7958638383306562 0.5071655317521019 0.3307323302010295
    outer loop
      vertex 7.653668647301794 12.010433922646726 40
      vertex 12.10641332638791 13.780900907446755 48
      vertex 10.204891529735725 16.0139118968623 40
    endloop
  endfacet
  facet normal -0.724919516486964 0.636836107733283 0.26254802704158464
    outer loop
      vertex 12.10641332638791 13.780900907446755 48
      vertex 7.653668647301794 12.010433922646726 40
      vertex 9.079809994790933 10.335675680585066 48
    endloop
  endfacet
  facet normal -0.7724545884444992 0.49224794900159824 0.40125536195141276
    outer loop
      vertex 10.204891529735725 16.0139118968623 40
      vertex 15.13301665798489 17.226126134308444 48
      vertex 12.756114412169657 20.017389871077878 40
    endloop
  endfacet
  facet normal -0.7062348703755831 0.6204217927185495 0.341041210098552
    outer loop
      vertex 15.13301665798489 17.226126134308444 48
      vertex 10.204891529735725 16.0139118968623 40
      vertex 12.10641332638791 13.780900907446755 48
    endloop
  endfacet
  facet normal -0.7464661889665077 0.4756867989582849 0.4653066709457733
    outer loop
      vertex 12.756114412169657 20.017389871077878 40
      vertex 18.159619989581866 20.67135136117013 48
      vertex 15.307337294603588 24.020867845293452 40
    endloop
  endfacet
  facet normal -0.6842076808470171 0.6010710795364087 0.4130053350925176
    outer loop
      vertex 18.159619989581866 20.67135136117013 48
      vertex 12.756114412169657 20.017389871077878 40
      vertex 15.13301665798489 17.226126134308444 48
    endloop
  endfacet
  facet normal -0.7188919899399098 0.45811509556075924 0.5228048068061284
    outer loop
      vertex 15.307337294603588 24.020867845293452 40
      vertex 21.186223321178844 24.11657658803182 48
      vertex 17.85856017703752 28.024345819509026 40
    endloop
  endfacet
  facet normal -0.6598924341601573 0.5797103260921154 0.47799363297051944
    outer loop
      vertex 21.186223321178844 24.11657658803182 48
      vertex 15.307337294603588 24.020867845293452 40
      vertex 18.159619989581866 20.67135136117013 48
    endloop
  endfacet
  facet normal -0.6905815058047844 0.440074193274424 0.573961573848164
    outer loop
      vertex 17.85856017703752 28.024345819509026 40
      vertex 24.21282665277583 27.56180181489352 48
      vertex 20.409783059471458 32.027823793724615 40
    endloop
  endfacet
  facet normal -0.6342463994086261 0.5571804857739707 0.5359863907879336
    outer loop
      vertex 24.21282665277583 27.56180181489352 48
      vertex 17.85856017703752 28.024345819509026 40
      vertex 21.186223321178844 24.11657658803182 48
    endloop
  endfacet
  facet normal -0.6622153499659461 0.42199781410390835 0.6191838783116068
    outer loop
      vertex 20.409783059471458 32.027823793724615 40
      vertex 27.23942998437281 31.007027041755208 48
      vertex 22.96100594190539 36.03130176794019 40
    endloop
  endfacet
  facet normal -0.6080718260779782 0.5341863284608275 0.587276443266486
    outer loop
      vertex 27.23942998437281 31.007027041755208 48
      vertex 20.409783059471458 32.027823793724615 40
      vertex 24.21282665277583 27.56180181489352 48
    endloop
  endfacet
  facet normal -0.634307439712761 0.4042134526818155 0.6589882825939227
    outer loop
      vertex 22.96100594190539 36.03130176794019 40
      vertex 30.266033315969786 34.452252268616895 48
      vertex 25.51222882433932 40.03477974215576 40
    endloop
  endfacet
  facet normal -0.5819968818082917 0.5112796944960789 0.6323548873547366
    outer loop
      vertex 30.266033315969786 34.452252268616895 48
      vertex 22.96100594190539 36.03130176794019 40
      vertex 27.23942998437281 31.007027041755208 48
    endloop
  endfacet
  facet normal -0.6072233576802446 0.386954077139825 0.6939353976217066
    outer loop
      vertex 25.51222882433932 40.03477974215576 40
      vertex 33.292636647566766 37.89747749547859 48
      vertex 28.063451706773254 44.03825771637134 40
    endloop
  endfacet
  facet normal -0.5564834261004926 0.48886632382767764 0.6718153867712989
    outer loop
      vertex 33.292636647566766 37.89747749547859 48
      vertex 25.51222882433932 40.03477974215576 40
      vertex 30.266033315969786 34.452252268616895 48
    endloop
  endfacet
  facet normal -0.5812057661588503 0.37037432441914087 0.724584513493608
    outer loop
      vertex 28.063451706773254 44.03825771637134 40
      vertex 36.31923997916374 41.34270272234027 48
      vertex 30.614674589207183 48.04173569058691 40
    endloop
  endfacet
  facet normal -0.5318494313268751 0.46722555268997 0.7062835587147924
    outer loop
      vertex 36.31923997916374 41.34270272234027 48
      vertex 28.063451706773254 44.03825771637134 40
      vertex 33.292636647566766 37.89747749547859 48
    endloop
  endfacet
  facet normal -0.5564007799651015 0.3545673064254051 0.7514653666460348
    outer loop
      vertex 30.614674589207183 48.04173569058691 40
      vertex 39.34584331076072 44.787927949201965 48
      vertex 33.16589747164112 52.04521366480249 40
    endloop
  endfacet
  facet normal -0.5082967201147278 0.4465346806775867 0.7363703030899439
    outer loop
      vertex 39.34584331076072 44.787927949201965 48
      vertex 30.614674589207183 48.04173569058691 40
      vertex 36.31923997916374 41.34270272234027 48
    endloop
  endfacet
  facet normal -0.5328819150549753 0.33957987132172024 0.7750628204219745
    outer loop
      vertex 33.16589747164112 52.04521366480249 40
      vertex 42.372446642357694 48.233153176063645 48
      vertex 35.71712035407504 56.04869163901806 40
    endloop
  endfacet
  facet normal -0.4859381970254301 0.4268928935618876 0.7626444296643313
    outer loop
      vertex 42.372446642357694 48.233153176063645 48
      vertex 33.16589747164112 52.04521366480249 40
      vertex 39.34584331076072 44.787927949201965 48
    endloop
  endfacet
  facet normal -0.5106701745559779 0.3254254033854177 0.7958104545998408
    outer loop
      vertex 35.71712035407504 56.04869163901806 40
      vertex 45.399049973954675 51.67837840292534 48
      vertex 38.268343236508976 60.052169613233644 40
    endloop
  endfacet
  facet normal -0.46482163978127217 0.4083421636970516 0.7856191956274107
    outer loop
      vertex 45.399049973954675 51.67837840292534 48
      vertex 35.71712035407504 56.04869163901806 40
      vertex 42.372446642357694 48.233153176063645 48
    endloop
  endfacet
  facet normal -0.48975001808410845 0.3120939994813949 0.8140898324351695
    outer loop
      vertex 38.268343236508976 60.052169613233644 40
      vertex 48.425653305551656 55.123603629787034 48
      vertex 40.81956611894291 64.05564758744922 40
    endloop
  endfacet
  facet normal -0.4449490389304675 0.3908842397640696 0.8057480151132355
    outer loop
      vertex 48.425653305551656 55.123603629787034 48
      vertex 38.268343236508976 60.052169613233644 40
      vertex 45.399049973954675 51.67837840292534 48
    endloop
  endfacet
  facet normal -0.47008157200977074 0.29956025007401865 0.830233083075117
    outer loop
      vertex 40.81956611894291 64.05564758744922 40
      vertex 51.45225663714863 58.568828856648715 48
      vertex 43.37078900137684 68.05912556166479 40
    endloop
  endfacet
  facet normal -0.42629155725100626 0.37449378848965376 0.8234257165034248
    outer loop
      vertex 51.45225663714863 58.568828856648715 48
      vertex 40.81956611894291 64.05564758744922 40
      vertex 48.425653305551656 55.123603629787034 48
    endloop
  endfacet
  facet normal -0.4516096836131823 0.28778900900246507 0.8445271931466626
    outer loop
      vertex 43.37078900137684 68.05912556166479 40
      vertex 54.47885996874561 62.01405408351041 48
      vertex 45.922011883810775 72.06260353588037 40
    endloop
  endfacet
  facet normal -0.4088006797059236 0.35912818979446304 0.8389928173512136
    outer loop
      vertex 54.47885996874561 62.01405408351041 48
      vertex 43.37078900137684 68.05912556166479 40
      vertex 51.45225663714863 58.568828856648715 48
    endloop
  endfacet
  facet normal -0.4342704617825573 0.276739561551326 0.8572189808301869
    outer loop
      vertex 45.922011883810775 72.06260353588037 40
      vertex 57.50546330034258 65.4592793103721 48
      vertex 48.4732347662447 76.06608151009594 40
    endloop
  endfacet
  facet normal -0.3924162781437071 0.344734621569143 0.8527411713641017
    outer loop
      vertex 57.50546330034258 65.4592793103721 48
      vertex 45.922011883810775 72.06260353588037 40
      vertex 54.47885996874561 62.01405408351041 48
    endloop
  endfacet
  facet normal -0.4179958874137806 0.26636856243533136 0.8685201362382458
    outer loop
      vertex 48.4732347662447 76.06608151009594 40
      vertex 60.53206663193957 68.90450453723379 48
      vertex 51.02445764867864 80.06955948431153 40
    endloop
  endfacet
  facet normal -0.37707229040230855 0.3312550487226385 0.8649199850312856
    outer loop
      vertex 60.53206663193957 68.90450453723379 48
      vertex 48.4732347662447 76.06608151009594 40
      vertex 57.50546330034258 65.4592793103721 48
    endloop
  endfacet
  facet normal -0.40271698032706704 0.2566320539221691 0.8786119864057953
    outer loop
      vertex 51.02445764867864 80.06955948431153 40
      vertex 63.558669963536545 72.34972976409547 48
      vertex 53.57568053111257 84.0730374585271 40
    endloop
  endfacet
  facet normal -0.3627006139808436 0.31862964374223246 0.8757416369835439
    outer loop
      vertex 63.558669963536545 72.34972976409547 48
      vertex 51.02445764867864 80.06955948431153 40
      vertex 60.53206663193957 68.90450453723379 48
    endloop
  endfacet
  facet normal -0.38836590899275925 0.24748681025870187 0.8876498180477486
    outer loop
      vertex 53.57568053111257 84.0730374585271 40
      vertex 66.58527329513353 75.79495499095718 48
      vertex 56.12690341354651 88.07651543274268 40
    endloop
  endfacet
  facet normal -0.349233695860649 0.3067990618310299 0.8853870121789181
    outer loop
      vertex 66.58527329513353 75.79495499095718 48
      vertex 53.57568053111257 84.0730374585271 40
      vertex 63.558669963536545 72.34972976409547 48
    endloop
  endfacet
  facet normal -0.3748773394406928 0.23889119726565738 0.8957666974401585
    outer loop
      vertex 56.12690341354651 88.07651543274268 40
      vertex 69.61187662673049 79.24018021781885 48
      vertex 58.67812629598043 92.07999340695824 40
    endloop
  endfacet
  facet normal -0.33660618892172917 0.29570589605681163 0.8940102329486097
    outer loop
      vertex 69.61187662673049 79.24018021781885 48
      vertex 56.12690341354651 88.07651543274268 40
      vertex 66.58527329513353 75.79495499095718 48
    endloop
  endfacet
  facet normal -0.3621892454000712 0.23080568860059505 0.9030767877794955
    outer loop
      vertex 58.67812629598043 92.07999340695824 40
      vertex 72.63847995832748 82.68540544468054 48
      vertex 61.22934917841437 96.08347138117382 40
    endloop
  endfacet
  facet normal -0.3247559518248183 0.28529555574057214 0.9017427668847887
    outer loop
      vertex 72.63847995832748 82.68540544468054 48
      vertex 58.67812629598043 92.07999340695824 40
      vertex 69.61187662673049 79.24018021781885 48
    endloop
  endfacet
  facet normal -0.35024334311587285 0.22319314284536626 0.9096781967211398
    outer loop
      vertex 61.22934917841437 96.08347138117382 40
      vertex 75.66508328992447 86.13063067154225 48
      vertex 63.78057206084831 100.08694935538941 40
    endloop
  endfacet
  facet normal -0.3136245950326586 0.2755167461319365 0.908696943976082
    outer loop
      vertex 75.66508328992447 86.13063067154225 48
      vertex 61.22934917841437 96.08347138117382 40
      vertex 72.63847995832748 82.68540544468054 48
    endloop
  endfacet
  facet normal -0.3389852694915608 0.21601891702785067 0.915655401640731
    outer loop
      vertex 63.78057206084831 100.08694935538941 40
      vertex 78.69168662152144 89.57585589840393 48
      vertex 66.33179494328223 104.09042732960498 40
    endloop
  endfacet
  facet normal -0.30315771898894106 0.2663216776474932 0.9149689401463019
    outer loop
      vertex 78.69168662152144 89.57585589840393 48
      vertex 63.78057206084831 100.08694935538941 40
      vertex 75.66508328992447 86.13063067154225 48
    endloop
  endfacet
  facet normal -0.3283645886870042 0.20925087082649288 0.9210813047471809
    outer loop
      vertex 66.33179494328223 104.09042732960498 40
      vertex 81.71828995311841 93.02108112526561 48
      vertex 68.88301782571617 108.09390530382055 40
    endloop
  endfacet
  facet normal -0.29330494829247467 0.25766609589252326 0.9206412929771582
    outer loop
      vertex 81.71828995311841 93.02108112526561 48
      vertex 66.33179494328223 104.09042732960498 40
      vertex 78.69168662152144 89.57585589840393 48
    endloop
  endfacet
  facet normal -0.3183346875997159 0.20285929996554486 0.9260189690758394
    outer loop
      vertex 68.88301782571617 108.09390530382055 40
      vertex 84.74489328471539 96.46630635212729 48
      vertex 71.43424070815009 112.09738327803612 40
    endloop
  endfacet
  facet normal -0.28401983485419996 0.24950919658520654 0.9257850151243526
    outer loop
      vertex 84.74489328471539 96.46630635212729 48
      vertex 68.88301782571617 108.09390530382055 40
      vertex 81.71828995311841 93.02108112526561 48
    endloop
  endfacet
  facet normal -0.3088526026654667 0.19681682584348473 0.9305230824066982
    outer loop
      vertex 71.43424070815009 112.09738327803612 40
      vertex 87.77149661631238 99.911531578989 48
      vertex 73.98546359058403 116.10086125225172 40
    endloop
  endfacet
  facet normal -0.2752596807563551 0.2418134699397835 0.9304613661542273
    outer loop
      vertex 87.77149661631238 99.911531578989 48
      vertex 71.43424070815009 112.09738327803612 40
      vertex 84.74489328471539 96.46630635212729 48
    endloop
  endfacet
  facet normal -0.29987880742851286 0.1910982601617834 0.9346411909489075
    outer loop
      vertex 73.98546359058403 116.10086125225172 40
      vertex 90.79809994790935 103.35675680585068 48
      vertex 76.53668647301795 120.10433922646729 40
    endloop
  endfacet
  facet normal -0.2669853156223299 0.23454450508772368 0.9347233368089187
    outer loop
      vertex 90.79809994790935 103.35675680585068 48
      vertex 73.98546359058403 116.10086125225172 40
      vertex 87.77149661631238 99.911531578989 48
    endloop
  endfacet
  facet normal 0.15675247347715116 0.5304207779485767 0.8331161145838086
    outer loop
      vertex 77.76852584969967 119.77268025175088 40
      vertex 90.79809994790935 103.35675680585068 48
      vertex 91.98610864682718 103.00567081938543 48
    endloop
  endfacet
  facet normal 0.14043033010042083 0.5215827807645762 0.8415644510064448
    outer loop
      vertex 90.79809994790935 103.35675680585068 48
      vertex 77.76852584969967 119.77268025175088 40
      vertex 76.53668647301795 120.10433922646729 40
    endloop
  endfacet
  facet normal 0.15647249631230628 0.5294733880778419 0.833771125198736
    outer loop
      vertex 79.00036522638138 119.44102127703447 40
      vertex 91.98610864682718 103.00567081938543 48
      vertex 93.174117345745 102.65458483292018 48
    endloop
  endfacet
  facet normal 0.14019004103329197 0.5206903051880055 0.8421569678381255
    outer loop
      vertex 91.98610864682718 103.00567081938543 48
      vertex 79.00036522638138 119.44102127703447 40
      vertex 77.76852584969967 119.77268025175088 40
    endloop
  endfacet
  facet normal 0.1561932992293896 0.5285286378570793 0.8344226340654829
    outer loop
      vertex 80.2322046030631 119.10936230231806 40
      vertex 93.174117345745 102.65458483292018 48
      vertex 94.36212604466282 102.30349884645493 48
    endloop
  endfacet
  facet normal 0.13995040505184436 0.5198002552858132 0.8427464498475375
    outer loop
      vertex 93.174117345745 102.65458483292018 48
      vertex 80.2322046030631 119.10936230231806 40
      vertex 79.00036522638138 119.44102127703447 40
    endloop
  endfacet
  facet normal 0.15591488039068616 0.5275865210678272 0.8350706633934072
    outer loop
      vertex 81.46404397974482 118.77770332760164 40
      vertex 94.36212604466282 102.30349884645493 48
      vertex 95.55013474358064 101.95241285998968 48
    endloop
  endfacet
  facet normal 0.13971142052956334 0.5189126250167324 0.8433329156222089
    outer loop
      vertex 94.36212604466282 102.30349884645493 48
      vertex 81.46404397974482 118.77770332760164 40
      vertex 80.2322046030631 119.10936230231806 40
    endloop
  endfacet
  facet normal 0.15563723794945925 0.5266470314610581 0.8357152352426744
    outer loop
      vertex 82.69588335642653 118.44604435288524 40
      vertex 95.55013474358064 101.95241285998968 48
      vertex 96.73814344249847 101.60132687352443 48
    endloop
  endfacet
  facet normal 0.13947308583522888 0.5180274083222218 0.8439163836272887
    outer loop
      vertex 95.55013474358064 101.95241285998968 48
      vertex 82.69588335642653 118.44604435288524 40
      vertex 81.46404397974482 118.77770332760164 40
    endloop
  endfacet
  facet normal 0.15536037005020778 0.5257101627581132 0.8363563715251418
    outer loop
      vertex 83.92772273310824 118.11438537816882 40
      vertex 96.73814344249847 101.60132687352443 48
      vertex 97.9261521414163 101.25024088705918 48
    endloop
  endfacet
  facet normal 0.13923539933321752 0.5171445991271955 0.8444968722062218
    outer loop
      vertex 96.73814344249847 101.60132687352443 48
      vertex 83.92772273310824 118.11438537816882 40
      vertex 82.69588335642653 118.44604435288524 40
    endloop
  endfacet
  facet normal 0.1550842748289511 0.5247759086516274 0.8369940940052307
    outer loop
      vertex 85.15956210978996 117.78272640345241 40
      vertex 97.9261521414163 101.25024088705918 48
      vertex 99.11416084033411 100.89915490059393 48
    endloop
  endfacet
  facet normal 0.13899835938355173 0.5162641913405969 0.8450743995815521
    outer loop
      vertex 97.9261521414163 101.25024088705918 48
      vertex 85.15956210978996 117.78272640345241 40
      vertex 83.92772273310824 118.11438537816882 40
    endloop
  endfacet
  facet normal 0.15480895041348683 0.5238442628064401 0.8376284243008065
    outer loop
      vertex 86.39140148647168 117.451067428736 40
      vertex 99.11416084033411 100.89915490059393 48
      vertex 100.30216953925193 100.54806891412868 48
    endloop
  endfacet
  facet normal 0.13876196434220422 0.5153861788561148 0.8456489838555863
    outer loop
      vertex 99.11416084033411 100.89915490059393 48
      vertex 86.39140148647168 117.451067428736 40
      vertex 85.15956210978996 117.78272640345241 40
    endloop
  endfacet
  facet normal 0.15453439492367588 0.5229152188604969 0.8382593838840409
    outer loop
      vertex 87.6232408631534 117.11940845401959 40
      vertex 100.30216953925193 100.54806891412868 48
      vertex 101.49017823816976 100.19698292766343 48
    endloop
  endfacet
  facet normal 0.13852621256113465 0.5145105555527342 0.8462206430111974
    outer loop
      vertex 100.30216953925193 100.54806891412868 48
      vertex 87.6232408631534 117.11940845401959 40
      vertex 86.39140148647168 117.451067428736 40
    endloop
  endfacet
  facet normal 0.1542606064716818 0.5219887704257218 0.8388869940822972
    outer loop
      vertex 88.8550802398351 116.78774947930317 40
      vertex 101.49017823816976 100.19698292766343 48
      vertex 102.67818693708759 99.84589694119818 48
    endloop
  endfacet
  facet normal 0.13829110238857995 0.513637315295424 0.8467893949124898
    outer loop
      vertex 101.49017823816976 100.19698292766343 48
      vertex 88.8550802398351 116.78774947930317 40
      vertex 87.6232408631534 117.11940845401959 40
    endloop
  endfacet
  facet normal 0.15398758316223013 0.5210649110888849 0.839511276078998
    outer loop
      vertex 90.08691961651682 116.45609050458677 40
      vertex 102.67818693708759 99.84589694119818 48
      vertex 103.86619563600541 99.49481095473294 48
    endloop
  endfacet
  facet normal 0.13805663216909372 0.512766451935673 0.8473552573055936
    outer loop
      vertex 102.67818693708759 99.84589694119818 48
      vertex 90.08691961651682 116.45609050458677 40
      vertex 88.8550802398351 116.78774947930317 40
    endloop
  endfacet
  facet normal 0.15371532309289695 0.5201436344124796 0.8401322509144755
    outer loop
      vertex 91.31875899319854 116.12443152987035 40
      vertex 103.86619563600541 99.49481095473294 48
      vertex 105.05420433492324 99.14372496826769 48
    endloop
  endfacet
  facet normal 0.13782280024383795 0.5118979593121614 0.8479182478193237
    outer loop
      vertex 103.86619563600541 99.49481095473294 48
      vertex 91.31875899319854 116.12443152987035 40
      vertex 90.08691961651682 116.45609050458677 40
    endloop
  endfacet
  facet normal 0.15344382435428042 0.5192249339355136 0.840749939486881
    outer loop
      vertex 92.55059836988026 115.79277255515395 40
      vertex 105.05420433492324 99.14372496826769 48
      vertex 106.24221303384107 98.79263898180244 48
    endloop
  endfacet
  facet normal 0.13758960495061112 0.511031831251276 0.848478383965969
    outer loop
      vertex 105.05420433492324 99.14372496826769 48
      vertex 92.55059836988026 115.79277255515395 40
      vertex 91.31875899319854 116.12443152987035 40
    endloop
  endfacet
  facet normal 0.15317308503032365 0.5183088031743852 0.8413643625530082
    outer loop
      vertex 93.78243774656197 115.46111358043753 40
      vertex 106.24221303384107 98.79263898180244 48
      vertex 107.43022173275888 98.44155299533719 48
    endloop
  endfacet
  facet normal 0.1373570446241258 0.5101680615677546 0.8490356831419547
    outer loop
      vertex 106.24221303384107 98.79263898180244 48
      vertex 93.78243774656197 115.46111358043753 40
      vertex 92.55059836988026 115.79277255515395 40
    endloop
  endfacet
  facet normal 0.1529031031985052 0.5173952356236631 0.8419755407291838
    outer loop
      vertex 95.01427712324369 115.12945460572112 40
      vertex 107.43022173275888 98.44155299533719 48
      vertex 108.61823043167671 98.09046700887194 48
    endloop
  endfacet
  facet normal 0.13712511759603935 0.5093066440651868 0.8495901626286227
    outer loop
      vertex 107.43022173275888 98.44155299533719 48
      vertex 95.01427712324369 115.12945460572112 40
      vertex 93.78243774656197 115.46111358043753 40
    endloop
  endfacet
  facet normal 0.1526338769301052 0.5164842247569048 0.8425834944921152
    outer loop
      vertex 96.24611649992539 114.7977956310047 40
      vertex 108.61823043167671 98.09046700887194 48
      vertex 109.80623913059453 97.73938102240669 48
    endloop
  endfacet
  facet normal 0.13689382219523638 0.5084475725366467 0.8501418395928826
    outer loop
      vertex 108.61823043167671 98.09046700887194 48
      vertex 96.24611649992539 114.7977956310047 40
      vertex 95.01427712324369 115.12945460572112 40
    endloop
  endfacet
  facet normal 0.15236540429041795 0.5155757640274317 0.8431882441797606
    outer loop
      vertex 97.47795587660711 114.4661366562883 40
      vertex 109.80623913059453 97.73938102240669 48
      vertex 110.99424782951235 97.38829503594144 48
    endloop
  endfacet
  facet normal 0.1366631567478371 0.5075908407651633 0.850690731087997
    outer loop
      vertex 109.80623913059453 97.73938102240669 48
      vertex 97.47795587660711 114.4661366562883 40
      vertex 96.24611649992539 114.7977956310047 40
    endloop
  endfacet
  facet normal 0.15209768333898088 0.5146698468691029 0.843789809992186
    outer loop
      vertex 98.70979525328883 114.1344776815719 40
      vertex 110.99424782951235 97.38829503594144 48
      vertex 112.18225652843017 97.03720904947619 48
    endloop
  endfacet
  facet normal 0.13643311957747503 0.5067364425243355 0.851236854054228
    outer loop
      vertex 110.99424782951235 97.38829503594144 48
      vertex 98.70979525328883 114.1344776815719 40
      vertex 97.47795587660711 114.4661366562883 40
    endloop
  endfacet
  facet normal 0.151830712129818 0.5137664666970848 0.8443882119924139
    outer loop
      vertex 99.94163462997055 113.80281870685548 40
      vertex 112.18225652843017 97.03720904947619 48
      vertex 113.370265227348 96.68612306301094 48
    endloop
  endfacet
  facet normal 0.13620370900535106 0.5058843715788162 0.8517802253195903
    outer loop
      vertex 112.18225652843017 97.03720904947619 48
      vertex 99.94163462997055 113.80281870685548 40
      vertex 98.70979525328883 114.1344776815719 40
    endloop
  endfacet
  facet normal 0.15156448871163955 0.5128656169085875 0.8449834701072876
    outer loop
      vertex 101.17347400665227 113.47115973213907 40
      vertex 113.370265227348 96.68612306301094 48
      vertex 114.55827392626583 96.33503707654569 48
    endloop
  endfacet
  facet normal 0.13597492335038178 0.5050346216848328 0.8523208616005569
    outer loop
      vertex 113.370265227348 96.68612306301094 48
      vertex 101.17347400665227 113.47115973213907 40
      vertex 99.94163462997055 113.80281870685548 40
    endloop
  endfacet
  facet normal 0.15129901112807118 0.511967290883609 0.8455756041283156
    outer loop
      vertex 102.40531338333398 113.13950075742265 40
      vertex 114.55827392626583 96.33503707654569 48
      vertex 115.74628262518365 95.98395109008044 48
    endloop
  endfacet
  facet normal 0.13574676092940802 0.5041871865907458 0.8528587795027279
    outer loop
      vertex 114.55827392626583 96.33503707654569 48
      vertex 102.40531338333398 113.13950075742265 40
      vertex 101.17347400665227 113.47115973213907 40
    endloop
  endfacet
  facet normal 0.15103427741786388 0.5110714819856536 0.846164633712525
    outer loop
      vertex 103.6371527600157 112.80784178270625 40
      vertex 115.74628262518365 95.98395109008044 48
      vertex 116.93429132410148 95.63286510361519 48
    endloop
  endfacet
  facet normal 0.1355192200572185 0.5033420600374899 0.8533939955215873
    outer loop
      vertex 115.74628262518365 95.98395109008044 48
      vertex 103.6371527600157 112.80784178270625 40
      vertex 102.40531338333398 113.13950075742265 40
    endloop
  endfacet
  facet normal 0.15077028561510805 0.5101781835624477 0.846750578383304
    outer loop
      vertex 104.86899213669741 112.47618280798983 40
      vertex 116.93429132410148 95.63286510361519 48
      vertex 118.12230002301929 95.28177911714994 48
    endloop
  endfacet
  facet normal 0.1352922990468109 0.5024992357591399 0.8539265260431418
    outer loop
      vertex 116.93429132410148 95.63286510361519 48
      vertex 104.86899213669741 112.47618280798983 40
      vertex 103.6371527600157 112.80784178270625 40
    endloop
  endfacet
  facet normal 0.15050703374942836 0.5092873889466318 0.8473334575312548
    outer loop
      vertex 106.10083151337912 112.14452383327342 40
      vertex 118.12230002301929 95.28177911714994 48
      vertex 119.31030872193712 94.93069313068469 48
    endloop
  endfacet
  facet normal 0.13506599620939766 0.5016587074833303 0.8544563873446774
    outer loop
      vertex 118.12230002301929 95.28177911714994 48
      vertex 106.10083151337912 112.14452383327342 40
      vertex 104.86899213669741 112.47618280798983 40
    endloop
  endfacet
  facet normal 0.1502445198462088 0.5083990914564596 0.8479132904150216
    outer loop
      vertex 107.33267089006085 111.812864858557 40
      vertex 119.31030872193712 94.93069313068469 48
      vertex 120.49831742085495 94.57960714421944 48
    endloop
  endfacet
  facet normal 0.13484030985464296 0.5008204689317951 0.8549835955954014
    outer loop
      vertex 119.31030872193712 94.93069313068469 48
      vertex 107.33267089006085 111.812864858557 40
      vertex 106.10083151337912 112.14452383327342 40
    endloop
  endfacet
  facet normal 0.14998274192677064 0.507513284396462 0.8484900961621435
    outer loop
      vertex 108.56451026674256 111.4812058838406 40
      vertex 120.49831742085495 94.57960714421944 48
      vertex 121.68632611977277 94.22852115775419 48
    endloop
  endfacet
  facet normal 0.1346152382907067 0.4999845138207906 0.855508166857175
    outer loop
      vertex 120.49831742085495 94.57960714421944 48
      vertex 108.56451026674256 111.4812058838406 40
      vertex 107.33267089006085 111.812864858557 40
    endloop
  endfacet
  facet normal 0.1497216980085827 0.5066299610581217 0.8490638937698816
    outer loop
      vertex 109.79634964342426 111.14954690912418 40
      vertex 121.68632611977277 94.22852115775419 48
      vertex 122.87433481869058 93.87743517128894 48
    endloop
  endfacet
  facet normal 0.13439077982443645 0.4991508358616013 0.8560301170851669
    outer loop
      vertex 121.68632611977277 94.22852115775419 48
      vertex 109.79634964342426 111.14954690912418 40
      vertex 108.56451026674256 111.4812058838406 40
    endloop
  endfacet
  facet normal 0.1494613861054406 0.5057491147205162 0.8496347021060607
    outer loop
      vertex 111.028189020106 110.81788793440778 40
      vertex 122.87433481869058 93.87743517128894 48
      vertex 124.06234351760841 93.52634918482369 48
    endloop
  endfacet
  facet normal 0.13416693276141445 0.4983194287609494 0.8565494621285774
    outer loop
      vertex 122.87433481869058 93.87743517128894 48
      vertex 111.028189020106 110.81788793440778 40
      vertex 109.79634964342426 111.14954690912418 40
    endloop
  endfacet
  facet normal 0.14920180422767879 0.5048707386509745 0.8502025399098879
    outer loop
      vertex 112.2600283967877 110.48622895969137 40
      vertex 124.06234351760841 93.52634918482369 48
      vertex 125.25035221652624 93.17526319835844 48
    endloop
  endfacet
  facet normal 0.13394369540618006 0.49749028622149927 0.8570662177312715
    outer loop
      vertex 124.06234351760841 93.52634918482369 48
      vertex 112.2600283967877 110.48622895969137 40
      vertex 111.028189020106 110.81788793440778 40
    endloop
  endfacet
  facet normal 0.14894295038233452 0.5039948261056935 0.8507674257927941
    outer loop
      vertex 113.49186777346942 110.15456998497496 40
      vertex 125.25035221652624 93.17526319835844 48
      vertex 126.43836091544406 92.82417721189319 48
    endloop
  endfacet
  facet normal 0.13372106606224643 0.4966634019422424 0.8575803995325075
    outer loop
      vertex 125.25035221652624 93.17526319835844 48
      vertex 113.49186777346942 110.15456998497496 40
      vertex 112.2600283967877 110.48622895969137 40
    endloop
  endfacet
  facet normal 0.16503623545290466 0.5080433755493656 0.8453726808620797
    outer loop
      vertex 120.92625259294184 107.92658661848034 40
      vertex 126.43836091544406 92.82417721189319 48
      vertex 133.58089637649263 90.5039478361914 48
    endloop
  endfacet
  facet normal 0.1514296255672732 0.5052937676581393 0.8495571063009231
    outer loop
      vertex 126.43836091544406 92.82417721189319 48
      vertex 120.92625259294184 107.92658661848034 40
      vertex 113.49186777346942 110.15456998497496 40
    endloop
  endfacet
  facet normal 0.20167272191417962 0.5219835759784832 0.828770933156105
    outer loop
      vertex 128.0802833588964 105.33102558513397 40
      vertex 133.58089637649263 90.5039478361914 48
      vertex 140.399573081467 87.86949504068491 48
    endloop
  endfacet
  facet normal 0.18850936291978898 0.5195800694618828 0.8333671288871193
    outer loop
      vertex 133.58089637649263 90.5039478361914 48
      vertex 128.0802833588964 105.33102558513397 40
      vertex 120.92625259294184 107.92658661848034 40
    endloop
  endfacet
  facet normal 0.24257666694301092 0.5365917238565402 0.808223906193999
    outer loop
      vertex 134.94662177266946 102.38434805978389 40
      vertex 140.399573081467 87.86949504068491 48
      vertex 146.88906232075723 84.93579591741921 48
    endloop
  endfacet
  facet normal 0.22938390325422334 0.5345096274925962 0.813438678110147
    outer loop
      vertex 140.399573081467 87.86949504068491 48
      vertex 134.94662177266946 102.38434805978389 40
      vertex 128.0802833588964 105.33102558513397 40
    endloop
  endfacet
  facet normal 0.2882680312081943 0.5513671265121477 0.7828766403368342
    outer loop
      vertex 141.51792953559706 99.103015217278 40
      vertex 146.88906232075723 84.93579591741921 48
      vertex 153.04403538475316 81.71782755843965 48
    endloop
  endfacet
  facet normal 0.27444567006135057 0.5496141503276297 0.789052507723164
    outer loop
      vertex 146.88906232075723 84.93579591741921 48
      vertex 141.51792953559706 99.103015217278 40
      vertex 134.94662177266946 102.38434805978389 40
    endloop
  endfacet
  facet normal 0.3391694772207209 0.5655768999695566 0.7517225791092409
    outer loop
      vertex 147.78686834901538 95.50348823246435 40
      vertex 153.04403538475316 81.71782755843965 48
      vertex 158.85916356384462 78.23056705579165 48
    endloop
  endfacet
  facet normal 0.3239746183907396 0.5642344309018258 0.7593944650993102
    outer loop
      vertex 153.04403538475316 81.71782755843965 48
      vertex 147.78686834901538 95.50348823246435 40
      vertex 141.51792953559706 99.103015217278 40
    endloop
  endfacet
  facet normal 0.39549319933838734 0.5781868647341959 0.7136421223035585
    outer loop
      vertex 153.74609991426058 91.60222828019099 40
      vertex 158.85916356384462 78.23056705579165 48
      vertex 164.32911814842163 74.48899150152069 48
    endloop
  endfacet
  facet normal 0.3780492309530623 0.5774757226827069 0.7236024935611289
    outer loop
      vertex 158.85916356384462 78.23056705579165 48
      vertex 153.74609991426058 91.60222828019099 40
      vertex 147.78686834901538 95.50348823246435 40
    endloop
  endfacet
  facet normal 0.4570808864740547 0.5878057331490785 0.6675039200612732
    outer loop
      vertex 159.3882859326689 87.41569653530591 40
      vertex 164.32911814842163 74.48899150152069 48
      vertex 169.44857042887406 70.50807798767214 48
    endloop
  endfacet
  facet normal 0.43643243555608724 0.5881797000304473 0.6808607564448659
    outer loop
      vertex 164.32911814842163 74.48899150152069 48
      vertex 159.3882859326689 87.41569653530591 40
      vertex 153.74609991426058 91.60222828019099 40
    endloop
  endfacet
  facet normal 0.5232098526957002 0.5926779932107953 0.6123595728048745
    outer loop
      vertex 164.7060881055765 82.96035417265712 40
      vertex 169.44857042887406 70.50807798767214 48
      vertex 174.21219169559177 66.30280360629145 48
    endloop
  endfacet
  facet normal 0.4984480548768775 0.5949370292005924 0.6305548888680755
    outer loop
      vertex 169.44857042887406 70.50807798767214 48
      vertex 164.7060881055765 82.96035417265712 40
      vertex 159.3882859326689 87.41569653530591 40
    endloop
  endfacet
  facet normal 0.5924141439899704 0.5907774495764537 0.5477476490799129
    outer loop
      vertex 169.69216813431945 78.2526623670926 40
      vertex 174.21219169559177 66.30280360629145 48
      vertex 178.6146532389647 61.888145449423995 48
    endloop
  endfacet
  facet normal 0.5628843383815989 0.5961703684126632 0.5724876535187627
    outer loop
      vertex 174.21219169559177 66.30280360629145 48
      vertex 169.69216813431945 78.2526623670926 40
      vertex 164.7060881055765 82.96035417265712 40
    endloop
  endfacet
  facet normal 0.6279819398014577 0.5903099232524109 0.5071221527333737
    outer loop
      vertex 178.6146532389647 61.888145449423995 48
      vertex 174.33918772023395 73.30908229346042 40
      vertex 169.69216813431945 78.2526623670926 40
    endloop
  endfacet
  facet normal 0.6624159339419711 0.5800510493844925 0.47407373958882715
    outer loop
      vertex 174.33918772023395 73.30908229346042 40
      vertex 178.6146532389647 61.888145449423995 48
      vertex 182.65062634938275 57.27908060911526 48
    endloop
  endfacet
  facet normal 0.6915655183522758 0.5760520927812262 0.43577645671664933
    outer loop
      vertex 182.65062634938275 57.27908060911526 48
      vertex 178.63980856465622 68.14607512660855 40
      vertex 174.33918772023395 73.30908229346042 40
    endloop
  endfacet
  facet normal 0.7302857156834968 0.5588146340199319 0.3929490784743138
    outer loop
      vertex 178.63980856465622 68.14607512660855 40
      vertex 182.65062634938275 57.27908060911526 48
      vertex 186.3147823172358 52.490586177410606 48
    endloop
  endfacet
  facet normal 0.7513386952718442 0.5526390984056634 0.3606663165594738
    outer loop
      vertex 186.3147823172358 52.490586177410606 48
      vertex 182.58669236892248 62.78010204138502 40
      vertex 178.63980856465622 68.14607512660855 40
    endloop
  endfacet
  facet normal 0.7928934122857644 0.526201613527604 0.3072977362018519
    outer loop
      vertex 182.58669236892248 62.78010204138502 40
      vertex 186.3147823172358 52.490586177410606 48
      vertex 189.60179243291384 47.5376392463555 48
    endloop
  endfacet
  facet normal 0.8052816160324353 0.5200535193292085 0.28472066295492837
    outer loop
      vertex 189.60179243291384 47.5376392463555 48
      vertex 186.17250083436878 57.227624212637835 40
      vertex 182.58669236892248 62.78010204138502 40
    endloop
  endfacet
  facet normal 0.8475557853154589 0.4824680806699954 0.22107406431534748
    outer loop
      vertex 186.17250083436878 57.227624212637835 40
      vertex 189.60179243291384 47.5376392463555 48
      vertex 192.5063279868067 42.435216907995354 48
    endloop
  endfacet
  facet normal 0.8520142341531736 0.4790311822249266 0.2111891835690696
    outer loop
      vertex 192.5063279868067 42.435216907995354 48
      vertex 189.38989566233133 51.50510281521501 40
      vertex 186.17250083436878 57.227624212637835 40
    endloop
  endfacet
  facet normal 0.8926197118346905 0.42897057132520566 0.13861565200611609
    outer loop
      vertex 189.38989566233133 51.50510281521501 40
      vertex 192.5063279868067 42.435216907995354 48
      vertex 195.02306026930427 37.19829625437558 48
    endloop
  endfacet
  facet normal 0.8909828933949531 0.4308731254057222 0.14317064461914816
    outer loop
      vertex 195.02306026930427 37.19829625437558 48
      vertex 192.2315385541463 45.62899902396451 40
      vertex 189.38989566233133 51.50510281521501 40
    endloop
  endfacet
  facet normal 0.9277091435740578 0.3677970306205247 0.06388340313268394
    outer loop
      vertex 192.2315385541463 45.62899902396451 40
      vertex 195.02306026930427 37.19829625437558 48
      vertex 197.1466605707965 31.84185437754156 48
    endloop
  endfacet
  facet normal 0.9224109674363374 0.3771347207167044 0.08323106140794666
    outer loop
      vertex 197.1466605707965 31.84185437754156 48
      vertex 194.69009121114988 39.615774013734395 40
      vertex 192.2315385541463 45.62899902396451 40
    endloop
  endfacet
  facet normal 0.9535516837066075 0.3012294443109402 -0.00009154461310467576
    outer loop
      vertex 194.69009121114988 39.615774013734395 40
      vertex 197.1466605707965 31.84185437754156 48
      vertex 198.87180018167328 26.38086836953876 48
    endloop
  endfacet
  facet normal 0.9470657156829763 0.3193162955960253 0.03322098049010116
    outer loop
      vertex 198.87180018167328 26.38086836953876 48
      vertex 196.75821533467823 33.48188895937269 40
      vertex 194.69009121114988 39.615774013734395 40
    endloop
  endfacet
  facet normal 0.971529294675878 0.23127973505964292 -0.05138592937110837
    outer loop
      vertex 196.75821533467823 33.48188895937269 40
      vertex 198.87180018167328 26.38086836953876 48
      vertex 200.19315039232453 20.830315322412616 48
    endloop
  endfacet
  facet normal 0.9659539226880867 0.25865124574426335 -0.005705463910908563
    outer loop
      vertex 200.19315039232453 20.830315322412616 48
      vertex 198.4285726260675 27.243805035727377 40
      vertex 196.75821533467823 33.48188895937269 40
    endloop
  endfacet
  facet normal 0.9831835028883992 0.15944333384080575 -0.08903944598786807
    outer loop
      vertex 198.4285726260675 27.243805035727377 40
      vertex 200.19315039232453 20.830315322412616 48
      vertex 201.10538249314016 15.20517232820852 48
    endloop
  endfacet
  facet normal 0.9800458059883018 0.19602276958870918 -0.03294376978294825
    outer loop
      vertex 201.10538249314016 15.20517232820852 48
      vertex 199.69382478665392 20.917983417646454 40
      vertex 198.4285726260675 27.243805035727377 40
    endloop
  endfacet
  facet normal 0.9898350544323049 0.08667484306234992 -0.11275653682653208
    outer loop
      vertex 199.69382478665392 20.917983417646454 40
      vertex 201.10538249314016 15.20517232820852 48
      vertex 201.60316777451004 9.520416478971882 48
    endloop
  endfacet
  facet normal 0.9900759410187021 0.13198881567884982 -0.04825539919662983
    outer loop
      vertex 201.60316777451004 9.520416478971882 48
      vertex 200.54663351777356 14.52088527997796 40
      vertex 199.69382478665392 20.917983417646454 40
    endloop
  endfacet
  facet normal 0.9923626369257885 0.013511724935533882 -0.12261252025369147
    outer loop
      vertex 200.54663351777356 14.52088527997796 40
      vertex 201.60316777451004 9.520416478971882 48
      vertex 201.68117752682411 3.7910248667481525 48
    endloop
  endfacet
  facet normal 0.9964253685911624 0.06687614337046112 -0.05161459363261314
    outer loop
      vertex 201.68117752682411 3.7910248667481525 48
      vertex 200.97966052076265 8.068971797569894 40
      vertex 200.54663351777356 14.52088527997796 40
    endloop
  endfacet
  facet normal 0.9911134770046909 -0.05973381135826291 -0.11885262925273314
    outer loop
      vertex 200.97966052076265 8.068971797569894 40
      vertex 201.68117752682411 3.7910248667481525 48
      vertex 201.33408304047225 -1.9680254164172553 48
    endloop
  endfacet
  facet normal 0.9990694527125622 0.0009092813717759731 -0.04312078227500408
    outer loop
      vertex 201.33408304047225 -1.9680254164172553 48
      vertex 200.9855674969574 1.5787041452702582 40
      vertex 200.97966052076265 8.068971797569894 40
    endloop
  endfacet
  facet normal 0.9859041311604839 -0.13276811743323744 -0.1018119401343743
    outer loop
      vertex 200.9855674969574 1.5787041452702582 40
      vertex 201.33408304047225 -1.9680254164172553 48
      vertex 200.55655560584438 -7.741757278478943 48
    endloop
  endfacet
  facet normal 0.9975779899140479 -0.06564847164016281 -0.022987653433059918
    outer loop
      vertex 200.55655560584438 -7.741757278478943 48
      vertex 200.55701614769384 -4.933456502072914 40
      vertex 200.9855674969574 1.5787041452702582 40
    endloop
  endfacet
  facet normal 0.9760875255712274 -0.2051250375935285 -0.07195040914749463
    outer loop
      vertex 200.55701614769384 -4.933456502072914 40
      vertex 200.55655560584438 -7.741757278478943 48
      vertex 199.3432665133304 -13.515193627391469 48
    endloop
  endfacet
  facet normal 0.9911663407819647 -0.13235863093375105 0.008395100847118546
    outer loop
      vertex 199.3432665133304 -13.515193627391469 48
      vertex 199.6866681743083 -11.451048969611634 40
      vertex 200.55701614769384 -4.933456502072914 40
    endloop
  endfacet
  facet normal 0.9606857181739821 -0.27601485306945794 -0.029979189141565714
    outer loop
      vertex 199.6866681743083 -11.451048969611634 40
      vertex 199.3432665133304 -13.515193627391469 48
      vertex 197.6888870533202 -19.273357371109412 48
    endloop
  endfacet
  facet normal 0.97880803414479 -0.19849503298160107 0.050344355942296824
    outer loop
      vertex 197.6888870533202 -19.273357371109412 48
      vertex 198.36718527813687 -17.957612082497878 40
      vertex 199.6866681743083 -11.451048969611634 40
    endloop
  endfacet
  facet normal 0.9385988880768863 -0.34424524443126414 0.022963862638761524
    outer loop
      vertex 198.36718527813687 -17.957612082497878 40
      vertex 197.6888870533202 -19.273357371109412 48
      vertex 195.58808851620373 -25.00127141758736 48
    endloop
  endfacet
  facet normal 0.9594205286072279 -0.26298343400575863 0.10174459555949804
    outer loop
      vertex 195.58808851620373 -25.00127141758736 48
      vertex 196.5912291605157 -24.436684665883643 40
      vertex 198.36718527813687 -17.957612082497878 40
    endloop
  endfacet
  facet normal 0.9088879500355136 -0.4082537874493736 0.08515597050990349
    outer loop
      vertex 196.5912291605157 -24.436684665883643 40
      vertex 195.58808851620373 -25.00127141758736 48
      vertex 193.03554219237085 -30.683958674779895 48
    endloop
  endfacet
  facet normal 0.9321183740393559 -0.3244272497680841 0.16094190376078146
    outer loop
      vertex 193.03554219237085 -30.683958674779895 48
      vertex 194.351461522781 -30.871805544920917 40
      vertex 196.5912291605157 -24.436684665883643 40
    endloop
  endfacet
  facet normal 0.871088632280679 -0.4662794090861189 0.15423393716583855
    outer loop
      vertex 194.351461522781 -30.871805544920917 40
      vertex 193.03554219237085 -30.683958674779895 48
      vertex 190.02591937221152 -36.306442050641586 48
    endloop
  endfacet
  facet normal 0.8964912894673106 -0.3812431700853806 0.2257366013133187
    outer loop
      vertex 190.02591937221152 -36.306442050641586 48
      vertex 191.64054406626894 -37.24651354476168 40
      vertex 194.351461522781 -30.871805544920917 40
    endloop
  endfacet
  facet normal 0.8254668313057019 -0.516655441683129 0.22731402286998245
    outer loop
      vertex 191.64054406626894 -37.24651354476168 40
      vertex 190.02591937221152 -36.306442050641586 48
      vertex 186.5538913461156 -41.85374445312702 48
    endloop
  endfacet
  facet normal 0.852825119484046 -0.4318953489565037 0.2935229516183742
    outer loop
      vertex 186.5538913461156 -41.85374445312702 48
      vertex 188.45113849231566 -43.54434749055794 40
      vertex 191.64054406626894 -37.24651354476168 40
    endloop
  endfacet
  facet normal 0.7731087070215832 -0.5581425142064383 0.3012969647419826
    outer loop
      vertex 188.45113849231566 -43.54434749055794 40
      vertex 186.5538913461156 -41.85374445312702 48
      vertex 182.61412940447295 -47.310888790190766 48
    endloop
  endfacet
  facet normal 0.8021740050488667 -0.4751674066619895 0.36156991200870175
    outer loop
      vertex 182.61412940447295 -47.310888790190766 48
      vertex 184.77590650225736 -49.748846207461675 40
      vertex 188.45113849231566 -43.54434749055794 40
    endloop
  endfacet
  facet normal 0.7157882338458227 -0.5901798365709877 0.3732759901104278
    outer loop
      vertex 184.77590650225736 -49.748846207461675 40
      vertex 182.61412940447295 -47.310888790190766 48
      vertex 178.20130483767358 -52.66289796978742 48
    endloop
  endfacet
  facet normal -0.2469771460487161 -0.8357240369911896 -0.4904769345491998
    outer loop
      vertex 178.61670961884877 -48.09055133387962 40
      vertex 178.20130483767358 -52.66289796978742 48
      vertex 172.26126134308447 -50.90746803746118 48
    endloop
  endfacet
  facet normal -0.2263128372100531 -0.8405654168179143 -0.49217098630827677
    outer loop
      vertex 178.20130483767358 -52.66289796978742 48
      vertex 178.61670961884877 -48.09055133387962 40
      vertex 184.77590650225736 -49.748846207461675 40
    endloop
  endfacet
  facet normal -0.24901556634437247 -0.8426216664513455 -0.47747248606066184
    outer loop
      vertex 172.4575127354402 -46.43225646029756 40
      vertex 172.26126134308447 -50.90746803746118 48
      vertex 166.32121784849534 -49.15203810513493 48
    endloop
  endfacet
  facet normal -0.2281314116500374 -0.8473199200135991 -0.4795883778478259
    outer loop
      vertex 172.26126134308447 -50.90746803746118 48
      vertex 172.4575127354402 -46.43225646029756 40
      vertex 178.61670961884877 -48.09055133387962 40
    endloop
  endfacet
  facet normal -0.2510310896464527 -0.8494418168078158 -0.4641465198503074
    outer loop
      vertex 166.2983158520316 -44.77396158671551 40
      vertex 166.32121784849534 -49.15203810513493 48
      vertex 160.38117435390623 -47.39660817280868 48
    endloop
  endfacet
  facet normal -0.2299306368843444 -0.8540025568788765 -0.4667028337885907
    outer loop
      vertex 166.32121784849534 -49.15203810513493 48
      vertex 166.2983158520316 -44.77396158671551 40
      vertex 172.4575127354402 -46.43225646029756 40
    endloop
  endfacet
  facet normal -0.2530203637009186 -0.8561731446657918 -0.45049777125502416
    outer loop
      vertex 160.13911896862305 -43.11566671313345 40
      vertex 160.38117435390623 -47.39660817280868 48
      vertex 154.4411308593171 -45.64117824048244 48
    endloop
  endfacet
  facet normal -0.23170771537631604 -0.8606029368738218 -0.45351308655786404
    outer loop
      vertex 160.38117435390623 -47.39660817280868 48
      vertex 160.13911896862305 -43.11566671313345 40
      vertex 166.2983158520316 -44.77396158671551 40
    endloop
  endfacet
  facet normal -0.254979915592245 -0.8628038983347522 -0.4365256872887624
    outer loop
      vertex 153.97992208521447 -41.4573718395514 40
      vertex 154.4411308593171 -45.64117824048244 48
      vertex 148.501087364728 -43.885748308156195 48
    endloop
  endfacet
  facet normal -0.23345975001800812 -0.8671102996333996 -0.4400184921014172
    outer loop
      vertex 154.4411308593171 -45.64117824048244 48
      vertex 153.97992208521447 -41.4573718395514 40
      vertex 160.13911896862305 -43.11566671313345 40
    endloop
  endfacet
  facet normal -0.2569061600039937 -0.8693219457807333 -0.4222304815334891
    outer loop
      vertex 147.82072520180589 -39.799076965969334 40
      vertex 148.501087364728 -43.885748308156195 48
      vertex 142.56104387013886 -42.130318375829944 48
    endloop
  endfacet
  facet normal -0.23518375041744968 -0.8735135383193436 -0.4262190773679696
    outer loop
      vertex 148.501087364728 -43.885748308156195 48
      vertex 147.82072520180589 -39.799076965969334 40
      vertex 153.97992208521447 -41.4573718395514 40
    endloop
  endfacet
  facet normal -0.25879540909791654 -0.8757148080552966 -0.407613188185217
    outer loop
      vertex 141.6615283183973 -38.14078209238728 40
      vertex 142.56104387013886 -42.130318375829944 48
      vertex 136.62100037554976 -40.37488844350369 48
    endloop
  endfacet
  facet normal -0.23687664041954248 -0.8798012275542099 -0.41211558720540514
    outer loop
      vertex 142.56104387013886 -42.130318375829944 48
      vertex 141.6615283183973 -38.14078209238728 40
      vertex 147.82072520180589 -39.799076965969334 40
    endloop
  endfacet
  facet normal -0.26064388406892947 -0.8819696983954272 -0.39267571456577444
    outer loop
      vertex 135.50233143498872 -36.482487218805225 40
      vertex 136.62100037554976 -40.37488844350369 48
      vertex 130.68095688096062 -38.61945851117744 48
    endloop
  endfacet
  facet normal -0.23853526690666116 -0.8859616561082264 -0.397709530119328
    outer loop
      vertex 136.62100037554976 -40.37488844350369 48
      vertex 135.50233143498872 -36.482487218805225 40
      vertex 141.6615283183973 -38.14078209238728 40
    endloop
  endfacet
  facet normal -0.2624477284139141 -0.8880735671226059 -0.3774208913514286
    outer loop
      vertex 129.34313455158014 -34.82419234522317 40
      vertex 130.68095688096062 -38.61945851117744 48
      vertex 124.7409133863715 -36.8640285788512 48
    endloop
  endfacet
  facet normal -0.240156409911262 -0.8919828644593858 -0.38300322229631806
    outer loop
      vertex 130.68095688096062 -38.61945851117744 48
      vertex 129.34313455158014 -34.82419234522317 40
      vertex 135.50233143498872 -36.482487218805225 40
    endloop
  endfacet
  facet normal -0.26420302292924763 -0.8940131523916548 -0.3618525197173335
    outer loop
      vertex 123.18393766817155 -33.16589747164111 40
      vertex 124.7409133863715 -36.8640285788512 48
      vertex 118.80086989178237 -35.108598646524946 48
    endloop
  endfacet
  facet normal -0.2417367940570599 -0.8978526872879161 -0.3679998292511587
    outer loop
      vertex 124.7409133863715 -36.8640285788512 48
      vertex 123.18393766817155 -33.16589747164111 40
      vertex 129.34313455158014 -34.82419234522317 40
    endloop
  endfacet
  facet normal -0.26590580242576184 -0.8997750367509947 -0.34597541455435527
    outer loop
      vertex 117.02474078476298 -31.507602598059055 40
      vertex 118.80086989178237 -35.108598646524946 48
      vertex 112.86082639719326 -33.3531687141987 48
    endloop
  endfacet
  facet normal -0.24327310132683516 -0.903558800898168 -0.3527034044211767
    outer loop
      vertex 118.80086989178237 -35.108598646524946 48
      vertex 117.02474078476298 -31.507602598059055 40
      vertex 123.18393766817155 -33.16589747164111 40
    endloop
  endfacet
  facet normal -0.26755207412037046 -0.9053457093764341 -0.3297954428847814
    outer loop
      vertex 110.86554390135441 -29.849307724477004 40
      vertex 112.86082639719326 -33.3531687141987 48
      vertex 106.92078290260415 -31.597738781872454 48
    endloop
  endfacet
  facet normal -0.24476198513441708 -0.9090887754844191 -0.33711892400353144
    outer loop
      vertex 112.86082639719326 -33.3531687141987 48
      vertex 110.86554390135441 -29.849307724477004 40
      vertex 117.02474078476298 -31.507602598059055 40
    endloop
  endfacet
  facet normal -0.2691378376314492 -0.9107116337317616 -0.3133195565883073
    outer loop
      vertex 104.70634701794583 -28.191012850894946 40
      vertex 106.92078290260415 -31.597738781872454 48
      vertex 100.98073940801503 -29.842308849546207 48
    endloop
  endfacet
  facet normal -0.24620008565571133 -0.914430132072978 -0.32125231731478043
    outer loop
      vertex 106.92078290260415 -31.597738781872454 48
      vertex 104.70634701794583 -28.191012850894946 40
      vertex 110.86554390135441 -29.849307724477004 40
    endloop
  endfacet
  facet normal -0.2706591064706447 -0.9158593202929749 -0.2965558185519251
    outer loop
      vertex 98.54715013453726 -26.532717977312892 40
      vertex 100.98073940801503 -29.842308849546207 48
      vertex 95.0406959134259 -28.086878917219963 48
    endloop
  endfacet
  facet normal -0.24758404634925177 -0.9195704038824186 -0.3051104919481744
    outer loop
      vertex 100.98073940801503 -29.842308849546207 48
      vertex 98.54715013453726 -26.532717977312892 40
      vertex 104.70634701794583 -28.191012850894946 40
    endloop
  endfacet
  facet normal -0.27211193088781505 -0.9207754038512348 -0.27951342137918933
    outer loop
      vertex 92.38795325112868 -24.874423103730837 40
      vertex 95.0406959134259 -28.086878917219963 48
      vertex 89.10065241883679 -26.33144898489371 48
    endloop
  endfacet
  facet normal -0.24891053157108914 -0.9244972017483397 -0.28870135301464667
    outer loop
      vertex 95.0406959134259 -28.086878917219963 48
      vertex 92.38795325112868 -24.874423103730837 40
      vertex 98.54715013453726 -26.532717977312892 40
    endloop
  endfacet
  facet normal -0.27349242188905326 -0.9254467247853496 -0.262202697837626
    outer loop
      vertex 86.2287563677201 -23.21612823014878 40
      vertex 89.10065241883679 -26.33144898489371 48
      vertex 83.16060892424767 -24.576019052567464 48
    endloop
  endfacet
  facet normal -0.2501762451623137 -0.9291982831606672 -0.27203381577986685
    outer loop
      vertex 89.10065241883679 -26.33144898489371 48
      vertex 86.2287563677201 -23.21612823014878 40
      vertex 92.38795325112868 -24.874423103730837 40
    endloop
  endfacet
  facet normal -0.274796776211271 -0.9298604135710162 -0.24463512228915824
    outer loop
      vertex 80.06955948431153 -21.557833356566725 40
      vertex 83.16060892424767 -24.576019052567464 48
      vertex 77.22056542965855 -22.82058912024122 48
    endloop
  endfacet
  facet normal -0.25137794986084816 -0.9336616243624661 -0.2551178110532425
    outer loop
      vertex 83.16060892424767 -24.576019052567464 48
      vertex 80.06955948431153 -21.557833356566725 40
      vertex 86.2287563677201 -23.21612823014878 40
    endloop
  endfacet
  facet normal -0.2760213020015303 -0.9340039776748504 -0.2268233024381257
    outer loop
      vertex 73.91036260090294 -19.899538482984667 40
      vertex 77.22056542965855 -22.82058912024122 48
      vertex 71.28052193506943 -21.065159187914972 48
    endloop
  endfacet
  facet normal -0.25251248736302295 -0.9378754948621144 -0.2379642827461364
    outer loop
      vertex 77.22056542965855 -22.82058912024122 48
      vertex 73.91036260090294 -19.899538482984667 40
      vertex 80.06955948431153 -21.557833356566725 40
    endloop
  endfacet
  facet normal -0.27716244491658887 -0.9378653898703252 -0.20878096084471356
    outer loop
      vertex 67.75116571749437 -18.241243609402616 40
      vertex 71.28052193506943 -21.065159187914972 48
      vertex 65.34047844048033 -19.309729255588724 48
    endloop
  endfacet
  facet normal -0.2535767988355552 -0.941828533618388 -0.220585177096171
    outer loop
      vertex 71.28052193506943 -21.065159187914972 48
      vertex 67.75116571749437 -18.241243609402616 40
      vertex 73.91036260090294 -19.899538482984667 40
    endloop
  endfacet
  facet normal -0.2782168143290006 -0.9414331769142643 -0.1905229057875662
    outer loop
      vertex 61.591968834085776 -16.582948735820555 40
      vertex 65.34047844048033 -19.309729255588724 48
      vertex 59.400434945891185 -17.554299323262473 48
    endloop
  endfacet
  facet normal -0.25456794565584595 -0.9455098260735385 -0.2029934231519564
    outer loop
      vertex 65.34047844048033 -19.309729255588724 48
      vertex 61.591968834085776 -16.582948735820555 40
      vertex 67.75116571749437 -18.241243609402616 40
    endloop
  endfacet
  facet normal -0.2791812093019043 -0.9446965074406027 -0.17206499121626562
    outer loop
      vertex 55.43277195067721 -14.924653862238502 40
      vertex 59.400434945891185 -17.554299323262473 48
      vertex 53.46039145130207 -15.798869390936227 48
    endloop
  endfacet
  facet normal -0.25548313013868695 -0.9489089811359211 -0.18520290422703134
    outer loop
      vertex 59.400434945891185 -17.554299323262473 48
      vertex 55.43277195067721 -14.924653862238502 40
      vertex 61.591968834085776 -16.582948735820555 40
    endloop
  endfacet
  facet normal -0.28005264397644175 -0.9476452778666525 -0.15342406570951997
    outer loop
      vertex 49.27357506726861 -13.26635898865644 40
      vertex 53.46039145130207 -15.798869390936227 48
      vertex 47.52034795671294 -14.043439458609976 48
    endloop
  endfacet
  facet normal -0.2563197159914749 -0.9520162071542129 -0.16722842016163514
    outer loop
      vertex 53.46039145130207 -15.798869390936227 48
      vertex 49.27357506726861 -13.26635898865644 40
      vertex 55.43277195067721 -14.924653862238502 40
    endloop
  endfacet
  facet normal -0.28082837200474126 -0.9502701950696778 -0.13461791054463362
    outer loop
      vertex 43.11437818386007 -11.608064115074395 40
      vertex 47.52034795671294 -14.043439458609976 48
      vertex 41.580304462123856 -12.288009526283737 48
    endloop
  endfacet
  facet normal -0.25707524822850997 -0.9548223858826134 -0.14908564037385869
    outer loop
      vertex 47.52034795671294 -14.043439458609976 48
      vertex 43.11437818386007 -11.608064115074395 40
      vertex 49.27357506726861 -13.26635898865644 40
    endloop
  endfacet
  facet normal -0.281505909658259 -0.952562854581179 -0.11566516718369262
    outer loop
      vertex 36.95518130045147 -9.949769241492334 40
      vertex 41.580304462123856 -12.288009526283737 48
      vertex 35.640260967534715 -10.532579593957486 48
    endloop
  endfacet
  facet normal -0.25774747226873906 -0.9573191434131889 -0.13079104783475773
    outer loop
      vertex 41.580304462123856 -12.288009526283737 48
      vertex 36.95518130045147 -9.949769241492334 40
      vertex 43.11437818386007 -11.608064115074395 40
    endloop
  endfacet
  facet normal -0.28208305724689675 -0.9545158130651211 -0.0965852546865947
    outer loop
      vertex 30.795984417042874 -8.291474367910274 40
      vertex 35.640260967534715 -10.532579593957486 48
      vertex 29.700217472945578 -8.777149661631233 48
    endloop
  endfacet
  facet normal -0.2583343519408083 -0.9594989170497908 -0.11236187426169535
    outer loop
      vertex 35.640260967534715 -10.532579593957486 48
      vertex 30.795984417042874 -8.291474367910274 40
      vertex 36.95518130045147 -9.949769241492334 40
    endloop
  endfacet
  facet normal -0.2825579184988594 -0.9561226538957405 -0.07739827776480647
    outer loop
      vertex 24.636787533634305 -6.63317949432822 40
      vertex 29.700217472945578 -8.777149661631233 48
      vertex 23.76017397835647 -7.021719729304988 48
    endloop
  endfacet
  facet normal -0.25883408612503234 -0.9613550171192288 -0.09381602698636776
    outer loop
      vertex 29.700217472945578 -8.777149661631233 48
      vertex 24.636787533634305 -6.63317949432822 40
      vertex 30.795984417042874 -8.291474367910274 40
    endloop
  endfacet
  facet normal -0.282928917574964 -0.9573780447307335 -0.05812492638633541
    outer loop
      vertex 18.477590650225736 -4.974884620746167 40
      vertex 23.76017397835647 -7.021719729304988 48
      vertex 17.820130483767358 -5.266289796978743 48
    endloop
  endfacet
  facet normal -0.2592451237739869 -0.9628816827603857 -0.07517200811431285
    outer loop
      vertex 23.76017397835647 -7.021719729304988 48
      vertex 18.477590650225736 -4.974884620746167 40
      vertex 24.636787533634305 -6.63317949432822 40
    endloop
  endfacet
  facet normal -0.2831948134235954 -0.9582777860857228 -0.03878636802564154
    outer loop
      vertex 12.318393766817165 -3.3165897471641137 40
      vertex 17.820130483767358 -5.266289796978743 48
      vertex 11.880086989178247 -3.5108598646524976 48
    endloop
  endfacet
  facet normal -0.2595661770719659 -0.9640741308007332 -0.05644882674649437
    outer loop
      vertex 17.820130483767358 -5.266289796978743 48
      vertex 12.318393766817165 -3.3165897471641137 40
      vertex 18.477590650225736 -4.974884620746167 40
    endloop
  endfacet
  facet normal -0.2833547112232782 -0.9588188500537657 -0.019404133815943896
    outer loop
      vertex 6.159196883408569 -1.6582948735820533 40
      vertex 11.880086989178247 -3.5108598646524976 48
      vertex 5.940043494589111 -1.755429932326245 48
    endloop
  endfacet
  facet normal -0.25979623251820216 -0.9649285969213504 -0.03766590517619953
    outer loop
      vertex 11.880086989178247 -3.5108598646524976 48
      vertex 6.159196883408569 -1.6582948735820533 40
      vertex 12.318393766817165 -3.3165897471641137 40
    endloop
  endfacet
  facet normal -0.28340807070785407 -0.9589994084761742 0
    outer loop
      vertex 0 0 40
      vertex 5.940043494589111 -1.755429932326245 48
      vertex 0 0 48
    endloop
  endfacet
  facet normal -0.259934559749143 -0.9654423684244009 -0.018842980101419285
    outer loop
      vertex 5.940043494589111 -1.755429932326245 48
      vertex 0 0 40
      vertex 6.159196883408569 -1.6582948735820533 40
    endloop
  endfacet
  facet normal -0.7483858347549053 0.6574510842219937 0.0876168602126822
    outer loop
      vertex 0 0 48
      vertex 3.483323764772991 2.898976558803913 56
      vertex 3.0266033315969776 3.4452252268616887 48
    endloop
  endfacet
  facet normal -0.6396902881489551 0.7686327700845879 0
    outer loop
      vertex 3.483323764772991 2.898976558803913 56
      vertex 0 0 48
      vertex 0 0 56
    endloop
  endfacet
  facet normal -0.7399141686329324 0.6500087919999852 0.1732500891167346
    outer loop
      vertex 3.0266033315969776 3.4452252268616887 48
      vertex 6.966647529545982 5.797953117607826 56
      vertex 6.053206663193955 6.8904504537233775 48
    endloop
  endfacet
  facet normal -0.6371715763834014 0.765606361153159 0.08865259167621801
    outer loop
      vertex 6.966647529545982 5.797953117607826 56
      vertex 3.0266033315969776 3.4452252268616887 48
      vertex 3.483323764772991 2.898976558803913 56
    endloop
  endfacet
  facet normal -0.6180383864808853 0.7426164908553301 0.25797151072515656
    outer loop
      vertex 9.079809994790933 10.335675680585066 48
      vertex 6.966647529545982 5.797953117607826 56
      vertex 10.449971294318974 8.69692967641174 56
    endloop
  endfacet
  facet normal -0.7399141686329324 0.6500087919999853 0.1732500891167346
    outer loop
      vertex 6.966647529545982 5.797953117607826 56
      vertex 9.079809994790933 10.335675680585066 48
      vertex 6.053206663193955 6.8904504537233775 48
    endloop
  endfacet
  facet normal -0.602638686750865 0.724112670989301 0.3353914920565715
    outer loop
      vertex 12.10641332638791 13.780900907446755 48
      vertex 10.449971294318974 8.69692967641174 56
      vertex 13.933295059091964 11.595906235215653 56
    endloop
  endfacet
  facet normal -0.7264123371190627 0.63814753894636 0.2551329751677057
    outer loop
      vertex 10.449971294318974 8.69692967641174 56
      vertex 12.10641332638791 13.780900907446755 48
      vertex 9.079809994790933 10.335675680585066 48
    endloop
  endfacet
  facet normal -0.58443251718922 0.7022366806826635 0.4065738274356419
    outer loop
      vertex 15.13301665798489 17.226126134308444 48
      vertex 13.933295059091964 11.595906235215653 56
      vertex 17.416618823864958 14.494882794019567 56
    endloop
  endfacet
  facet normal -0.7086940319791722 0.6225821468934601 0.33187985688594307
    outer loop
      vertex 13.933295059091964 11.595906235215653 56
      vertex 15.13301665798489 17.226126134308444 48
      vertex 12.10641332638791 13.780900907446755 48
    endloop
  endfacet
  facet normal -0.5642720653764958 0.6780124831138504 0.471058498466522
    outer loop
      vertex 18.159619989581866 20.67135136117013 48
      vertex 17.416618823864958 14.494882794019567 56
      vertex 20.89994258863795 17.39385935282348 56
    endloop
  endfacet
  facet normal -0.6877102327896343 0.6041480439380288 0.4025664873313235
    outer loop
      vertex 17.416618823864958 14.494882794019567 56
      vertex 18.159619989581866 20.67135136117013 48
      vertex 15.13301665798489 17.226126134308444 48
    endloop
  endfacet
  facet normal -0.5429385857197101 0.652378810275722 0.528790676960094
    outer loop
      vertex 21.186223321178844 24.11657658803182 48
      vertex 20.89994258863795 17.39385935282348 56
      vertex 24.38326635341094 20.292835911627392 56
    endloop
  endfacet
  facet normal -0.6644291178997154 0.5836957671638608 0.4667260424296013
    outer loop
      vertex 20.89994258863795 17.39385935282348 56
      vertex 21.186223321178844 24.11657658803182 48
      vertex 18.159619989581866 20.67135136117013 48
    endloop
  endfacet
  facet normal -0.5210941815384746 0.6261312257684513 0.5800177084231515
    outer loop
      vertex 24.21282665277583 27.56180181489352 48
      vertex 24.38326635341094 20.292835911627392 56
      vertex 27.86659011818394 23.191812470431312 56
    endloop
  endfacet
  facet normal -0.6397436286798762 0.5620097585591564 0.524283435603094
    outer loop
      vertex 24.38326635341094 20.292835911627392 56
      vertex 24.21282665277583 27.56180181489352 48
      vertex 21.186223321178844 24.11657658803182 48
    endloop
  endfacet
  facet normal -0.5890543182981811 0.5174795970819226 0.6206688945792243
    outer loop
      vertex 24.21282665277583 27.56180181489352 48
      vertex 31.349913882956933 26.090789029235225 56
      vertex 27.23942998437281 31.007027041755208 48
    endloop
  endfacet
  facet normal -0.5210941815384745 0.6261312257684514 0.5800177084231515
    outer loop
      vertex 31.349913882956933 26.090789029235225 56
      vertex 24.21282665277583 27.56180181489352 48
      vertex 27.86659011818394 23.191812470431312 56
    endloop
  endfacet
  facet normal -0.5641178968056175 0.4955731464443691 0.6604379267023015
    outer loop
      vertex 27.23942998437281 31.007027041755208 48
      vertex 34.83323764772992 28.989765588039138 56
      vertex 30.266033315969786 34.452252268616895 48
    endloop
  endfacet
  facet normal -0.4992639076297875 0.5999006197752076 0.6251838105162008
    outer loop
      vertex 34.83323764772992 28.989765588039138 56
      vertex 27.23942998437281 31.007027041755208 48
      vertex 31.349913882956933 26.090789029235225 56
    endloop
  endfacet
  facet normal -0.5399314500563619 0.47432554273473504 0.6953339548371225
    outer loop
      vertex 30.266033315969786 34.452252268616895 48
      vertex 38.316561412502914 31.888742146843054 56
      vertex 33.292636647566766 37.89747749547859 48
    endloop
  endfacet
  facet normal -0.4778395567181781 0.5741577587477154 0.6648400003799225
    outer loop
      vertex 38.316561412502914 31.888742146843054 56
      vertex 30.266033315969786 34.452252268616895 48
      vertex 34.83323764772992 28.989765588039138 56
    endloop
  endfacet
  facet normal -0.516709694816545 0.4539254129474647 0.7259220417944798
    outer loop
      vertex 33.292636647566766 37.89747749547859 48
      vertex 41.799885177275904 34.78771870564697 56
      vertex 36.31923997916374 41.34270272234027 48
    endloop
  endfacet
  facet normal -0.45709584272425013 0.5492327307390329 0.6995761560038711
    outer loop
      vertex 41.799885177275904 34.78771870564697 56
      vertex 33.292636647566766 37.89747749547859 48
      vertex 38.316561412502914 31.888742146843054 56
    endloop
  endfacet
  facet normal -0.4945809747224098 0.43448550596004887 0.7527363446474944
    outer loop
      vertex 36.31923997916374 41.34270272234027 48
      vertex 45.2832089420489 37.68669526445088 56
      vertex 39.34584331076072 44.787927949201965 48
    endloop
  endfacet
  facet normal -0.437211603668836 0.5253404221807576 0.7299749683655378
    outer loop
      vertex 45.2832089420489 37.68669526445088 56
      vertex 36.31923997916374 41.34270272234027 48
      vertex 41.799885177275904 34.78771870564697 56
    endloop
  endfacet
  facet normal -0.4736088724755462 0.4160616786769871 0.7762649776003869
    outer loop
      vertex 39.34584331076072 44.787927949201965 48
      vertex 48.766532706821884 40.58567182325479 56
      vertex 42.372446642357694 48.233153176063645 48
    endloop
  endfacet
  facet normal -0.4182912377842915 0.5026062748749829 0.7565840157240824
    outer loop
      vertex 48.766532706821884 40.58567182325479 56
      vertex 39.34584331076072 44.787927949201965 48
      vertex 45.2832089420489 37.68669526445088 56
    endloop
  endfacet
  facet normal -0.4538102716896965 0.39866876322048495 0.7969438214461373
    outer loop
      vertex 42.372446642357694 48.233153176063645 48
      vertex 52.24985647159488 43.48464838205871 56
      vertex 45.399049973954675 51.67837840292534 48
    endloop
  endfacet
  facet normal -0.40038382403276684 0.4810892606387441 0.7799012224320238
    outer loop
      vertex 52.24985647159488 43.48464838205871 56
      vertex 42.372446642357694 48.233153176063645 48
      vertex 48.766532706821884 40.58567182325479 56
    endloop
  endfacet
  facet normal -0.4351696723948071 0.38229314298846073 0.8151560028925756
    outer loop
      vertex 45.399049973954675 51.67837840292534 48
      vertex 55.73318023636787 46.38362494086262 56
      vertex 48.425653305551656 55.123603629787034 48
    endloop
  endfacet
  facet normal -0.38349893026925147 0.4608008759212124 0.8003693667504918
    outer loop
      vertex 55.73318023636787 46.38362494086262 56
      vertex 45.399049973954675 51.67837840292534 48
      vertex 52.24985647159488 43.48464838205871 56
    endloop
  endfacet
  facet normal -0.41765010556226834 0.3669023409793286 0.8312346609157457
    outer loop
      vertex 48.425653305551656 55.123603629787034 48
      vertex 59.21650400114086 49.282601499666534 56
      vertex 51.45225663714863 58.568828856648715 48
    endloop
  endfacet
  facet normal -0.36761902504680466 0.4417200554586567 0.8183762246236372
    outer loop
      vertex 59.21650400114086 49.282601499666534 56
      vertex 48.425653305551656 55.123603629787034 48
      vertex 55.73318023636787 46.38362494086262 56
    endloop
  endfacet
  facet normal -0.4012012041504198 0.35245211014215266 0.8454673878066481
    outer loop
      vertex 51.45225663714863 58.568828856648715 48
      vertex 62.69982776591385 52.18157805847044 56
      vertex 54.47885996874561 62.01405408351041 48
    endloop
  endfacet
  facet normal -0.3527088586305399 0.423804444221041 0.8342579062268674
    outer loop
      vertex 62.69982776591385 52.18157805847044 56
      vertex 51.45225663714863 58.568828856648715 48
      vertex 59.21650400114086 49.282601499666534 56
    endloop
  endfacet
  facet normal -0.3857650173430045 0.3388915411395177 0.8581013196228252
    outer loop
      vertex 54.47885996874561 62.01405408351041 48
      vertex 66.18315153068684 55.08055461727435 56
      vertex 57.50546330034258 65.4592793103721 48
    endloop
  endfacet
  facet normal -0.3387223416444751 0.4069986625888977 0.8483037568711645
    outer loop
      vertex 66.18315153068684 55.08055461727435 56
      vertex 54.47885996874561 62.01405408351041 48
      vertex 62.69982776591385 52.18157805847044 56
    endloop
  endfacet
  facet normal -0.37128009667572887 0.32616665197764827 0.8693482644775642
    outer loop
      vertex 57.50546330034258 65.4592793103721 48
      vertex 69.66647529545985 57.979531176078275 56
      vertex 60.53206663193957 68.90450453723379 48
    endloop
  endfacet
  facet normal -0.32560745781785916 0.3912402093627917 0.860761803283086
    outer loop
      vertex 69.66647529545985 57.979531176078275 56
      vertex 57.50546330034258 65.4592793103721 48
      vertex 66.18315153068684 55.08055461727435 56
    endloop
  endfacet
  facet normal -0.3576842933242607 0.3142228454019676 0.8793895324238375
    outer loop
      vertex 60.53206663193957 68.90450453723379 48
      vertex 73.14979906023284 60.878507734882184 56
      vertex 63.558669963536545 72.34972976409547 48
    endloop
  endfacet
  facet normal -0.3133096846857915 0.37646357197515057 0.8718441491790838
    outer loop
      vertex 73.14979906023284 60.878507734882184 56
      vertex 60.53206663193957 68.90450453723379 48
      vertex 69.66647529545985 57.979531176078275 56
    endloop
  endfacet
  facet normal -0.34491661385528466 0.3030065391598445 0.8883803052257395
    outer loop
      vertex 63.558669963536545 72.34972976409547 48
      vertex 76.63312282500583 63.77748429368611 56
      vertex 66.58527329513353 75.79495499095718 48
    endloop
  endfacet
  facet normal -0.30177431051368175 0.3626030104375843 0.8817320014242384
    outer loop
      vertex 76.63312282500583 63.77748429368611 56
      vertex 63.558669963536545 72.34972976409547 48
      vertex 73.14979906023284 60.878507734882184 56
    endloop
  endfacet
  facet normal -0.33291840009585244 0.29246620250656097 0.8964534897411072
    outer loop
      vertex 66.58527329513353 75.79495499095718 48
      vertex 80.1164465897788 66.67646085249001 56
      vertex 69.61187662673049 79.24018021781885 48
    endloop
  endfacet
  facet normal -0.2909479511135301 0.34959437990209713 0.8905801812771867
    outer loop
      vertex 80.1164465897788 66.67646085249001 56
      vertex 66.58527329513353 75.79495499095718 48
      vertex 76.63312282500583 63.77748429368611 56
    endloop
  endfacet
  facet normal -0.3216340316259436 0.28255297333950774 0.9037230587724566
    outer loop
      vertex 69.61187662673049 79.24018021781885 48
      vertex 83.59977035455181 69.57543741129393 56
      vertex 72.63847995832748 82.68540544468054 48
    endloop
  endfacet
  facet normal -0.28077949673313857 0.3373762684149035 0.8985210780636814
    outer loop
      vertex 83.59977035455181 69.57543741129393 56
      vertex 69.61187662673049 79.24018021781885 48
      vertex 80.1164465897788 66.67646085249001 56
    endloop
  endfacet
  facet normal -0.31101129665751975 0.27322098401253014 0.9102869147947986
    outer loop
      vertex 72.63847995832748 82.68540544468054 48
      vertex 87.08309411932481 72.47441397009786 56
      vertex 75.66508328992447 86.13063067154225 48
    endloop
  endfacet
  facet normal -0.27122065964516373 0.32589065488311486 0.9056680599654029
    outer loop
      vertex 87.08309411932481 72.47441397009786 56
      vertex 72.63847995832748 82.68540544468054 48
      vertex 83.59977035455181 69.57543741129393 56
    endloop
  endfacet
  facet normal -0.30100153687038156 0.26442748857309517 0.9162293261452581
    outer loop
      vertex 75.66508328992447 86.13063067154225 48
      vertex 90.5664178840978 75.37339052890177 56
      vertex 78.69168662152144 89.57585589840393 48
    endloop
  endfacet
  facet normal -0.2622262468100958 0.31508323669843763 0.9121183856471303
    outer loop
      vertex 90.5664178840978 75.37339052890177 56
      vertex 75.66508328992447 86.13063067154225 48
      vertex 87.08309411932481 72.47441397009786 56
    endloop
  endfacet
  facet normal -0.2915596417781923 0.2561328578128762 0.9216229893154689
    outer loop
      vertex 78.69168662152144 89.57585589840393 48
      vertex 94.04974164887078 78.27236708770567 56
      vertex 81.71828995311841 93.02108112526561 48
    endloop
  endfacet
  facet normal -0.25375424706180805 0.30490353449672647 0.9179556725406179
    outer loop
      vertex 94.04974164887078 78.27236708770567 56
      vertex 78.69168662152144 89.57585589840393 48
      vertex 90.5664178840978 75.37339052890177 56
    endloop
  endfacet
  facet normal -0.28264394614597366 0.24830048914983874 0.9265307694809616
    outer loop
      vertex 81.71828995311841 93.02108112526561 48
      vertex 97.53306541364377 81.17134364650958 56
      vertex 84.74489328471539 96.46630635212729 48
    endloop
  endfacet
  facet normal -0.24576579640451943 0.29530485045985827 0.9232519800209112
    outer loop
      vertex 97.53306541364377 81.17134364650958 56
      vertex 81.71828995311841 93.02108112526561 48
      vertex 94.04974164887078 78.27236708770567 56
    endloop
  endfacet
  facet normal -0.2742160679526809 0.24089666427962791 0.9310071671128632
    outer loop
      vertex 84.74489328471539 96.46630635212729 48
      vertex 101.01638917841677 84.07032020531351 56
      vertex 87.77149661631238 99.911531578989 48
    endloop
  endfacet
  facet normal -0.23822506613412214 0.2862441338856421 0.9280695629539047
    outer loop
      vertex 101.01638917841677 84.07032020531351 56
      vertex 84.74489328471539 96.46630635212729 48
      vertex 97.53306541364377 81.17134364650958 56
    endloop
  endfacet
  facet normal -0.2662407128482925 0.2338903773926612 0.9350995530878792
    outer loop
      vertex 87.77149661631238 99.911531578989 48
      vertex 104.49971294318976 86.96929676411742 56
      vertex 90.79809994790935 103.35675680585068 48
    endloop
  endfacet
  facet normal -0.23109910486781862 0.2776817913753572 0.9324623458713309
    outer loop
      vertex 104.49971294318976 86.96929676411742 56
      vertex 87.77149661631238 99.911531578989 48
      vertex 101.01638917841677 84.07032020531351 56
    endloop
  endfacet
  facet normal 0.16961735851923468 0.5427262209136177 0.822604522733604
    outer loop
      vertex 91.98610864682718 103.00567081938543 48
      vertex 104.49971294318976 86.96929676411742 56
      vertex 105.63656649566188 86.61399774011058 56
    endloop
  endfacet
  facet normal 0.15873790265316817 0.5371390954637273 0.8284225192410465
    outer loop
      vertex 104.49971294318976 86.96929676411742 56
      vertex 91.98610864682718 103.00567081938543 48
      vertex 90.79809994790935 103.35675680585068 48
    endloop
  endfacet
  facet normal 0.16942631111753745 0.542114924786581 0.8230468597988473
    outer loop
      vertex 93.174117345745 102.65458483292018 48
      vertex 105.63656649566188 86.61399774011058 56
      vertex 106.77342004813401 86.25869871610372 56
    endloop
  endfacet
  facet normal 0.15856736686030373 0.536562034535037 0.8288290374152028
    outer loop
      vertex 105.63656649566188 86.61399774011058 56
      vertex 93.174117345745 102.65458483292018 48
      vertex 91.98610864682718 103.00567081938543 48
    endloop
  endfacet
  facet normal 0.1692355914170542 0.5415046772081599 0.8234877043158608
    outer loop
      vertex 94.36212604466282 102.30349884645493 48
      vertex 106.77342004813401 86.25869871610372 56
      vertex 107.91027360060613 85.90339969209688 56
    endloop
  endfacet
  facet normal 0.15839711383509458 0.5359859304387039 0.8292342471825852
    outer loop
      vertex 106.77342004813401 86.25869871610372 56
      vertex 94.36212604466282 102.30349884645493 48
      vertex 93.174117345745 102.65458483292018 48
    endloop
  endfacet
  facet normal 0.16904519900139356 0.5408954768459573 0.8239270621979616
    outer loop
      vertex 95.55013474358064 101.95241285998968 48
      vertex 107.91027360060613 85.90339969209688 56
      vertex 109.04712715307825 85.54810066809003 56
    endloop
  endfacet
  facet normal 0.15822714320320713 0.535410781908073 0.8296381535165421
    outer loop
      vertex 107.91027360060613 85.90339969209688 56
      vertex 95.55013474358064 101.95241285998968 48
      vertex 94.36212604466282 102.30349884645493 48
    endloop
  endfacet
  facet normal 0.16885513345189157 0.5402873223604564 0.82436493933422
    outer loop
      vertex 96.73814344249847 101.60132687352443 48
      vertex 109.04712715307825 85.54810066809003 56
      vertex 110.18398070555038 85.19280164408319 56
    endloop
  endfacet
  facet normal 0.15805745458887613 0.5348365876716062 0.8300407613705952
    outer loop
      vertex 109.04712715307825 85.54810066809003 56
      vertex 96.73814344249847 101.60132687352443 48
      vertex 95.55013474358064 101.95241285998968 48
    endloop
  endfacet
  facet normal 0.1686653943477668 0.5396802124051943 0.8248013415894744
    outer loop
      vertex 97.9261521414163 101.25024088705918 48
      vertex 110.18398070555038 85.19280164408319 56
      vertex 111.3208342580225 84.83750262007635 56
    endloop
  endfacet
  facet normal 0.1578880476149093 0.5342633464529629 0.8304420756785108
    outer loop
      vertex 110.18398070555038 85.19280164408319 56
      vertex 97.9261521414163 101.25024088705918 48
      vertex 96.73814344249847 101.60132687352443 48
    endloop
  endfacet
  facet normal 0.16847598126605165 0.5390741456268174 0.8252362748044695
    outer loop
      vertex 99.11416084033411 100.89915490059393 48
      vertex 111.3208342580225 84.83750262007635 56
      vertex 112.45768781049462 84.4822035960695 56
    endloop
  endfacet
  facet normal 0.15771892190272202 0.5336910569710777 0.8308421013543651
    outer loop
      vertex 111.3208342580225 84.83750262007635 56
      vertex 99.11416084033411 100.89915490059393 48
      vertex 97.9261521414163 101.25024088705918 48
    endloop
  endfacet
  facet normal 0.16828689378164863 0.5384691206652026 0.8256697447959248
    outer loop
      vertex 100.30216953925193 100.54806891412868 48
      vertex 112.45768781049462 84.4822035960695 56
      vertex 113.59454136296675 84.12690457206266 56
    endloop
  endfacet
  facet normal 0.15755007707234847 0.5331197179402369 0.8312408432926159
    outer loop
      vertex 112.45768781049462 84.4822035960695 56
      vertex 100.30216953925193 100.54806891412868 48
      vertex 99.11416084033411 100.89915490059393 48
    endloop
  endfacet
  facet normal 0.1680981314674461 0.5378651361536101 0.826101757356569
    outer loop
      vertex 101.49017823816976 100.19698292766343 48
      vertex 113.59454136296675 84.12690457206266 56
      vertex 114.73139491543887 83.7716055480558 56
    endloop
  endfacet
  facet normal 0.1573815127424877 0.5325493280701711 0.8316383063681564
    outer loop
      vertex 113.59454136296675 84.12690457206266 56
      vertex 101.49017823816976 100.19698292766343 48
      vertex 100.30216953925193 100.54806891412868 48
    endloop
  endfacet
  facet normal 0.16790969389420407 0.5372621907187101 0.8265323182553039
    outer loop
      vertex 102.67818693708759 99.84589694119818 48
      vertex 114.73139491543887 83.7716055480558 56
      vertex 115.868248467911 83.41630652404896 56
    endloop
  endfacet
  facet normal 0.1572132285305023 0.5319798860661137 0.8320344954363975
    outer loop
      vertex 114.73139491543887 83.7716055480558 56
      vertex 102.67818693708759 99.84589694119818 48
      vertex 101.49017823816976 100.19698292766343 48
    endloop
  endfacet
  facet normal 0.16772158063074719 0.5366602829807751 0.8269614332371966
    outer loop
      vertex 103.86619563600541 99.49481095473294 48
      vertex 115.868248467911 83.41630652404896 56
      vertex 117.00510202038312 83.06100750004212 56
    endloop
  endfacet
  facet normal 0.1570452240524476 0.5314113906288904 0.8324294153333273
    outer loop
      vertex 115.868248467911 83.41630652404896 56
      vertex 103.86619563600541 99.49481095473294 48
      vertex 102.67818693708759 99.84589694119818 48
    endloop
  endfacet
  facet normal 0.16753379124387918 0.5360594115537233 0.8273891080236242
    outer loop
      vertex 105.05420433492324 99.14372496826769 48
      vertex 117.00510202038312 83.06100750004212 56
      vertex 118.14195557285524 82.70570847603527 56
    endloop
  endfacet
  facet normal 0.15687749892312725 0.5308438404550044 0.8328230708755648
    outer loop
      vertex 117.00510202038312 83.06100750004212 56
      vertex 105.05420433492324 99.14372496826769 48
      vertex 103.86619563600541 99.49481095473294 48
    endloop
  endfacet
  facet normal 0.16734632529843993 0.5354595750452333 0.8278153483123438
    outer loop
      vertex 106.24221303384107 98.79263898180244 48
      vertex 118.14195557285524 82.70570847603527 56
      vertex 119.27880912532737 82.35040945202843 56
    endloop
  endfacet
  facet normal 0.15671005275604233 0.5302772342366813 0.8332154668604601
    outer loop
      vertex 118.14195557285524 82.70570847603527 56
      vertex 106.24221303384107 98.79263898180244 48
      vertex 105.05420433492324 99.14372496826769 48
    endloop
  endfacet
  facet normal 0.16715918235741858 0.5348607720568916 0.828240159777528
    outer loop
      vertex 107.43022173275888 98.44155299533719 48
      vertex 119.27880912532737 82.35040945202843 56
      vertex 120.41566267779949 81.99511042802158 56
    endloop
  endfacet
  facet normal 0.15654288516348927 0.5297115706619773 0.833606608066126
    outer loop
      vertex 119.27880912532737 82.35040945202843 56
      vertex 107.43022173275888 98.44155299533719 48
      vertex 106.24221303384107 98.79263898180244 48
    endloop
  endfacet
  facet normal 0.1669723619818423 0.5342630011842184 0.8286635480699247
    outer loop
      vertex 108.61823043167671 98.09046700887194 48
      vertex 120.41566267779949 81.99511042802158 56
      vertex 121.5525162302716 81.63981140401474 56
    endloop
  endfacet
  facet normal 0.15637599575653433 0.5291468484148331 0.8339964992515267
    outer loop
      vertex 120.41566267779949 81.99511042802158 56
      vertex 108.61823043167671 98.09046700887194 48
      vertex 107.43022173275888 98.44155299533719 48
    endloop
  endfacet
  facet normal 0.16678586373095028 0.5336662610168434 0.8290855188168607
    outer loop
      vertex 109.80623913059453 97.73938102240669 48
      vertex 121.5525162302716 81.63981140401474 56
      vertex 122.68936978274374 81.2845123800079 56
    endloop
  endfacet
  facet normal 0.1562093841450642 0.52858306617516 0.8343851451565315
    outer loop
      vertex 121.5525162302716 81.63981140401474 56
      vertex 109.80623913059453 97.73938102240669 48
      vertex 108.61823043167671 98.09046700887194 48
    endloop
  endfacet
  facet normal 0.16659968716214626 0.5330705501385671 0.8295060776223646
    outer loop
      vertex 110.99424782951235 97.38829503594144 48
      vertex 122.68936978274374 81.2845123800079 56
      vertex 123.82622333521586 80.92921335600104 56
    endloop
  endfacet
  facet normal 0.15604304993778892 0.5280202226189066 0.8347725505019874
    outer loop
      vertex 122.68936978274374 81.2845123800079 56
      vertex 110.99424782951235 97.38829503594144 48
      vertex 109.80623913059453 97.73938102240669 48
    endloop
  endfacet
  facet normal 0.1664138318310062 0.5324758671274455 0.8299252300672612
    outer loop
      vertex 112.18225652843017 97.03720904947619 48
      vertex 123.82622333521586 80.92921335600104 56
      vertex 124.96307688768798 80.5739143319942 56
    endloop
  endfacet
  facet normal 0.15587699274226108 0.5274583164181238 0.8351587199897917
    outer loop
      vertex 123.82622333521586 80.92921335600104 56
      vertex 112.18225652843017 97.03720904947619 48
      vertex 110.99424782951235 97.38829503594144 48
    endloop
  endfacet
  facet normal 0.16622829729140282 0.5318822105559377 0.8303429817092034
    outer loop
      vertex 113.370265227348 96.68612306301094 48
      vertex 124.96307688768798 80.5739143319942 56
      vertex 126.09993044016011 80.21861530798736 56
    endloop
  endfacet
  facet normal 0.1557112121649194 0.5268973462410557 0.8355436583029427
    outer loop
      vertex 124.96307688768798 80.5739143319942 56
      vertex 113.370265227348 96.68612306301094 48
      vertex 112.18225652843017 97.03720904947619 48
    endloop
  endfacet
  facet normal 0.16604308309546478 0.5312895789909652 0.83075933808279
    outer loop
      vertex 114.55827392626583 96.33503707654569 48
      vertex 126.09993044016011 80.21861530798736 56
      vertex 127.23678399263223 79.86331628398051 56
    endloop
  endfacet
  facet normal 0.15554570781108557 0.5263373107521917 0.8359273701056206
    outer loop
      vertex 126.09993044016011 80.21861530798736 56
      vertex 114.55827392626583 96.33503707654569 48
      vertex 113.370265227348 96.68612306301094 48
    endloop
  endfacet
  facet normal 0.1658581887935852 0.5306979709940007 0.8311743046996594
    outer loop
      vertex 115.74628262518365 95.98395109008044 48
      vertex 127.23678399263223 79.86331628398051 56
      vertex 128.37363754510434 79.50801725997367 56
    endloop
  endfacet
  facet normal 0.15538047928499707 0.5257782086123461 0.8363098600432478
    outer loop
      vertex 127.23678399263223 79.86331628398051 56
      vertex 115.74628262518365 95.98395109008044 48
      vertex 114.55827392626583 96.33503707654569 48
    endloop
  endfacet
  facet normal 0.1656736139345522 0.5301073851212127 0.8315878870485158
    outer loop
      vertex 116.93429132410148 95.63286510361519 48
      vertex 128.37363754510434 79.50801725997367 56
      vertex 129.51049109757648 79.15271823596682 56
    endloop
  endfacet
  facet normal 0.15521552618982526 0.5252200384787258 0.8366911327425559
    outer loop
      vertex 128.37363754510434 79.50801725997367 56
      vertex 116.93429132410148 95.63286510361519 48
      vertex 115.74628262518365 95.98395109008044 48
    endloop
  endfacet
  facet normal 0.16548935806546233 0.5295178199234997 0.8320000905952747
    outer loop
      vertex 118.12230002301929 95.28177911714994 48
      vertex 129.51049109757648 79.15271823596682 56
      vertex 130.64734465004858 78.79741921195998 56
    endloop
  endfacet
  facet normal 0.15505084812769762 0.524662799004999 0.8370711928116518
    outer loop
      vertex 129.51049109757648 79.15271823596682 56
      vertex 118.12230002301929 95.28177911714994 48
      vertex 116.93429132410148 95.63286510361519 48
    endloop
  endfacet
  facet normal 0.16530542073183196 0.5289292739466291 0.8324109207830973
    outer loop
      vertex 119.31030872193712 94.93069313068469 48
      vertex 130.64734465004858 78.79741921195998 56
      vertex 131.7841982025207 78.44212018795314 56
    endloop
  endfacet
  facet normal 0.1548864446997082 0.524106488841362 0.8374500448400868
    outer loop
      vertex 130.64734465004858 78.79741921195998 56
      vertex 119.31030872193712 94.93069313068469 48
      vertex 118.12230002301929 95.28177911714994 48
    endloop
  endfacet
  facet normal 0.16512180147760444 0.5283417457313129 0.8328203830324876
    outer loop
      vertex 120.49831742085495 94.57960714421944 48
      vertex 131.7841982025207 78.44212018795314 56
      vertex 132.92105175499285 78.08682116394628 56
    endloop
  endfacet
  facet normal 0.15472231550595777 0.5235511066346126 0.8378276933989157
    outer loop
      vertex 131.7841982025207 78.44212018795314 56
      vertex 120.49831742085495 94.57960714421944 48
      vertex 119.31030872193712 94.93069313068469 48
    endloop
  endfacet
  facet normal 0.16493849984513087 0.527755233813284 0.8332284827413927
    outer loop
      vertex 121.68632611977277 94.22852115775419 48
      vertex 132.92105175499285 78.08682116394628 56
      vertex 134.05790530746498 77.73152213993944 56
    endloop
  endfacet
  facet normal 0.15455846014555227 0.5229966510282071 0.8382041430407724
    outer loop
      vertex 132.92105175499285 78.08682116394628 56
      vertex 121.68632611977277 94.22852115775419 48
      vertex 120.49831742085495 94.57960714421944 48
    endloop
  endfacet
  facet normal 0.1647555153753029 0.5271697367234318 0.8336352252852358
    outer loop
      vertex 122.87433481869058 93.87743517128894 48
      vertex 134.05790530746498 77.73152213993944 56
      vertex 135.19475885993708 77.37622311593259 56
    endloop
  endfacet
  facet normal 0.15439487821663636 0.5224431206623368 0.8385793982999279
    outer loop
      vertex 134.05790530746498 77.73152213993944 56
      vertex 122.87433481869058 93.87743517128894 48
      vertex 121.68632611977277 94.22852115775419 48
    endloop
  endfacet
  facet normal 0.16457284760743635 0.5265852529878248 0.8340406160170667
    outer loop
      vertex 124.06234351760841 93.52634918482369 48
      vertex 135.19475885993708 77.37622311593259 56
      vertex 136.3316124124092 77.02092409192575 56
    endloop
  endfacet
  facet normal 0.1542315693163987 0.5218905141739828 0.8389534636923652
    outer loop
      vertex 135.19475885993708 77.37622311593259 56
      vertex 124.06234351760841 93.52634918482369 48
      vertex 122.87433481869058 93.87743517128894 48
    endloop
  endfacet
  facet normal 0.164390496079468 0.526001781127879 0.8344446602675609
    outer loop
      vertex 125.25035221652624 93.17526319835844 48
      vertex 136.3316124124092 77.02092409192575 56
      vertex 137.46846596488132 76.66562506791891 56
    endloop
  endfacet
  facet normal 0.15406853304111445 0.5213388301969978 0.8393263437158308
    outer loop
      vertex 136.3316124124092 77.02092409192575 56
      vertex 125.25035221652624 93.17526319835844 48
      vertex 124.06234351760841 93.52634918482369 48
    endloop
  endfacet
  facet normal 0.16420846032783484 0.5254193196603802 0.8348473633451718
    outer loop
      vertex 126.43836091544406 92.82417721189319 48
      vertex 137.46846596488132 76.66562506791891 56
      vertex 138.60531951735345 76.31032604391206 56
    endloop
  endfacet
  facet normal 0.15390576898613986 0.5207880673621499 0.8396980428499173
    outer loop
      vertex 137.46846596488132 76.66562506791891 56
      vertex 126.43836091544406 92.82417721189319 48
      vertex 125.25035221652624 93.17526319835844 48
    endloop
  endfacet
  facet normal 0.18087216925149394 0.5307262472786326 0.8280186645479669
    outer loop
      vertex 133.58089637649263 90.5039478361914 48
      vertex 138.60531951735345 76.31032604391206 56
      vertex 145.41196951372675 73.99061120694572 56
    endloop
  endfacet
  facet normal 0.17190314350248878 0.5291822917123762 0.8309123969420606
    outer loop
      vertex 138.60531951735345 76.31032604391206 56
      vertex 133.58089637649263 90.5039478361914 48
      vertex 126.43836091544406 92.82417721189319 48
    endloop
  endfacet
  facet normal 0.21863367224018723 0.5453795938772985 0.8091726737507906
    outer loop
      vertex 140.399573081467 87.86949504068491 48
      vertex 145.41196951372675 73.99061120694572 56
      vertex 151.85325274839465 71.40840713597449 56
    endloop
  endfacet
  facet normal 0.21022315024367 0.5441143981998166 0.8122473445775485
    outer loop
      vertex 145.41196951372675 73.99061120694572 56
      vertex 140.399573081467 87.86949504068491 48
      vertex 133.58089637649263 90.5039478361914 48
    endloop
  endfacet
  facet normal 0.2613813661138137 0.5606059742249887 0.7857485113646272
    outer loop
      vertex 146.88906232075723 84.93579591741921 48
      vertex 151.85325274839465 71.40840713597449 56
      vertex 157.9258829540677 68.57705596948512 56
    endloop
  endfacet
  facet normal 0.2529673166202551 0.5595763608068522 0.7892286317336106
    outer loop
      vertex 151.85325274839465 71.40840713597449 56
      vertex 146.88906232075723 84.93579591741921 48
      vertex 140.399573081467 87.86949504068491 48
    endloop
  endfacet
  facet normal 0.30976745205415296 0.5757413143751059 0.7566809529580507
    outer loop
      vertex 153.04403538475316 81.71782755843965 48
      vertex 157.9258829540677 68.57705596948512 56
      vertex 163.62657386345614 65.5098998459643 56
    endloop
  endfacet
  facet normal 0.3005958962946132 0.5749464999176543 0.7609721607018726
    outer loop
      vertex 157.9258829540677 68.57705596948512 56
      vertex 153.04403538475316 81.71782755843965 48
      vertex 146.88906232075723 84.93579591741921 48
    endloop
  endfacet
  facet normal 0.3643219895169547 0.5897899313141791 0.7207061293445642
    outer loop
      vertex 158.85916356384462 78.23056705579165 48
      vertex 163.62657386345614 65.5098998459643 56
      vertex 168.95203920927037 62.2202809038988 56
    endloop
  endfacet
  facet normal 0.35341789860513434 0.5893366382045283 0.7264833899101313
    outer loop
      vertex 163.62657386345614 65.5098998459643 56
      vertex 158.85916356384462 78.23056705579165 48
      vertex 153.04403538475316 81.71782755843965 48
    endloop
  endfacet
  facet normal 0.4252849434810487 0.6013207821198707 0.6764214912604921
    outer loop
      vertex 164.32911814842163 74.48899150152069 48
      vertex 168.95203920927037 62.2202809038988 56
      vertex 173.8989927242207 58.72154128177539 56
    endloop
  endfacet
  facet normal 0.4114615474732085 0.6015316129081256 0.6847328775684
    outer loop
      vertex 168.95203920927037 62.2202809038988 56
      vertex 164.32911814842163 74.48899150152069 48
      vertex 158.85916356384462 78.23056705579165 48
    endloop
  endfacet
  facet normal 0.492361391223005 0.6083895578728484 0.6224487178107342
    outer loop
      vertex 169.44857042887406 70.50807798767214 48
      vertex 173.8989927242207 58.72154128177539 56
      vertex 178.46414814101763 55.02702311808078 56
    endloop
  endfacet
  facet normal 0.4743087543991946 0.6099607604888776 0.6348063296503228
    outer loop
      vertex 173.8989927242207 58.72154128177539 56
      vertex 169.44857042887406 70.50807798767214 48
      vertex 164.32911814842163 74.48899150152069 48
    endloop
  endfacet
  facet normal 0.5644248860999465 0.608553978750946 0.5577513809014331
    outer loop
      vertex 174.21219169559177 66.30280360629145 48
      vertex 178.46414814101763 55.02702311808078 56
      vertex 182.6442191923714 51.15006855130174 56
    endloop
  endfacet
  facet normal 0.5409238820320971 0.6127439673217203 0.5761477105379873
    outer loop
      vertex 178.46414814101763 55.02702311808078 56
      vertex 174.21219169559177 66.30280360629145 48
      vertex 169.44857042887406 70.50807798767214 48
    endloop
  endfacet
  facet normal 0.6095447006623593 0.6078606787387038 0.508881767346559
    outer loop
      vertex 182.6442191923714 51.15006855130174 56
      vertex 178.6146532389647 61.888145449423995 48
      vertex 174.21219169559177 66.30280360629145 48
    endloop
  endfacet
  facet normal 0.6392654881994024 0.5990790818979893 0.48212435038010865
    outer loop
      vertex 178.6146532389647 61.888145449423995 48
      vertex 182.6442191923714 51.15006855130174 56
      vertex 186.43591961099236 47.104019719925006 56
    endloop
  endfacet
  facet normal 0.6777338453015546 0.5934643296261531 0.43413929146547997
    outer loop
      vertex 186.43591961099236 47.104019719925006 56
      vertex 182.65062634938275 57.27908060911526 48
      vertex 178.6146532389647 61.888145449423995 48
    endloop
  endfacet
  facet normal 0.7135665624821379 0.57740892307919 0.39676403120237036
    outer loop
      vertex 182.65062634938275 57.27908060911526 48
      vertex 186.43591961099236 47.104019719925006 56
      vertex 189.83596312959094 42.90221876243734 56
    endloop
  endfacet
  facet normal 0.7426705790994242 0.5682915315800614 0.354238826322742
    outer loop
      vertex 189.83596312959094 42.90221876243734 56
      vertex 186.3147823172358 52.490586177410606 48
      vertex 182.65062634938275 57.27908060911526 48
    endloop
  endfacet
  facet normal 0.7833100834704876 0.541853385285551 0.3046641133905433
    outer loop
      vertex 186.3147823172358 52.490586177410606 48
      vertex 189.83596312959094 42.90221876243734 56
      vertex 192.84106348087744 38.55800781732545 56
    endloop
  endfacet
  facet normal 0.801661223679893 0.5320203483426605 0.2725685810899904
    outer loop
      vertex 192.84106348087744 38.55800781732545 56
      vertex 189.60179243291384 47.5376392463555 48
      vertex 186.3147823172358 52.490586177410606 48
    endloop
  endfacet
  facet normal 0.844634096289209 0.49222330244370516 0.21049813281149074
    outer loop
      vertex 189.60179243291384 47.5376392463555 48
      vertex 192.84106348087744 38.55800781732545 56
      vertex 195.44793439756236 34.084729023076136 56
    endloop
  endfacet
  facet normal 0.8526984237800084 0.4853955091089947 0.1931232710470412
    outer loop
      vertex 195.44793439756236 34.084729023076136 56
      vertex 192.5063279868067 42.435216907995354 48
      vertex 189.60179243291384 47.5376392463555 48
    endloop
  endfacet
  facet normal 0.8948254065683411 0.4300296228949226 0.119841625458994
    outer loop
      vertex 192.5063279868067 42.435216907995354 48
      vertex 195.44793439756236 34.084729023076136 56
      vertex 197.65328961235593 29.49572451817609 56
    endloop
  endfacet
  facet normal 0.894824876332486 0.4300303178913453 0.11984309070955917
    outer loop
      vertex 197.65328961235593 29.49572451817609 56
      vertex 195.02306026930427 37.19829625437558 48
      vertex 192.5063279868067 42.435216907995354 48
    endloop
  endfacet
  facet normal 0.9329255663633318 0.3580565344067069 0.03801849279383873
    outer loop
      vertex 195.02306026930427 37.19829625437558 48
      vertex 197.65328961235593 29.49572451817609 56
      vertex 199.45384285796854 24.804336441112106 56
    endloop
  endfacet
  facet normal 0.9281479419202655 0.36797099541314776 0.05602449860402754
    outer loop
      vertex 199.45384285796854 24.804336441112106 56
      vertex 197.1466605707965 31.84185437754156 48
      vertex 195.02306026930427 37.19829625437558 48
    endloop
  endfacet
  facet normal 0.9596412910175279 0.2795286314895571 -0.030859953852649856
    outer loop
      vertex 197.1466605707965 31.84185437754156 48
      vertex 199.45384285796854 24.804336441112106 56
      vertex 200.84630786711057 20.02390693037087 56
    endloop
  endfacet
  facet normal 0.9535440074038056 0.3012270193470217 0.004013571925376534
    outer loop
      vertex 200.84630786711057 20.02390693037087 56
      vertex 198.87180018167328 26.38086836953876 48
      vertex 197.1466605707965 31.84185437754156 48
    endloop
  endfacet
  facet normal 0.9767096343940667 0.1973260156626107 -0.08426585087998407
    outer loop
      vertex 198.87180018167328 26.38086836953876 48
      vertex 200.84630786711057 20.02390693037087 56
      vertex 201.82739837249235 15.167778124439167 56
    endloop
  endfacet
  facet normal 0.9722257413540324 0.23144552934303655 -0.03478612935817455
    outer loop
      vertex 201.82739837249235 15.167778124439167 56
      vertex 200.19315039232453 20.830315322412616 48
      vertex 198.87180018167328 26.38086836953876 48
    endloop
  endfacet
  facet normal 0.9861270273233189 0.11356577498597185 -0.1210632096646613
    outer loop
      vertex 200.19315039232453 20.830315322412616 48
      vertex 201.82739837249235 15.167778124439167 56
      vertex 202.39382810682432 10.249292161803751 56
    endloop
  endfacet
  facet normal 0.9853432273938615 0.15979357738569533 -0.0597054173030478
    outer loop
      vertex 202.39382810682432 10.249292161803751 56
      vertex 201.10538249314016 15.20517232820852 48
      vertex 200.19315039232453 20.830315322412616 48
    endloop
  endfacet
  facet normal 0.9895604002911911 0.02957877545450215 -0.14105073632615248
    outer loop
      vertex 201.10538249314016 15.20517232820852 48
      vertex 202.39382810682432 10.249292161803751 56
      vertex 202.54231080281681 5.281791180951352 56
    endloop
  endfacet
  facet normal 0.9937057263351075 0.08701377819928915 -0.07055162544053507
    outer loop
      vertex 202.54231080281681 5.281791180951352 56
      vertex 201.60316777451004 9.520416478971882 48
      vertex 201.10538249314016 15.20517232820852 48
    endloop
  endfacet
  facet normal 0.9880338496154989 -0.05386317612254628 -0.14452636531778232
    outer loop
      vertex 201.60316777451004 9.520416478971882 48
      vertex 202.54231080281681 5.281791180951352 56
      vertex 202.26956019318015 0.2786173203687028 56
    endloop
  endfacet
  facet normal 0.9976328958088985 0.013583483268342779 -0.06740989676783635
    outer loop
      vertex 202.26956019318015 0.2786173203687028 56
      vertex 201.68117752682411 3.7910248667481525 48
      vertex 201.60316777451004 9.520416478971882 48
    endloop
  endfacet
  facet normal 0.9818412410733985 -0.1362268420080501 -0.13202281940620075
    outer loop
      vertex 201.68117752682411 3.7910248667481525 48
      vertex 202.26956019318015 0.2786173203687028 56
      vertex 201.57229001062473 -4.7468872814574254 56
    endloop
  endfacet
  facet normal 0.9969123609677544 -0.060083306596472104 -0.05055433530501659
    outer loop
      vertex 201.57229001062473 -4.7468872814574254 56
      vertex 201.33408304047225 -1.9680254164172553 48
      vertex 201.68117752682411 3.7910248667481525 48
    endloop
  endfacet
  facet normal 0.9706105948568504 -0.21690578640962985 -0.10424467839487639
    outer loop
      vertex 201.33408304047225 -1.9680254164172553 48
      vertex 201.57229001062473 -4.7468872814574254 56
      vertex 200.4472139878609 -9.781380486040298 56
    endloop
  endfacet
  facet normal 0.9908461871844019 -0.13343364611275807 -0.020476704500199616
    outer loop
      vertex 200.4472139878609 -9.781380486040298 56
      vertex 200.55655560584438 -7.741757278478943 48
      vertex 201.33408304047225 -1.9680254164172553 48
    endloop
  endfacet
  facet normal 0.9534795098244649 -0.29497678468735206 -0.062173312927730165
    outer loop
      vertex 200.55655560584438 -7.741757278478943 48
      vertex 200.4472139878609 -9.781380486040298 56
      vertex 198.89104585759904 -14.81152015489318 56
    endloop
  endfacet
  facet normal 0.9783872954038657 -0.20560833479897153 0.021988925701426784
    outer loop
      vertex 198.89104585759904 -14.81152015489318 56
      vertex 199.3432665133304 -13.515193627391469 48
      vertex 200.55655560584438 -7.741757278478943 48
    endloop
  endfacet
  facet normal 0.9293719496244154 -0.36907306858602545 -0.0072697521146289764
    outer loop
      vertex 199.3432665133304 -13.515193627391469 48
      vertex 198.89104585759904 -14.81152015489318 56
      vertex 196.9004993525495 -19.823964149529317 56
    endloop
  endfacet
  facet normal 0.9583748538822459 -0.2753509180739847 0.07549510819912476
    outer loop
      vertex 196.9004993525495 -19.823964149529317 56
      vertex 197.6888870533202 -19.273357371109412 48
      vertex 199.3432665133304 -13.515193627391469 48
    endloop
  endfacet
  facet normal 0.897361983805831 -0.4374235491954623 0.05832759749302471
    outer loop
      vertex 197.6888870533202 -19.273357371109412 48
      vertex 196.9004993525495 -19.823964149529317 56
      vertex 194.47228820542264 -24.805370331461955 56
    endloop
  endfacet
  facet normal 0.9298581392782534 -0.34103944348165643 0.1380432497723319
    outer loop
      vertex 194.47228820542264 -24.805370331461955 56
      vertex 195.58808851620373 -25.00127141758736 48
      vertex 197.6888870533202 -19.273357371109412 48
    endloop
  endfacet
  facet normal 0.8570635371802041 -0.49808408259398923 0.1317358717383431
    outer loop
      vertex 195.58808851620373 -25.00127141758736 48
      vertex 194.47228820542264 -24.805370331461955 56
      vertex 191.60312614892885 -29.742396562204373 56
    endloop
  endfacet
  facet normal 0.8924487639215274 -0.40086964290949084 0.20697519940455453
    outer loop
      vertex 191.60312614892885 -29.742396562204373 56
      vertex 193.03554219237085 -30.683958674779895 48
      vertex 195.58808851620373 -25.00127141758736 48
    endloop
  endfacet
  facet normal 0.8089261464192614 -0.5493191643174763 0.20949211286545605
    outer loop
      vertex 193.03554219237085 -30.683958674779895 48
      vertex 191.60312614892885 -29.742396562204373 56
      vertex 188.2897269157785 -34.621700703269795 56
    endloop
  endfacet
  facet normal 0.8465873820304002 -0.4531642930517611 0.2791629060061723
    outer loop
      vertex 188.2897269157785 -34.621700703269795 56
      vertex 190.02591937221152 -36.306442050641586 48
      vertex 193.03554219237085 -30.683958674779895 48
    endloop
  endfacet
  facet normal 0.7543057027859292 -0.590004965321885 0.28795320390672313
    outer loop
      vertex 190.02591937221152 -36.306442050641586 48
      vertex 188.2897269157785 -34.621700703269795 56
      vertex 184.52880423868191 -39.42994061617149 56
    endloop
  endfacet
  facet normal 0.7936041308813937 -0.4967127414599124 0.35138146780865676
    outer loop
      vertex 184.52880423868191 -39.42994061617149 56
      vertex 186.5538913461156 -41.85374445312702 48
      vertex 190.02591937221152 -36.306442050641586 48
    endloop
  endfacet
  facet normal 0.6952589898205269 -0.6198873810933138 0.36380567867339986
    outer loop
      vertex 186.5538913461156 -41.85374445312702 48
      vertex 184.52880423868191 -39.42994061617149 56
      vertex 180.31707185034946 -44.15377416242272 56
    endloop
  endfacet
  facet normal 0.7355256390114389 -0.5310095794971829 0.4207503545322804
    outer loop
      vertex 180.31707185034946 -44.15377416242272 56
      vertex 182.61412940447295 -47.310888790190766 48
      vertex 186.5538913461156 -41.85374445312702 48
    endloop
  endfacet
  facet normal 0.6341442312558461 -0.6395922505912979 0.43449148086986783
    outer loop
      vertex 182.61412940447295 -47.310888790190766 48
      vertex 180.31707185034946 -44.15377416242272 56
      vertex 175.65124348349153 -48.77985920353673 56
    endloop
  endfacet
  facet normal 0.6747007140263316 -0.5563024625299419 0.4850840305302587
    outer loop
      vertex 175.65124348349153 -48.77985920353673 56
      vertex 178.20130483767358 -52.66289796978742 48
      vertex 182.61412940447295 -47.310888790190766 48
    endloop
  endfacet
  facet normal 0.5731964620030563 -0.6504119249656681 0.49840760809766227
    outer loop
      vertex 178.20130483767358 -52.66289796978742 48
      vertex 175.65124348349153 -48.77985920353673 56
      vertex 170.52803287081846 -53.29485360102678 56
    endloop
  endfacet
  facet normal -0.28159965517256424 -0.9010370046828142 -0.3298999096679399
    outer loop
      vertex 172.26126134308447 -50.90746803746118 48
      vertex 170.52803287081846 -53.29485360102678 56
      vertex 164.84376510845786 -51.51835848099256 56
    endloop
  endfacet
  facet normal -0.26769769920487163 -0.9058384771707564 -0.32832087219271217
    outer loop
      vertex 170.52803287081846 -53.29485360102678 56
      vertex 172.26126134308447 -50.90746803746118 48
      vertex 178.20130483767358 -52.66289796978742 48
    endloop
  endfacet
  facet normal -0.2826440294772619 -0.904378698743821 -0.3197053672669412
    outer loop
      vertex 166.32121784849534 -49.15203810513493 48
      vertex 164.84376510845786 -51.51835848099256 56
      vertex 159.15949734609723 -49.74186336095833 56
    endloop
  endfacet
  facet normal -0.2686485893292886 -0.9090561098393117 -0.3185041987402998
    outer loop
      vertex 164.84376510845786 -51.51835848099256 56
      vertex 166.32121784849534 -49.15203810513493 48
      vertex 172.26126134308447 -50.90746803746118 48
    endloop
  endfacet
  facet normal -0.2836628544422107 -0.9076386423476251 -0.3093985777715485
    outer loop
      vertex 160.38117435390623 -47.39660817280868 48
      vertex 159.15949734609723 -49.74186336095833 56
      vertex 153.47522958373662 -47.9653682409241 56
    endloop
  endfacet
  facet normal -0.26957693637540225 -0.9121974609866516 -0.3085839716251621
    outer loop
      vertex 159.15949734609723 -49.74186336095833 56
      vertex 160.38117435390623 -47.39660817280868 48
      vertex 166.32121784849534 -49.15203810513493 48
    endloop
  endfacet
  facet normal -0.28465512840153767 -0.9108136304547302 -0.2989815854740525
    outer loop
      vertex 154.4411308593171 -45.64117824048244 48
      vertex 153.47522958373662 -47.9653682409241 56
      vertex 147.79096182137602 -46.18887312088988 56
    endloop
  endfacet
  facet normal -0.2704818949175481 -0.9152596698519352 -0.298562022474961
    outer loop
      vertex 153.47522958373662 -47.9653682409241 56
      vertex 154.4411308593171 -45.64117824048244 48
      vertex 160.38117435390623 -47.39660817280868 48
    endloop
  endfacet
  facet normal -0.2856198562879268 -0.9139004791390879 -0.2884566031891269
    outer loop
      vertex 148.501087364728 -43.885748308156195 48
      vertex 147.79096182137602 -46.18887312088988 56
      vertex 142.1066940590154 -44.412378000855654 56
    endloop
  endfacet
  facet normal -0.27136262503434955 -0.9182398942997745 -0.28844032701896294
    outer loop
      vertex 147.79096182137602 -46.18887312088988 56
      vertex 148.501087364728 -43.885748308156195 48
      vertex 154.4411308593171 -45.64117824048244 48
    endloop
  endfacet
  facet normal -0.28655605197311385 -0.9168960330770438 -0.2778260131902031
    outer loop
      vertex 142.56104387013886 -42.130318375829944 48
      vertex 142.1066940590154 -44.412378000855654 56
      vertex 136.42242629665478 -42.63588288082143 56
    endloop
  endfacet
  facet normal -0.27221829413889914 -0.9211353170132669 -0.2782210058334489
    outer loop
      vertex 142.1066940590154 -44.412378000855654 56
      vertex 142.56104387013886 -42.130318375829944 48
      vertex 148.501087364728 -43.885748308156195 48
    endloop
  endfacet
  facet normal -0.287462740668441 -0.9197971732283534 -0.26709236763434313
    outer loop
      vertex 136.62100037554976 -40.37488844350369 48
      vertex 136.42242629665478 -42.63588288082143 56
      vertex 130.73815853429417 -40.8593877607872 56
    endloop
  endfacet
  facet normal -0.27304807885377735 -0.9239431518386548 -0.2679063246821807
    outer loop
      vertex 136.42242629665478 -42.63588288082143 56
      vertex 136.62100037554976 -40.37488844350369 48
      vertex 142.56104387013886 -42.130318375829944 48
    endloop
  endfacet
  facet normal -0.28833896137639853 -0.9226008246804734 -0.2562583884505836
    outer loop
      vertex 130.68095688096062 -38.61945851117744 48
      vertex 130.73815853429417 -40.8593877607872 56
      vertex 125.05389077193352 -39.08289264075297 56
    endloop
  endfacet
  facet normal -0.27385116692434175 -0.9266606502595827 -0.25749869443293044
    outer loop
      vertex 130.73815853429417 -40.8593877607872 56
      vertex 130.68095688096062 -38.61945851117744 48
      vertex 136.62100037554976 -40.37488844350369 48
    endloop
  endfacet
  facet normal -0.2891837693834167 -0.9253039646246871 -0.24532696666904477
    outer loop
      vertex 124.7409133863715 -36.8640285788512 48
      vertex 125.05389077193352 -39.08289264075297 56
      vertex 119.36962300957292 -37.30639752071875 56
    endloop
  endfacet
  facet normal -0.2746267591632668 -0.9292851079770024 -0.24700067053279898
    outer loop
      vertex 125.05389077193352 -39.08289264075297 56
      vertex 124.7409133863715 -36.8640285788512 48
      vertex 130.68095688096062 -38.61945851117744 48
    endloop
  endfacet
  facet normal -0.2899962387832464 -0.9279036304302812 -0.23430116117056357
    outer loop
      vertex 118.80086989178237 -35.108598646524946 48
      vertex 119.36962300957292 -37.30639752071875 56
      vertex 113.68535524721229 -35.52990240068451 56
    endloop
  endfacet
  facet normal -0.27537407141868386 -0.9318138715690255 -0.23641495202681465
    outer loop
      vertex 119.36962300957292 -37.30639752071875 56
      vertex 118.80086989178237 -35.108598646524946 48
      vertex 124.7409133863715 -36.8640285788512 48
    endloop
  endfacet
  facet normal -0.29077546501973917 -0.9303969277806287 -0.22318419683956608
    outer loop
      vertex 112.86082639719326 -33.3531687141987 48
      vertex 113.68535524721229 -35.52990240068451 56
      vertex 108.00108748485168 -33.75340728065029 56
    endloop
  endfacet
  facet normal -0.2760923365578605 -0.9342443452033112 -0.2257443801064761
    outer loop
      vertex 113.68535524721229 -35.52990240068451 56
      vertex 112.86082639719326 -33.3531687141987 48
      vertex 118.80086989178237 -35.108598646524946 48
    endloop
  endfacet
  facet normal -0.2915205674370243 -0.9327810388330396 -0.21197946210600407
    outer loop
      vertex 106.92078290260415 -31.597738781872454 48
      vertex 108.00108748485168 -33.75340728065029 56
      vertex 102.31681972249108 -31.97691216061607 56
    endloop
  endfacet
  facet normal -0.2767808064578554 -0.93657399737306 -0.2149919361771193
    outer loop
      vertex 108.00108748485168 -33.75340728065029 56
      vertex 106.92078290260415 -31.597738781872454 48
      vertex 112.86082639719326 -33.3531687141987 48
    endloop
  endfacet
  facet normal -0.29223069182461064 -0.93505323036236 -0.20069050586568576
    outer loop
      vertex 100.98073940801503 -29.842308849546207 48
      vertex 102.31681972249108 -31.97691216061607 56
      vertex 96.63255196013046 -30.20041704058184 56
    endloop
  endfacet
  facet normal -0.2774387539941902 -0.9388003676263048 -0.20416073943553928
    outer loop
      vertex 102.31681972249108 -31.97691216061607 56
      vertex 100.98073940801503 -29.842308849546207 48
      vertex 106.92078290260415 -31.597738781872454 48
    endloop
  endfacet
  facet normal -0.2929050129444244 -0.9372108618467428 -0.18932103377203452
    outer loop
      vertex 95.0406959134259 -28.086878917219963 48
      vertex 96.63255196013046 -30.20041704058184 56
      vertex 90.94828419776985 -28.423921920547617 56
    endloop
  endfacet
  facet normal -0.27806547501822954 -0.9409210732569971 -0.19325404395196194
    outer loop
      vertex 96.63255196013046 -30.20041704058184 56
      vertex 95.0406959134259 -28.086878917219963 48
      vertex 100.98073940801503 -29.842308849546207 48
    endloop
  endfacet
  facet normal -0.293542737026384 -0.9392513934527599 -0.17787490389627247
    outer loop
      vertex 89.10065241883679 -26.33144898489371 48
      vertex 90.94828419776985 -28.423921920547617 56
      vertex 85.26401643540923 -26.64742680051339 56
    endloop
  endfacet
  facet normal -0.2786602903136764 -0.9429338159254056 -0.18227523525331385
    outer loop
      vertex 90.94828419776985 -28.423921920547617 56
      vertex 89.10065241883679 -26.33144898489371 48
      vertex 95.0406959134259 -28.086878917219963 48
    endloop
  endfacet
  facet normal -0.29414310421883033 -0.9411723938760743 -0.16635612175718115
    outer loop
      vertex 83.16060892424767 -24.576019052567464 48
      vertex 85.26401643540923 -26.64742680051339 56
      vertex 79.57974867304861 -24.870931680479163 56
    endloop
  endfacet
  facet normal -0.2792225475223446 -0.9448363881745941 -0.1712278264077416
    outer loop
      vertex 85.26401643540923 -26.64742680051339 56
      vertex 83.16060892424767 -24.576019052567464 48
      vertex 89.10065241883679 -26.33144898489371 48
    endloop
  endfacet
  facet normal -0.2947053909799584 -0.942971547993323 -0.15476883472594144
    outer loop
      vertex 77.22056542965855 -22.82058912024122 48
      vertex 79.57974867304861 -24.870931680479163 56
      vertex 73.89548091068801 -23.09443656044494 56
    endloop
  endfacet
  facet normal -0.27975162302926476 -0.9466266798092288 -0.1601154536134729
    outer loop
      vertex 79.57974867304861 -24.870931680479163 56
      vertex 77.22056542965855 -22.82058912024122 48
      vertex 83.16060892424767 -24.576019052567464 48
    endloop
  endfacet
  facet normal -0.29522891239632115 -0.9446466642806559 -0.14311732581597222
    outer loop
      vertex 71.28052193506943 -21.065159187914972 48
      vertex 73.89548091068801 -23.09443656044494 56
      vertex 68.21121314832739 -21.317941440410713 56
    endloop
  endfacet
  facet normal -0.2802469237970467 -0.9483026841027332 -0.14894187129831601
    outer loop
      vertex 73.89548091068801 -23.09443656044494 56
      vertex 71.28052193506943 -21.065159187914972 48
      vertex 77.22056542965855 -22.82058912024122 48
    endloop
  endfacet
  facet normal -0.2957130244145473 -0.9461956819545815 -0.13140600687223436
    outer loop
      vertex 65.34047844048033 -19.309729255588724 48
      vertex 68.21121314832739 -21.317941440410713 56
      vertex 62.526945385966776 -19.54144632037649 56
    endloop
  endfacet
  facet normal -0.28070788913948413 -0.9498625037988369 -0.13771094673939305
    outer loop
      vertex 68.21121314832739 -21.317941440410713 56
      vertex 65.34047844048033 -19.309729255588724 48
      vertex 71.28052193506943 -21.065159187914972 48
    endloop
  endfacet
  facet normal -0.296157125972604 -0.947616677791386 -0.11963941117902316
    outer loop
      vertex 59.400434945891185 -17.554299323262473 48
      vertex 62.526945385966776 -19.54144632037649 56
      vertex 56.84267762360614 -17.764951200342256 56
    endloop
  endfacet
  facet normal -0.2811339924244593 -0.9513043568738795 -0.12642665421602586
    outer loop
      vertex 62.526945385966776 -19.54144632037649 56
      vertex 59.400434945891185 -17.554299323262473 48
      vertex 65.34047844048033 -19.309729255588724 48
    endloop
  endfacet
  facet normal -0.2965606610172538 -0.9489078725824219 -0.10782218550980771
    outer loop
      vertex 53.46039145130207 -15.798869390936227 48
      vertex 56.84267762360614 -17.764951200342256 56
      vertex 51.15840986124554 -15.988456080308035 56
    endloop
  endfacet
  facet normal -0.28152474269639494 -0.9526265820268603 -0.1150930687120216
    outer loop
      vertex 56.84267762360614 -17.764951200342256 56
      vertex 53.46039145130207 -15.798869390936227 48
      vertex 59.400434945891185 -17.554299323262473 48
    endloop
  endfacet
  facet normal -0.2969231203948331 -0.9500676371840255 -0.09595908164711778
    outer loop
      vertex 47.52034795671294 -14.043439458609976 48
      vertex 51.15840986124554 -15.988456080308035 56
      vertex 45.474142098884904 -14.211960960273803 56
    endloop
  endfacet
  facet normal -0.2818796862087445 -0.9538276438651335 -0.10371435918689315
    outer loop
      vertex 51.15840986124554 -15.988456080308035 56
      vertex 47.52034795671294 -14.043439458609976 48
      vertex 53.46039145130207 -15.798869390936227 48
    endloop
  endfacet
  facet normal -0.2972440436030266 -0.9510944981227109 -0.08405494740484305
    outer loop
      vertex 41.580304462123856 -12.288009526283737 48
      vertex 45.474142098884904 -14.211960960273803 56
      vertex 39.78987433652432 -12.435465840239587 56
    endloop
  endfacet
  facet normal -0.28219840785742994 -0.9549061377548599 -0.09229478143875905
    outer loop
      vertex 45.474142098884904 -14.211960960273803 56
      vertex 41.580304462123856 -12.288009526283737 48
      vertex 47.52034795671294 -14.043439458609976 48
    endloop
  endfacet
  facet normal -0.2975230203920804 -0.9519871427185677 -0.07211471718942677
    outer loop
      vertex 35.640260967534715 -10.532579593957486 48
      vertex 39.78987433652432 -12.435465840239587 56
      vertex 34.105606574163694 -10.658970720205357 56
    endloop
  endfacet
  facet normal -0.28248053250651267 -0.9558607943068479 -0.08083867058480719
    outer loop
      vertex 39.78987433652432 -12.435465840239587 56
      vertex 35.640260967534715 -10.532579593957486 48
      vertex 41.580304462123856 -12.288009526283737 48
    endloop
  endfacet
  facet normal -0.29775969220469073 -0.9527444236924973 -0.060143402140375425
    outer loop
      vertex 29.700217472945578 -8.777149661631233 48
      vertex 34.105606574163694 -10.658970720205357 56
      vertex 28.42133881180306 -8.882475600171125 56
    endloop
  endfacet
  facet normal -0.28272572619797376 -0.9566904834702 -0.06935043318814392
    outer loop
      vertex 34.105606574163694 -10.658970720205357 56
      vertex 29.700217472945578 -8.777149661631233 48
      vertex 35.640260967534715 -10.532579593957486 48
    endloop
  endfacet
  facet normal -0.2979537534447955 -0.9533653632259712 -0.04814607989410695
    outer loop
      vertex 23.76017397835647 -7.021719729304988 48
      vertex 28.42133881180306 -8.882475600171125 56
      vertex 22.737071049442452 -7.1059804801369015 56
    endloop
  endfacet
  facet normal -0.28293369723804235 -0.9573942182082679 -0.05783453906266771
    outer loop
      vertex 28.42133881180306 -8.882475600171125 56
      vertex 23.76017397835647 -7.021719729304988 48
      vertex 29.700217472945578 -8.777149661631233 48
    endloop
  endfacet
  facet normal -0.29810495256654584 -0.9538491564454229 -0.03612788401847674
    outer loop
      vertex 17.820130483767358 -5.266289796978743 48
      vertex 22.737071049442452 -7.1059804801369015 56
      vertex 17.052803287081847 -5.329485360102678 56
    endloop
  endfacet
  facet normal -0.28310419715324786 -0.9579711577337341 -0.046295512790162655
    outer loop
      vertex 22.737071049442452 -7.1059804801369015 56
      vertex 17.820130483767358 -5.266289796978743 48
      vertex 23.76017397835647 -7.021719729304988 48
    endloop
  endfacet
  facet normal -0.29821309297590215 -0.9541951743070993 -0.02409399316821621
    outer loop
      vertex 11.880086989178247 -3.5108598646524976 48
      vertex 17.052803287081847 -5.329485360102678 56
      vertex 11.368535524721239 -3.5529902400684548 56
    endloop
  endfacet
  facet normal -0.28323702151008934 -0.9584206102822234 -0.03473792498615767
    outer loop
      vertex 17.052803287081847 -5.329485360102678 56
      vertex 11.880086989178247 -3.5108598646524976 48
      vertex 17.820130483767358 -5.266289796978743 48
    endloop
  endfacet
  facet normal -0.29827803373855893 -0.9544029658622069 -0.012049620014012165
    outer loop
      vertex 5.940043494589111 -1.755429932326245 48
      vertex 11.368535524721239 -3.5529902400684548 56
      vertex 5.684267762360607 -1.7764951200342236 56
    endloop
  endfacet
  facet normal -0.2833320105930617 -0.9587420354066197 -0.02316638335314615
    outer loop
      vertex 11.368535524721239 -3.5529902400684548 56
      vertex 5.940043494589111 -1.755429932326245 48
      vertex 11.880086989178247 -3.5108598646524976 48
    endloop
  endfacet
  facet normal -0.2982996900892097 -0.9544722598864156 0
    outer loop
      vertex 0 0 48
      vertex 5.684267762360607 -1.7764951200342236 56
      vertex 0 0 56
    endloop
  endfacet
  facet normal -0.2833890499366544 -0.9589350457772444 -0.011585523561518088
    outer loop
      vertex 5.684267762360607 -1.7764951200342236 56
      vertex 0 0 48
      vertex 5.940043494589111 -1.755429932326245 48
    endloop
  endfacet
  facet normal -0.5161829794135484 0.8523383790374058 0.08410956772947793
    outer loop
      vertex 3.483323764772991 2.898976558803913 56
      vertex 0 0 64
      vertex 3.918568348616487 2.373116516833179 64
    endloop
  endfacet
  facet normal -0.6396902881489551 0.7686327700845879 0
    outer loop
      vertex 0 0 64
      vertex 3.483323764772991 2.898976558803913 56
      vertex 0 0 56
    endloop
  endfacet
  facet normal -0.5107911116516324 0.8434351489591944 0.16646197691326145
    outer loop
      vertex 6.966647529545982 5.797953117607826 56
      vertex 3.918568348616487 2.373116516833179 64
      vertex 7.837136697232974 4.746233033666358 64
    endloop
  endfacet
  facet normal -0.6373742386130684 0.7658498740434848 0.0850179415181873
    outer loop
      vertex 3.918568348616487 2.373116516833179 64
      vertex 6.966647529545982 5.797953117607826 56
      vertex 3.483323764772991 2.898976558803913 56
    endloop
  endfacet
  facet normal -0.5021683434905704 0.8291969494634165 0.2454778478732879
    outer loop
      vertex 10.449971294318974 8.69692967641174 56
      vertex 7.837136697232974 4.746233033666358 64
      vertex 11.75570504584946 7.119349550499537 64
    endloop
  endfacet
  facet normal -0.6305741715134632 0.7576791162434016 0.16822179118273456
    outer loop
      vertex 7.837136697232974 4.746233033666358 64
      vertex 10.449971294318974 8.69692967641174 56
      vertex 6.966647529545982 5.797953117607826 56
    endloop
  endfacet
  facet normal -0.49079856666555766 0.8104227985604591 0.3198931923821889
    outer loop
      vertex 13.933295059091964 11.595906235215653 56
      vertex 11.75570504584946 7.119349550499537 64
      vertex 15.674273394465947 9.492466067332716 64
    endloop
  endfacet
  facet normal -0.619708874378239 0.7446236992868526 0.24798479283459945
    outer loop
      vertex 11.75570504584946 7.119349550499537 64
      vertex 13.933295059091964 11.595906235215653 56
      vertex 10.449971294318974 8.69692967641174 56
    endloop
  endfacet
  facet normal -0.4772549683712982 0.7880591618718212 0.38883216502083984
    outer loop
      vertex 17.416618823864958 14.494882794019567 56
      vertex 15.674273394465947 9.492466067332716 64
      vertex 19.592841743082435 11.865582584165896 64
    endloop
  endfacet
  facet normal -0.6053996721119397 0.7274301886467708 0.32301169893996
    outer loop
      vertex 15.674273394465947 9.492466067332716 64
      vertex 17.416618823864958 14.494882794019567 56
      vertex 13.933295059091964 11.595906235215653 56
    endloop
  endfacet
  facet normal -0.4621310856664464 0.763086107386277 0.45181240838960024
    outer loop
      vertex 20.89994258863795 17.39385935282348 56
      vertex 19.592841743082435 11.865582584165896 64
      vertex 23.51141009169892 14.238699100999074 64
    endloop
  endfacet
  facet normal -0.5883800200423907 0.7069798823681683 0.3924135547373547
    outer loop
      vertex 19.592841743082435 11.865582584165896 64
      vertex 20.89994258863795 17.39385935282348 56
      vertex 17.416618823864958 14.494882794019567 56
    endloop
  endfacet
  facet normal -0.4459853862518548 0.7364257954110685 0.508698420582332
    outer loop
      vertex 24.38326635341094 20.292835911627392 56
      vertex 23.51141009169892 14.238699100999074 64
      vertex 27.42997844031541 16.611815617832253 64
    endloop
  endfacet
  facet normal -0.5694061206699771 0.6841814108201236 0.45571094657880723
    outer loop
      vertex 23.51141009169892 14.238699100999074 64
      vertex 24.38326635341094 20.292835911627392 56
      vertex 20.89994258863795 17.39385935282348 56
    endloop
  endfacet
  facet normal -0.42930537769605914 0.7088832145399794 0.5596261974074386
    outer loop
      vertex 27.86659011818394 23.191812470431312 56
      vertex 27.42997844031541 16.611815617832253 64
      vertex 31.348546788931905 18.98493213466544 64
    endloop
  endfacet
  facet normal -0.5491858593203164 0.6598853478956781 0.5127828190912853
    outer loop
      vertex 27.42997844031541 16.611815617832253 64
      vertex 27.86659011818394 23.191812470431312 56
      vertex 24.38326635341094 20.292835911627392 56
    endloop
  endfacet
  facet normal -0.41249077664754197 0.6811183901009091 0.6049207368300855
    outer loop
      vertex 31.349913882956933 26.090789029235225 56
      vertex 31.348546788931905 18.98493213466544 64
      vertex 35.267115137548394 21.358048651498617 64
    endloop
  endfacet
  facet normal -0.5283335849042392 0.6348298769217915 0.5637859970145571
    outer loop
      vertex 31.348546788931905 18.98493213466544 64
      vertex 31.349913882956933 26.090789029235225 56
      vertex 27.86659011818394 23.191812470431312 56
    endloop
  endfacet
  facet normal -0.3958514862630743 0.653643044418757 0.6450212177179087
    outer loop
      vertex 34.83323764772992 28.989765588039138 56
      vertex 35.267115137548394 21.358048651498617 64
      vertex 39.185683486164876 23.731165168331795 64
    endloop
  endfacet
  facet normal -0.5073497240841165 0.609616295649654 0.6090683291307836
    outer loop
      vertex 35.267115137548394 21.358048651498617 64
      vertex 34.83323764772992 28.989765588039138 56
      vertex 31.349913882956933 26.090789029235225 56
    endloop
  endfacet
  facet normal -0.37961503712323585 0.6268328835008283 0.6804211635097496
    outer loop
      vertex 38.316561412502914 31.888742146843054 56
      vertex 39.185683486164876 23.731165168331795 64
      vertex 43.104251834781365 26.104281685164977 64
    endloop
  endfacet
  facet normal -0.48661937897578966 0.5847073312951523 0.6490908385849531
    outer loop
      vertex 39.185683486164876 23.731165168331795 64
      vertex 38.316561412502914 31.888742146843054 56
      vertex 34.83323764772992 28.989765588039138 56
    endloop
  endfacet
  facet normal -0.36393878080211345 0.6009477314617195 0.7116251737251037
    outer loop
      vertex 41.799885177275904 34.78771870564697 56
      vertex 43.104251834781365 26.104281685164977 64
      vertex 47.022820183397855 28.477398201998156 64
    endloop
  endfacet
  facet normal -0.4664228059680678 0.5604397315758244 0.6843661836649237
    outer loop
      vertex 43.104251834781365 26.104281685164977 64
      vertex 41.799885177275904 34.78771870564697 56
      vertex 38.316561412502914 31.888742146843054 56
    endloop
  endfacet
  facet normal -0.34892345232969013 0.5761539253090256 0.739120476489004
    outer loop
      vertex 45.2832089420489 37.68669526445088 56
      vertex 47.022820183397855 28.477398201998156 64
      vertex 50.941388532014344 30.850514718831334 64
    endloop
  endfacet
  facet normal -0.44695164824343925 0.5370437692235713 0.7154147147428631
    outer loop
      vertex 47.022820183397855 28.477398201998156 64
      vertex 45.2832089420489 37.68669526445088 56
      vertex 41.799885177275904 34.78771870564697 56
    endloop
  endfacet
  facet normal -0.3346260527300835 0.5525455870158403 0.7633601896245337
    outer loop
      vertex 48.766532706821884 40.58567182325479 56
      vertex 50.941388532014344 30.850514718831334 64
      vertex 54.859956880630826 33.22363123566451 64
    endloop
  endfacet
  facet normal -0.4283266079217416 0.5146644763053855 0.7427360189027847
    outer loop
      vertex 50.941388532014344 30.850514718831334 64
      vertex 48.766532706821884 40.58567182325479 56
      vertex 45.2832089420489 37.68669526445088 56
    endloop
  endfacet
  facet normal -0.3210710393406564 0.5301631013451575 0.7847550405501036
    outer loop
      vertex 52.24985647159488 43.48464838205871 56
      vertex 54.859956880630826 33.22363123566451 64
      vertex 58.778525229247315 35.59674775249769 64
    endloop
  endfacet
  facet normal -0.4106140072719517 0.4933815436814664 0.7667925334707967
    outer loop
      vertex 54.859956880630826 33.22363123566451 64
      vertex 52.24985647159488 43.48464838205871 56
      vertex 48.766532706821884 40.58567182325479 56
    endloop
  endfacet
  facet normal -0.30825949386189677 0.5090082544365341 0.8036707543263472
    outer loop
      vertex 55.73318023636787 46.38362494086262 56
      vertex 58.778525229247315 35.59674775249769 64
      vertex 62.697093577863804 37.96986426933088 64
    endloop
  endfacet
  facet normal -0.3938400262584182 0.4732264284160988 0.7880017646968256
    outer loop
      vertex 58.778525229247315 35.59674775249769 64
      vertex 55.73318023636787 46.38362494086262 56
      vertex 52.24985647159488 43.48464838205871 56
    endloop
  endfacet
  facet normal -0.296176326407211 0.4890561293709918 0.8204289646280126
    outer loop
      vertex 59.21650400114086 49.282601499666534 56
      vertex 62.697093577863804 37.96986426933088 64
      vertex 66.61566192648029 40.34298078616405 64
    endloop
  endfacet
  facet normal -0.37800226509889356 0.45419624700251204 0.8067341921531148
    outer loop
      vertex 62.697093577863804 37.96986426933088 64
      vertex 59.21650400114086 49.282601499666534 56
      vertex 55.73318023636787 46.38362494086262 56
    endloop
  endfacet
  facet normal -0.28479575839160237 0.47026415969781427 0.8353101197195331
    outer loop
      vertex 62.69982776591385 52.18157805847044 56
      vertex 66.61566192648029 40.34298078616405 64
      vertex 70.53423027509677 42.716097302997234 64
    endloop
  endfacet
  facet normal -0.3630787581159616 0.43626460613790036 0.823314647529311
    outer loop
      vertex 66.61566192648029 40.34298078616405 64
      vertex 62.69982776591385 52.18157805847044 56
      vertex 59.21650400114086 49.282601499666534 56
    endloop
  endfacet
  facet normal -0.2740853876126776 0.45257884183055613 0.8485573594192208
    outer loop
      vertex 66.18315153068684 55.08055461727435 56
      vertex 70.53423027509677 42.716097302997234 64
      vertex 74.45279862371326 45.089213819830405 64
    endloop
  endfacet
  facet normal -0.3490347827726238 0.4193897842574784 0.8380256137346478
    outer loop
      vertex 70.53423027509677 42.716097302997234 64
      vertex 66.18315153068684 55.08055461727435 56
      vertex 62.69982776591385 52.18157805847044 56
    endloop
  endfacet
  facet normal -0.2640091327138174 0.43594059704181654 0.8603807143901603
    outer loop
      vertex 69.66647529545985 57.979531176078275 56
      vertex 74.45279862371326 45.089213819830405 64
      vertex 78.37136697232975 47.46233033666359 64
    endloop
  endfacet
  facet normal -0.335827870686354 0.40352075261951553 0.8511114166051641
    outer loop
      vertex 74.45279862371326 45.089213819830405 64
      vertex 69.66647529545985 57.979531176078275 56
      vertex 66.18315153068684 55.08055461727435 56
    endloop
  endfacet
  facet normal -0.25452931774470733 0.4202872135584535 0.87096124169086
    outer loop
      vertex 73.14979906023284 60.878507734882184 56
      vertex 78.37136697232975 47.46233033666359 64
      vertex 82.28993532094624 49.83544685349677 64
    endloop
  endfacet
  facet normal -0.3234114095062403 0.3886015032134716 0.862782667826271
    outer loop
      vertex 78.37136697232975 47.46233033666359 64
      vertex 73.14979906023284 60.878507734882184 56
      vertex 69.66647529545985 57.979531176078275 56
    endloop
  endfacet
  facet normal -0.24560811152591724 0.4055562232878684 0.8804548854456729
    outer loop
      vertex 76.63312282500583 63.77748429368611 56
      vertex 82.28993532094624 49.83544685349677 64
      vertex 86.20850366956273 52.208563370329955 64
    endloop
  endfacet
  facet normal -0.311737171615582 0.37457408717361 0.8732205844179203
    outer loop
      vertex 82.28993532094624 49.83544685349677 64
      vertex 76.63312282500583 63.77748429368611 56
      vertex 73.14979906023284 60.878507734882184 56
    endloop
  endfacet
  facet normal -0.23720849160546414 0.39168649353493834 0.8889959630350213
    outer loop
      vertex 80.1164465897788 66.67646085249001 56
      vertex 86.20850366956273 52.208563370329955 64
      vertex 90.1270720181792 54.58167988716312 64
    endloop
  endfacet
  facet normal -0.3007570432384819 0.36138069242191606 0.8825809855685213
    outer loop
      vertex 86.20850366956273 52.208563370329955 64
      vertex 80.1164465897788 66.67646085249001 56
      vertex 76.63312282500583 63.77748429368611 56
    endloop
  endfacet
  facet normal -0.2292948633774333 0.37861924931109986 0.8967002451654753
    outer loop
      vertex 83.59977035455181 69.57543741129393 56
      vertex 90.1270720181792 54.58167988716312 64
      vertex 94.04564036679571 56.95479640399631 64
    endloop
  endfacet
  facet normal -0.29042416834562496 0.3489650181511437 0.8909978779702699
    outer loop
      vertex 90.1270720181792 54.58167988716312 64
      vertex 83.59977035455181 69.57543741129393 56
      vertex 80.1164465897788 66.67646085249001 56
    endloop
  endfacet
  facet normal -0.22183343276069198 0.3662986887137728 0.9036676373292218
    outer loop
      vertex 87.08309411932481 72.47441397009786 56
      vertex 94.04564036679571 56.95479640399631 64
      vertex 97.9642087154122 59.3279129208295 64
    endloop
  endfacet
  facet normal -0.2806936709644838 0.33727314273122827 0.8985866069960551
    outer loop
      vertex 94.04564036679571 56.95479640399631 64
      vertex 87.08309411932481 72.47441397009786 56
      vertex 83.59977035455181 69.57543741129393 56
    endloop
  endfacet
  facet normal -0.21479240545664433 0.3546723119473259 0.9099844909096458
    outer loop
      vertex 90.5664178840978 75.37339052890177 56
      vertex 97.9642087154122 59.3279129208295 64
      vertex 101.88277706402869 61.70102943766267 64
    endloop
  endfacet
  facet normal -0.2715230783400106 0.32625403216654736 0.9054465883882019
    outer loop
      vertex 97.9642087154122 59.3279129208295 64
      vertex 90.5664178840978 75.37339052890177 56
      vertex 87.08309411932481 72.47441397009786 56
    endloop
  endfacet
  facet normal -0.2081420663045562 0.3436910523572074 0.9157255815822035
    outer loop
      vertex 94.04974164887078 78.27236708770567 56
      vertex 101.88277706402869 61.70102943766267 64
      vertex 105.80134541264516 64.07414595449585 64
    endloop
  endfacet
  facet normal -0.2628725352308364 0.3158597975878394 0.9116636542547267
    outer loop
      vertex 101.88277706402869 61.70102943766267 64
      vertex 94.04974164887078 78.27236708770567 56
      vertex 90.5664178840978 75.37339052890177 56
    endloop
  endfacet
  facet normal -0.20185477754565384 0.3333092735635891 0.9209557953227219
    outer loop
      vertex 97.53306541364377 81.17134364650958 56
      vertex 105.80134541264516 64.07414595449585 64
      vertex 109.71991376126165 66.44726247132903 64
    endloop
  endfacet
  facet normal -0.2547048751096875 0.30604578080450895 0.917312055217371
    outer loop
      vertex 105.80134541264516 64.07414595449585 64
      vertex 97.53306541364377 81.17134364650958 56
      vertex 94.04974164887078 78.27236708770567 56
    endloop
  endfacet
  facet normal -0.19590492386519284 0.3234846787129888 0.9257315612224353
    outer loop
      vertex 101.01638917841677 84.07032020531351 56
      vertex 109.71991376126165 66.44726247132903 64
      vertex 113.63848210987814 68.8203789881622 64
    endloop
  endfacet
  facet normal -0.24698559567329048 0.29677052487804506 0.922456162152717
    outer loop
      vertex 109.71991376126165 66.44726247132903 64
      vertex 101.01638917841677 84.07032020531351 56
      vertex 97.53306541364377 81.17134364650958 56
    endloop
  endfacet
  facet normal -0.1902688240254493 0.3141781645637663 0.9301020672567691
    outer loop
      vertex 104.49971294318976 86.96929676411742 56
      vertex 113.63848210987814 68.8203789881622 64
      vertex 117.55705045849463 71.19349550499538 64
    endloop
  endfacet
  facet normal -0.23968277248958383 0.28799567036310025 0.9271519090331503
    outer loop
      vertex 113.63848210987814 68.8203789881622 64
      vertex 104.49971294318976 86.96929676411742 56
      vertex 101.01638917841677 84.07032020531351 56
    endloop
  endfacet
  facet normal 0.17847618606440258 0.5582986266674782 0.8102153383324168
    outer loop
      vertex 105.63656649566188 86.61399774011058 56
      vertex 117.55705045849463 71.19349550499538 64
      vertex 118.6357397843279 70.84866149031713 64
    endloop
  endfacet
  facet normal 0.17376754143474135 0.5560055993304074 0.8128115495346753
    outer loop
      vertex 117.55705045849463 71.19349550499538 64
      vertex 105.63656649566188 86.61399774011058 56
      vertex 104.49971294318976 86.96929676411742 56
    endloop
  endfacet
  facet normal 0.1783941812516564 0.5580421040728224 0.8104100975293487
    outer loop
      vertex 106.77342004813401 86.25869871610372 56
      vertex 118.6357397843279 70.84866149031713 64
      vertex 119.71442911016115 70.50382747563889 64
    endloop
  endfacet
  facet normal 0.1736918532062402 0.5557634190100482 0.812993334671351
    outer loop
      vertex 118.6357397843279 70.84866149031713 64
      vertex 106.77342004813401 86.25869871610372 56
      vertex 105.63656649566188 86.61399774011058 56
    endloop
  endfacet
  facet normal 0.1783122320929467 0.5577857555717933 0.8106045884198009
    outer loop
      vertex 107.91027360060613 85.90339969209688 56
      vertex 119.71442911016115 70.50382747563889 64
      vertex 120.79311843599442 70.15899346096063 64
    endloop
  endfacet
  facet normal 0.17361621399170601 0.5555213955201601 0.8131748823952446
    outer loop
      vertex 119.71442911016115 70.50382747563889 64
      vertex 107.91027360060613 85.90339969209688 56
      vertex 106.77342004813401 86.25869871610372 56
    endloop
  endfacet
  facet normal 0.1782303385657692 0.5575295810940417 0.8107988114321787
    outer loop
      vertex 109.04712715307825 85.54810066809003 56
      vertex 120.79311843599442 70.15899346096063 64
      vertex 121.87180776182768 69.81415944628237 64
    endloop
  endfacet
  facet normal 0.17354062377126736 0.5552795287970924 0.8133561930667021
    outer loop
      vertex 120.79311843599442 70.15899346096063 64
      vertex 109.04712715307825 85.54810066809003 56
      vertex 107.91027360060613 85.90339969209688 56
    endloop
  endfacet
  facet normal 0.1781485006475458 0.5572735805689473 0.8109927669941924
    outer loop
      vertex 110.18398070555038 85.19280164408319 56
      vertex 121.87180776182768 69.81415944628237 64
      vertex 122.95049708766095 69.46932543160413 64
    endloop
  endfacet
  facet normal 0.17346508252492943 0.555037818776956 0.8135372670455474
    outer loop
      vertex 121.87180776182768 69.81415944628237 64
      vertex 110.18398070555038 85.19280164408319 56
      vertex 109.04712715307825 85.54810066809003 56
    endloop
  endfacet
  facet normal 0.1780667183156423 0.5570177539256307 0.8111864555328469
    outer loop
      vertex 111.3208342580225 84.83750262007635 56
      vertex 122.95049708766095 69.46932543160413 64
      vertex 124.0291864134942 69.12449141692588 64
    endloop
  endfacet
  facet normal 0.17338959023269718 0.5547962653956856 0.8137181046910148
    outer loop
      vertex 122.95049708766095 69.46932543160413 64
      vertex 111.3208342580225 84.83750262007635 56
      vertex 110.18398070555038 85.19280164408319 56
    endloop
  endfacet
  facet normal 0.17798499154727346 0.5567621010929076 0.8113798774744959
    outer loop
      vertex 112.45768781049462 84.4822035960695 56
      vertex 124.0291864134942 69.12449141692588 64
      vertex 125.10787573932747 68.77965740224762 64
    endloop
  endfacet
  facet normal 0.1733141468744703 0.5545548685889865 0.8138987063618093
    outer loop
      vertex 124.0291864134942 69.12449141692588 64
      vertex 112.45768781049462 84.4822035960695 56
      vertex 111.3208342580225 84.83750262007635 56
    endloop
  endfacet
  facet normal 0.17790332031961031 0.5565066219993436 0.811573033244783
    outer loop
      vertex 113.59454136296675 84.12690457206266 56
      vertex 125.10787573932747 68.77965740224762 64
      vertex 126.18656506516074 68.43482338756938 64
    endloop
  endfacet
  facet normal 0.17323875243006723 0.5543136282923504 0.8140790724160915
    outer loop
      vertex 125.10787573932747 68.77965740224762 64
      vertex 113.59454136296675 84.12690457206266 56
      vertex 112.45768781049462 84.4822035960695 56
    endloop
  endfacet
  facet normal 0.17782170460975213 0.5562513165732407 0.8117659232686592
    outer loop
      vertex 114.73139491543887 83.7716055480558 56
      vertex 126.18656506516074 68.43482338756938 64
      vertex 127.265254390994 68.08998937289113 64
    endloop
  endfacet
  facet normal 0.1731634068793064 0.5540725444410924 0.8142592032114377
    outer loop
      vertex 126.18656506516074 68.43482338756938 64
      vertex 114.73139491543887 83.7716055480558 56
      vertex 113.59454136296675 84.12690457206266 56
    endloop
  endfacet
  facet normal 0.1777401443946657 0.5559961847426089 0.8119585479704159
    outer loop
      vertex 115.868248467911 83.41630652404896 56
      vertex 127.265254390994 68.08998937289113 64
      vertex 128.34394371682725 67.74515535821287 64
    endloop
  endfacet
  facet normal 0.17308811020186002 0.553831616970286 0.8144390991049161
    outer loop
      vertex 127.265254390994 68.08998937289113 64
      vertex 115.868248467911 83.41630652404896 56
      vertex 114.73139491543887 83.7716055480558 56
    endloop
  endfacet
  facet normal 0.17765863965124698 0.5557412264351979 0.8121509077736542
    outer loop
      vertex 117.00510202038312 83.06100750004212 56
      vertex 128.34394371682725 67.74515535821287 64
      vertex 129.42263304266052 67.40032134353463 64
    endloop
  endfacet
  facet normal 0.17301286237741292 0.5535908458148345 0.8146187604530051
    outer loop
      vertex 128.34394371682725 67.74515535821287 64
      vertex 117.00510202038312 83.06100750004212 56
      vertex 115.868248467911 83.41630652404896 56
    endloop
  endfacet
  facet normal 0.17757719035635003 0.555486441578513 0.8123430031012675
    outer loop
      vertex 118.14195557285524 82.70570847603527 56
      vertex 129.42263304266052 67.40032134353463 64
      vertex 130.5013223684938 67.05548732885637 64
    endloop
  endfacet
  facet normal 0.17293766338554584 0.5533502309094227 0.8147981876116541
    outer loop
      vertex 129.42263304266052 67.40032134353463 64
      vertex 118.14195557285524 82.70570847603527 56
      vertex 117.00510202038312 83.06100750004212 56
    endloop
  endfacet
  facet normal 0.17749579648668057 0.5552318300997625 0.8125348343755038
    outer loop
      vertex 119.27880912532737 82.35040945202843 56
      vertex 130.5013223684938 67.05548732885637 64
      vertex 131.58001169432706 66.71065331417812 64
    endloop
  endfacet
  facet normal 0.17286251320575768 0.5531097721885198 0.8149773809362766
    outer loop
      vertex 130.5013223684938 67.05548732885637 64
      vertex 119.27880912532737 82.35040945202843 56
      vertex 118.14195557285524 82.70570847603527 56
    endloop
  endfacet
  facet normal 0.17741445801889022 0.5549773919259092 0.812726402017911
    outer loop
      vertex 120.41566267779949 81.99511042802158 56
      vertex 131.58001169432706 66.71065331417812 64
      vertex 132.65870102016032 66.36581929949988 64
    endloop
  endfacet
  facet normal 0.17278741181755172 0.5528694695864327 0.8151563407816983
    outer loop
      vertex 131.58001169432706 66.71065331417812 64
      vertex 120.41566267779949 81.99511042802158 56
      vertex 119.27880912532737 82.35040945202843 56
    endloop
  endfacet
  facet normal 0.17733317492957126 0.5547231269836621 0.8129177064493466
    outer loop
      vertex 121.5525162302716 81.63981140401474 56
      vertex 132.65870102016032 66.36581929949988 64
      vertex 133.7373903459936 66.02098528482162 64
    endloop
  endfacet
  facet normal 0.172712359200287 0.5526293230372257 0.8153350675022439
    outer loop
      vertex 132.65870102016032 66.36581929949988 64
      vertex 121.5525162302716 81.63981140401474 56
      vertex 120.41566267779949 81.99511042802158 56
    endloop
  endfacet
  facet normal 0.17725194719518192 0.5544690351994478 0.8131087480900141
    outer loop
      vertex 122.68936978274374 81.2845123800079 56
      vertex 133.7373903459936 66.02098528482162 64
      vertex 134.81607967182686 65.67615127014336 64
    endloop
  endfacet
  facet normal 0.17263735533332514 0.5523893324747955 0.8155135614516565
    outer loop
      vertex 133.7373903459936 66.02098528482162 64
      vertex 122.68936978274374 81.2845123800079 56
      vertex 121.5525162302716 81.63981140401474 56
    endloop
  endfacet
  facet normal 0.17717077479212906 0.5542151164994489 0.8132995273594219
    outer loop
      vertex 123.82622333521586 80.92921335600104 56
      vertex 134.81607967182686 65.67615127014336 64
      vertex 135.8947689976601 65.33131725546512 64
    endloop
  endfacet
  facet normal 0.17256240019595032 0.552149497832837 0.8156918229831405
    outer loop
      vertex 134.81607967182686 65.67615127014336 64
      vertex 123.82622333521586 80.92921335600104 56
      vertex 122.68936978274374 81.2845123800079 56
    endloop
  endfacet
  facet normal 0.1770896576967407 0.5539613708095914 0.813490044676399
    outer loop
      vertex 124.96307688768798 80.5739143319942 56
      vertex 135.8947689976601 65.33131725546512 64
      vertex 136.97345832349336 64.98648324078687 64
    endloop
  endfacet
  facet normal 0.17248749376734485 0.5519098190448264 0.8158698524493764
    outer loop
      vertex 135.8947689976601 65.33131725546512 64
      vertex 124.96307688768798 80.5739143319942 56
      vertex 123.82622333521586 80.92921335600104 56
    endloop
  endfacet
  facet normal 0.17700859588524492 0.5537077980555382 0.8136803004591063
    outer loop
      vertex 126.09993044016011 80.21861530798736 56
      vertex 136.97345832349336 64.98648324078687 64
      vertex 138.05214764932663 64.64164922610861 64
    endloop
  endfacet
  facet normal 0.172412636026687 0.5516702960440742 0.8160476502024698
    outer loop
      vertex 136.97345832349336 64.98648324078687 64
      vertex 126.09993044016011 80.21861530798736 56
      vertex 124.96307688768798 80.5739143319942 56
    endloop
  endfacet
  facet normal 0.1769275893338003 0.5534543981627016 0.813870295125023
    outer loop
      vertex 127.23678399263223 79.86331628398051 56
      vertex 138.05214764932663 64.64164922610861 64
      vertex 139.1308369751599 64.29681521143036 64
    endloop
  endfacet
  facet normal 0.17233782695307745 0.5514309287636879 0.816225216593991
    outer loop
      vertex 138.05214764932663 64.64164922610861 64
      vertex 127.23678399263223 79.86331628398051 56
      vertex 126.09993044016011 80.21861530798736 56
    endloop
  endfacet
  facet normal 0.17684663801847392 0.5532011710562389 0.8140600290909564
    outer loop
      vertex 128.37363754510434 79.50801725997367 56
      vertex 139.1308369751599 64.29681521143036 64
      vertex 140.20952630099316 63.951981196752115 64
    endloop
  endfacet
  facet normal 0.17226306652551737 0.551191717136564 0.8164025519749869
    outer loop
      vertex 139.1308369751599 64.29681521143036 64
      vertex 128.37363754510434 79.50801725997367 56
      vertex 127.23678399263223 79.86331628398051 56
    endloop
  endfacet
  facet normal 0.1767657419152853 0.5529481166610675 0.8142495027730242
    outer loop
      vertex 129.51049109757648 79.15271823596682 56
      vertex 140.20952630099316 63.951981196752115 64
      vertex 141.28821562682643 63.60714718207386 64
    endloop
  endfacet
  facet normal 0.1721883547230121 0.5509526610954378 0.8165796566959268
    outer loop
      vertex 140.20952630099316 63.951981196752115 64
      vertex 129.51049109757648 79.15271823596682 56
      vertex 128.37363754510434 79.50801725997367 56
    endloop
  endfacet
  facet normal 0.17668490100011908 0.5526952349018309 0.8144387165866983
    outer loop
      vertex 130.64734465004858 78.79741921195998 56
      vertex 141.28821562682643 63.60714718207386 64
      vertex 142.3669049526597 63.26231316739561 64
    endloop
  endfacet
  facet normal 0.1721136915244523 0.550713760572826 0.8167565311067686
    outer loop
      vertex 141.28821562682643 63.60714718207386 64
      vertex 130.64734465004858 78.79741921195998 56
      vertex 129.51049109757648 79.15271823596682 56
    endloop
  endfacet
  facet normal 0.17660411524883274 0.5524425257029477 0.8146276709467493
    outer loop
      vertex 131.7841982025207 78.44212018795314 56
      vertex 142.3669049526597 63.26231316739561 64
      vertex 143.44559427849293 62.91747915271736 64
    endloop
  endfacet
  facet normal 0.17203907690869832 0.5504750155010699 0.8169331755569116
    outer loop
      vertex 142.3669049526597 63.26231316739561 64
      vertex 131.7841982025207 78.44212018795314 56
      vertex 130.64734465004858 78.79741921195998 56
    endloop
  endfacet
  facet normal 0.17652338463716052 0.5521899889885694 0.8148163662672987
    outer loop
      vertex 132.92105175499285 78.08682116394628 56
      vertex 143.44559427849293 62.91747915271736 64
      vertex 144.52428360432623 62.57264513803911 64
    endloop
  endfacet
  facet normal 0.17196451085456047 0.5502364258123276 0.8171095903952094
    outer loop
      vertex 143.44559427849293 62.91747915271736 64
      vertex 132.92105175499285 78.08682116394628 56
      vertex 131.7841982025207 78.44212018795314 56
    endloop
  endfacet
  facet normal 0.17644270914080493 0.5519376246826224 0.8150048029617728
    outer loop
      vertex 134.05790530746498 77.73152213993944 56
      vertex 144.52428360432623 62.57264513803911 64
      vertex 145.60297293015947 62.22781112336086 64
    endloop
  endfacet
  facet normal 0.17188999334074614 0.5499979914385486 0.8172857759699974
    outer loop
      vertex 144.52428360432623 62.57264513803911 64
      vertex 134.05790530746498 77.73152213993944 56
      vertex 132.92105175499285 78.08682116394628 56
    endloop
  endfacet
  facet normal 0.17636208873533996 0.5516854327087665 0.8151929814429522
    outer loop
      vertex 135.19475885993708 77.37622311593259 56
      vertex 145.60297293015947 62.22781112336086 64
      vertex 146.68166225599273 61.88297710868261 64
    endloop
  endfacet
  facet normal 0.17181552434596978 0.5497597123115233 0.8174617326290392
    outer loop
      vertex 145.60297293015947 62.22781112336086 64
      vertex 135.19475885993708 77.37622311593259 56
      vertex 134.05790530746498 77.73152213993944 56
    endloop
  endfacet
  facet normal 0.17628152339630748 0.5514334129904348 0.8153809021229267
    outer loop
      vertex 136.3316124124092 77.02092409192575 56
      vertex 146.68166225599273 61.88297710868261 64
      vertex 147.760351581826 61.538143094004354 64
    endloop
  endfacet
  facet normal 0.17174110384880498 0.549521588362823 0.817637460719599
    outer loop
      vertex 146.68166225599273 61.88297710868261 64
      vertex 136.3316124124092 77.02092409192575 56
      vertex 135.19475885993708 77.37622311593259 56
    endloop
  endfacet
  facet normal 0.1762010130991348 0.5511815654508092 0.8155685654131318
    outer loop
      vertex 137.46846596488132 76.66562506791891 56
      vertex 147.760351581826 61.538143094004354 64
      vertex 148.83904090765927 61.193309079326106 64
    endloop
  endfacet
  facet normal 0.17166673182785738 0.5492836195238711 0.8178129605883597
    outer loop
      vertex 147.760351581826 61.538143094004354 64
      vertex 137.46846596488132 76.66562506791891 56
      vertex 136.3316124124092 77.02092409192575 56
    endloop
  endfacet
  facet normal 0.1761205578192011 0.5509298900128383 0.8157559717243236
    outer loop
      vertex 138.60531951735345 76.31032604391206 56
      vertex 148.83904090765927 61.193309079326106 64
      vertex 149.91773023349253 60.84847506464786 64
    endloop
  endfacet
  facet normal 0.17159240826161212 0.549045805725881 0.8179882325814953
    outer loop
      vertex 148.83904090765927 61.193309079326106 64
      vertex 138.60531951735345 76.31032604391206 56
      vertex 137.46846596488132 76.66562506791891 56
    endloop
  endfacet
  facet normal 0.19346043609024063 0.5576881092169564 0.807190827813219
    outer loop
      vertex 145.41196951372675 73.99061120694572 56
      vertex 149.91773023349253 60.84847506464786 64
      vertex 156.3465295045221 58.618342684281544 64
    endloop
  endfacet
  facet normal 0.18989083842699858 0.5571893812520398 0.8083820030786563
    outer loop
      vertex 149.91773023349253 60.84847506464786 64
      vertex 145.41196951372675 73.99061120694572 56
      vertex 138.60531951735345 76.31032604391206 56
    endloop
  endfacet
  facet normal 0.23246183437850076 0.5731598080234132 0.7857794410799678
    outer loop
      vertex 151.85325274839465 71.40840713597449 56
      vertex 156.3465295045221 58.618342684281544 64
      vertex 162.3707066157978 56.17506030072174 64
    endloop
  endfacet
  facet normal 0.22964013938667954 0.5728351203791053 0.7868451761577511
    outer loop
      vertex 156.3465295045221 58.618342684281544 64
      vertex 151.85325274839465 71.40840713597449 56
      vertex 145.41196951372675 73.99061120694572 56
    endloop
  endfacet
  facet normal 0.2772804496703473 0.5890153498575347 0.7590628892672965
    outer loop
      vertex 157.9258829540677 68.57705596948512 56
      vertex 162.3707066157978 56.17506030072174 64
      vertex 167.98903800328122 53.53021674291763 64
    endloop
  endfacet
  facet normal 0.2745207149100973 0.58878700924726 0.7602422211551502
    outer loop
      vertex 162.3707066157978 56.17506030072174 64
      vertex 157.9258829540677 68.57705596948512 56
      vertex 151.85325274839465 71.40840713597449 56
    endloop
  endfacet
  facet normal 0.32875606649413835 0.6043545993511302 0.7257237539080807
    outer loop
      vertex 163.62657386345614 65.5098998459643 56
      vertex 167.98903800328122 53.53021674291763 64
      vertex 173.20030010293374 50.695400839818404 64
    endloop
  endfacet
  facet normal 0.3250813536250358 0.6042041039941061 0.7275022434618287
    outer loop
      vertex 167.98903800328122 53.53021674291763 64
      vertex 163.62657386345614 65.5098998459643 56
      vertex 157.9258829540677 68.57705596948512 56
    endloop
  endfacet
  facet normal 0.3875816080648079 0.6177959986745174 0.6841846250184618
    outer loop
      vertex 168.95203920927037 62.2202809038988 56
      vertex 173.20030010293374 50.695400839818404 64
      vertex 178.00326935071678 47.68220142037329 64
    endloop
  endfacet
  facet normal 0.38166824339996963 0.6178712609637735 0.6874332381075403
    outer loop
      vertex 173.20030010293374 50.695400839818404 64
      vertex 168.95203920927037 62.2202809038988 56
      vertex 163.62657386345614 65.5098998459643 56
    endloop
  endfacet
  facet normal 0.45405360115657567 0.6273165964466674 0.6326999408086857
    outer loop
      vertex 173.8989927242207 58.72154128177539 56
      vertex 178.00326935071678 47.68220142037329 64
      vertex 182.39672218259187 44.502207313531514 64
    endloop
  endfacet
  facet normal 0.4442377579602709 0.6281186300115315 0.6388425479215271
    outer loop
      vertex 178.00326935071678 47.68220142037329 64
      vertex 173.8989927242207 58.72154128177539 56
      vertex 168.95203920927037 62.2202809038988 56
    endloop
  endfacet
  facet normal 0.5276923236934759 0.6301412273059345 0.5696164017690769
    outer loop
      vertex 178.46414814101763 55.02702311808078 56
      vertex 182.39672218259187 44.502207313531514 64
      vertex 186.3794350345205 41.16700734824225 64
    endloop
  endfacet
  facet normal 0.5121179705495781 0.6328019037144207 0.5807727050194306
    outer loop
      vertex 182.39672218259187 44.502207313531514 64
      vertex 178.46414814101763 55.02702311808078 56
      vertex 173.8989927242207 58.72154128177539 56
    endloop
  endfacet
  facet normal 0.6067766829090624 0.6228115545658709 0.4938904985693878
    outer loop
      vertex 182.6442191923714 51.15006855130174 56
      vertex 186.3794350345205 41.16700734824225 64
      vertex 189.950184342464 37.688190353454715 64
    endloop
  endfacet
  facet normal 0.5837757345923131 0.6294177573196168 0.512873452687843
    outer loop
      vertex 186.3794350345205 41.16700734824225 64
      vertex 182.6442191923714 51.15006855130174 56
      vertex 178.46414814101763 55.02702311808078 56
    endloop
  endfacet
  facet normal 0.6567117137390436 0.6154285782681318 0.43586395823558793
    outer loop
      vertex 189.950184342464 37.688190353454715 64
      vertex 186.43591961099236 47.104019719925006 56
      vertex 182.6442191923714 51.15006855130174 56
    endloop
  endfacet
  facet normal 0.6879840648582952 0.6016188343242665 0.40587276908825476
    outer loop
      vertex 186.43591961099236 47.104019719925006 56
      vertex 189.950184342464 37.688190353454715 64
      vertex 193.1077465423839 34.07734515811812 64
    endloop
  endfacet
  facet normal 0.7276432235081993 0.5887995768891665 0.351923851902276
    outer loop
      vertex 193.1077465423839 34.07734515811812 64
      vertex 189.83596312959094 42.90221876243734 56
      vertex 186.43591961099236 47.104019719925006 56
    endloop
  endfacet
  facet normal 0.7664932033809284 0.5635075439108933 0.30813538765671705
    outer loop
      vertex 189.83596312959094 42.90221876243734 56
      vertex 193.1077465423839 34.07734515811812 64
      vertex 195.85089807024164 30.346060591181683 64
    endloop
  endfacet
  facet normal 0.7930594159349037 0.5485974690291343 0.2647594753201809
    outer loop
      vertex 195.85089807024164 30.346060591181683 64
      vertex 192.84106348087744 38.55800781732545 56
      vertex 189.83596312959094 42.90221876243734 56
    endloop
  endfacet
  facet normal 0.83687339972868 0.5072314523562254 0.20581342659592303
    outer loop
      vertex 192.84106348087744 38.55800781732545 56
      vertex 195.85089807024164 30.346060591181683 64
      vertex 198.17841536199867 26.50592548159458 64
    endloop
  endfacet
  facet normal 0.8500131173021765 0.4953580083459996 0.17915954895489378
    outer loop
      vertex 198.17841536199867 26.50592548159458 64
      vertex 195.44793439756236 34.084729023076136 56
      vertex 192.84106348087744 38.55800781732545 56
    endloop
  endfacet
  facet normal 0.8946077095381091 0.43411695295570574 0.10592222236826372
    outer loop
      vertex 195.44793439756236 34.084729023076136 56
      vertex 198.17841536199867 26.50592548159458 64
      vertex 200.08907485361652 22.56852865830605 64
    endloop
  endfacet
  facet normal 0.896791348336414 0.4309744029502855 0.10013162113239482
    outer loop
      vertex 200.08907485361652 22.56852865830605 64
      vertex 197.65328961235593 29.49572451817609 56
      vertex 195.44793439756236 34.084729023076136 56
    endloop
  endfacet
  facet normal 0.9374388943058201 0.3477943190136437 0.01572994292798374
    outer loop
      vertex 197.65328961235593 29.49572451817609 56
      vertex 200.08907485361652 22.56852865830605 64
      vertex 201.58165298105658 18.545458950265285 64
    endloop
  endfacet
  facet normal 0.9331224095103521 0.35813208274366426 0.03199969029974765
    outer loop
      vertex 201.58165298105658 18.545458950265285 64
      vertex 199.45384285796854 24.804336441112106 56
      vertex 197.65328961235593 29.49572451817609 56
    endloop
  endfacet
  facet normal 0.9656785129538322 0.2529650891225612 -0.058937876654063845
    outer loop
      vertex 199.45384285796854 24.804336441112106 56
      vertex 201.58165298105658 18.545458950265285 64
      vertex 202.6549261802803 14.448305186421507 64
    endloop
  endfacet
  facet normal 0.9598632148229866 0.27959327445377247 -0.022140679978234067
    outer loop
      vertex 202.6549261802803 14.448305186421507 64
      vertex 200.84630786711057 20.02390693037087 56
      vertex 199.45384285796854 24.804336441112106 56
    endloop
  endfacet
  facet normal 0.9814086155278223 0.15400560975025568 -0.1145399560555843
    outer loop
      vertex 200.84630786711057 20.02390693037087 56
      vertex 202.6549261802803 14.448305186421507 64
      vertex 203.30767088724917 10.288656195723881 64
    endloop
  endfacet
  facet normal 0.9784014373122742 0.19766781297614228 -0.0604819243948549
    outer loop
      vertex 203.30767088724917 10.288656195723881 64
      vertex 201.82739837249235 15.167778124439167 56
      vertex 200.84630786711057 20.02390693037087 56
    endloop
  endfacet
  facet normal 0.9872554814906558 0.05416120666187983 -0.1496435028979962
    outer loop
      vertex 201.82739837249235 15.167778124439167 56
      vertex 203.30767088724917 10.288656195723881 64
      vertex 203.5386635379246 6.078100807121658 64
    endloop
  endfacet
  facet normal 0.9900692606122304 0.11401977610978847 -0.08223350805252631
    outer loop
      vertex 203.5386635379246 6.078100807121658 64
      vertex 202.39382810682432 10.249292161803751 56
      vertex 201.82739837249235 15.167778124439167 56
    endloop
  endfacet
  facet normal 0.9854175082600103 -0.04451506703295747 -0.1642277175804486
    outer loop
      vertex 202.39382810682432 10.249292161803751 56
      vertex 203.5386635379246 6.078100807121658 64
      vertex 203.34668056826814 1.828227849564037 64
    endloop
  endfacet
  facet normal 0.9957400426766547 0.02976349005550575 -0.08726913583856363
    outer loop
      vertex 203.34668056826814 1.828227849564037 64
      vertex 202.54231080281681 5.281791180951352 56
      vertex 202.39382810682432 10.249292161803751 56
    endloop
  endfacet
  facet normal 0.9771892075305875 -0.14076265004548208 -0.15901927253611603
    outer loop
      vertex 202.54231080281681 5.281791180951352 56
      vertex 203.34668056826814 1.828227849564037 64
      vertex 202.73049841424114 -2.44937384799978 64
    endloop
  endfacet
  facet normal 0.9956389697793965 -0.05427777318010717 -0.07587466767789337
    outer loop
      vertex 202.73049841424114 -2.44937384799978 64
      vertex 202.26956019318015 0.2786173203687028 56
      vertex 202.54231080281681 5.281791180951352 56
    endloop
  endfacet
  facet normal 0.9628999999041892 -0.23358679955079822 -0.13513251740468704
    outer loop
      vertex 202.26956019318015 0.2786173203687028 56
      vertex 202.73049841424114 -2.44937384799978 64
      vertex 201.68889351180513 -6.7431154566206 64
    endloop
  endfacet
  facet normal 0.9893375674488165 -0.13726692957624842 -0.048672042069010685
    outer loop
      vertex 201.68889351180513 -6.7431154566206 64
      vertex 201.57229001062473 -4.7468872814574254 56
      vertex 202.26956019318015 0.2786173203687028 56
    endloop
  endfacet
  facet normal 0.9421202058779505 -0.32181827445822625 -0.0940346526617602
    outer loop
      vertex 201.57229001062473 -4.7468872814574254 56
      vertex 201.68889351180513 -6.7431154566206 64
      vertex 200.22064229692154 -11.041408147349195 64
    endloop
  endfacet
  facet normal 0.9759057851508248 -0.21808912133404673 -0.006710712696541617
    outer loop
      vertex 200.22064229692154 -11.041408147349195 64
      vertex 200.4472139878609 -9.781380486040298 56
      vertex 201.57229001062473 -4.7468872814574254 56
    endloop
  endfacet
  facet normal 0.9140366721059576 -0.40387351367560287 -0.037724620565206486
    outer loop
      vertex 200.4472139878609 -9.781380486040298 56
      vertex 200.22064229692154 -11.041408147349195 64
      vertex 198.3245212055518 -15.332663091236356 64
    endloop
  endfacet
  facet normal 0.954210759595373 -0.29520301053070086 0.04834261935427275
    outer loop
      vertex 198.3245212055518 -15.332663091236356 64
      vertex 198.89104585759904 -14.81152015489318 56
      vertex 200.4472139878609 -9.781380486040298 56
    endloop
  endfacet
  facet normal 0.8779306302250536 -0.47778015861086687 0.03104719875311042
    outer loop
      vertex 198.89104585759904 -14.81152015489318 56
      vertex 198.3245212055518 -15.332663091236356 64
      vertex 195.99930667365746 -19.6052914593329 64
    endloop
  endfacet
  facet normal 0.9233337609246498 -0.36667517737247574 0.11403543412292996
    outer loop
      vertex 195.99930667365746 -19.6052914593329 64
      vertex 196.9004993525495 -19.823964149529317 56
      vertex 198.89104585759904 -14.81152015489318 56
    endloop
  endfacet
  facet normal 0.8336572951175962 -0.5414769818817681 0.10871150992155566
    outer loop
      vertex 196.9004993525495 -19.823964149529317 56
      vertex 195.99930667365746 -19.6052914593329 64
      vertex 193.24377513719986 -23.8477044226896 64
    endloop
  endfacet
  facet normal 0.8830143614510662 -0.4304297295260351 0.18712532007002738
    outer loop
      vertex 193.24377513719986 -23.8477044226896 64
      vertex 194.47228820542264 -24.805370331461955 56
      vertex 196.9004993525495 -19.823964149529317 56
    endloop
  endfacet
  facet normal 0.781971751359197 -0.593295047477191 0.1911051195422764
    outer loop
      vertex 194.47228820542264 -24.805370331461955 56
      vertex 193.24377513719986 -23.8477044226896 64
      vertex 190.05670303214055 -28.048313152357256 64
    endloop
  endfacet
  facet normal 0.8339630611518389 -0.484659197610633 0.26383910780184133
    outer loop
      vertex 190.05670303214055 -28.048313152357256 64
      vertex 191.60312614892885 -29.742396562204373 56
      vertex 194.47228820542264 -24.805370331461955 56
    endloop
  endfacet
  facet normal 0.7245563728740742 -0.6324183802730551 0.2739800263164653
    outer loop
      vertex 191.60312614892885 -29.742396562204373 56
      vertex 190.05670303214055 -28.048313152357256 64
      vertex 186.43686679444093 -32.19552881938665 64
    endloop
  endfacet
  facet normal 0.777888770886144 -0.5282425490220881 0.34036578783992205
    outer loop
      vertex 186.43686679444093 -32.19552881938665 64
      vertex 188.2897269157785 -34.621700703269795 56
      vertex 191.60312614892885 -29.742396562204373 56
    endloop
  endfacet
  facet normal 0.6637274274129359 -0.6591082919690743 0.35361301101262577
    outer loop
      vertex 188.2897269157785 -34.621700703269795 56
      vertex 186.43686679444093 -32.19552881938665 64
      vertex 182.38304286006246 -36.2777625948286 64
    endloop
  endfacet
  facet normal 0.7172067359472145 -0.5609867906450781 0.4134105932770443
    outer loop
      vertex 182.38304286006246 -36.2777625948286 64
      vertex 184.52880423868191 -39.42994061617149 56
      vertex 188.2897269157785 -34.621700703269795 56
    endloop
  endfacet
  facet normal 0.6019611156993 -0.6746010828704629 0.42726595251207783
    outer loop
      vertex 184.52880423868191 -39.42994061617149 56
      vertex 182.38304286006246 -36.2777625948286 64
      vertex 177.89400766496664 -40.28342564973388 64
    endloop
  endfacet
  facet normal 0.6545560539896366 -0.5835969675000526 0.480594373365168
    outer loop
      vertex 177.89400766496664 -40.28342564973388 64
      vertex 180.31707185034946 -44.15377416242272 56
      vertex 184.52880423868191 -39.42994061617149 56
    endloop
  endfacet
  facet normal 0.5414506909662634 -0.6807649672535057 0.49334593199142657
    outer loop
      vertex 180.31707185034946 -44.15377416242272 56
      vertex 177.89400766496664 -40.28342564973388 64
      vertex 172.9685376451149 -44.20092915515328 64
    endloop
  endfacet
  facet normal 0.5923348946170707 -0.5974237242553153 0.5405777153341533
    outer loop
      vertex 172.9685376451149 -44.20092915515328 64
      vertex 175.65124348349153 -48.77985920353673 56
      vertex 180.31707185034946 -44.15377416242272 56
    endloop
  endfacet
  facet normal 0.48384138278506833 -0.6796935316652983 0.5512841547849776
    outer loop
      vertex 175.65124348349153 -48.77985920353673 56
      vertex 172.9685376451149 -44.20092915515328 64
      vertex 167.6054092364687 -48.0186842821376 64
    endloop
  endfacet
  facet normal 0.5324061577918902 -0.6041267469497258 0.5929372283515507
    outer loop
      vertex 167.6054092364687 -48.0186842821376 64
      vertex 170.52803287081846 -53.29485360102678 56
      vertex 175.65124348349153 -48.77985920353673 56
    endloop
  endfacet
  facet normal 0.4301666520219838 -0.6733809911170765 0.6012609186454592
    outer loop
      vertex 170.52803287081846 -53.29485360102678 56
      vertex 167.6054092364687 -48.0186842821376 64
      vertex 161.80339887498948 -51.72510220173764 64
    endloop
  endfacet
  facet normal -0.3015431382805956 -0.943269372208067 -0.13897707440469753
    outer loop
      vertex 164.84376510845786 -51.51835848099256 56
      vertex 161.80339887498948 -51.72510220173764 64
      vertex 156.40995224582318 -50.000932128346385 64
    endloop
  endfacet
  facet normal -0.2954978587341796 -0.9455072143496405 -0.13673742390544613
    outer loop
      vertex 161.80339887498948 -51.72510220173764 64
      vertex 164.84376510845786 -51.51835848099256 56
      vertex 170.52803287081846 -53.29485360102678 56
    endloop
  endfacet
  facet normal -0.30174070386552504 -0.943887385160809 -0.1342726769116806
    outer loop
      vertex 159.15949734609723 -49.74186336095833 56
      vertex 156.40995224582318 -50.000932128346385 64
      vertex 151.01650561665684 -48.27676205495513 64
    endloop
  endfacet
  facet normal -0.2956791212872324 -0.9460872018065248 -0.13226059055028488
    outer loop
      vertex 156.40995224582318 -50.000932128346385 64
      vertex 159.15949734609723 -49.74186336095833 56
      vertex 164.84376510845786 -51.51835848099256 56
    endloop
  endfacet
  facet normal -0.3019317059186373 -0.9444848664623416 -0.12955918332821642
    outer loop
      vertex 153.47522958373662 -47.9653682409241 56
      vertex 151.01650561665684 -48.27676205495513 64
      vertex 145.62305898749054 -46.55259198156387 64
    endloop
  endfacet
  facet normal -0.2958545565227399 -0.9466485435419059 -0.1277756486765814
    outer loop
      vertex 151.01650561665684 -48.27676205495513 64
      vertex 153.47522958373662 -47.9653682409241 56
      vertex 159.15949734609723 -49.74186336095833 56
    endloop
  endfacet
  facet normal -0.30211610603307476 -0.9450616959706284 -0.12483689071957688
    outer loop
      vertex 147.79096182137602 -46.18887312088988 56
      vertex 145.62305898749054 -46.55259198156387 64
      vertex 140.22961235832423 -44.82842190817262 64
    endloop
  endfacet
  facet normal -0.2960241325070475 -0.9471911373773781 -0.12328285463599004
    outer loop
      vertex 145.62305898749054 -46.55259198156387 64
      vertex 147.79096182137602 -46.18887312088988 56
      vertex 153.47522958373662 -47.9653682409241 56
    endloop
  endfacet
  facet normal -0.30229386700548977 -0.9456177573083497 -0.12010609907075653
    outer loop
      vertex 142.1066940590154 -44.412378000855654 56
      vertex 140.22961235832423 -44.82842190817262 64
      vertex 134.83616572915793 -43.10425183478137 64
    endloop
  endfacet
  facet normal -0.296187818276231 -0.9477148842373763 -0.11878246713931548
    outer loop
      vertex 140.22961235832423 -44.82842190817262 64
      vertex 142.1066940590154 -44.412378000855654 56
      vertex 147.79096182137602 -46.18887312088988 56
    endloop
  endfacet
  facet normal -0.3024649528564134 -0.9461529379266646 -0.11536711119859547
    outer loop
      vertex 136.42242629665478 -42.63588288082143 56
      vertex 134.83616572915793 -43.10425183478137 64
      vertex 129.4427190999916 -41.38008176139011 64
    endloop
  endfacet
  facet normal -0.2963455838514467 -0.9482196881983351 -0.11427474718763267
    outer loop
      vertex 134.83616572915793 -43.10425183478137 64
      vertex 136.42242629665478 -42.63588288082143 56
      vertex 142.1066940590154 -44.412378000855654 56
    endloop
  endfacet
  facet normal -0.30262932885006505 -0.946667129167171 -0.11062023266177778
    outer loop
      vertex 130.73815853429417 -40.8593877607872 56
      vertex 129.4427190999916 -41.38008176139011 64
      vertex 124.04927247082529 -39.65591168799886 64
    endloop
  endfacet
  facet normal -0.29649740025389093 -0.9487054565364921 -0.10975995800186011
    outer loop
      vertex 129.4427190999916 -41.38008176139011 64
      vertex 130.73815853429417 -40.8593877607872 56
      vertex 136.42242629665478 -42.63588288082143 56
    endloop
  endfacet
  facet normal -0.30278696151357515 -0.9471602263220115 -0.10586577166871623
    outer loop
      vertex 125.05389077193352 -39.08289264075297 56
      vertex 124.04927247082529 -39.65591168799886 64
      vertex 118.65582584165895 -37.931741614607596 64
    endloop
  endfacet
  facet normal -0.2966432395192883 -0.9491720997743194 -0.10523836495077112
    outer loop
      vertex 124.04927247082529 -39.65591168799886 64
      vertex 125.05389077193352 -39.08289264075297 56
      vertex 130.73815853429417 -40.8593877607872 56
    endloop
  endfacet
  facet normal -0.3029378186555731 -0.9476321286920596 -0.10110403898341
    outer loop
      vertex 119.36962300957292 -37.30639752071875 56
      vertex 118.65582584165895 -37.931741614607596 64
      vertex 113.26237921249265 -36.207571541216346 64
    endloop
  endfacet
  facet normal -0.2967830747119763 -0.9496195317255042 -0.1007102354775308
    outer loop
      vertex 118.65582584165895 -37.931741614607596 64
      vertex 119.36962300957292 -37.30639752071875 56
      vertex 125.05389077193352 -39.08289264075297 56
    endloop
  endfacet
  facet normal -0.30308186938416604 -0.9480827396431198 -0.09633534782931862
    outer loop
      vertex 113.68535524721229 -35.52990240068451 56
      vertex 113.26237921249265 -36.207571541216346 64
      vertex 107.86893258332631 -34.48340146782509 64
    endloop
  endfacet
  facet normal -0.2969168799384779 -0.9500476695384723 -0.09617583902476401
    outer loop
      vertex 113.26237921249265 -36.207571541216346 64
      vertex 113.68535524721229 -35.52990240068451 56
      vertex 119.36962300957292 -37.30639752071875 56
    endloop
  endfacet
  facet normal -0.3032190841242455 -0.9485119666600864 -0.09156001379133112
    outer loop
      vertex 108.00108748485168 -33.75340728065029 56
      vertex 107.86893258332631 -34.48340146782509 64
      vertex 102.47548595416 -32.75923139443383 64
    endloop
  endfacet
  facet normal -0.29704463036064765 -0.9504564337383756 -0.09163544695823145
    outer loop
      vertex 107.86893258332631 -34.48340146782509 64
      vertex 108.00108748485168 -33.75340728065029 56
      vertex 113.68535524721229 -35.52990240068451 56
    endloop
  endfacet
  facet normal -0.3033494346341242 -0.9489197213990023 -0.08677835471589188
    outer loop
      vertex 102.31681972249108 -31.97691216061607 56
      vertex 102.47548595416 -32.75923139443383 64
      vertex 97.0820393249937 -31.035061321042583 64
    endloop
  endfacet
  facet normal -0.2971663022083014 -0.9508457482675303 -0.08708933248914369
    outer loop
      vertex 102.47548595416 -32.75923139443383 64
      vertex 102.31681972249108 -31.97691216061607 56
      vertex 108.00108748485168 -33.75340728065029 56
    endloop
  endfacet
  facet normal -0.3034728940215001 -0.9493059197369502 -0.08199069060935303
    outer loop
      vertex 96.63255196013046 -30.20041704058184 56
      vertex 97.0820393249937 -31.035061321042583 64
      vertex 91.68859269582737 -29.310891247651327 64
    endloop
  endfacet
  facet normal -0.2972818727913495 -0.9512155405242533 -0.08253777059516856
    outer loop
      vertex 97.0820393249937 -31.035061321042583 64
      vertex 96.63255196013046 -30.20041704058184 56
      vertex 102.31681972249108 -31.97691216061607 56
    endloop
  endfacet
  facet normal -0.30358943675868927 -0.9496704818197413 -0.07719734353461996
    outer loop
      vertex 90.94828419776985 -28.423921920547617 56
      vertex 91.68859269582737 -29.310891247651327 64
      vertex 86.29514606666106 -27.586721174260074 64
    endloop
  endfacet
  facet normal -0.2973913205114264 -0.9515657414000585 -0.07798103794017466
    outer loop
      vertex 91.68859269582737 -29.310891247651327 64
      vertex 90.94828419776985 -28.423921920547617 56
      vertex 96.63255196013046 -30.20041704058184 56
    endloop
  endfacet
  facet normal -0.3036990386971453 -0.9500133321073335 -0.07239863750617943
    outer loop
      vertex 85.26401643540923 -26.64742680051339 56
      vertex 86.29514606666106 -27.586721174260074 64
      vertex 80.90169943749474 -25.86255110086882 64
    endloop
  endfacet
  facet normal -0.2974946248729942 -0.9518962853151808 -0.07341941279277818
    outer loop
      vertex 86.29514606666106 -27.586721174260074 64
      vertex 85.26401643540923 -26.64742680051339 56
      vertex 90.94828419776985 -28.423921920547617 56
    endloop
  endfacet
  facet normal -0.30380167708124645 -0.9503343994169297 -0.0675948983835749
    outer loop
      vertex 79.57974867304861 -24.870931680479163 56
      vertex 80.90169943749474 -25.86255110086882 64
      vertex 75.50825280832842 -24.138381027477564 64
    endloop
  endfacet
  facet normal -0.2975917664939063 -0.9522071102523882 -0.06885317494373631
    outer loop
      vertex 80.90169943749474 -25.86255110086882 64
      vertex 79.57974867304861 -24.870931680479163 56
      vertex 85.26401643540923 -26.64742680051339 56
    endloop
  endfacet
  facet normal -0.30389733056130896 -0.9506336169637205 -0.06278645376340854
    outer loop
      vertex 73.89548091068801 -23.09443656044494 56
      vertex 75.50825280832842 -24.138381027477564 64
      vertex 70.11480617916212 -22.41421095408631 64
    endloop
  endfacet
  facet normal -0.29768272711543137 -0.9524981577890504 -0.06428260562223984
    outer loop
      vertex 75.50825280832842 -24.138381027477564 64
      vertex 73.89548091068801 -23.09443656044494 56
      vertex 79.57974867304861 -24.870931680479163 56
    endloop
  endfacet
  facet normal -0.3039859792058469 -0.9509109223992127 -0.057973632869959775
    outer loop
      vertex 68.21121314832739 -21.317941440410713 56
      vertex 70.11480617916212 -22.41421095408631 64
      vertex 64.7213595499958 -20.690040880695054 64
    endloop
  endfacet
  facet normal -0.2977674896117205 -0.9527693731274327 -0.059707987411173925
    outer loop
      vertex 70.11480617916212 -22.41421095408631 64
      vertex 68.21121314832739 -21.317941440410713 56
      vertex 73.89548091068801 -23.09443656044494 56
    endloop
  endfacet
  facet normal -0.3040676045130392 -0.951166257847106 -0.053156766444495386
    outer loop
      vertex 62.526945385966776 -19.54144632037649 56
      vertex 64.7213595499958 -20.690040880695054 64
      vertex 59.32791292082949 -18.965870807303805 64
    endloop
  endfacet
  facet normal -0.2978460379987098 -0.9530207051231779 -0.05512960416139376
    outer loop
      vertex 64.7213595499958 -20.690040880695054 64
      vertex 62.526945385966776 -19.54144632037649 56
      vertex 68.21121314832739 -21.317941440410713 56
    endloop
  endfacet
  facet normal -0.3041421894214038 -0.9513995699366802 -0.04833618663336023
    outer loop
      vertex 56.84267762360614 -17.764951200342256 56
      vertex 59.32791292082949 -18.965870807303805 64
      vertex 53.934466291663156 -17.241700733912545 64
    endloop
  endfacet
  facet normal -0.2979183574424497 -0.9532521063119586 -0.05054774090508093
    outer loop
      vertex 59.32791292082949 -18.965870807303805 64
      vertex 56.84267762360614 -17.764951200342256 56
      vertex 62.526945385966776 -19.54144632037649 56
    endloop
  endfacet
  facet normal -0.3042097183196591 -0.9516108098336514 -0.043512226874932426
    outer loop
      vertex 51.15840986124554 -15.988456080308035 56
      vertex 53.934466291663156 -17.241700733912545 64
      vertex 48.54101966249685 -15.517530660521292 64
    endloop
  endfacet
  facet normal -0.29798443426684806 -0.9534635329342634 -0.04596268376823666
    outer loop
      vertex 53.934466291663156 -17.241700733912545 64
      vertex 51.15840986124554 -15.988456080308035 56
      vertex 56.84267762360614 -17.764951200342256 56
    endloop
  endfacet
  facet normal -0.3042701770557698 -0.9517999332684648 -0.0386852217855393
    outer loop
      vertex 45.474142098884904 -14.211960960273803 56
      vertex 48.54101966249685 -15.517530660521292 64
      vertex 43.14757303333052 -13.793360587130032 64
    endloop
  endfacet
  facet normal -0.29804425596083306 -0.9536549449582946 -0.04137471988238011
    outer loop
      vertex 48.54101966249685 -15.517530660521292 64
      vertex 45.474142098884904 -14.211960960273803 56
      vertex 51.15840986124554 -15.988456080308035 56
    endloop
  endfacet
  facet normal -0.3043235529451633 -0.9519669005619881 -0.03385550704441195
    outer loop
      vertex 39.78987433652432 -12.435465840239587 56
      vertex 43.14757303333052 -13.793360587130032 64
      vertex 37.75412640416423 -12.069190513738787 64
    endloop
  endfacet
  facet normal -0.29809781118490536 -0.9538263061009555 -0.03678413729550855
    outer loop
      vertex 43.14757303333052 -13.793360587130032 64
      vertex 39.78987433652432 -12.435465840239587 56
      vertex 45.474142098884904 -14.211960960273803 56
    endloop
  endfacet
  facet normal -0.3043698347781013 -0.9521116766485839 -0.029023419277780543
    outer loop
      vertex 34.105606574163694 -10.658970720205357 56
      vertex 37.75412640416423 -12.069190513738787 64
      vertex 32.3606797749979 -10.345020440347527 64
    endloop
  endfacet
  facet normal -0.2981450897770978 -0.9539775838469047 -0.03219122488238386
    outer loop
      vertex 37.75412640416423 -12.069190513738787 64
      vertex 34.105606574163694 -10.658970720205357 56
      vertex 39.78987433652432 -12.435465840239587 56
    endloop
  endfacet
  facet normal -0.30440901282620897 -0.9522342310965268 -0.02418929594219771
    outer loop
      vertex 28.42133881180306 -8.882475600171125 56
      vertex 32.3606797749979 -10.345020440347527 64
      vertex 26.967233145831567 -8.620850366956269 64
    endloop
  endfacet
  facet normal -0.2981860827583176 -0.9541087494656577 -0.02759627225421392
    outer loop
      vertex 32.3606797749979 -10.345020440347527 64
      vertex 28.42133881180306 -8.882475600171125 56
      vertex 34.105606574163694 -10.658970720205357 56
    endloop
  endfacet
  facet normal -0.3044410788481474 -0.9523345381257476 -0.019353475207185302
    outer loop
      vertex 22.737071049442452 -7.1059804801369015 56
      vertex 26.967233145831567 -8.620850366956269 64
      vertex 21.57378651666526 -6.896680293565016 64
    endloop
  endfacet
  facet normal -0.2982207823370765 -0.9542197780267179 -0.02299956966779079
    outer loop
      vertex 26.967233145831567 -8.620850366956269 64
      vertex 22.737071049442452 -7.1059804801369015 56
      vertex 28.42133881180306 -8.882475600171125 56
    endloop
  endfacet
  facet normal -0.30446602609442236 -0.9524125766228807 -0.014516295837300014
    outer loop
      vertex 17.052803287081847 -5.329485360102678 56
      vertex 21.57378651666526 -6.896680293565016 64
      vertex 16.18033988749895 -5.172510220173764 64
    endloop
  endfacet
  facet normal -0.2982491819135992 -0.9543106484127218 -0.0184014079341527
    outer loop
      vertex 21.57378651666526 -6.896680293565016 64
      vertex 17.052803287081847 -5.329485360102678 56
      vertex 22.737071049442452 -7.1059804801369015 56
    endloop
  endfacet
  facet normal -0.30448384931133 -0.9524683301535999 -0.009678097073710762
    outer loop
      vertex 11.368535524721239 -3.5529902400684548 56
      vertex 16.18033988749895 -5.172510220173764 64
      vertex 10.78689325833264 -3.448340146782512 64
    endloop
  endfacet
  facet normal -0.29827127608330567 -0.9543813433305872 -0.01380207832683818
    outer loop
      vertex 16.18033988749895 -5.172510220173764 64
      vertex 11.368535524721239 -3.5529902400684548 56
      vertex 17.052803287081847 -5.329485360102678 56
    endloop
  endfacet
  facet normal -0.3044945447440276 -0.9525017869722281 -0.004839218515388083
    outer loop
      vertex 5.684267762360607 -1.7764951200342236 56
      vertex 10.78689325833264 -3.448340146782512 64
      vertex 5.393446629166308 -1.7241700733912522 64
    endloop
  endfacet
  facet normal -0.2982870606396678 -0.9544318493206462 -0.009201872489796144
    outer loop
      vertex 10.78689325833264 -3.448340146782512 64
      vertex 5.684267762360607 -1.7764951200342236 56
      vertex 11.368535524721239 -3.5529902400684548 56
    endloop
  endfacet
  facet normal -0.3044981101387295 -0.9525129400286078 0
    outer loop
      vertex 0 0 56
      vertex 5.393446629166308 -1.7241700733912522 64
      vertex 0 0 64
    endloop
  endfacet
  facet normal -0.298296532576432 -0.9544621567637618 -0.0046010823450241215
    outer loop
      vertex 5.393446629166308 -1.7241700733912522 64
      vertex 0 0 56
      vertex 5.684267762360607 -1.7764951200342236 56
    endloop
  endfacet
  facet normal -0.3963275702574596 0.9148533050636791 0.07725210202888519
    outer loop
      vertex 3.918568348616487 2.373116516833179 64
      vertex 0 0 72
      vertex 4.329653655534557 1.8756680484800765 72
    endloop
  endfacet
  facet normal -0.5180185719265888 0.8553693700028879 0
    outer loop
      vertex 0 0 72
      vertex 3.918568348616487 2.373116516833179 64
      vertex 0 0 64
    endloop
  endfacet
  facet normal -0.39282665278280265 0.9067720456136626 0.15313940759018563
    outer loop
      vertex 7.837136697232974 4.746233033666358 64
      vertex 4.329653655534557 1.8756680484800765 72
      vertex 8.659307311069114 3.751336096960153 72
    endloop
  endfacet
  facet normal -0.5163767601623972 0.8526583562081953 0.0795535615326198
    outer loop
      vertex 4.329653655534557 1.8756680484800765 72
      vertex 7.837136697232974 4.746233033666358 64
      vertex 3.918568348616487 2.373116516833179 64
    endloop
  endfacet
  facet normal -0.38719245017240456 0.8937664682419628 0.22641445796542822
    outer loop
      vertex 11.75570504584946 7.119349550499537 64
      vertex 8.659307311069114 3.751336096960153 72
      vertex 12.98896096660367 5.62700414544023 72
    endloop
  endfacet
  facet normal -0.5115434335912847 0.8446774077862598 0.15761786803888508
    outer loop
      vertex 8.659307311069114 3.751336096960153 72
      vertex 11.75570504584946 7.119349550499537 64
      vertex 7.837136697232974 4.746233033666358 64
    endloop
  endfacet
  facet normal -0.3796968711253967 0.8764642269165198 0.29604179602416164
    outer loop
      vertex 15.674273394465947 9.492466067332716 64
      vertex 12.98896096660367 5.62700414544023 72
      vertex 17.318614622138227 7.502672193920306 72
    endloop
  endfacet
  facet normal -0.5037809695380518 0.8318597708390182 0.2328391212639245
    outer loop
      vertex 12.98896096660367 5.62700414544023 72
      vertex 15.674273394465947 9.492466067332716 64
      vertex 11.75570504584946 7.119349550499537 64
    endloop
  endfacet
  facet normal -0.3706701489743703 0.8556276078834464 0.3612548093617156
    outer loop
      vertex 19.592841743082435 11.865582584165896 64
      vertex 17.318614622138227 7.502672193920306 72
      vertex 21.648268277672784 9.378340242400384 72
    endloop
  endfacet
  facet normal -0.4934841472497616 0.8148573178941166 0.3041068034220578
    outer loop
      vertex 17.318614622138227 7.502672193920306 72
      vertex 19.592841743082435 11.865582584165896 64
      vertex 15.674273394465947 9.492466067332716 64
    endloop
  endfacet
  facet normal -0.360465244639239 0.8320713600736147 0.42157094201619094
    outer loop
      vertex 23.51141009169892 14.238699100999074 64
      vertex 21.648268277672784 9.378340242400384 72
      vertex 25.97792193320734 11.25400829088046 72
    endloop
  endfacet
  facet normal -0.4811285158199155 0.7944552913165196 0.3706158946458037
    outer loop
      vertex 21.648268277672784 9.378340242400384 72
      vertex 23.51141009169892 14.238699100999074 64
      vertex 19.592841743082435 11.865582584165896 64
    endloop
  endfacet
  facet normal -0.3494269354531475 0.8065913420303317 0.47677166835030205
    outer loop
      vertex 27.42997844031541 16.611815617832253 64
      vertex 25.97792193320734 11.25400829088046 72
      vertex 30.307575588741898 13.129676339360536 72
    endloop
  endfacet
  facet normal -0.4672170925051383 0.7714842898090862 0.43187982014539056
    outer loop
      vertex 25.97792193320734 11.25400829088046 72
      vertex 27.42997844031541 16.611815617832253 64
      vertex 23.51141009169892 14.238699100999074 64
    endloop
  endfacet
  facet normal -0.3378692856766273 0.7799125165074202 0.5268593857865954
    outer loop
      vertex 31.348546788931905 18.98493213466544 64
      vertex 30.307575588741898 13.129676339360536 72
      vertex 34.63722924427647 15.00534438784062 72
    endloop
  endfacet
  facet normal -0.4522352156278273 0.7467457200347523 0.48770292120904113
    outer loop
      vertex 30.307575588741898 13.129676339360536 72
      vertex 31.348546788931905 18.98493213466544 64
      vertex 27.42997844031541 16.611815617832253 64
    endloop
  endfacet
  facet normal -0.3260623722117972 0.7526583090878262 0.5720041950796078
    outer loop
      vertex 35.267115137548394 21.358048651498617 64
      vertex 34.63722924427647 15.00534438784062 72
      vertex 38.966882899811026 16.881012436320695 72
    endloop
  endfacet
  facet normal -0.436618835539824 0.7209594376087747 0.5381277559972981
    outer loop
      vertex 34.63722924427647 15.00534438784062 72
      vertex 35.267115137548394 21.358048651498617 64
      vertex 31.348546788931905 18.98493213466544 64
    endloop
  endfacet
  facet normal -0.3142271084500941 0.7253386599358363 0.612490940926948
    outer loop
      vertex 39.185683486164876 23.731165168331795 64
      vertex 38.966882899811026 16.881012436320695 72
      vertex 43.29653655534558 18.75668048480077 72
    endloop
  endfacet
  facet normal -0.42073702274258695 0.6947348639291996 0.5833728023613893
    outer loop
      vertex 38.966882899811026 16.881012436320695 72
      vertex 39.185683486164876 23.731165168331795 64
      vertex 35.267115137548394 21.358048651498617 64
    endloop
  endfacet
  facet normal -0.3025360336434579 0.6983518459232497 0.6486729897589959
    outer loop
      vertex 43.104251834781365 26.104281685164977 64
      vertex 43.29653655534558 18.75668048480077 72
      vertex 47.62619021088014 20.63234853328085 72
    endloop
  endfacet
  facet normal -0.40488643510305833 0.6685618502610324 0.6237724160662137
    outer loop
      vertex 43.29653655534558 18.75668048480077 72
      vertex 43.104251834781365 26.104281685164977 64
      vertex 39.185683486164876 23.731165168331795 64
    endloop
  endfacet
  facet normal -0.29111781454545843 0.6719948718854376 0.6809356138534319
    outer loop
      vertex 47.022820183397855 28.477398201998156 64
      vertex 47.62619021088014 20.63234853328085 72
      vertex 51.955843866414696 22.508016581760923 72
    endloop
  endfacet
  facet normal -0.3892942059154009 0.6428154465991253 0.659725945263838
    outer loop
      vertex 47.62619021088014 20.63234853328085 72
      vertex 47.022820183397855 28.477398201998156 64
      vertex 43.104251834781365 26.104281685164977 64
    endloop
  endfacet
  facet normal -0.2800635761803298 0.6464780841012038 0.7096692751373146
    outer loop
      vertex 50.941388532014344 30.850514718831334 64
      vertex 51.955843866414696 22.508016581760923 72
      vertex 56.28549752194925 24.383684630241003 72
    endloop
  endfacet
  facet normal -0.3741257528707011 0.6177687960967915 0.6916586120392431
    outer loop
      vertex 51.955843866414696 22.508016581760923 72
      vertex 50.941388532014344 30.850514718831334 64
      vertex 47.022820183397855 28.477398201998156 64
    endloop
  endfacet
  facet normal -0.2694337197272199 0.6219409081935016 0.7352516422214888
    outer loop
      vertex 54.859956880630826 33.22363123566451 64
      vertex 56.28549752194925 24.383684630241003 72
      vertex 60.6151511774838 26.259352678721076 72
    endloop
  endfacet
  facet normal -0.35949472958431355 0.593609567356342 0.7199939034076037
    outer loop
      vertex 56.28549752194925 24.383684630241003 72
      vertex 54.859956880630826 33.22363123566451 64
      vertex 50.941388532014344 30.850514718831334 64
    endloop
  endfacet
  facet normal -0.25926439912559235 0.5984667992471882 0.7580365832496947
    outer loop
      vertex 58.778525229247315 35.59674775249769 64
      vertex 60.6151511774838 26.259352678721076 72
      vertex 64.94480483301837 28.135020727201155 72
    endloop
  endfacet
  facet normal -0.3454732404631751 0.5704568215552712 0.7451357291560584
    outer loop
      vertex 60.6151511774838 26.259352678721076 72
      vertex 58.778525229247315 35.59674775249769 64
      vertex 54.859956880630826 33.22363123566451 64
    endloop
  endfacet
  facet normal -0.24957322762025436 0.5760964143763152 0.7783483316600361
    outer loop
      vertex 62.697093577863804 37.96986426933088 64
      vertex 64.94480483301837 28.135020727201155 72
      vertex 69.27445848855292 30.01068877568123 72
    endloop
  endfacet
  facet normal -0.33210123205657904 0.5483765197547305 0.7674581188887065
    outer loop
      vertex 64.94480483301837 28.135020727201155 72
      vertex 62.697093577863804 37.96986426933088 64
      vertex 58.778525229247315 35.59674775249769 64
    endloop
  endfacet
  facet normal -0.24036405673014838 0.5548386441428775 0.7964792522080656
    outer loop
      vertex 66.61566192648029 40.34298078616405 64
      vertex 69.27445848855292 30.01068877568123 72
      vertex 73.60411214408748 31.886356824161307 72
    endloop
  endfacet
  facet normal -0.3193945561734895 0.5273948369850857 0.7873003260562098
    outer loop
      vertex 69.27445848855292 30.01068877568123 72
      vertex 66.61566192648029 40.34298078616405 64
      vertex 62.697093577863804 37.96986426933088 64
    endloop
  endfacet
  facet normal -0.23163083316710162 0.5346795155833298 0.8126899610195085
    outer loop
      vertex 70.53423027509677 42.716097302997234 64
      vertex 73.60411214408748 31.886356824161307 72
      vertex 77.93376579962204 33.76202487264138 72
    endloop
  endfacet
  facet normal -0.30735157358903825 0.5075090665041023 0.8049655630078077
    outer loop
      vertex 73.60411214408748 31.886356824161307 72
      vertex 70.53423027509677 42.716097302997234 64
      vertex 66.61566192648029 40.34298078616405 64
    endloop
  endfacet
  facet normal -0.22336062406873974 0.5155891754329115 0.82721087625347
    outer loop
      vertex 74.45279862371326 45.089213819830405 64
      vertex 77.93376579962204 33.76202487264138 72
      vertex 82.2634194551566 35.637692921121456 72
    endloop
  endfacet
  facet normal -0.2959583770286877 0.4886962441608802 0.8207220114080006
    outer loop
      vertex 77.93376579962204 33.76202487264138 72
      vertex 74.45279862371326 45.089213819830405 64
      vertex 70.53423027509677 42.716097302997234 64
    endloop
  endfacet
  facet normal -0.21553593520989542 0.49752724131371984 0.8402445505827189
    outer loop
      vertex 78.37136697232975 47.46233033666359 64
      vertex 82.2634194551566 35.637692921121456 72
      vertex 86.59307311069117 37.51336096960154 72
    endloop
  endfacet
  facet normal -0.28519281041482564 0.47091978510850124 0.834805137071554
    outer loop
      vertex 82.2634194551566 35.637692921121456 72
      vertex 78.37136697232975 47.46233033666359 64
      vertex 74.45279862371326 45.089213819830405 64
    endloop
  endfacet
  facet normal -0.20813645168126693 0.4804468197888376 0.8519683508419335
    outer loop
      vertex 82.28993532094624 49.83544685349677 64
      vertex 86.59307311069117 37.51336096960154 72
      vertex 90.92272676622571 39.389029018081615 72
    endloop
  endfacet
  facet normal -0.27502749161568363 0.45413447506689114 0.8474206496252639
    outer loop
      vertex 86.59307311069117 37.51336096960154 72
      vertex 82.28993532094624 49.83544685349677 64
      vertex 78.37136697232975 47.46233033666359 64
    endloop
  endfacet
  facet normal -0.20114032014123964 0.4642974662177585 0.8625372075900546
    outer loop
      vertex 86.20850366956273 52.208563370329955 64
      vertex 90.92272676622571 39.389029018081615 72
      vertex 95.25238042176028 41.2646970665617 72
    endloop
  endfacet
  facet normal -0.26543203916622876 0.4382901471578394 0.8587476809217112
    outer loop
      vertex 90.92272676622571 39.389029018081615 72
      vertex 86.20850366956273 52.208563370329955 64
      vertex 82.28993532094624 49.83544685349677 64
    endloop
  endfacet
  facet normal -0.19452507498711938 0.44902732266170686 0.8720862679256651
    outer loop
      vertex 90.1270720181792 54.58167988716312 64
      vertex 95.25238042176028 41.2646970665617 72
      vertex 99.58203407729482 43.14036511504177 72
    endloop
  endfacet
  facet normal -0.2563746794805813 0.42333433578724144 0.8689419220320792
    outer loop
      vertex 95.25238042176028 41.2646970665617 72
      vertex 90.1270720181792 54.58167988716312 64
      vertex 86.20850366956273 52.208563370329955 64
    endloop
  endfacet
  facet normal -0.18826829266515635 0.43458462824457705 0.8807333596897928
    outer loop
      vertex 94.04564036679571 56.95479640399631 64
      vertex 99.58203407729482 43.14036511504177 72
      vertex 103.91168773282939 45.01603316352185 72
    endloop
  endfacet
  facet normal -0.24782338153194117 0.4092141502660302 0.878138571518257
    outer loop
      vertex 99.58203407729482 43.14036511504177 72
      vertex 94.04564036679571 56.95479640399631 64
      vertex 90.1270720181792 54.58167988716312 64
    endloop
  endfacet
  facet normal -0.1823480413970731 0.42091875726846617 0.8885812239622337
    outer loop
      vertex 97.9642087154122 59.3279129208295 64
      vertex 103.91168773282939 45.01603316352185 72
      vertex 108.24134138836395 46.89170121200193 72
    endloop
  endfacet
  facet normal -0.23974663695961035 0.39587756294867815 0.8864550215438863
    outer loop
      vertex 103.91168773282939 45.01603316352185 72
      vertex 97.9642087154122 59.3279129208295 64
      vertex 94.04564036679571 56.95479640399631 64
    endloop
  endfacet
  facet normal -0.1767431789296696 0.4079809065168758 0.8957195033153532
    outer loop
      vertex 101.88277706402869 61.70102943766267 64
      vertex 108.24134138836395 46.89170121200193 72
      vertex 112.5709950438985 48.767369260482006 72
    endloop
  endfacet
  facet normal -0.23211397786974602 0.3832742642428779 0.8939932548104396
    outer loop
      vertex 108.24134138836395 46.89170121200193 72
      vertex 101.88277706402869 61.70102943766267 64
      vertex 97.9642087154122 59.3279129208295 64
    endloop
  endfacet
  facet normal -0.17143353878553683 0.3957245251821064 0.9022264914913907
    outer loop
      vertex 105.80134541264516 64.07414595449585 64
      vertex 112.5709950438985 48.767369260482006 72
      vertex 116.90064869943306 50.64303730896208 72
    endloop
  endfacet
  facet normal -0.22489630314926246 0.3713562014298288 0.9008419531135323
    outer loop
      vertex 112.5709950438985 48.767369260482006 72
      vertex 105.80134541264516 64.07414595449585 64
      vertex 101.88277706402869 61.70102943766267 64
    endloop
  endfacet
  facet normal -0.16640003577027077 0.38410555841031896 0.9081706602252406
    outer loop
      vertex 109.71991376126165 66.44726247132903 64
      vertex 116.90064869943306 50.64303730896208 72
      vertex 121.2303023549676 52.51870535744215 72
    endloop
  endfacet
  facet normal -0.21806606686941402 0.3600778897624778 0.9070783338743711
    outer loop
      vertex 116.90064869943306 50.64303730896208 72
      vertex 109.71991376126165 66.44726247132903 64
      vertex 105.80134541264516 64.07414595449585 64
    endloop
  endfacet
  facet normal -0.16162471386355837 0.37308255784979527 0.9136119837747187
    outer loop
      vertex 113.63848210987814 68.8203789881622 64
      vertex 121.2303023549676 52.51870535744215 72
      vertex 125.55995601050218 54.39437340592224 72
    endloop
  endfacet
  facet normal -0.21159736884264774 0.3493965619959549 0.9127697387426225
    outer loop
      vertex 121.2303023549676 52.51870535744215 72
      vertex 113.63848210987814 68.8203789881622 64
      vertex 109.71991376126165 66.44726247132903 64
    endloop
  endfacet
  facet normal -0.15709075372989342 0.3626166989881088 0.9186030833322635
    outer loop
      vertex 117.55705045849463 71.19349550499538 64
      vertex 125.55995601050218 54.39437340592224 72
      vertex 129.88960966603673 56.27004145440231 72
    endloop
  endfacet
  facet normal -0.20546597699739136 0.33927220533358216 0.9179750012852175
    outer loop
      vertex 125.55995601050218 54.39437340592224 72
      vertex 117.55705045849463 71.19349550499538 64
      vertex 113.63848210987814 68.8203789881622 64
    endloop
  endfacet
  facet normal 0.18250447571101677 0.5775278005401137 0.7957095927213303
    outer loop
      vertex 118.6357397843279 70.84866149031713 64
      vertex 129.88960966603673 56.27004145440231 72
      vertex 130.90348428683677 55.949647083892756 72
    endloop
  endfacet
  facet normal 0.1849896840350566 0.578673764953464 0.7943018888024835
    outer loop
      vertex 129.88960966603673 56.27004145440231 72
      vertex 118.6357397843279 70.84866149031713 64
      vertex 117.55705045849463 71.19349550499538 64
    endloop
  endfacet
  facet normal 0.18254597192874866 0.577659113590173 0.7956047489921136
    outer loop
      vertex 119.71442911016115 70.50382747563889 64
      vertex 130.90348428683677 55.949647083892756 72
      vertex 131.9173589076368 55.629252713383195 72
    endloop
  endfacet
  facet normal 0.18502922596078694 0.5787974576618345 0.7942025488151929
    outer loop
      vertex 130.90348428683677 55.949647083892756 72
      vertex 119.71442911016115 70.50382747563889 64
      vertex 118.6357397843279 70.84866149031713 64
    endloop
  endfacet
  facet normal 0.1825874815472795 0.5777904690465272 0.7954998337279624
    outer loop
      vertex 120.79311843599442 70.15899346096063 64
      vertex 131.9173589076368 55.629252713383195 72
      vertex 132.93123352843685 55.30885834287364 72
    endloop
  endfacet
  facet normal 0.18506877984406864 0.578921187775076 0.794103145109074
    outer loop
      vertex 131.9173589076368 55.629252713383195 72
      vertex 120.79311843599442 70.15899346096063 64
      vertex 119.71442911016115 70.50382747563889 64
    endloop
  endfacet
  facet normal 0.18262900456830106 0.5779218669144786 0.7953948468732214
    outer loop
      vertex 121.87180776182768 69.81415944628237 64
      vertex 132.93123352843685 55.30885834287364 72
      vertex 133.9451081492369 54.98846397236408 72
    endloop
  endfacet
  facet normal 0.18510834568620316 0.579044955297308 0.7940036776376137
    outer loop
      vertex 132.93123352843685 55.30885834287364 72
      vertex 121.87180776182768 69.81415944628237 64
      vertex 120.79311843599442 70.15899346096063 64
    endloop
  endfacet
  facet normal 0.18267054099346056 0.578053307199291 0.7952897883722124
    outer loop
      vertex 122.95049708766095 69.46932543160413 64
      vertex 133.9451081492369 54.98846397236408 72
      vertex 134.95898277003693 54.668069601854526 72
    endloop
  endfacet
  facet normal 0.1851479234884991 0.5791687602326322 0.793904146354264
    outer loop
      vertex 133.9451081492369 54.98846397236408 72
      vertex 122.95049708766095 69.46932543160413 64
      vertex 121.87180776182768 69.81415944628237 64
    endloop
  endfacet
  facet normal 0.18271209082443038 0.5781847899062217 0.7951846581691975
    outer loop
      vertex 124.0291864134942 69.12449141692588 64
      vertex 134.95898277003693 54.668069601854526 72
      vertex 135.972857390837 54.347675231344965 72
    endloop
  endfacet
  facet normal 0.18518751325229443 0.5792926025851545 0.7938045512124188
    outer loop
      vertex 134.95898277003693 54.668069601854526 72
      vertex 124.0291864134942 69.12449141692588 64
      vertex 122.95049708766095 69.46932543160413 64
    endloop
  endfacet
  facet normal 0.18275365406286057 0.5783163150404945 0.7950794562084067
    outer loop
      vertex 125.10787573932747 68.77965740224762 64
      vertex 135.972857390837 54.347675231344965 72
      vertex 136.98673201163703 54.02728086083541 72
    endloop
  endfacet
  facet normal 0.1852271149788539 0.5794164823589254 0.793704892165482
    outer loop
      vertex 135.972857390837 54.347675231344965 72
      vertex 125.10787573932747 68.77965740224762 64
      vertex 124.0291864134942 69.12449141692588 64
    endloop
  endfacet
  facet normal 0.18279523071039736 0.5784478826073165 0.794974182434024
    outer loop
      vertex 126.18656506516074 68.43482338756938 64
      vertex 136.98673201163703 54.02728086083541 72
      vertex 138.00060663243707 53.70688649032585 72
    endloop
  endfacet
  facet normal 0.18526672866948163 0.579540399558002 0.7936051691667968
    outer loop
      vertex 136.98673201163703 54.02728086083541 72
      vertex 126.18656506516074 68.43482338756938 64
      vertex 125.10787573932747 68.77965740224762 64
    endloop
  endfacet
  facet normal 0.1828368207686646 0.5785794926118611 0.7948688367902018
    outer loop
      vertex 127.265254390994 68.08998937289113 64
      vertex 138.00060663243707 53.70688649032585 72
      vertex 139.0144812532371 53.386492119816296 72
    endloop
  endfacet
  facet normal 0.18530635432549047 0.5796643541864266 0.7935053821696667
    outer loop
      vertex 138.00060663243707 53.70688649032585 72
      vertex 127.265254390994 68.08998937289113 64
      vertex 126.18656506516074 68.43482338756938 64
    endloop
  endfacet
  facet normal 0.18287842423931142 0.578711145059296 0.7947634192210314
    outer loop
      vertex 128.34394371682725 67.74515535821287 64
      vertex 139.0144812532371 53.386492119816296 72
      vertex 140.02835587403715 53.066097749306735 72
    endloop
  endfacet
  facet normal 0.18534599194814058 0.5797883462482055 0.7934055311273868
    outer loop
      vertex 139.0144812532371 53.386492119816296 72
      vertex 128.34394371682725 67.74515535821287 64
      vertex 127.265254390994 68.08998937289113 64
    endloop
  endfacet
  facet normal 0.1829200411239413 0.5788428399547462 0.7946579296705845
    outer loop
      vertex 129.42263304266052 67.40032134353463 64
      vertex 140.02835587403715 53.066097749306735 72
      vertex 141.04223049483718 52.74570337879718 72
    endloop
  endfacet
  facet normal 0.18538564153870032 0.5799123757473291 0.7933056159932143
    outer loop
      vertex 140.02835587403715 53.066097749306735 72
      vertex 129.42263304266052 67.40032134353463 64
      vertex 128.34394371682725 67.74515535821287 64
    endloop
  endfacet
  facet normal 0.1829616714241891 0.5789745773033341 0.7945523680828676
    outer loop
      vertex 130.5013223684938 67.05548732885637 64
      vertex 141.04223049483718 52.74570337879718 72
      vertex 142.05610511563722 52.42530900828762 72
    endloop
  endfacet
  facet normal 0.1854253030984771 0.5800364426877925 0.7932056367203457
    outer loop
      vertex 141.04223049483718 52.74570337879718 72
      vertex 130.5013223684938 67.05548732885637 64
      vertex 129.42263304266052 67.40032134353463 64
    endloop
  endfacet
  facet normal 0.1830033151416427 0.5791063571101358 0.7944467344018707
    outer loop
      vertex 131.58001169432706 66.71065331417812 64
      vertex 142.05610511563722 52.42530900828762 72
      vertex 143.06997973643726 52.104914637778066 72
    endloop
  endfacet
  facet normal 0.1854649766287063 0.5801605470735398 0.7931055932619846
    outer loop
      vertex 142.05610511563722 52.42530900828762 72
      vertex 131.58001169432706 66.71065331417812 64
      vertex 130.5013223684938 67.05548732885637 64
    endloop
  endfacet
  facet normal 0.18304497227792318 0.5792381793802296 0.7943410285715143
    outer loop
      vertex 132.65870102016032 66.36581929949988 64
      vertex 143.06997973643726 52.104914637778066 72
      vertex 144.0838543572373 51.784520267268505 72
    endloop
  endfacet
  facet normal 0.18550466213064853 0.5802846889085139 0.7930054855712809
    outer loop
      vertex 143.06997973643726 52.104914637778066 72
      vertex 132.65870102016032 66.36581929949988 64
      vertex 131.58001169432706 66.71065331417812 64
    endloop
  endfacet
  facet normal 0.18308664283459755 0.5793700441186421 0.7942352505357082
    outer loop
      vertex 133.7373903459936 66.02098528482162 64
      vertex 144.0838543572373 51.784520267268505 72
      vertex 145.09772897803737 51.46412589675895 72
    endloop
  endfacet
  facet normal 0.1855443596055837 0.580408868196647 0.7929053136013412
    outer loop
      vertex 144.0838543572373 51.784520267268505 72
      vertex 133.7373903459936 66.02098528482162 64
      vertex 132.65870102016032 66.36581929949988 64
    endloop
  endfacet
  facet normal 0.1831283268132852 0.5795019513304104 0.7941294002382818
    outer loop
      vertex 134.81607967182686 65.67615127014336 64
      vertex 145.09772897803737 51.46412589675895 72
      vertex 146.1116035988374 51.1437315262494 72
    endloop
  endfacet
  facet normal 0.1855840690547331 0.5805330849418313 0.7928050773052658
    outer loop
      vertex 145.09772897803737 51.46412589675895 72
      vertex 134.81607967182686 65.67615127014336 64
      vertex 133.7373903459936 66.02098528482162 64
    endloop
  endfacet
  facet normal 0.1831700242155453 0.5796339010205172 0.7940234776230575
    outer loop
      vertex 135.8947689976601 65.33131725546512 64
      vertex 146.1116035988374 51.1437315262494 72
      vertex 147.12547821963744 50.823337155739836 72
    endloop
  endfacet
  facet normal 0.1856237904793445 0.5806573391479547 0.7927047766361053
    outer loop
      vertex 146.1116035988374 51.1437315262494 72
      vertex 135.8947689976601 65.33131725546512 64
      vertex 134.81607967182686 65.67615127014336 64
    endloop
  endfacet
  facet normal 0.18321173504294627 0.5797658931939351 0.793917482633801
    outer loop
      vertex 136.97345832349336 64.98648324078687 64
      vertex 147.12547821963744 50.823337155739836 72
      vertex 148.13935284043748 50.502942785230275 72
    endloop
  endfacet
  facet normal 0.18566352388066246 0.5807816308188845 0.7926044115468773
    outer loop
      vertex 147.12547821963744 50.823337155739836 72
      vertex 136.97345832349336 64.98648324078687 64
      vertex 135.8947689976601 65.33131725546512 64
    endloop
  endfacet
  facet normal 0.1832534592970519 0.5798979278556126 0.7938114152142375
    outer loop
      vertex 138.05214764932663 64.64164922610861 64
      vertex 148.13935284043748 50.502942785230275 72
      vertex 149.15322746123752 50.18254841472072 72
    endloop
  endfacet
  facet normal 0.1857032692599083 0.5809059599584668 0.7925039819905728
    outer loop
      vertex 148.13935284043748 50.502942785230275 72
      vertex 138.05214764932663 64.64164922610861 64
      vertex 136.97345832349336 64.98648324078687 64
    endloop
  endfacet
  facet normal 0.1832951969794321 0.5800300050104793 0.7937052753080418
    outer loop
      vertex 139.1308369751599 64.29681521143036 64
      vertex 149.15322746123752 50.18254841472072 72
      vertex 150.16710208203756 49.86215404421116 72
    endloop
  endfacet
  facet normal 0.1857430266183082 0.5810303265705289 0.7924034879201474
    outer loop
      vertex 149.15322746123752 50.18254841472072 72
      vertex 139.1308369751599 64.29681521143036 64
      vertex 138.05214764932663 64.64164922610861 64
    endloop
  endfacet
  facet normal 0.18333694809161644 0.5801621246634265 0.7935990628588663
    outer loop
      vertex 140.20952630099316 63.951981196752115 64
      vertex 150.16710208203756 49.86215404421116 72
      vertex 151.1809767028376 49.541759673701605 72
    endloop
  endfacet
  facet normal 0.1857827959570713 0.581154730658877 0.7923029292885274
    outer loop
      vertex 150.16710208203756 49.86215404421116 72
      vertex 140.20952630099316 63.951981196752115 64
      vertex 139.1308369751599 64.29681521143036 64
    endloop
  endfacet
  facet normal 0.18337871263516595 0.580294286819343 0.7934927778102958
    outer loop
      vertex 141.28821562682643 63.60714718207386 64
      vertex 151.1809767028376 49.541759673701605 72
      vertex 152.19485132363764 49.221365303192044 72
    endloop
  endfacet
  facet normal 0.18582257727743579 0.5812791722273125 0.7922023060485887
    outer loop
      vertex 151.1809767028376 49.541759673701605 72
      vertex 141.28821562682643 63.60714718207386 64
      vertex 140.20952630099316 63.951981196752115 64
    endloop
  endfacet
  facet normal 0.18342049061159507 0.5804264914830723 0.7933864201058981
    outer loop
      vertex 142.3669049526597 63.26231316739561 64
      vertex 152.19485132363764 49.221365303192044 72
      vertex 153.20872594443767 48.90097093268249 72
    endloop
  endfacet
  facet normal 0.1858623705805763 0.5814036512795937 0.7921016181532046
    outer loop
      vertex 152.19485132363764 49.221365303192044 72
      vertex 142.3669049526597 63.26231316739561 64
      vertex 141.28821562682643 63.60714718207386 64
    endloop
  endfacet
  facet normal 0.18346228202244366 0.5805587386594487 0.7932799896891811
    outer loop
      vertex 143.44559427849293 62.91747915271736 64
      vertex 153.20872594443767 48.90097093268249 72
      vertex 154.2226005652377 48.580576562172936 72
    endloop
  endfacet
  facet normal 0.18590217586771593 0.5815281678194832 0.792000865555186
    outer loop
      vertex 153.20872594443767 48.90097093268249 72
      vertex 143.44559427849293 62.91747915271736 64
      vertex 142.3669049526597 63.26231316739561 64
    endloop
  endfacet
  facet normal 0.18350408686923117 0.5806910283532807 0.7931734865036142
    outer loop
      vertex 144.52428360432623 62.57264513803911 64
      vertex 154.2226005652377 48.580576562172936 72
      vertex 155.23647518603775 48.260182191663375 72
    endloop
  endfacet
  facet normal 0.18594199314002566 0.5816527218507055 0.7919000482073356
    outer loop
      vertex 154.2226005652377 48.580576562172936 72
      vertex 144.52428360432623 62.57264513803911 64
      vertex 143.44559427849293 62.91747915271736 64
    endloop
  endfacet
  facet normal 0.18354590515345326 0.5808233605693429 0.793066910492636
    outer loop
      vertex 145.60297293015947 62.22781112336086 64
      vertex 155.23647518603775 48.260182191663375 72
      vertex 156.25034980683782 47.939787821153814 72
    endloop
  endfacet
  facet normal 0.18598182239871883 0.5817773133769846 0.7917991660623982
    outer loop
      vertex 155.23647518603775 48.260182191663375 72
      vertex 145.60297293015947 62.22781112336086 64
      vertex 144.52428360432623 62.57264513803911 64
    endloop
  endfacet
  facet normal 0.18358773687663046 0.5809557353123983 0.7929602615996262
    outer loop
      vertex 146.68166225599273 61.88297710868261 64
      vertex 156.25034980683782 47.939787821153814 72
      vertex 157.26422442763786 47.61939345064426 72
    endloop
  endfacet
  facet normal 0.18602166364495043 0.581901942402005 0.7916982190731129
    outer loop
      vertex 156.25034980683782 47.939787821153814 72
      vertex 146.68166225599273 61.88297710868261 64
      vertex 145.60297293015947 62.22781112336086 64
    endloop
  endfacet
  facet normal 0.18362958204025104 0.5810881525871796 0.7928535397679329
    outer loop
      vertex 147.760351581826 61.538143094004354 64
      vertex 157.26422442763786 47.61939345064426 72
      vertex 158.2780990484379 47.298999080134706 72
    endloop
  endfacet
  facet normal 0.18606151687991834 0.5820266089294525 0.7915972071921591
    outer loop
      vertex 157.26422442763786 47.61939345064426 72
      vertex 147.760351581826 61.538143094004354 64
      vertex 146.68166225599273 61.88297710868261 64
    endloop
  endfacet
  facet normal 0.1836714406458089 0.5812206123983978 0.7927467449408572
    outer loop
      vertex 148.83904090765927 61.193309079326106 64
      vertex 158.2780990484379 47.298999080134706 72
      vertex 159.29197366923793 46.978604709625145 72
    endloop
  endfacet
  facet normal 0.18610138210477262 0.5821513129629756 0.7914961303722067
    outer loop
      vertex 158.2780990484379 47.298999080134706 72
      vertex 148.83904090765927 61.193309079326106 64
      vertex 147.760351581826 61.538143094004354 64
    endloop
  endfacet
  facet normal 0.18371331269477117 0.5813531147507343 0.7926398770616659
    outer loop
      vertex 149.91773023349253 60.84847506464786 64
      vertex 159.29197366923793 46.978604709625145 72
      vertex 160.30584829003797 46.65821033911559 72
    endloop
  endfacet
  facet normal 0.1861412593206888 0.582276054506216 0.7913949885658755
    outer loop
      vertex 159.29197366923793 46.978604709625145 72
      vertex 149.91773023349253 60.84847506464786 64
      vertex 148.83904090765927 61.193309079326106 64
    endloop
  endfacet
  facet normal 0.2017470426883593 0.5898130533749719 0.7819326651541
    outer loop
      vertex 156.3465295045221 58.618342684281544 64
      vertex 160.30584829003797 46.65821033911559 72
      vertex 166.31716115042522 44.60202561190743 72
    endloop
  endfacet
  facet normal 0.204711835024152 0.5901225000635263 0.7809279733239282
    outer loop
      vertex 160.30584829003797 46.65821033911559 72
      vertex 156.3465295045221 58.618342684281544 64
      vertex 149.91773023349253 60.84847506464786 64
    endloop
  endfacet
  facet normal 0.24195718711985276 0.6062115581212181 0.7576042940752735
    outer loop
      vertex 162.3707066157978 56.17506030072174 64
      vertex 166.31716115042522 44.60202561190743 72
      vertex 171.8870910831755 42.37889977253924 72
    endloop
  endfacet
  facet normal 0.2459913745025395 0.6065183532696529 0.7560580208009302
    outer loop
      vertex 166.31716115042522 44.60202561190743 72
      vertex 162.3707066157978 56.17506030072174 64
      vertex 156.3465295045221 58.618342684281544 64
    endloop
  endfacet
  facet normal 0.28895756048167553 0.6226807226084984 0.7271672750696616
    outer loop
      vertex 167.98903800328122 53.53021674291763 64
      vertex 171.8870910831755 42.37889977253924 72
      vertex 177.01648477118073 39.99858345147659 72
    endloop
  endfacet
  facet normal 0.29320529327009603 0.6228438341069081 0.7253249025873877
    outer loop
      vertex 171.8870910831755 42.37889977253924 72
      vertex 167.98903800328122 53.53021674291763 64
      vertex 162.3707066157978 56.17506030072174 64
    endloop
  endfacet
  facet normal 0.3438718834709923 0.637979805354219 0.6890093582225898
    outer loop
      vertex 173.20030010293374 50.695400839818404 64
      vertex 177.01648477118073 39.99858345147659 72
      vertex 181.70618889733245 37.47082727918506 72
    endloop
  endfacet
  facet normal 0.3470285679656579 0.6379450678821802 0.687457099301844
    outer loop
      vertex 177.01648477118073 39.99858345147659 72
      vertex 173.20030010293374 50.695400839818404 64
      vertex 167.98903800328122 53.53021674291763 64
    endloop
  endfacet
  facet normal 0.4076703348445166 0.6501540164863122 0.6411744325333597
    outer loop
      vertex 178.00326935071678 47.68220142037329 64
      vertex 181.70618889733245 37.47082727918506 72
      vertex 185.95705014452244 34.80538188613025 72
    endloop
  endfacet
  facet normal 0.4078722170439222 0.6501387537927376 0.6410615067062614
    outer loop
      vertex 181.70618889733245 37.47082727918506 72
      vertex 178.00326935071678 47.68220142037329 64
      vertex 173.20030010293374 50.695400839818404 64
    endloop
  endfacet
  facet normal 0.48079948627416924 0.6562733833717614 0.5814955720177721
    outer loop
      vertex 182.39672218259187 44.502207313531514 64
      vertex 185.95705014452244 34.80538188613025 72
      vertex 189.7699151956424 32.011997902777786 72
    endloop
  endfacet
  facet normal 0.47561449222980495 0.6571049403117155 0.5848110397375563
    outer loop
      vertex 185.95705014452244 34.80538188613025 72
      vertex 182.39672218259187 44.502207313531514 64
      vertex 178.00326935071678 47.68220142037329 64
    endloop
  endfacet
  facet normal 0.5625760390806261 0.652258200537899 0.5080033858975899
    outer loop
      vertex 186.3794350345205 41.16700734824225 64
      vertex 189.7699151956424 32.011997902777786 72
      vertex 193.14563073358414 29.10042595959323 72
    endloop
  endfacet
  facet normal 0.5492562713092769 0.6558917106957115 0.5178065394218995
    outer loop
      vertex 189.7699151956424 32.011997902777786 72
      vertex 186.3794350345205 41.16700734824225 64
      vertex 182.39672218259187 44.502207313531514 64
    endloop
  endfacet
  facet normal 0.6504118565707836 0.6330539756253207 0.41977027143084156
    outer loop
      vertex 189.950184342464 37.688190353454715 64
      vertex 193.14563073358414 29.10042595959323 72
      vertex 196.08504344123932 26.080416687042206 72
    endloop
  endfacet
  facet normal 0.6266019084524502 0.6431606877611339 0.4401299558566452
    outer loop
      vertex 193.14563073358414 29.10042595959323 72
      vertex 189.950184342464 37.688190353454715 64
      vertex 186.3794350345205 41.16700734824225 64
    endloop
  endfacet
  facet normal 0.7041793522847576 0.6157810663304127 0.35347576743646647
    outer loop
      vertex 196.08504344123932 26.080416687042206 72
      vertex 193.1077465423839 34.07734515811812 64
      vertex 189.950184342464 37.688190353454715 64
    endloop
  endfacet
  facet normal 0.7392449172660734 0.5935292113022883 0.3181823810759479
    outer loop
      vertex 193.1077465423839 34.07734515811812 64
      vertex 196.08504344123932 26.080416687042206 72
      vertex 198.58900000149964 22.961720715590285 72
    endloop
  endfacet
  facet normal 0.7776496516897373 0.57170949894133 0.2615516546441323
    outer loop
      vertex 198.58900000149964 22.961720715590285 72
      vertex 195.85089807024164 30.346060591181683 64
      vertex 193.1077465423839 34.07734515811812 64
    endloop
  endfacet
  facet normal 0.8219069230024774 0.5302387190763135 0.20812474795879035
    outer loop
      vertex 195.85089807024164 30.346060591181683 64
      vertex 198.58900000149964 22.961720715590285 72
      vertex 200.65834709725686 19.754088675703084 72
    endloop
  endfacet
  facet normal 0.8427552052655162 0.5107964321559101 0.16985484654454344
    outer loop
      vertex 200.65834709725686 19.754088675703084 72
      vertex 198.17841536199867 26.50592548159458 64
      vertex 195.85089807024164 30.346060591181683 64
    endloop
  endfacet
  facet normal 0.8909688382338329 0.4433634255706106 0.0979969497614475
    outer loop
      vertex 198.17841536199867 26.50592548159458 64
      vertex 200.65834709725686 19.754088675703084 72
      vertex 202.2939314114027 16.46727119784618 72
    endloop
  endfacet
  facet normal 0.896436294064964 0.4350042910979514 0.08469496684834536
    outer loop
      vertex 202.2939314114027 16.46727119784618 72
      vertex 200.08907485361652 22.56852865830605 64
      vertex 198.17841536199867 26.50592548159458 64
    endloop
  endfacet
  facet normal 0.941383178698878 0.337332098810408 -0.0021831113030282186
    outer loop
      vertex 200.08907485361652 22.56852865830605 64
      vertex 202.2939314114027 16.46727119784618 72
      vertex 203.49659962682892 13.111018912485193 72
    endloop
  endfacet
  facet normal 0.9374888859333178 0.3478128661468463 0.011865870984576097
    outer loop
      vertex 203.49659962682892 13.111018912485193 72
      vertex 201.58165298105658 18.545458950265285 64
      vertex 200.08907485361652 22.56852865830605 64
    endloop
  endfacet
  facet normal 0.972062010166259 0.21928681239083367 -0.08371823160458546
    outer loop
      vertex 201.58165298105658 18.545458950265285 64
      vertex 203.49659962682892 13.111018912485193 72
      vertex 204.2671984264272 9.6950824500857 72
    endloop
  endfacet
  facet normal 0.9664082638496992 0.25315625160358773 -0.044350646410518293
    outer loop
      vertex 204.2671984264272 9.6950824500857 72
      vertex 202.6549261802803 14.448305186421507 64
      vertex 201.58165298105658 18.545458950265285 64
    endloop
  endfacet
  facet normal 0.9852628712285485 0.09647639322886088 -0.14124227457821092
    outer loop
      vertex 202.6549261802803 14.448305186421507 64
      vertex 204.2671984264272 9.6950824500857 72
      vertex 204.60657449308928 6.229212441113312 72
    endloop
  endfacet
  facet normal 0.9846269128571195 0.1545106347059307 -0.08146352705492782
    outer loop
      vertex 204.60657449308928 6.229212441113312 72
      vertex 203.30767088724917 10.288656195723881 64
      vertex 202.6549261802803 14.448305186421507 64
    endloop
  endfacet
  facet normal 0.984619446868066 -0.02555590437955975 -0.1728335632930318
    outer loop
      vertex 203.30767088724917 10.288656195723881 64
      vertex 204.60657449308928 6.229212441113312 72
      vertex 204.51557450970685 2.723159516033597 72
    endloop
  endfacet
  facet normal 0.9936451443111223 0.054511745965036176 -0.0984773920185357
    outer loop
      vertex 204.51557450970685 2.723159516033597 72
      vertex 203.5386635379246 6.078100807121658 64
      vertex 203.30767088724917 10.288656195723881 64
    endloop
  endfacet
  facet normal 0.9733718884607314 -0.14326898226341322 -0.17894458772367267
    outer loop
      vertex 203.5386635379246 6.078100807121658 64
      vertex 204.51557450970685 2.723159516033597 72
      vertex 203.99504515917167 -0.8133256946878262 72
    endloop
  endfacet
  facet normal 0.9944223535622063 -0.04492185023793265 -0.0954264643953805
    outer loop
      vertex 203.99504515917167 -0.8133256946878262 72
      vertex 203.34668056826814 1.828227849564037 64
      vertex 203.5386635379246 6.078100807121658 64
    endloop
  endfacet
  facet normal 0.9535405833471471 -0.2544474947343535 -0.16129732897166518
    outer loop
      vertex 203.34668056826814 1.828227849564037 64
      vertex 203.99504515917167 -0.8133256946878262 72
      vertex 203.0458331243755 -4.370492560585355 72
    endloop
  endfacet
  facet normal 0.9871388143520073 -0.14219587609044923 -0.07305678628698989
    outer loop
      vertex 203.0458331243755 -4.370492560585355 72
      vertex 202.73049841424114 -2.44937384799978 64
      vertex 203.34668056826814 1.828227849564037 64
    endloop
  endfacet
  facet normal 0.9259284642816787 -0.35734669071861014 -0.1223103497886825
    outer loop
      vertex 202.73049841424114 -2.44937384799978 64
      vertex 203.0458331243755 -4.370492560585355 72
      vertex 201.66878508820997 -7.938590451193406 72
    endloop
  endfacet
  facet normal 0.9712920281028602 -0.23562259455429047 -0.032768721051290646
    outer loop
      vertex 201.66878508820997 -7.938590451193406 72
      vertex 201.68889351180513 -6.7431154566206 64
      vertex 202.73049841424114 -2.44937384799978 64
    endloop
  endfacet
  facet normal 0.890589674671839 -0.4501349887974746 -0.06502709610773907
    outer loop
      vertex 201.68889351180513 -6.7431154566206 64
      vertex 201.66878508820997 -7.938590451193406 72
      vertex 199.86474773356696 -11.50786873604639 72
    endloop
  endfacet
  facet normal 0.9460577132169652 -0.3231632852218235 0.023244232560461812
    outer loop
      vertex 199.86474773356696 -11.50786873604639 72
      vertex 200.22064229692154 -11.041408147349195 64
      vertex 201.68889351180513 -6.7431154566206 64
    endloop
  endfacet
  facet normal 0.8474718248302751 -0.5307974369719205 0.0067518162655495996
    outer loop
      vertex 200.22064229692154 -11.041408147349195 64
      vertex 199.86474773356696 -11.50786873604639 72
      vertex 197.63456774333798 -15.068576784678694 72
    endloop
  endfacet
  facet normal 0.9108222302932616 -0.40245319001790086 0.0918384159707909
    outer loop
      vertex 197.63456774333798 -15.068576784678694 72
      vertex 198.3245212055518 -15.332663091236356 64
      vertex 200.22064229692154 -11.041408147349195 64
    endloop
  endfacet
  facet normal 0.7970057380415023 -0.5974585653785451 0.08845968677725953
    outer loop
      vertex 198.3245212055518 -15.332663091236356 64
      vertex 197.63456774333798 -15.068576784678694 72
      vertex 194.97909180041495 -18.61096396662473 72
    endloop
  endfacet
  facet normal 0.8657256699732229 -0.4711380759175404 0.16896146830011957
    outer loop
      vertex 194.97909180041495 -18.61096396662473 72
      vertex 195.99930667365746 -19.6052914593329 64
      vertex 198.3245212055518 -15.332663091236356 64
    endloop
  endfacet
  facet normal 0.7404407086271827 -0.6489178012369535 0.1750806792466641
    outer loop
      vertex 195.99930667365746 -19.6052914593329 64
      vertex 194.97909180041495 -18.61096396662473 72
      vertex 191.89916658768948 -22.125279651418904 72
    endloop
  endfacet
  facet normal 0.8119915323080789 -0.5274046383360802 0.25002819625307576
    outer loop
      vertex 191.89916658768948 -22.125279651418904 72
      vertex 193.24377513719986 -23.8477044226896 64
      vertex 195.99930667365746 -19.6052914593329 64
    endloop
  endfacet
  facet normal 0.6798036522766179 -0.6850900066041102 0.261760725095556
    outer loop
      vertex 193.24377513719986 -23.8477044226896 64
      vertex 191.89916658768948 -22.125279651418904 72
      vertex 188.3956387880533 -25.601773208595606 72
    endloop
  endfacet
  facet normal 0.7518682999756434 -0.5704550553843964 0.3305678285588616
    outer loop
      vertex 188.3956387880533 -25.601773208595606 72
      vertex 190.05670303214055 -28.048313152357256 64
      vertex 193.24377513719986 -23.8477044226896 64
    endloop
  endfacet
  facet normal 0.6175323411399396 -0.7071050367038512 0.3444652010207573
    outer loop
      vertex 190.05670303214055 -28.048313152357256 64
      vertex 188.3956387880533 -25.601773208595606 72
      vertex 184.46935508439822 -29.030694007689263 72
    endloop
  endfacet
  facet normal 0.6881997975641162 -0.6006850778957741 0.40688877574351595
    outer loop
      vertex 184.46935508439822 -29.030694007689263 72
      vertex 186.43686679444093 -32.19552881938665 64
      vertex 190.05670303214055 -28.048313152357256 64
    endloop
  endfacet
  facet normal 0.5559897498058559 -0.7170342131584859 0.42040139779859537
    outer loop
      vertex 186.43686679444093 -32.19552881938665 64
      vertex 184.46935508439822 -29.030694007689263 72
      vertex 180.1211621596159 -32.402291418234256 72
    endloop
  endfacet
  facet normal 0.523515743243573 -0.7555644256715832 0.3937685427198319
    outer loop
      vertex 175.35190669659806 -35.706814809765014 72
      vertex 186.43686679444093 -32.19552881938665 64
      vertex 180.1211621596159 -32.402291418234256 72
    endloop
  endfacet
  facet normal 0.5884205066382975 -0.5843254611333948 0.5588605039173683
    outer loop
      vertex 186.43686679444093 -32.19552881938665 64
      vertex 175.35190669659806 -35.706814809765014 72
      vertex 182.38304286006246 -36.2777625948286 64
    endloop
  endfacet
  facet normal 0.5611832227001183 -0.6289024321487021 0.5381032627640876
    outer loop
      vertex 175.35190669659806 -35.706814809765014 72
      vertex 177.89400766496664 -40.28342564973388 64
      vertex 182.38304286006246 -36.2777625948286 64
    endloop
  endfacet
  facet normal 0.4420924043676737 -0.7107930559448035 0.5471083417578796
    outer loop
      vertex 177.89400766496664 -40.28342564973388 64
      vertex 175.35190669659806 -35.706814809765014 72
      vertex 170.16243537823647 -38.93451355181592 72
    endloop
  endfacet
  facet normal 0.5019152962900887 -0.6310571875588308 0.5914793837323252
    outer loop
      vertex 170.16243537823647 -38.93451355181592 72
      vertex 172.9685376451149 -44.20092915515328 64
      vertex 177.89400766496664 -40.28342564973388 64
    endloop
  endfacet
  facet normal 0.39169556163810126 -0.6994178842990092 0.5978203828205512
    outer loop
      vertex 172.9685376451149 -44.20092915515328 64
      vertex 170.16243537823647 -38.93451355181592 72
      vertex 164.5535948874228 -42.07563701392138 72
    endloop
  endfacet
  facet normal 0.44702433580977685 -0.6279734647704843 0.6370389083391854
    outer loop
      vertex 164.5535948874228 -42.07563701392138 72
      vertex 167.6054092364687 -48.0186842821376 64
      vertex 172.9685376451149 -44.20092915515328 64
    endloop
  endfacet
  facet normal 0.34608975992753443 -0.6851058474192775 0.6409772662935987
    outer loop
      vertex 167.6054092364687 -48.0186842821376 64
      vertex 164.5535948874228 -42.07563701392138 72
      vertex 158.52623190704878 -45.12043456561581 72
    endloop
  endfacet
  facet normal 0.39692218009142105 -0.6213402405090491 0.675565754368611
    outer loop
      vertex 158.52623190704878 -45.12043456561581 72
      vertex 161.80339887498948 -51.72510220173764 64
      vertex 167.6054092364687 -48.0186842821376 64
    endloop
  endfacet
  facet normal 0.30514652260876196 -0.6692303102965692 0.6775074844753659
    outer loop
      vertex 161.80339887498948 -51.72510220173764 64
      vertex 158.52623190704878 -45.12043456561581 72
      vertex 152.0811931200062 -48.059155576433604 72
    endloop
  endfacet
  facet normal -0.3006200940285292 -0.9512997477243612 0.06823744606771909
    outer loop
      vertex 156.40995224582318 -50.000932128346385 64
      vertex 152.0811931200062 -48.059155576433604 72
      vertex 147.011820016006 -46.45718372388582 72
    endloop
  endfacet
  facet normal -0.3038283878494815 -0.9504179544589286 0.06628742398744392
    outer loop
      vertex 152.0811931200062 -48.059155576433604 72
      vertex 156.40995224582318 -50.000932128346385 64
      vertex 161.80339887498948 -51.72510220173764 64
    endloop
  endfacet
  facet normal -0.3006675417332199 -0.95144989400666 0.0658948294088245
    outer loop
      vertex 151.01650561665684 -48.27676205495513 64
      vertex 147.011820016006 -46.45718372388582 72
      vertex 141.94244691200578 -44.85521187133803 72
    endloop
  endfacet
  facet normal -0.30387215658269245 -0.9505548692159188 0.06408707407653493
    outer loop
      vertex 147.011820016006 -46.45718372388582 72
      vertex 151.01650561665684 -48.27676205495513 64
      vertex 156.40995224582318 -50.000932128346385 64
    endloop
  endfacet
  facet normal -0.3007133459104909 -0.9515948394149992 0.06355112264987459
    outer loop
      vertex 145.62305898749054 -46.55259198156387 64
      vertex 141.94244691200578 -44.85521187133803 72
      vertex 136.87307380800556 -43.253240018790244 72
    endloop
  endfacet
  facet normal -0.30391445959975416 -0.9506871990065164 0.06188578909033734
    outer loop
      vertex 141.94244691200578 -44.85521187133803 72
      vertex 145.62305898749054 -46.55259198156387 64
      vertex 151.01650561665684 -48.27676205495513 64
    endloop
  endfacet
  facet normal -0.30075750429282333 -0.951734576773897 0.06120636392209361
    outer loop
      vertex 140.22961235832423 -44.82842190817262 64
      vertex 136.87307380800556 -43.253240018790244 72
      vertex 131.80370070400537 -41.65126816624246 72
    endloop
  endfacet
  facet normal -0.30395529505338076 -0.9508149380521701 0.059683600644230776
    outer loop
      vertex 136.87307380800556 -43.253240018790244 72
      vertex 140.22961235832423 -44.82842190817262 64
      vertex 145.62305898749054 -46.55259198156387 64
    endloop
  endfacet
  facet normal -0.3008000146924171 -0.9518690991601662 0.0588605914433046
    outer loop
      vertex 134.83616572915793 -43.10425183478137 64
      vertex 131.80370070400537 -41.65126816624246 72
      vertex 126.73432760000517 -40.049296313694676 72
    endloop
  endfacet
  facet normal -0.30399466115907775 -0.950938080770717 0.05748054041919779
    outer loop
      vertex 131.80370070400537 -41.65126816624246 72
      vertex 134.83616572915793 -43.10425183478137 64
      vertex 140.22961235832423 -44.82842190817262 64
    endloop
  endfacet
  facet normal -0.30084087500150425 -0.9519983999038589 0.05651384351485528
    outer loop
      vertex 129.4427190999916 -41.38008176139011 64
      vertex 126.73432760000517 -40.049296313694676 72
      vertex 121.66495449600495 -38.447324461146884 72
    endloop
  endfacet
  facet normal -0.30403255619534364 -0.9510566217770595 0.05527664015958481
    outer loop
      vertex 126.73432760000517 -40.049296313694676 72
      vertex 129.4427190999916 -41.38008176139011 64
      vertex 134.83616572915793 -43.10425183478137 64
    endloop
  endfacet
  facet normal -0.3008800831926313 -0.9521224725891827 0.0541661585185472
    outer loop
      vertex 124.04927247082529 -39.65591168799886 64
      vertex 121.66495449600495 -38.447324461146884 72
      vertex 116.59558139200475 -36.8453526085991 72
    endloop
  endfacet
  facet normal -0.3040689785038808 -0.9511705558838178 0.05307193167085177
    outer loop
      vertex 121.66495449600495 -38.447324461146884 72
      vertex 124.04927247082529 -39.65591168799886 64
      vertex 129.4427190999916 -41.38008176139011 64
    endloop
  endfacet
  facet normal -0.3009176373189392 -0.9522413110553792 0.05181757491353478
    outer loop
      vertex 118.65582584165895 -37.931741614607596 64
      vertex 116.59558139200475 -36.8453526085991 72
      vertex 111.52620828800453 -35.24338075605131 72
    endloop
  endfacet
  facet normal -0.30410392648980344 -0.9512798781019532 0.05086644681729941
    outer loop
      vertex 116.59558139200475 -36.8453526085991 72
      vertex 118.65582584165895 -37.931741614607596 64
      vertex 124.04927247082529 -39.65591168799886 64
    endloop
  endfacet
  facet normal -0.3009535355144278 -0.9523549093975727 0.049468131233221364
    outer loop
      vertex 113.26237921249265 -36.207571541216346 64
      vertex 111.52620828800453 -35.24338075605131 72
      vertex 106.45683518400433 -33.641408903503525 72
    endloop
  endfacet
  facet normal -0.30413739862181893 -0.9513845836413781 0.04866021751980463
    outer loop
      vertex 111.52620828800453 -35.24338075605131 72
      vertex 113.26237921249265 -36.207571541216346 64
      vertex 118.65582584165895 -37.931741614607596 64
    endloop
  endfacet
  facet normal -0.30098777599421495 -0.95246326196758 0.047117866082128465
    outer loop
      vertex 107.86893258332631 -34.48340146782509 64
      vertex 106.45683518400433 -33.641408903503525 72
      vertex 101.38746208000411 -32.03943705095573 72
    endloop
  endfacet
  facet normal -0.30416939343242494 -0.9514846679115315 0.04645327575352648
    outer loop
      vertex 106.45683518400433 -33.641408903503525 72
      vertex 107.86893258332631 -34.48340146782509 64
      vertex 113.26237921249265 -36.207571541216346 64
    endloop
  endfacet
  facet normal -0.30102035705478364 -0.9525663633746886 0.04476681813275857
    outer loop
      vertex 102.47548595416 -32.75923139443383 64
      vertex 101.38746208000411 -32.03943705095573 72
      vertex 96.3180889760039 -30.437465198407946 72
    endloop
  endfacet
  facet normal -0.30419990951808207 -0.9515801265219404 0.04424565354561635
    outer loop
      vertex 101.38746208000411 -32.03943705095573 72
      vertex 102.47548595416 -32.75923139443383 64
      vertex 107.86893258332631 -34.48340146782509 64
    endloop
  endfacet
  facet normal -0.3010512770742131 -0.9526642084863992 0.04241502612244999
    outer loop
      vertex 97.0820393249937 -31.035061321042583 64
      vertex 96.3180889760039 -30.437465198407946 72
      vertex 91.24871587200371 -28.83549334586016 72
    endloop
  endfacet
  facet normal -0.30422894553937896 -0.951670955282752 0.042037382972921075
    outer loop
      vertex 96.3180889760039 -30.437465198407946 72
      vertex 97.0820393249937 -31.035061321042583 64
      vertex 102.47548595416 -32.75923139443383 64
    endloop
  endfacet
  facet normal -0.30108053451240413 -0.9527567924291337 0.04006252885020588
    outer loop
      vertex 91.68859269582737 -29.310891247651327 64
      vertex 91.24871587200371 -28.83549334586016 72
      vertex 86.17934276800351 -27.233521493312374 72
    endloop
  endfacet
  facet normal -0.3042565002212086 -0.951757150205241 0.0398284961596631
    outer loop
      vertex 91.24871587200371 -28.83549334586016 72
      vertex 91.68859269582737 -29.310891247651327 64
      vertex 97.0820393249937 -31.035061321042583 64
    endloop
  endfacet
  facet normal -0.30110812791129216 -0.9528441105889078 0.03770936517352114
    outer loop
      vertex 86.29514606666106 -27.586721174260074 64
      vertex 86.17934276800351 -27.233521493312374 72
      vertex 81.1099696640033 -25.63154964076459 72
    endloop
  endfacet
  facet normal -0.304282572352913 -0.9518387075022973 0.03761902527512619
    outer loop
      vertex 86.17934276800351 -27.233521493312374 72
      vertex 86.29514606666106 -27.586721174260074 64
      vertex 91.68859269582737 -29.310891247651327 64
    endloop
  endfacet
  facet normal -0.30113405589504977 -0.9529261586119672 0.035355574005198
    outer loop
      vertex 80.90169943749474 -25.86255110086882 64
      vertex 81.1099696640033 -25.63154964076459 72
      vertex 76.0405965600031 -24.029577788216802 72
    endloop
  endfacet
  facet normal -0.3043071607884303 -0.9519156235888875 0.035409002531330745
    outer loop
      vertex 81.1099696640033 -25.63154964076459 72
      vertex 80.90169943749474 -25.86255110086882 64
      vertex 86.29514606666106 -27.586721174260074 64
    endloop
  endfacet
  facet normal -0.3011583171702716 -0.9530029324053909 0.033001194310145684
    outer loop
      vertex 75.50825280832842 -24.138381027477564 64
      vertex 76.0405965600031 -24.029577788216802 72
      vertex 70.97122345600289 -22.427605935669014 72
    endloop
  endfacet
  facet normal -0.3043302644464432 -0.9519878950824894 0.03319846018069683
    outer loop
      vertex 76.0405965600031 -24.029577788216802 72
      vertex 75.50825280832842 -24.138381027477564 64
      vertex 80.90169943749474 -25.86255110086882 64
    endloop
  endfacet
  facet normal -0.30118091052615875 -0.9530744281376565 0.03064626510217353
    outer loop
      vertex 70.11480617916212 -22.41421095408631 64
      vertex 70.97122345600289 -22.427605935669014 72
      vertex 65.90185035200268 -20.82563408312123 72
    endloop
  endfacet
  facet normal -0.3043518823105005 -0.9520555188035063 0.03098743051370481
    outer loop
      vertex 70.97122345600289 -22.427605935669014 72
      vertex 70.11480617916212 -22.41421095408631 64
      vertex 75.50825280832842 -24.138381027477564 64
    endloop
  endfacet
  facet normal -0.30120183483468643 -0.9531406422391703 0.028290825440774256
    outer loop
      vertex 64.7213595499958 -20.690040880695054 64
      vertex 65.90185035200268 -20.82563408312123 72
      vertex 60.832477248002476 -19.223662230573442 72
    endloop
  endfacet
  facet normal -0.3043720134291478 -0.9521184917756548 0.02877594585654804
    outer loop
      vertex 65.90185035200268 -20.82563408312123 72
      vertex 64.7213595499958 -20.690040880695054 64
      vertex 70.11480617916212 -22.41421095408631 64
    endloop
  endfacet
  facet normal -0.3012210890507542 -0.9532015714027623 0.02593491442789864
    outer loop
      vertex 59.32791292082949 -18.965870807303805 64
      vertex 60.832477248002476 -19.223662230573442 72
      vertex 55.76310414400228 -17.621690378025658 72
    endloop
  endfacet
  facet normal -0.3043906569160417 -0.9521768112263272 0.02656403856878099
    outer loop
      vertex 60.832477248002476 -19.223662230573442 72
      vertex 59.32791292082949 -18.965870807303805 64
      vertex 64.7213595499958 -20.690040880695054 64
    endloop
  endfacet
  facet normal -0.3012386722123379 -0.9532572125841438 0.023578571204718856
    outer loop
      vertex 53.934466291663156 -17.241700733912545 64
      vertex 55.76310414400228 -17.621690378025658 72
      vertex 50.693731040002056 -16.019718525477867 72
    endloop
  endfacet
  facet normal -0.3044078119500587 -0.9522304745869311 0.02435174104095718
    outer loop
      vertex 55.76310414400228 -17.621690378025658 72
      vertex 53.934466291663156 -17.241700733912545 64
      vertex 59.32791292082949 -18.965870807303805 64
    endloop
  endfacet
  facet normal -0.3012545834406192 -0.9533075630023305 0.02122183494838954
    outer loop
      vertex 48.54101966249685 -15.517530660521292 64
      vertex 50.693731040002056 -16.019718525477867 72
      vertex 45.62435793600186 -14.41774667293008 72
    endloop
  endfacet
  facet normal -0.3044234777753934 -0.9522794794932027 0.02213908569226783
    outer loop
      vertex 50.693731040002056 -16.019718525477867 72
      vertex 48.54101966249685 -15.517530660521292 64
      vertex 53.934466291663156 -17.241700733912545 64
    endloop
  endfacet
  facet normal -0.30126882194010707 -0.9533526201400274 0.018864744868798102
    outer loop
      vertex 43.14757303333052 -13.793360587130032 64
      vertex 45.62435793600186 -14.41774667293008 72
      vertex 40.55498483200164 -12.81577482038229 72
    endloop
  endfacet
  facet normal -0.30443765370165254 -0.952323823785497 0.01992610496817208
    outer loop
      vertex 45.62435793600186 -14.41774667293008 72
      vertex 43.14757303333052 -13.793360587130032 64
      vertex 48.54101966249685 -15.517530660521292 64
    endloop
  endfacet
  facet normal -0.3012813869987511 -0.953392381743978 0.01650734020530874
    outer loop
      vertex 37.75412640416423 -12.069190513738787 64
      vertex 40.55498483200164 -12.81577482038229 72
      vertex 35.48561172800146 -11.213802967834512 72
    endloop
  endfacet
  facet normal -0.3044503391039407 -0.9523635055090499 0.017712831338022365
    outer loop
      vertex 40.55498483200164 -12.81577482038229 72
      vertex 37.75412640416423 -12.069190513738787 64
      vertex 43.14757303333052 -13.793360587130032 64
    endloop
  endfacet
  facet normal -0.30129227798803804 -0.9534268458252778 0.014149660223502796
    outer loop
      vertex 32.3606797749979 -10.345020440347527 64
      vertex 35.48561172800146 -11.213802967834512 72
      vertex 30.416238624001238 -9.611831115286721 72
    endloop
  endfacet
  facet normal -0.3044615334229344 -0.9523985229142202 0.015499297292687716
    outer loop
      vertex 35.48561172800146 -11.213802967834512 72
      vertex 32.3606797749979 -10.345020440347527 64
      vertex 37.75412640416423 -12.069190513738787 64
    endloop
  endfacet
  facet normal -0.3013014943630791 -0.9534560106596508 0.011791744211912461
    outer loop
      vertex 26.967233145831567 -8.620850366956269 64
      vertex 30.416238624001238 -9.611831115286721 72
      vertex 25.346865520001018 -8.00985926273893 72
    endloop
  endfacet
  facet normal -0.30447123616495153 -0.9524288744567009 0.013285535342172193
    outer loop
      vertex 30.416238624001238 -9.611831115286721 72
      vertex 26.967233145831567 -8.620850366956269 64
      vertex 32.3606797749979 -10.345020440347527 64
    endloop
  endfacet
  facet normal -0.301309035662687 -0.9534798747876878 0.00943363147874987
    outer loop
      vertex 21.57378651666526 -6.896680293565016 64
      vertex 25.346865520001018 -8.00985926273893 72
      vertex 20.27749241600082 -6.407887410191145 72
    endloop
  endfacet
  facet normal -0.3044794469020126 -0.9524545587977105 0.01107157801322981
    outer loop
      vertex 25.346865520001018 -8.00985926273893 72
      vertex 21.57378651666526 -6.896680293565016 64
      vertex 26.967233145831567 -8.620850366956269 64
    endloop
  endfacet
  facet normal -0.3013149015094385 -0.9534984370150502 0.0070753613486337725
    outer loop
      vertex 16.18033988749895 -5.172510220173764 64
      vertex 20.27749241600082 -6.407887410191145 72
      vertex 15.208119312000619 -4.8059155576433605 72
    endloop
  endfacet
  facet normal -0.30448616527189115 -0.9524755748041561 0.008857457846977319
    outer loop
      vertex 20.27749241600082 -6.407887410191145 72
      vertex 16.18033988749895 -5.172510220173764 64
      vertex 21.57378651666526 -6.896680293565016 64
    endloop
  endfacet
  facet normal -0.3013190916097287 -0.9535116964126356 0.004716973159311561
    outer loop
      vertex 10.78689325833264 -3.448340146782512 64
      vertex 15.208119312000619 -4.8059155576433605 72
      vertex 10.13874620800042 -3.203943705095576 72
    endloop
  endfacet
  facet normal -0.3044913909781605 -0.952491921548772 0.006643207396504124
    outer loop
      vertex 15.208119312000619 -4.8059155576433605 72
      vertex 10.78689325833264 -3.448340146782512 64
      vertex 16.18033988749895 -5.172510220173764 64
    endloop
  endfacet
  facet normal -0.30132160575380984 -0.9535196523167074 0.002358506258379214
    outer loop
      vertex 5.393446629166308 -1.7241700733912522 64
      vertex 10.13874620800042 -3.203943705095576 72
      vertex 5.069373104000199 -1.6019718525477846 72
    endloop
  endfacet
  facet normal -0.3044951237902288 -0.9525035983102336 0.00442885922448034
    outer loop
      vertex 10.13874620800042 -3.203943705095576 72
      vertex 5.393446629166308 -1.7241700733912522 64
      vertex 10.78689325833264 -3.448340146782512 64
    endloop
  endfacet
  facet normal -0.301322443815822 -0.9535223043289868 0
    outer loop
      vertex 0 0 64
      vertex 5.069373104000199 -1.6019718525477846 72
      vertex 0 0 72
    endloop
  endfacet
  facet normal -0.30449736354336693 -0.9525106045732464 0.0022144459007626457
    outer loop
      vertex 5.069373104000199 -1.6019718525477846 72
      vertex 0 0 64
      vertex 5.393446629166308 -1.7241700733912522 64
    endloop
  endfacet
  facet normal -0.28666518554462034 0.9555506184820676 0.06889184941055405
    outer loop
      vertex 4.329653655534557 1.8756680484800765 72
      vertex 0 0 80
      vertex 4.714045207910316 1.4142135623730951 80
    endloop
  endfacet
  facet normal -0.3975155091539945 0.9175954555151418 0
    outer loop
      vertex 0 0 80
      vertex 4.329653655534557 1.8756680484800765 72
      vertex 0 0 72
    endloop
  endfacet
  facet normal -0.28464591647045934 0.9488197215681974 0.13681315068348054
    outer loop
      vertex 8.659307311069114 3.751336096960153 72
      vertex 4.714045207910316 1.4142135623730951 80
      vertex 9.428090415820632 2.8284271247461903 80
    endloop
  endfacet
  facet normal -0.39648832059851413 0.9152243692838852 0.07184264400677524
    outer loop
      vertex 4.714045207910316 1.4142135623730951 80
      vertex 8.659307311069114 3.751336096960153 72
      vertex 4.329653655534557 1.8756680484800765 72
    endloop
  endfacet
  facet normal -0.28137326161849807 0.9379108720616601 0.2028602566169735
    outer loop
      vertex 12.98896096660367 5.62700414544023 72
      vertex 9.428090415820632 2.8284271247461903 80
      vertex 14.14213562373095 4.242640687119286 80
    endloop
  endfacet
  facet normal -0.3934538829137125 0.9082198973437999 0.1425856237105977
    outer loop
      vertex 9.428090415820632 2.8284271247461903 80
      vertex 12.98896096660367 5.62700414544023 72
      vertex 8.659307311069114 3.751336096960153 72
    endloop
  endfacet
  facet normal -0.27697555004513746 0.9232518334837913 0.2662528810097857
    outer loop
      vertex 17.318614622138227 7.502672193920306 72
      vertex 14.14213562373095 4.242640687119286 80
      vertex 18.856180831641264 5.656854249492381 80
    endloop
  endfacet
  facet normal -0.3885477131973464 0.8968948573590595 0.21121148030347447
    outer loop
      vertex 14.14213562373095 4.242640687119286 80
      vertex 17.318614622138227 7.502672193920306 72
      vertex 12.98896096660367 5.62700414544023 72
    endloop
  endfacet
  facet normal -0.2716130699569793 0.9053768998565973 0.3263725010392295
    outer loop
      vertex 21.648268277672784 9.378340242400384 72
      vertex 18.856180831641264 5.656854249492381 80
      vertex 23.57022603955158 7.071067811865476 80
    endloop
  endfacet
  facet normal -0.38197750267279656 0.8817286684173106 0.2768532873976575
    outer loop
      vertex 18.856180831641264 5.656854249492381 80
      vertex 21.648268277672784 9.378340242400384 72
      vertex 17.318614622138227 7.502672193920306 72
    endloop
  endfacet
  facet normal -0.26546338404296105 0.8848779468098703 0.3827795853778093
    outer loop
      vertex 25.97792193320734 11.25400829088046 72
      vertex 23.57022603955158 7.071067811865476 80
      vertex 28.2842712474619 8.485281374238571 80
    endloop
  endfacet
  facet normal -0.3740001909480936 0.8633144309416627 0.3388392694164339
    outer loop
      vertex 23.57022603955158 7.071067811865476 80
      vertex 25.97792193320734 11.25400829088046 72
      vertex 21.648268277672784 9.378340242400384 72
    endloop
  endfacet
  facet normal -0.25870747987107323 0.8623582662369107 0.4352110528371581
    outer loop
      vertex 30.307575588741898 13.129676339360536 72
      vertex 28.2842712474619 8.485281374238571 80
      vertex 32.99831645537221 9.899494936611665 80
    endloop
  endfacet
  facet normal -0.36489693803265727 0.8423011539417622 0.3967102099552859
    outer loop
      vertex 28.2842712474619 8.485281374238571 80
      vertex 30.307575588741898 13.129676339360536 72
      vertex 25.97792193320734 11.25400829088046 72
    endloop
  endfacet
  facet normal -0.2515184199455997 0.838394733151999 0.48356256663544306
    outer loop
      vertex 34.63722924427647 15.00534438784062 72
      vertex 32.99831645537221 9.899494936611665 80
      vertex 37.71236166328254 11.313708498984765 80
    endloop
  endfacet
  facet normal -0.35495016714031413 0.8193407623150578 0.4502122766607358
    outer loop
      vertex 32.99831645537221 9.899494936611665 80
      vertex 34.63722924427647 15.00534438784062 72
      vertex 30.307575588741898 13.129676339360536 72
    endloop
  endfacet
  facet normal -0.2440532941012305 0.8135109803374346 0.5278616054504859
    outer loop
      vertex 38.966882899811026 16.881012436320695 72
      vertex 37.71236166328254 11.313708498984765 80
      vertex 42.42640687119286 12.72792206135786 80
    endloop
  endfacet
  facet normal -0.34442546401352314 0.7950463145830875 0.49927192731708775
    outer loop
      vertex 37.71236166328254 11.313708498984765 80
      vertex 38.966882899811026 16.881012436320695 72
      vertex 34.63722924427647 15.00534438784062 72
    endloop
  endfacet
  facet normal -0.23644851029582536 0.7881617009860852 0.5682369532841082
    outer loop
      vertex 43.29653655534558 18.75668048480077 72
      vertex 42.42640687119286 12.72792206135786 80
      vertex 47.14045207910318 14.142135623730955 80
    endloop
  endfacet
  facet normal -0.33355946312951 0.7699640403039941 0.5439609004289762
    outer loop
      vertex 42.42640687119286 12.72792206135786 80
      vertex 43.29653655534558 18.75668048480077 72
      vertex 38.966882899811026 16.881012436320695 72
    endloop
  endfacet
  facet normal -0.2288179458733694 0.7627264862445633 0.6048889607418154
    outer loop
      vertex 47.62619021088014 20.63234853328085 72
      vertex 47.14045207910318 14.142135623730955 80
      vertex 51.854497287013494 15.556349186104052 80
    endloop
  endfacet
  facet normal -0.32255348082459334 0.744558643246744 0.584458449142885
    outer loop
      vertex 47.14045207910318 14.142135623730955 80
      vertex 47.62619021088014 20.63234853328085 72
      vertex 43.29653655534558 18.75668048480077 72
    endloop
  endfacet
  facet normal -0.2212532432309331 0.7375108107697764 0.6380633247237303
    outer loop
      vertex 51.955843866414696 22.508016581760923 72
      vertex 51.854497287013494 15.556349186104052 80
      vertex 56.568542494923804 16.970562748477146 80
    endloop
  endfacet
  facet normal -0.3115718245074883 0.7192093985039434 0.6210159734472784
    outer loop
      vertex 51.854497287013494 15.556349186104052 80
      vertex 51.955843866414696 22.508016581760923 72
      vertex 47.62619021088014 20.63234853328085 72
    endloop
  endfacet
  facet normal -0.2138255109458882 0.7127517031529613 0.668029685359328
    outer loop
      vertex 56.28549752194925 24.383684630241003 72
      vertex 56.568542494923804 16.970562748477146 80
      vertex 61.28258770283413 18.384776310850242 80
    endloop
  endfacet
  facet normal -0.30074340266438193 0.6942138689086761 0.6539269913137835
    outer loop
      vertex 56.568542494923804 16.970562748477146 80
      vertex 56.28549752194925 24.383684630241003 72
      vertex 51.955843866414696 22.508016581760923 72
    endloop
  endfacet
  facet normal -0.2065877963289386 0.688625987763129 0.6950652713128516
    outer loop
      vertex 60.6151511774838 26.259352678721076 72
      vertex 61.28258770283413 18.384776310850242 80
      vertex 65.99663291074444 19.798989873223334 80
    endloop
  endfacet
  facet normal -0.2901653270045147 0.6697962199614781 0.683503552828863
    outer loop
      vertex 61.28258770283413 18.384776310850242 80
      vertex 60.6151511774838 26.259352678721076 72
      vertex 56.28549752194925 24.383684630241003 72
    endloop
  endfacet
  facet normal -0.1995778514590522 0.665259504863507 0.7194431682876348
    outer loop
      vertex 64.94480483301837 28.135020727201155 72
      vertex 65.99663291074444 19.798989873223334 80
      vertex 70.71067811865476 21.21320343559643 80
    endloop
  endfacet
  facet normal -0.2799074558641756 0.6461177074886758 0.7100589582712287
    outer loop
      vertex 65.99663291074444 19.798989873223334 80
      vertex 64.94480483301837 28.135020727201155 72
      vertex 60.6151511774838 26.259352678721076 72
    endloop
  endfacet
  facet normal -0.19282087108112728 0.6427362369370906 0.741424467766922
    outer loop
      vertex 69.27445848855292 30.01068877568123 72
      vertex 70.71067811865476 21.21320343559643 80
      vertex 75.42472332656507 22.627416997969526 80
    endloop
  endfacet
  facet normal -0.2700171376636914 0.623287627088348 0.7338959594428108
    outer loop
      vertex 70.71067811865476 21.21320343559643 80
      vertex 69.27445848855292 30.01068877568123 72
      vertex 64.94480483301837 28.135020727201155 72
    endloop
  endfacet
  facet normal -0.18633201137092187 0.6211067045697393 0.7612534683513668
    outer loop
      vertex 73.60411214408748 31.886356824161307 72
      vertex 75.42472332656507 22.627416997969526 80
      vertex 80.13876853447539 24.04163056034262 80
    endloop
  endfacet
  facet normal -0.2605236933253099 0.6013736610128504 0.7552993612178823
    outer loop
      vertex 75.42472332656507 22.627416997969526 80
      vertex 73.60411214408748 31.886356824161307 72
      vertex 69.27445848855292 30.01068877568123 72
    endloop
  endfacet
  facet normal -0.1801185954147094 0.600395318049031 0.7791551537727482
    outer loop
      vertex 77.93376579962204 33.76202487264138 72
      vertex 80.13876853447539 24.04163056034262 80
      vertex 84.8528137423857 25.455844122715718 80
    endloop
  endfacet
  facet normal -0.25144239339398233 0.5804110586608299 0.7745319398117296
    outer loop
      vertex 80.13876853447539 24.04163056034262 80
      vertex 77.93376579962204 33.76202487264138 72
      vertex 73.60411214408748 31.886356824161307 72
    endloop
  endfacet
  facet normal -0.17418197633037502 0.5806065877679178 0.7953342878074224
    outer loop
      vertex 82.2634194551566 35.637692921121456 72
      vertex 84.8528137423857 25.455844122715718 80
      vertex 89.56685895029602 26.87005768508881 80
    endloop
  endfacet
  facet normal -0.24277783531323166 0.5604104324315187 0.7918327284866038
    outer loop
      vertex 84.8528137423857 25.455844122715718 80
      vertex 82.2634194551566 35.637692921121456 72
      vertex 77.93376579962204 33.76202487264138 72
    endloop
  endfacet
  facet normal -0.16851906856367901 0.5617302285455967 0.8099756007859383
    outer loop
      vertex 86.59307311069117 37.51336096960154 72
      vertex 89.56685895029602 26.87005768508881 80
      vertex 94.28090415820635 28.28427124746191 80
    endloop
  endfacet
  facet normal -0.23452671938548306 0.5413641655466243 0.8074169047996765
    outer loop
      vertex 89.56685895029602 26.87005768508881 80
      vertex 86.59307311069117 37.51336096960154 72
      vertex 82.2634194551566 35.637692921121456 72
    endloop
  endfacet
  facet normal -0.16312357910318137 0.5437452636772693 0.8232446696876361
    outer loop
      vertex 90.92272676622571 39.389029018081615 72
      vertex 94.28090415820635 28.28427124746191 80
      vertex 98.99494936611666 29.698484809835005 80
    endloop
  endfacet
  facet normal -0.22668007312544497 0.5232515465834824 0.8214766968367617
    outer loop
      vertex 94.28090415820635 28.28427124746191 80
      vertex 90.92272676622571 39.389029018081615 72
      vertex 86.59307311069117 37.51336096960154 72
    endloop
  endfacet
  facet normal -0.15798697935200046 0.5266232645066682 0.83528920239374
    outer loop
      vertex 95.25238042176028 41.2646970665617 72
      vertex 98.99494936611666 29.698484809835005 80
      vertex 103.70899457402699 31.112698372208104 80
    endloop
  endfacet
  facet normal -0.21922499676643936 0.5060427986729901 0.8341828856455652
    outer loop
      vertex 98.99494936611666 29.698484809835005 80
      vertex 95.25238042176028 41.2646970665617 72
      vertex 90.92272676622571 39.389029018081615 72
    endloop
  endfacet
  facet normal -0.1530992599140858 0.5103308663802852 0.8462405233935011
    outer loop
      vertex 99.58203407729482 43.14036511504177 72
      vertex 103.70899457402699 31.112698372208104 80
      vertex 108.42303978193728 32.52691193458119 80
    endloop
  endfacet
  facet normal -0.21214600843709625 0.48970218460619985 0.8456866095050358
    outer loop
      vertex 103.70899457402699 31.112698372208104 80
      vertex 99.58203407729482 43.14036511504177 72
      vertex 95.25238042176028 41.2646970665617 72
    endloop
  endfacet
  facet normal -0.14844950792447323 0.49483169308157743 0.8562151243227378
    outer loop
      vertex 103.91168773282939 45.01603316352185 72
      vertex 108.42303978193728 32.52691193458119 80
      vertex 113.13708498984761 33.94112549695429 80
    endloop
  endfacet
  facet normal -0.20542606365679084 0.47419036016230776 0.8561212733600403
    outer loop
      vertex 108.42303978193728 32.52691193458119 80
      vertex 103.91168773282939 45.01603316352185 72
      vertex 99.58203407729482 43.14036511504177 72
    endloop
  endfacet
  facet normal -0.14402634195258787 0.48008780650862626 0.8653161912650729
    outer loop
      vertex 108.24134138836395 46.89170121200193 72
      vertex 113.13708498984761 33.94112549695429 80
      vertex 117.85113019775794 35.35533905932739 80
    endloop
  endfacet
  facet normal -0.1990473153076028 0.4594661283718374 0.8656044380361216
    outer loop
      vertex 113.13708498984761 33.94112549695429 80
      vertex 108.24134138836395 46.89170121200193 72
      vertex 103.91168773282939 45.01603316352185 72
    endloop
  endfacet
  facet normal -0.13981823426363824 0.46606078087879504 0.8736350553257615
    outer loop
      vertex 112.5709950438985 48.767369260482006 72
      vertex 117.85113019775794 35.35533905932739 80
      vertex 122.56517540566826 36.769552621700484 80
    endloop
  endfacet
  facet normal -0.19299167016345112 0.44548772416740345 0.8742396141011166
    outer loop
      vertex 117.85113019775794 35.35533905932739 80
      vertex 112.5709950438985 48.767369260482006 72
      vertex 108.24134138836395 46.89170121200193 72
    endloop
  endfacet
  facet normal -0.13581374508566738 0.45271248361889077 0.8812525369163036
    outer loop
      vertex 116.90064869943306 50.64303730896208 72
      vertex 122.56517540566826 36.769552621700484 80
      vertex 127.27922061357856 38.183766184073576 80
    endloop
  endfacet
  facet normal -0.18724118808719767 0.43221373586083234 0.8821179195645654
    outer loop
      vertex 122.56517540566826 36.769552621700484 80
      vertex 116.90064869943306 50.64303730896208 72
      vertex 112.5709950438985 48.767369260482006 72
    endloop
  endfacet
  facet normal -0.13200168887624494 0.440005629587484 0.8882401702609158
    outer loop
      vertex 121.2303023549676 52.51870535744215 72
      vertex 127.27922061357856 38.183766184073576 80
      vertex 131.99326582148888 39.59797974644667 80
    endloop
  endfacet
  facet normal -0.18177836098423908 0.4196037490590383 0.8893195833070828
    outer loop
      vertex 127.27922061357856 38.183766184073576 80
      vertex 121.2303023549676 52.51870535744215 72
      vertex 116.90064869943306 50.64303730896208 72
    endloop
  endfacet
  facet normal -0.12837124856418325 0.42790416188060953 0.8946613050687537
    outer loop
      vertex 125.55995601050218 54.39437340592224 72
      vertex 131.99326582148888 39.59797974644667 80
      vertex 136.7073110293992 41.01219330881977 80
    endloop
  endfacet
  facet normal -0.1765863008557622 0.40761878075228913 0.8959152905984447
    outer loop
      vertex 131.99326582148888 39.59797974644667 80
      vertex 125.55995601050218 54.39437340592224 72
      vertex 121.2303023549676 52.51870535744215 72
    endloop
  endfacet
  facet normal -0.1249120503799397 0.4163735012664665 0.9005720887929978
    outer loop
      vertex 129.88960966603673 56.27004145440231 72
      vertex 136.7073110293992 41.01219330881977 80
      vertex 141.4213562373095 42.42640687119286 80
    endloop
  endfacet
  facet normal -0.17164885987106362 0.3962215564802725 0.9019673758431146
    outer loop
      vertex 136.7073110293992 41.01219330881977 80
      vertex 129.88960966603673 56.27004145440231 72
      vertex 125.55995601050218 54.39437340592224 72
    endloop
  endfacet
  facet normal 0.1802663055368969 0.6008876851229836 0.7787413235186765
    outer loop
      vertex 130.90348428683677 55.949647083892756 72
      vertex 141.4213562373095 42.42640687119286 80
      vertex 142.36416527889156 42.14356415871824 80
    endloop
  endfacet
  facet normal 0.19142185719439112 0.6057464822716513 0.7722880756581513
    outer loop
      vertex 141.4213562373095 42.42640687119286 80
      vertex 130.90348428683677 55.949647083892756 72
      vertex 129.88960966603673 56.27004145440231 72
    endloop
  endfacet
  facet normal 0.18043756759897328 0.6014585586632564 0.778260808732962
    outer loop
      vertex 131.9173589076368 55.629252713383195 72
      vertex 142.36416527889156 42.14356415871824 80
      vertex 143.30697432047364 41.86072144624362 80
    endloop
  endfacet
  facet normal 0.191590915468668 0.6062814601286237 0.7718262189211907
    outer loop
      vertex 142.36416527889156 42.14356415871824 80
      vertex 131.9173589076368 55.629252713383195 72
      vertex 130.90348428683677 55.949647083892756 72
    endloop
  endfacet
  facet normal 0.1806090492246192 0.602030164082058 0.7777789228781592
    outer loop
      vertex 132.93123352843685 55.30885834287364 72
      vertex 143.30697432047364 41.86072144624362 80
      vertex 144.2497833620557 41.577878733769005 80
    endloop
  endfacet
  facet normal 0.19176017108569235 0.6068170624685159 0.7713631372332147
    outer loop
      vertex 143.30697432047364 41.86072144624362 80
      vertex 132.93123352843685 55.30885834287364 72
      vertex 131.9173589076368 55.629252713383195 72
    endloop
  endfacet
  facet normal 0.18078075043418604 0.602602501447299 0.7772956615869605
    outer loop
      vertex 133.9451081492369 54.98846397236408 72
      vertex 144.2497833620557 41.577878733769005 80
      vertex 145.19259240363778 41.295036021294386 80
    endloop
  endfacet
  facet normal 0.19192962403004812 0.6073532892424901 0.7708988269974294
    outer loop
      vertex 144.2497833620557 41.577878733769005 80
      vertex 133.9451081492369 54.98846397236408 72
      vertex 132.93123352843685 55.30885834287364 72
    endloop
  endfacet
  facet normal 0.18095267124525463 0.6031755708175094 0.776811020479356
    outer loop
      vertex 134.95898277003693 54.668069601854526 72
      vertex 145.19259240363778 41.295036021294386 80
      vertex 146.13540144521983 41.01219330881977 80
    endloop
  endfacet
  facet normal 0.1920992742838491 0.6078901403940001 0.7704332846076819
    outer loop
      vertex 145.19259240363778 41.295036021294386 80
      vertex 134.95898277003693 54.668069601854526 72
      vertex 133.9451081492369 54.98846397236408 72
    endloop
  endfacet
  facet normal 0.18112481167251343 0.6037493722417053 0.7763249951626854
    outer loop
      vertex 135.972857390837 54.347675231344965 72
      vertex 146.13540144521983 41.01219330881977 80
      vertex 147.07821048680188 40.72935059634515 80
    endloop
  endfacet
  facet normal 0.19226912182679173 0.6084276158587596 0.7699665064484168
    outer loop
      vertex 146.13540144521983 41.01219330881977 80
      vertex 135.972857390837 54.347675231344965 72
      vertex 134.95898277003693 54.668069601854526 72
    endloop
  endfacet
  facet normal 0.1812971717278024 0.6043239057593384 0.7758375812315862
    outer loop
      vertex 136.98673201163703 54.02728086083541 72
      vertex 147.07821048680188 40.72935059634515 80
      vertex 148.02101952838396 40.446507883870524 80
    endloop
  endfacet
  facet normal 0.1924391666360901 0.6089657155646659 0.7694984888946966
    outer loop
      vertex 147.07821048680188 40.72935059634515 80
      vertex 136.98673201163703 54.02728086083541 72
      vertex 135.972857390837 54.347675231344965 72
    endloop
  endfacet
  facet normal 0.18146975142006386 0.6048991714002068 0.7753487742679959
    outer loop
      vertex 138.00060663243707 53.70688649032585 72
      vertex 148.02101952838396 40.446507883870524 80
      vertex 148.963828569966 40.163665171395905 80
    endloop
  endfacet
  facet normal 0.19260940868647042 0.6095044394317386 0.769029228312195
    outer loop
      vertex 148.02101952838396 40.446507883870524 80
      vertex 138.00060663243707 53.70688649032585 72
      vertex 136.98673201163703 54.02728086083541 72
    endloop
  endfacet
  facet normal 0.1816425507553036 0.6054751691843575 0.7748585698411553
    outer loop
      vertex 139.0144812532371 53.386492119816296 72
      vertex 148.963828569966 40.163665171395905 80
      vertex 149.9066376115481 39.88082245892129 80
    endloop
  endfacet
  facet normal 0.19277984795013772 0.6100437873720587 0.7685587210571981
    outer loop
      vertex 148.963828569966 40.163665171395905 80
      vertex 139.0144812532371 53.386492119816296 72
      vertex 138.00060663243707 53.70688649032585 72
    endloop
  endfacet
  facet normal 0.18181556973661056 0.6060518991220292 0.7743669635075695
    outer loop
      vertex 140.02835587403715 53.066097749306735 72
      vertex 149.9066376115481 39.88082245892129 80
      vertex 150.84944665313014 39.59797974644667 80
    endloop
  endfacet
  facet normal 0.19295048439680282 0.6105837592897231 0.7680869634765771
    outer loop
      vertex 149.9066376115481 39.88082245892129 80
      vertex 140.02835587403715 53.066097749306735 72
      vertex 139.0144812532371 53.386492119816296 72
    endloop
  endfacet
  facet normal 0.18198880836406148 0.6066293612135322 0.7738739508110418
    outer loop
      vertex 141.04223049483718 52.74570337879718 72
      vertex 150.84944665313014 39.59797974644667 80
      vertex 151.7922556947122 39.31513703397205 80
    endloop
  endfacet
  facet normal 0.19312131799359045 0.6111243550807534 0.767613951907827
    outer loop
      vertex 150.84944665313014 39.59797974644667 80
      vertex 141.04223049483718 52.74570337879718 72
      vertex 140.02835587403715 53.066097749306735 72
    endloop
  endfacet
  facet normal 0.18216226663475313 0.6072075554491893 0.7733795272826329
    outer loop
      vertex 142.05610511563722 52.42530900828762 72
      vertex 151.7922556947122 39.31513703397205 80
      vertex 152.73506473629428 39.03229432149743 80
    endloop
  endfacet
  facet normal 0.19329234870509834 0.6116655746330668 0.7671396826790197
    outer loop
      vertex 151.7922556947122 39.31513703397205 80
      vertex 142.05610511563722 52.42530900828762 72
      vertex 141.04223049483718 52.74570337879718 72
    endloop
  endfacet
  facet normal 0.1823359445427777 0.6077864818092529 0.7728836884406499
    outer loop
      vertex 143.06997973643726 52.104914637778066 72
      vertex 152.73506473629428 39.03229432149743 80
      vertex 153.67787377787633 38.74945160902281 80
    endloop
  endfacet
  facet normal 0.19346357649329912 0.6122074178263811 0.7666641521088462
    outer loop
      vertex 152.73506473629428 39.03229432149743 80
      vertex 143.06997973643726 52.104914637778066 72
      vertex 142.05610511563722 52.42530900828762 72
    endloop
  endfacet
  facet normal 0.18250984207913262 0.6083661402637877 0.772386429790679
    outer loop
      vertex 144.0838543572373 51.784520267268505 72
      vertex 153.67787377787633 38.74945160902281 80
      vertex 154.6206828194584 38.466608896548195 80
    endloop
  endfacet
  facet normal 0.1936350013175979 0.6127498845321814 0.7661873565065743
    outer loop
      vertex 153.67787377787633 38.74945160902281 80
      vertex 144.0838543572373 51.784520267268505 72
      vertex 143.06997973643726 52.104914637778066 72
    endloop
  endfacet
  facet normal 0.18268395923178934 0.6089465307726251 0.7718877468255226
    outer loop
      vertex 145.09772897803737 51.46412589675895 72
      vertex 154.6206828194584 38.466608896548195 80
      vertex 155.56349186104046 38.183766184073576 80
    endloop
  endfacet
  facet normal 0.19380662313472868 0.6132929746136258 0.7657092921720905
    outer loop
      vertex 154.6206828194584 38.466608896548195 80
      vertex 145.09772897803737 51.46412589675895 72
      vertex 144.0838543572373 51.784520267268505 72
    endloop
  endfacet
  facet normal 0.18285829598557354 0.609527653285239 0.7713876350252459
    outer loop
      vertex 146.1116035988374 51.1437315262494 72
      vertex 155.56349186104046 38.183766184073576 80
      vertex 156.5063009026225 37.90092347159896 80
    endloop
  endfacet
  facet normal 0.1939784418988393 0.6138366879255246 0.7652299553958408
    outer loop
      vertex 155.56349186104046 38.183766184073576 80
      vertex 146.1116035988374 51.1437315262494 72
      vertex 145.09772897803737 51.46412589675895 72
    endloop
  endfacet
  facet normal 0.1830328523222008 0.6101095077406816 0.7708860898571349
    outer loop
      vertex 147.12547821963744 50.823337155739836 72
      vertex 156.5063009026225 37.90092347159896 80
      vertex 157.4491099442046 37.61808075912434 80
    endloop
  endfacet
  facet normal 0.19415045756135915 0.6143810243142297 0.7647493424588954
    outer loop
      vertex 156.5063009026225 37.90092347159896 80
      vertex 147.12547821963744 50.823337155739836 72
      vertex 146.1116035988374 51.1437315262494 72
    endloop
  endfacet
  facet normal 0.18320762822025488 0.6106920940674948 0.7703831067756919
    outer loop
      vertex 148.13935284043748 50.502942785230275 72
      vertex 157.4491099442046 37.61808075912434 80
      vertex 158.39191898578665 37.335238046649714 80
    endloop
  endfacet
  facet normal 0.1943226700710453 0.614925983617595 0.7642674496329104
    outer loop
      vertex 157.4491099442046 37.61808075912434 80
      vertex 148.13935284043748 50.502942785230275 72
      vertex 147.12547821963744 50.823337155739836 72
    endloop
  endfacet
  facet normal 0.18338262365507327 0.6112754121835898 0.7698786812226742
    outer loop
      vertex 149.15322746123752 50.18254841472072 72
      vertex 158.39191898578665 37.335238046649714 80
      vertex 159.33472802736873 37.052395334175095 80
    endloop
  endfacet
  facet normal 0.19449507937395175 0.6154715656649108 0.7637842731801326
    outer loop
      vertex 158.39191898578665 37.335238046649714 80
      vertex 149.15322746123752 50.18254841472072 72
      vertex 148.13935284043748 50.502942785230275 72
    endloop
  endfacet
  facet normal 0.1835578385988659 0.6118594619962135 0.769372808627012
    outer loop
      vertex 150.16710208203756 49.86215404421116 72
      vertex 159.33472802736873 37.052395334175095 80
      vertex 160.27753706895078 36.76955262170048 80
    endloop
  endfacet
  facet normal 0.19466768541342033 0.6160177702768436 0.7632998093533941
    outer loop
      vertex 159.33472802736873 37.052395334175095 80
      vertex 150.16710208203756 49.86215404421116 72
      vertex 149.15322746123752 50.18254841472072 72
    endloop
  endfacet
  facet normal 0.1837332730205421 0.6124442434018008 0.7688654844048826
    outer loop
      vertex 151.1809767028376 49.541759673701605 72
      vertex 160.27753706895078 36.76955262170048 80
      vertex 161.22034611053283 36.48670990922586 80
    endloop
  endfacet
  facet normal 0.1948404881300097 0.6165645972653484 0.7628140543961407
    outer loop
      vertex 160.27753706895078 36.76955262170048 80
      vertex 151.1809767028376 49.541759673701605 72
      vertex 150.16710208203756 49.86215404421116 72
    endloop
  endfacet
  facet normal 0.1839089268857726 0.6130297562859209 0.7683567039596569
    outer loop
      vertex 152.19485132363764 49.221365303192044 72
      vertex 161.22034611053283 36.48670990922586 80
      vertex 162.1631551521149 36.20386719675124 80
    endloop
  endfacet
  facet normal 0.1950134874615493 0.6171120464336345 0.7623270045423919
    outer loop
      vertex 161.22034611053283 36.48670990922586 80
      vertex 152.19485132363764 49.221365303192044 72
      vertex 151.1809767028376 49.541759673701605 72
    endloop
  endfacet
  facet normal 0.18408480015695636 0.6136160005231818 0.767846462681901
    outer loop
      vertex 153.20872594443767 48.90097093268249 72
      vertex 162.1631551521149 36.20386719675124 80
      vertex 163.10596419369696 35.92102448427662 80
    endloop
  endfacet
  facet normal 0.19518668334303982 0.6176601175760688 0.7618386560167848
    outer loop
      vertex 162.1631551521149 36.20386719675124 80
      vertex 153.20872594443767 48.90097093268249 72
      vertex 152.19485132363764 49.221365303192044 72
    endloop
  endfacet
  facet normal 0.18426089279313043 0.6142029759771138 0.7673347559494067
    outer loop
      vertex 154.2226005652377 48.580576562172936 72
      vertex 163.10596419369696 35.92102448427662 80
      vertex 164.04877323527904 35.638181771802 80
    endloop
  endfacet
  facet normal 0.19536007570670497 0.6182088104781351 0.7613490050345372
    outer loop
      vertex 163.10596419369696 35.92102448427662 80
      vertex 154.2226005652377 48.580576562172936 72
      vertex 153.20872594443767 48.90097093268249 72
    endloop
  endfacet
  facet normal 0.18443720475003705 0.6147906825001174 0.7668215791271349
    outer loop
      vertex 155.23647518603775 48.260182191663375 72
      vertex 164.04877323527904 35.638181771802 80
      vertex 164.9915822768611 35.355339059327385 80
    endloop
  endfacet
  facet normal 0.19553366448192272 0.6187581249163532 0.7608580478014737
    outer loop
      vertex 164.04877323527904 35.638181771802 80
      vertex 155.23647518603775 48.260182191663375 72
      vertex 154.2226005652377 48.580576562172936 72
    endloop
  endfacet
  facet normal 0.18461373598000616 0.6153791199333322 0.7663069275672654
    outer loop
      vertex 156.25034980683782 47.939787821153814 72
      vertex 164.9915822768611 35.355339059327385 80
      vertex 165.93439131844315 35.07249634685276 80
    endloop
  endfacet
  facet normal 0.1957074495952011 0.6193080606582051 0.7603657805140333
    outer loop
      vertex 164.9915822768611 35.355339059327385 80
      vertex 156.25034980683782 47.939787821153814 72
      vertex 155.23647518603775 48.260182191663375 72
    endloop
  endfacet
  facet normal 0.18479048643195908 0.6159682881065581 0.7657907966091759
    outer loop
      vertex 157.26422442763786 47.61939345064426 72
      vertex 165.93439131844315 35.07249634685276 80
      vertex 166.87720036002523 34.78965363437815 80
    endloop
  endfacet
  facet normal 0.19588143097020977 0.6198586174620949 0.7598721993592366
    outer loop
      vertex 165.93439131844315 35.07249634685276 80
      vertex 157.26422442763786 47.61939345064426 72
      vertex 156.25034980683782 47.939787821153814 72
    endloop
  endfacet
  facet normal 0.18496745605146447 0.6165581868381932 0.7652731815793947
    outer loop
      vertex 158.2780990484379 47.298999080134706 72
      vertex 166.87720036002523 34.78965363437815 80
      vertex 167.82000940160728 34.50681092190352 80
    endloop
  endfacet
  facet normal 0.1960556085276952 0.6204097950772527 0.7593773005147286
    outer loop
      vertex 166.87720036002523 34.78965363437815 80
      vertex 158.2780990484379 47.298999080134706 72
      vertex 157.26422442763786 47.61939345064426 72
    endloop
  endfacet
  facet normal 0.1851446447805162 0.6171488159350664 0.7647540777917055
    outer loop
      vertex 159.29197366923793 46.978604709625145 72
      vertex 167.82000940160728 34.50681092190352 80
      vertex 168.76281844318936 34.223968209428904 80
    endloop
  endfacet
  facet normal 0.19622998218550064 0.6209615932436793 0.7588810801487607
    outer loop
      vertex 167.82000940160728 34.50681092190352 80
      vertex 159.29197366923793 46.978604709625145 72
      vertex 158.2780990484379 47.298999080134706 72
    endloop
  endfacet
  facet normal 0.18532205255772927 0.6177401751924247 0.7642334805470268
    outer loop
      vertex 160.30584829003797 46.65821033911559 72
      vertex 168.76281844318936 34.223968209428904 80
      vertex 169.7056274847714 33.941125496954285 80
    endloop
  endfacet
  facet normal 0.19640455185851086 0.6215140116920727 0.758383534420206
    outer loop
      vertex 168.76281844318936 34.223968209428904 80
      vertex 160.30584829003797 46.65821033911559 72
      vertex 159.29197366923793 46.978604709625145 72
    endloop
  endfacet
  facet normal 0.2039029668718949 0.628235040412217 0.7508290844786842
    outer loop
      vertex 166.31716115042522 44.60202561190743 72
      vertex 169.7056274847714 33.941125496954285 80
      vertex 175.2623921917677 32.13759538946118 80
    endloop
  endfacet
  facet normal 0.2151439510822869 0.6289792852082335 0.7470596623373813
    outer loop
      vertex 169.7056274847714 33.941125496954285 80
      vertex 166.31716115042522 44.60202561190743 72
      vertex 160.30584829003797 46.65821033911559 72
    endloop
  endfacet
  facet normal 0.24500431572895615 0.6456941186885248 0.7232233336703369
    outer loop
      vertex 171.8870910831755 42.37889977253924 72
      vertex 175.2623921917677 32.13759538946118 80
      vertex 180.34373447576755 30.209514037559412 80
    endloop
  endfacet
  facet normal 0.2578884979128785 0.6461266557205697 0.7183410522945155
    outer loop
      vertex 175.2623921917677 32.13759538946118 80
      vertex 171.8870910831755 42.37889977253924 72
      vertex 166.31716115042522 44.60202561190743 72
    endloop
  endfacet
  facet normal 0.2940434217515298 0.6627620494352444 0.6886834773341427
    outer loop
      vertex 177.01648477118073 39.99858345147659 72
      vertex 180.34373447576755 30.209514037559412 80
      vertex 184.95256604651146 28.164743057548087 80
    endloop
  endfacet
  facet normal 0.3074928901100005 0.6626228941423145 0.6829194847785954
    outer loop
      vertex 180.34373447576755 30.209514037559412 80
      vertex 177.01648477118073 39.99858345147659 72
      vertex 171.8870910831755 42.37889977253924 72
    endloop
  endfacet
  facet normal 0.3526069529618532 0.6777130694587701 0.6452699684688028
    outer loop
      vertex 181.70618889733245 37.47082727918506 72
      vertex 184.95256604651146 28.164743057548087 80
      vertex 189.0917986137398 26.011144065726306 80
    endloop
  endfacet
  facet normal 0.3648343804875179 0.6768711785928501 0.6393287748917728
    outer loop
      vertex 184.95256604651146 28.164743057548087 80
      vertex 181.70618889733245 37.47082727918506 72
      vertex 177.01648477118073 39.99858345147659 72
    endloop
  endfacet
  facet normal 0.42219593581613046 0.6877306363630356 0.5905735886306093
    outer loop
      vertex 185.95705014452244 34.80538188613025 72
      vertex 189.0917986137398 26.011144065726306 80
      vertex 192.76434388719298 23.756578678393197 80
    endloop
  endfacet
  facet normal 0.4304705272697611 0.6865158397903972 0.5859958420236268
    outer loop
      vertex 189.0917986137398 26.011144065726306 80
      vertex 185.95705014452244 34.80538188613025 72
      vertex 181.70618889733245 37.47082727918506 72
    endloop
  endfacet
  facet normal 0.5036863835435108 0.6884329934922393 0.5218812513438029
    outer loop
      vertex 189.7699151956424 32.011997902777786 72
      vertex 192.76434388719298 23.756578678393197 80
      vertex 195.9731135766114 21.408908511847898 80
    endloop
  endfacet
  facet normal 0.5042553828924579 0.6882898082498127 0.5215205160714357
    outer loop
      vertex 192.76434388719298 23.756578678393197 80
      vertex 189.7699151956424 32.011997902777786 72
      vertex 185.95705014452244 34.80538188613025 72
    endloop
  endfacet
  facet normal 0.5963126687246405 0.6735180535121712 0.43678900250770203
    outer loop
      vertex 193.14563073358414 29.10042595959323 72
      vertex 195.9731135766114 21.408908511847898 80
      vertex 198.72101939173555 18.9759951823895 80
    endloop
  endfacet
  facet normal 0.5848280712853915 0.6780575049446612 0.4452124740220445
    outer loop
      vertex 195.9731135766114 21.408908511847898 80
      vertex 193.14563073358414 29.10042595959323 72
      vertex 189.7699151956424 32.011997902777786 72
    endloop
  endfacet
  facet normal 0.6691384387736287 0.6512807917474762 0.3578925537872663
    outer loop
      vertex 198.72101939173555 18.9759951823895 80
      vertex 196.08504344123932 26.080416687042206 72
      vertex 193.14563073358414 29.10042595959323 72
    endloop
  endfacet
  facet normal 0.6962030683766488 0.6350938183253261 0.33459995443498936
    outer loop
      vertex 196.08504344123932 26.080416687042206 72
      vertex 198.72101939173555 18.9759951823895 80
      vertex 201.01097304230578 16.465700306317135 80
    endloop
  endfacet
  facet normal 0.7523763943877718 0.604072287185853 0.262728820311188
    outer loop
      vertex 201.01097304230578 16.465700306317135 80
      vertex 198.58900000149964 22.961720715590285 72
      vertex 196.08504344123932 26.080416687042206 72
    endloop
  endfacet
  facet normal 0.7952048967871431 0.5655956213726961 0.21851948473713448
    outer loop
      vertex 198.58900000149964 22.961720715590285 72
      vertex 201.01097304230578 16.465700306317135 80
      vertex 202.84588623806246 13.885885499929916 80
    endloop
  endfacet
  facet normal 0.8287114298015865 0.5346285263259293 0.16555876586510074
    outer loop
      vertex 202.84588623806246 13.885885499929916 80
      vertex 200.65834709725686 19.754088675703084 72
      vertex 198.58900000149964 22.961720715590285 72
    endloop
  endfacet
  facet normal 0.8817289314600516 0.46157617381124993 0.09747577748385573
    outer loop
      vertex 200.65834709725686 19.754088675703084 72
      vertex 202.84588623806246 13.885885499929916 80
      vertex 204.2286706887461 11.244412379526977 80
    endloop
  endfacet
  facet normal 0.892814634578751 0.4442819297373902 0.07413228170528754
    outer loop
      vertex 204.2286706887461 11.244412379526977 80
      vertex 202.2939314114027 16.46727119784618 72
      vertex 200.65834709725686 19.754088675703084 72
    endloop
  endfacet
  facet normal 0.9448180767676134 0.3272590239296297 -0.014843620507618558
    outer loop
      vertex 202.2939314114027 16.46727119784618 72
      vertex 204.2286706887461 11.244412379526977 80
      vertex 205.16223810409704 8.549142561407422 80
    endloop
  endfacet
  facet normal 0.9413791783895847 0.3373306653529591 -0.003642074557218302
    outer loop
      vertex 205.16223810409704 8.549142561407422 80
      vertex 203.49659962682892 13.111018912485193 72
      vertex 202.2939314114027 16.46727119784618 72
    endloop
  endfacet
  facet normal 0.9791637258861078 0.17405096692034436 -0.10461672343812194
    outer loop
      vertex 203.49659962682892 13.111018912485193 72
      vertex 205.16223810409704 8.549142561407422 80
      vertex 205.64950019385577 5.807937661870373 80
    endloop
  endfacet
  facet normal 0.9736393672418249 0.21964264730824162 -0.061510080802795325
    outer loop
      vertex 205.64950019385577 5.807937661870373 80
      vertex 204.2671984264272 9.6950824500857 72
      vertex 203.49659962682892 13.111018912485193 72
    endloop
  endfacet
  facet normal 0.9865209108107228 0.015571368231717429 -0.16289267946895059
    outer loop
      vertex 204.2671984264272 9.6950824500857 72
      vertex 205.64950019385577 5.807937661870373 80
      vertex 205.69336866776266 3.028659297214954 80
    endloop
  endfacet
  facet normal 0.9906652426502197 0.09700539043850466 -0.09577228842757471
    outer loop
      vertex 205.69336866776266 3.028659297214954 80
      vertex 204.60657449308928 6.229212441113312 72
      vertex 204.2671984264272 9.6950824500857 72
    endloop
  endfacet
  facet normal 0.9727008410834292 -0.13731538100402738 -0.1870763477709251
    outer loop
      vertex 204.60657449308928 6.229212441113312 72
      vertex 205.69336866776266 3.028659297214954 80
      vertex 205.2967552355581 0.219169083740276 80
    endloop
  endfacet
  facet normal 0.9941216027620706 -0.025802533864889617 -0.10514974164458546
    outer loop
      vertex 205.2967552355581 0.219169083740276 80
      vertex 204.51557450970685 2.723159516033597 72
      vertex 204.60657449308928 6.229212441113312 72
    endloop
  endfacet
  facet normal 0.9437256506732578 -0.27799606039665264 -0.17916497053072833
    outer loop
      vertex 204.51557450970685 2.723159516033597 72
      vertex 205.2967552355581 0.219169083740276 80
      vertex 204.46257160698252 -2.6126713622545523 80
    endloop
  endfacet
  facet normal 0.9853077066934788 -0.14502579541053523 -0.09020111859605329
    outer loop
      vertex 204.46257160698252 -2.6126713622545523 80
      vertex 203.99504515917167 -0.8133256946878262 72
      vertex 204.51557450970685 2.723159516033597 72
    endloop
  endfacet
  facet normal 0.9039105417818923 -0.40294700251517557 -0.14345537849659412
    outer loop
      vertex 203.99504515917167 -0.8133256946878262 72
      vertex 204.46257160698252 -2.6126713622545523 80
      vertex 203.19372949177634 -5.459000424470393 80
    endloop
  endfacet
  facet normal 0.9648408108637724 -0.25746290344558054 -0.05286835576325352
    outer loop
      vertex 203.19372949177634 -5.459000424470393 80
      vertex 203.0458331243755 -4.370492560585355 72
      vertex 203.99504515917167 -0.8133256946878262 72
    endloop
  endfacet
  facet normal 0.8558490742172062 -0.5101541689478782 -0.08523547422670054
    outer loop
      vertex 203.0458331243755 -4.370492560585355 72
      vertex 203.19372949177634 -5.459000424470393 80
      vertex 201.49314059968003 -8.311956486608128 80
    endloop
  endfacet
  facet normal 0.9329267009899447 -0.3600475437812756 0.003679238656109958
    outer loop
      vertex 201.49314059968003 -8.311956486608128 80
      vertex 201.66878508820997 -7.938590451193406 72
      vertex 203.0458331243755 -4.370492560585355 72
    endloop
  endfacet
  facet normal 0.8012187897731631 -0.5982823077189297 -0.010331078595187866
    outer loop
      vertex 201.66878508820997 -7.938590451193406 72
      vertex 201.49314059968003 -8.311956486608128 80
      vertex 199.3637166404339 -11.163677932368653 80
    endloop
  endfacet
  facet normal 0.8899589287408549 -0.4498161878719168 0.07508996126518164
    outer loop
      vertex 199.3637166404339 -11.163677932368653 80
      vertex 199.86474773356696 -11.50786873604639 72
      vertex 201.66878508820997 -7.938590451193406 72
    endloop
  endfacet
  facet normal 0.7415846576138639 -0.6666395401630791 0.0751260213433839
    outer loop
      vertex 199.86474773356696 -11.50786873604639 72
      vertex 199.3637166404339 -11.163677932368653 80
      vertex 196.80836932377846 -14.006303145452847 80
    endloop
  endfacet
  facet normal 0.8371058036769536 -0.5243048819411009 0.15607134337568127
    outer loop
      vertex 196.80836932377846 -14.006303145452847 80
      vertex 197.63456774333798 -15.068576784678694 72
      vertex 199.86474773356696 -11.50786873604639 72
    endloop
  endfacet
  facet normal 0.6788195702308402 -0.7155011866704928 0.16511221319070843
    outer loop
      vertex 197.63456774333798 -15.068576784678694 72
      vertex 196.80836932377846 -14.006303145452847 80
      vertex 193.83001035945404 -16.831970509561575 80
    endloop
  endfacet
  facet normal 0.776559893795432 -0.5821317688598301 0.24099239621314336
    outer loop
      vertex 193.83001035945404 -16.831970509561575 80
      vertex 194.97909180041495 -18.61096396662473 72
      vertex 197.63456774333798 -15.068576784678694 72
    endloop
  endfacet
  facet normal 0.6150838328389889 -0.7463229717735099 0.2543106375739238
    outer loop
      vertex 194.97909180041495 -18.61096396662473 72
      vertex 193.83001035945404 -16.831970509561575 80
      vertex 190.43155145720112 -19.63281840839574 80
    endloop
  endfacet
  facet normal 0.7113055739436224 -0.6233839437419332 0.32471039275250807
    outer loop
      vertex 190.43155145720112 -19.63281840839574 80
      vertex 191.89916658768948 -22.125279651418904 72
      vertex 194.97909180041495 -18.61096396662473 72
    endloop
  endfacet
  facet normal 0.5525246932205435 -0.7616012326421853 0.3386443943422777
    outer loop
      vertex 191.89916658768948 -22.125279651418904 72
      vertex 190.43155145720112 -19.63281840839574 80
      vertex 186.6159043267601 -22.400985225656214 80
    endloop
  endfacet
  facet normal 0.49293853816045496 -0.7644353799311832 0.41551191018513695
    outer loop
      vertex 188.3956387880533 -25.601773208595606 72
      vertex 186.6159043267601 -22.400985225656214 80
      vertex 182.38598067787134 -25.12860934504387 80
    endloop
  endfacet
  facet normal 0.6445466473121385 -0.6495588327378543 0.4032777482714838
    outer loop
      vertex 186.6159043267601 -22.400985225656214 80
      vertex 188.3956387880533 -25.601773208595606 72
      vertex 191.89916658768948 -22.125279651418904 72
    endloop
  endfacet
  facet normal 0.4375693541353098 -0.7580138026720946 0.4836818533707862
    outer loop
      vertex 184.46935508439822 -29.030694007689263 72
      vertex 182.38598067787134 -25.12860934504387 80
      vertex 177.7446922202753 -27.8078291502596 80
    endloop
  endfacet
  facet normal 0.5791108011717915 -0.663110475416187 0.4742522296831975
    outer loop
      vertex 182.38598067787134 -25.12860934504387 80
      vertex 184.46935508439822 -29.030694007689263 72
      vertex 188.3956387880533 -25.601773208595606 72
    endloop
  endfacet
  facet normal 0.38708342253917993 -0.7452175440343773 0.5429707506475147
    outer loop
      vertex 180.1211621596159 -32.402291418234256 72
      vertex 177.7446922202753 -27.8078291502596 80
      vertex 172.69495066371243 -30.43078302500428 80
    endloop
  endfacet
  facet normal 0.517083344391745 -0.6668584252007521 0.5365861120933162
    outer loop
      vertex 177.7446922202753 -27.8078291502596 80
      vertex 180.1211621596159 -32.402291418234256 72
      vertex 184.46935508439822 -29.030694007689263 72
    endloop
  endfacet
  facet normal 0.45972772236517134 -0.663502324423001 0.5902669622926616
    outer loop
      vertex 172.69495066371243 -30.43078302500428 80
      vertex 175.35190669659806 -35.706814809765014 72
      vertex 180.1211621596159 -32.402291418234256 72
    endloop
  endfacet
  facet normal 0.3416661552535086 -0.7284142458324863 0.5938660832397954
    outer loop
      vertex 175.35190669659806 -35.706814809765014 72
      vertex 172.69495066371243 -30.43078302500428 80
      vertex 167.2396677179231 -32.9896093529788 80
    endloop
  endfacet
  facet normal 0.4076045828783198 -0.6553437793069051 0.635911184789459
    outer loop
      vertex 167.2396677179231 -32.9896093529788 80
      vertex 170.16243537823647 -38.93451355181592 72
      vertex 175.35190669659806 -35.706814809765014 72
    endloop
  endfacet
  facet normal 0.30116517007286076 -0.7094148651788569 0.6372049037776225
    outer loop
      vertex 170.16243537823647 -38.93451355181592 72
      vertex 167.2396677179231 -32.9896093529788 80
      vertex 161.38175509264772 -35.47644651788404 80
    endloop
  endfacet
  facet normal 0.3607687020853373 -0.644194387290401 0.67443275052388
    outer loop
      vertex 161.38175509264772 -35.47644651788404 80
      vertex 164.5535948874228 -42.07563701392138 72
      vertex 170.16243537823647 -38.93451355181592 72
    endloop
  endfacet
  facet normal 0.26522586958463773 -0.6895284186386079 0.673947919347492
    outer loop
      vertex 164.5535948874228 -42.07563701392138 72
      vertex 161.38175509264772 -35.47644651788404 80
      vertex 155.12412449762675 -37.883432903420875 80
    endloop
  endfacet
  facet normal 0.31895977325488406 -0.6314003794686174 0.7068226254528636
    outer loop
      vertex 155.12412449762675 -37.883432903420875 80
      vertex 158.52623190704878 -45.12043456561581 72
      vertex 164.5535948874228 -42.07563701392138 72
    endloop
  endfacet
  facet normal 0.23339584127449475 -0.6696569248699973 0.7050432499140956
    outer loop
      vertex 158.52623190704878 -45.12043456561581 72
      vertex 155.12412449762675 -37.883432903420875 80
      vertex 148.46968764260052 -40.202706893290184 80
    endloop
  endfacet
  facet normal 0.28175053228236985 -0.6179195310290577 0.7340245845551978
    outer loop
      vertex 148.46968764260052 -40.202706893290184 80
      vertex 152.0811931200062 -48.059155576433604 72
      vertex 158.52623190704878 -45.12043456561581 72
    endloop
  endfacet
  facet normal 0.20519491543393145 -0.6503942892615844 0.7313564898023266
    outer loop
      vertex 152.0811931200062 -48.059155576433604 72
      vertex 148.46968764260052 -40.202706893290184 80
      vertex 141.4213562373095 -42.42640687119286 80
    endloop
  endfacet
  facet normal -0.2765762454908077 -0.9219208183026942 0.2712334514957529
    outer loop
      vertex 147.011820016006 -46.45718372388582 72
      vertex 141.4213562373095 -42.42640687119286 80
      vertex 136.7073110293992 -41.01219330881977 80
    endloop
  endfacet
  facet normal -0.2909154831673755 -0.9205899114647049 0.2605425043306741
    outer loop
      vertex 141.4213562373095 -42.42640687119286 80
      vertex 147.011820016006 -46.45718372388582 72
      vertex 152.0811931200062 -48.059155576433604 72
    endloop
  endfacet
  facet normal -0.27726836016703005 -0.9242278672234306 0.26253591353930017
    outer loop
      vertex 141.94244691200578 -44.85521187133803 72
      vertex 136.7073110293992 -41.01219330881977 80
      vertex 131.99326582148888 -39.59797974644667 80
    endloop
  endfacet
  facet normal -0.2915649484697313 -0.9226451173227288 0.25242002358048177
    outer loop
      vertex 136.7073110293992 -41.01219330881977 80
      vertex 141.94244691200578 -44.85521187133803 72
      vertex 147.011820016006 -46.45718372388582 72
    endloop
  endfacet
  facet normal -0.2779411398202469 -0.9264704660674914 0.2537739117799685
    outer loop
      vertex 136.87307380800556 -43.253240018790244 72
      vertex 131.99326582148888 -39.59797974644667 80
      vertex 127.27922061357856 -38.183766184073576 80
    endloop
  endfacet
  facet normal -0.2921965470993223 -0.9246437848400678 0.24424383107842876
    outer loop
      vertex 131.99326582148888 -39.59797974644667 80
      vertex 136.87307380800556 -43.253240018790244 72
      vertex 141.94244691200578 -44.85521187133803 72
    endloop
  endfacet
  facet normal -0.2785941101891276 -0.9286470339637578 0.24494899076796312
    outer loop
      vertex 131.80370070400537 -41.65126816624246 72
      vertex 127.27922061357856 -38.183766184073576 80
      vertex 122.56517540566826 -36.769552621700484 80
    endloop
  endfacet
  facet normal -0.2928098918828127 -0.9265846888228386 0.23601521487958993
    outer loop
      vertex 127.27922061357856 -38.183766184073576 80
      vertex 131.80370070400537 -41.65126816624246 72
      vertex 136.87307380800556 -43.253240018790244 72
    endloop
  endfacet
  facet normal -0.2792268049073672 -0.9307560163578924 0.23606276587977548
    outer loop
      vertex 126.73432760000517 -40.049296313694676 72
      vertex 122.56517540566826 -36.769552621700484 80
      vertex 117.85113019775794 -35.35533905932739 80
    endloop
  endfacet
  facet normal -0.2934046024220321 -0.9284666255169132 0.22773551453123295
    outer loop
      vertex 122.56517540566826 -36.769552621700484 80
      vertex 126.73432760000517 -40.049296313694676 72
      vertex 131.80370070400537 -41.65126816624246 72
    endloop
  endfacet
  facet normal -0.27983876633961746 -0.9327958877987248 0.22711692266167613
    outer loop
      vertex 121.66495449600495 -38.447324461146884 72
      vertex 117.85113019775794 -35.35533905932739 80
      vertex 113.13708498984761 -33.94112549695429 80
    endloop
  endfacet
  facet normal -0.2939803056913348 -0.9302884144981917 0.21940612050731403
    outer loop
      vertex 117.85113019775794 -35.35533905932739 80
      vertex 121.66495449600495 -38.447324461146884 72
      vertex 126.73432760000517 -40.049296313694676 72
    endloop
  endfacet
  facet normal -0.2804295464192597 -0.9347651547308602 0.2181132160050813
    outer loop
      vertex 116.59558139200475 -36.8453526085991 72
      vertex 113.13708498984761 -33.94112549695429 80
      vertex 108.4230397819373 -32.52691193458119 80
    endloop
  endfacet
  facet normal -0.2945366366344042 -0.9320489005611872 0.21102847353562296
    outer loop
      vertex 113.13708498984761 -33.94112549695429 80
      vertex 116.59558139200475 -36.8453526085991 72
      vertex 121.66495449600495 -38.447324461146884 72
    endloop
  endfacet
  facet normal -0.28099870748538996 -0.9366623582846356 0.2090534691513282
    outer loop
      vertex 111.52620828800453 -35.24338075605131 72
      vertex 108.4230397819373 -32.52691193458119 80
      vertex 103.70899457402697 -31.112698372208097 80
    endloop
  endfacet
  facet normal -0.29507323875885305 -0.9337469556006073 0.20260406381649546
    outer loop
      vertex 108.4230397819373 -32.52691193458119 80
      vertex 111.52620828800453 -35.24338075605131 72
      vertex 116.59558139200475 -36.8453526085991 72
    endloop
  endfacet
  facet normal -0.2815458231162721 -0.9384860770542421 0.19993957252409997
    outer loop
      vertex 106.45683518400433 -33.641408903503525 72
      vertex 103.70899457402697 -31.112698372208097 80
      vertex 98.99494936611666 -29.698484809835005 80
    endloop
  endfacet
  facet normal -0.2955897647268833 -0.9353814804804822 0.19413443013244
    outer loop
      vertex 103.70899457402697 -31.112698372208097 80
      vertex 106.45683518400433 -33.641408903503525 72
      vertex 111.52620828800453 -35.24338075605131 72
    endloop
  endfacet
  facet normal -0.28207047895638215 -0.9402349298546071 0.1907734823884581
    outer loop
      vertex 101.38746208000411 -32.03943705095573 72
      vertex 98.99494936611666 -29.698484809835005 80
      vertex 94.28090415820633 -28.284271247461906 80
    endloop
  endfacet
  facet normal -0.29608587694025784 -0.9369514068852742 0.18562115884840233
    outer loop
      vertex 98.99494936611666 -29.698484809835005 80
      vertex 101.38746208000411 -32.03943705095573 72
      vertex 106.45683518400433 -33.641408903503525 72
    endloop
  endfacet
  facet normal -0.2825722735342215 -0.9419075784474017 0.18155721933608956
    outer loop
      vertex 96.3180889760039 -30.437465198407946 72
      vertex 94.28090415820633 -28.284271247461906 80
      vertex 89.56685895029602 -26.87005768508881 80
    endloop
  endfacet
  facet normal -0.29656124811779216 -0.9384556991473236 0.17706588280277333
    outer loop
      vertex 94.28090415820633 -28.284271247461906 80
      vertex 96.3180889760039 -30.437465198407946 72
      vertex 101.38746208000411 -32.03943705095573 72
    endloop
  endfacet
  facet normal -0.2830508190679229 -0.9435027302264115 0.172292866597213
    outer loop
      vertex 91.24871587200371 -28.83549334586016 72
      vertex 89.56685895029602 -26.87005768508881 80
      vertex 84.8528137423857 -25.455844122715718 80
    endloop
  endfacet
  facet normal -0.29701556186355793 -0.9398933560449145 0.16847028008970197
    outer loop
      vertex 89.56685895029602 -26.87005768508881 80
      vertex 91.24871587200371 -28.83549334586016 72
      vertex 96.3180889760039 -30.437465198407946 72
    endloop
  endfacet
  facet normal -0.28350574225571673 -0.9450191408523886 0.16298256818030718
    outer loop
      vertex 86.17934276800351 -27.233521493312374 72
      vertex 84.8528137423857 -25.455844122715718 80
      vertex 80.13876853447539 -24.04163056034262 80
    endloop
  endfacet
  facet normal -0.2974485132239915 -0.9412634125652165 0.15983607273366052
    outer loop
      vertex 84.8528137423857 -25.455844122715718 80
      vertex 86.17934276800351 -27.233521493312374 72
      vertex 91.24871587200371 -28.83549334586016 72
    endloop
  endfacet
  facet normal -0.28393668504824265 -0.946455616827475 0.15362852684166012
    outer loop
      vertex 81.1099696640033 -25.63154964076459 72
      vertex 80.13876853447539 -24.04163056034262 80
      vertex 75.42472332656507 -22.627416997969526 80
    endloop
  endfacet
  facet normal -0.29785980923208216 -0.9425649416263449 0.15116502525767214
    outer loop
      vertex 80.13876853447539 -24.04163056034262 80
      vertex 81.1099696640033 -25.63154964076459 72
      vertex 86.17934276800351 -27.233521493312374 72
    endloop
  endfacet
  facet normal -0.28434330539978653 -0.9478110179992879 0.14423300188749186
    outer loop
      vertex 76.0405965600031 -24.029577788216802 72
      vertex 75.42472332656507 -22.627416997969526 80
      vertex 70.71067811865476 -21.21320343559643 80
    endloop
  endfacet
  facet normal -0.29824916943683233 -0.9437970557528108 0.14245894314701837
    outer loop
      vertex 75.42472332656507 -22.627416997969526 80
      vertex 76.0405965600031 -24.029577788216802 72
      vertex 81.1099696640033 -25.63154964076459 72
    endloop
  endfacet
  facet normal -0.2847252779954497 -0.9490842599848319 0.13479830681228155
    outer loop
      vertex 70.97122345600289 -22.427605935669014 72
      vertex 70.71067811865476 -21.21320343559643 80
      vertex 65.99663291074444 -19.798989873223334 80
    endloop
  endfacet
  facet normal -0.29861632641618585 -0.9449589086986792 0.13371967121072137
    outer loop
      vertex 70.71067811865476 -21.21320343559643 80
      vertex 70.97122345600289 -22.427605935669014 72
      vertex 76.0405965600031 -24.029577788216802 72
    endloop
  endfacet
  facet normal -0.28508229495136206 -0.9502743165045406 0.12532680677769112
    outer loop
      vertex 65.90185035200268 -20.82563408312123 72
      vertex 65.99663291074444 -19.798989873223334 80
      vertex 61.28258770283413 -18.384776310850242 80
    endloop
  endfacet
  facet normal -0.298961026271673 -0.9460496970128331 0.12494909184349673
    outer loop
      vertex 65.99663291074444 -19.798989873223334 80
      vertex 65.90185035200268 -20.82563408312123 72
      vertex 70.97122345600289 -22.427605935669014 72
    endloop
  endfacet
  facet normal -0.2854140664850806 -0.9513802216169364 0.1158209159373171
    outer loop
      vertex 60.832477248002476 -19.223662230573442 72
      vertex 61.28258770283413 -18.384776310850242 80
      vertex 56.568542494923804 -16.970562748477146 80
    endloop
  endfacet
  facet normal -0.2992830291030222 -0.9470686615408639 0.11614912319133545
    outer loop
      vertex 61.28258770283413 -18.384776310850242 80
      vertex 60.832477248002476 -19.223662230573442 72
      vertex 65.90185035200268 -20.82563408312123 72
    endloop
  endfacet
  facet normal -0.28572032155339616 -0.9524010718446531 0.10628309461330084
    outer loop
      vertex 55.76310414400228 -17.621690378025658 72
      vertex 56.568542494923804 -16.970562748477146 80
      vertex 51.854497287013494 -15.556349186104052 80
    endloop
  endfacet
  facet normal -0.2995821094610492 -0.9480150888582396 0.10732171722429841
    outer loop
      vertex 56.568542494923804 -16.970562748477146 80
      vertex 55.76310414400228 -17.621690378025658 72
      vertex 60.832477248002476 -19.223662230573442 72
    endloop
  endfacet
  facet normal -0.2860008084548667 -0.953336028182889 0.09671584633159427
    outer loop
      vertex 50.693731040002056 -16.019718525477867 72
      vertex 51.854497287013494 -15.556349186104052 80
      vertex 47.14045207910316 -14.142135623730953 80
    endloop
  endfacet
  facet normal -0.2998580567772095 -0.9488883126295805 0.09846885772051579
    outer loop
      vertex 51.854497287013494 -15.556349186104052 80
      vertex 50.693731040002056 -16.019718525477867 72
      vertex 55.76310414400228 -17.621690378025658 72
    endloop
  endfacet
  facet normal -0.28625529539451655 -0.9541843179817212 0.08712171472345716
    outer loop
      vertex 45.62435793600186 -14.41774667293008 72
      vertex 47.14045207910316 -14.142135623730953 80
      vertex 42.42640687119285 -12.727922061357859 80
    endloop
  endfacet
  facet normal -0.30011067576821987 -0.9496877148890831 0.08959255816580944
    outer loop
      vertex 47.14045207910316 -14.142135623730953 80
      vertex 45.62435793600186 -14.41774667293008 72
      vertex 50.693731040002056 -16.019718525477867 72
    endloop
  endfacet
  facet normal -0.286483571008249 -0.9549452366941633 0.07750328030148239
    outer loop
      vertex 40.55498483200164 -12.81577482038229 72
      vertex 42.42640687119285 -12.727922061357859 80
      vertex 37.71236166328252 -11.31370849898476 80
    endloop
  endfacet
  facet normal -0.30033978681426854 -0.9504127272373479 0.08069485957374353
    outer loop
      vertex 42.42640687119285 -12.727922061357859 80
      vertex 40.55498483200164 -12.81577482038229 72
      vertex 45.62435793600186 -14.41774667293008 72
    endloop
  endfacet
  facet normal -0.28668544484469727 -0.9556181494823239 0.06786315711913808
    outer loop
      vertex 35.48561172800146 -11.213802967834512 72
      vertex 37.71236166328252 -11.31370849898476 80
      vertex 32.99831645537223 -9.899494936611672 80
    endloop
  endfacet
  facet normal -0.3005452263093986 -0.9510628319501468 0.07177782823128102
    outer loop
      vertex 37.71236166328252 -11.31370849898476 80
      vertex 35.48561172800146 -11.213802967834512 72
      vertex 40.55498483200164 -12.81577482038229 72
    endloop
  endfacet
  facet normal -0.28686074780237625 -0.9562024926745875 0.05820398932347574
    outer loop
      vertex 30.416238624001238 -9.611831115286721 72
      vertex 32.99831645537223 -9.899494936611672 80
      vertex 28.284271247461902 -8.485281374238573 80
    endloop
  endfacet
  facet normal -0.30072684698273605 -0.9516375629949415 0.06284355337559139
    outer loop
      vertex 32.99831645537223 -9.899494936611672 80
      vertex 30.416238624001238 -9.611831115286721 72
      vertex 35.48561172800146 -11.213802967834512 72
    endloop
  endfacet
  facet normal -0.2870093325201951 -0.9566977750673166 0.048528447611254036
    outer loop
      vertex 25.346865520001018 -8.00985926273893 72
      vertex 28.284271247461902 -8.485281374238573 80
      vertex 23.57022603955157 -7.071067811865473 80
    endloop
  endfacet
  facet normal -0.30088451818934525 -0.9521365069512844 0.05389414480787712
    outer loop
      vertex 28.284271247461902 -8.485281374238573 80
      vertex 25.346865520001018 -8.00985926273893 72
      vertex 30.416238624001238 -9.611831115286721 72
    endloop
  endfacet
  facet normal -0.2871310737195723 -0.9571035790652409 0.038839225599280255
    outer loop
      vertex 20.27749241600082 -6.407887410191145 72
      vertex 23.57022603955157 -7.071067811865473 80
      vertex 18.85618083164126 -5.65685424949238 80
    endloop
  endfacet
  facet normal -0.30101812616959484 -0.9525593038315663 0.0449317304504039
    outer loop
      vertex 23.57022603955157 -7.071067811865473 80
      vertex 20.27749241600082 -6.407887410191145 72
      vertex 25.346865520001018 -8.00985926273893 72
    endloop
  endfacet
  facet normal -0.2872258684966093 -0.9574195616553642 0.029139036120270842
    outer loop
      vertex 15.208119312000619 -4.8059155576433605 72
      vertex 18.85618083164126 -5.65685424949238 80
      vertex 14.142135623730951 -4.2426406871192865 80
    endloop
  endfacet
  facet normal -0.3011275742760281 -0.9529056477989429 0.03595845385319157
    outer loop
      vertex 18.85618083164126 -5.65685424949238 80
      vertex 15.208119312000619 -4.8059155576433605 72
      vertex 20.27749241600082 -6.407887410191145 72
    endloop
  endfacet
  facet normal -0.28729363656299023 -0.9576454552099669 0.01943060745596172
    outer loop
      vertex 10.13874620800042 -3.203943705095576 72
      vertex 14.142135623730951 -4.2426406871192865 80
      vertex 9.428090415820641 -2.828427124746193 80
    endloop
  endfacet
  facet normal -0.3012127831668603 -0.9531752877796449 0.02697647165708061
    outer loop
      vertex 14.142135623730951 -4.2426406871192865 80
      vertex 10.13874620800042 -3.203943705095576 72
      vertex 15.208119312000619 -4.8059155576433605 72
    endloop
  endfacet
  facet normal -0.2873343204345069 -0.9577810681150227 0.009716679519569373
    outer loop
      vertex 5.069373104000199 -1.6019718525477846 72
      vertex 9.428090415820641 -2.828427124746193 80
      vertex 4.714045207910311 -1.4142135623730934 80
    endloop
  endfacet
  facet normal -0.30127369096534146 -0.9533680279672788 0.017987951020100857
    outer loop
      vertex 9.428090415820641 -2.828427124746193 80
      vertex 5.069373104000199 -1.6019718525477846 72
      vertex 10.13874620800042 -3.203943705095576 72
    endloop
  endfacet
  facet normal -0.28734788556634544 -0.9578262852211514 0
    outer loop
      vertex 0 0 72
      vertex 4.714045207910311 -1.4142135623730934 80
      vertex 0 0 80
    endloop
  endfacet
  facet normal -0.3013102533843644 -0.9534837282171411 0.008995067014257879
    outer loop
      vertex 4.714045207910311 -1.4142135623730934 80
      vertex 0 0 72
      vertex 5.069373104000199 -1.6019718525477846 72
    endloop
  endfacet
  facet normal 0 0 -1
    outer loop
      vertex 193.33333333333334 0 0
      vertex 199.74261182040019 10.225234045062566 0
      vertex 200 0 0
    endloop
  endfacet
  facet normal 0 0 -1
    outer loop
      vertex 186.66666666666666 0 0
      vertex 199.74261182040019 10.225234045062566 0
      vertex 193.33333333333334 0 0
    endloop
  endfacet
  facet normal 0 0 -1
    outer loop
      vertex 199.74261182040019 10.225234045062566 0
      vertex 186.66666666666666 0 0
      vertex 198.98142802667968 20.397212689116518 0
    endloop
  endfacet
  facet normal 0 0 -1
    outer loop
      vertex 180 0 0
      vertex 198.98142802667968 20.397212689116518 0
      vertex 186.66666666666666 0 0
    endloop
  endfacet
  facet normal 0 0 -1
    outer loop
      vertex 173.33333333333334 0 0
      vertex 198.98142802667968 20.397212689116518 0
      vertex 180 0 0
    endloop
  endfacet
  facet normal 0 0 -1
    outer loop
      vertex 198.98142802667968 20.397212689116518 0
      vertex 173.33333333333334 0 0
      vertex 197.73291973645678 30.495347035138916 0
    endloop
  endfacet
  facet normal 0 0 -1
    outer loop
      vertex 166.66666666666669 0 0
      vertex 197.73291973645678 30.495347035138916 0
      vertex 173.33333333333334 0 0
    endloop
  endfacet
  facet normal 0 0 -1
    outer loop
      vertex 197.73291973645678 30.495347035138916 0
      vertex 166.66666666666669 0 0
      vertex 196.0135580673499 40.499048186106826 0
    endloop
  endfacet
  facet normal 0 0 -1
    outer loop
      vertex 160 0 0
      vertex 196.0135580673499 40.499048186106826 0
      vertex 166.66666666666669 0 0
    endloop
  endfacet
  facet normal 0 0 -1
    outer loop
      vertex 196.0135580673499 40.499048186106826 0
      vertex 160 0 0
      vertex 193.83981413697734 50.38772724499731 0
    endloop
  endfacet
  facet normal 0 0 -1
    outer loop
      vertex 153.33333333333334 0 0
      vertex 193.83981413697734 50.38772724499731 0
      vertex 160 0 0
    endloop
  endfacet
  facet normal 0 0 -1
    outer loop
      vertex 193.83981413697734 50.38772724499731 0
      vertex 153.33333333333334 0 0
      vertex 191.22815906295747 60.140795314787425 0
    endloop
  endfacet
  facet normal 0 0 -1
    outer loop
      vertex 146.66666666666666 0 0
      vertex 191.22815906295747 60.140795314787425 0
      vertex 153.33333333333334 0 0
    endloop
  endfacet
  facet normal 0 0 -1
    outer loop
      vertex 140 0 0
      vertex 191.22815906295747 60.140795314787425 0
      vertex 146.66666666666666 0 0
    endloop
  endfacet
  facet normal 0 0 -1
    outer loop
      vertex 191.22815906295747 60.140795314787425 0
      vertex 140 0 0
      vertex 188.19506396290865 69.73766349845422 0
    endloop
  endfacet
  facet normal 0 0 -1
    outer loop
      vertex 133.33333333333331 0 0
      vertex 188.19506396290865 69.73766349845422 0
      vertex 140 0 0
    endloop
  endfacet
  facet normal 0 0 -1
    outer loop
      vertex 188.19506396290865 69.73766349845422 0
      vertex 133.33333333333331 0 0
      vertex 184.75699995444924 79.1577428989748 0
    endloop
  endfacet
  facet normal 0 0 -1
    outer loop
      vertex 126.66666666666666 0 0
      vertex 184.75699995444924 79.1577428989748 0
      vertex 133.33333333333331 0 0
    endloop
  endfacet
  facet normal 0 0 -1
    outer loop
      vertex 184.75699995444924 79.1577428989748 0
      vertex 126.66666666666666 0 0
      vertex 180.93043815519755 88.38044461932618 0
    endloop
  endfacet
  facet normal 0 0 -1
    outer loop
      vertex 120 0 0
      vertex 180.93043815519755 88.38044461932618 0
      vertex 126.66666666666666 0 0
    endloop
  endfacet
  facet normal 0 0 -1
    outer loop
      vertex 180.93043815519755 88.38044461932618 0
      vertex 120 0 0
      vertex 176.73184968277195 97.38517976248544 0
    endloop
  endfacet
  facet normal 0 0 -1
    outer loop
      vertex 113.33333333333333 0 0
      vertex 176.73184968277195 97.38517976248544 0
      vertex 120 0 0
    endloop
  endfacet
  facet normal 0 0 -1
    outer loop
      vertex 176.73184968277195 97.38517976248544 0
      vertex 113.33333333333333 0 0
      vertex 172.17770565479083 106.15135943142964 0
    endloop
  endfacet
  facet normal 0 0 -1
    outer loop
      vertex 106.66666666666667 0 0
      vertex 172.17770565479083 106.15135943142964 0
      vertex 113.33333333333333 0 0
    endloop
  endfacet
  facet normal 0 0 -1
    outer loop
      vertex 172.17770565479083 106.15135943142964 0
      vertex 106.66666666666667 0 0
      vertex 167.28447718887244 114.65839472913585 0
    endloop
  endfacet
  facet normal 0 0 -1
    outer loop
      vertex 100 0 0
      vertex 167.28447718887244 114.65839472913585 0
      vertex 106.66666666666667 0 0
    endloop
  endfacet
  facet normal 0 0 -1
    outer loop
      vertex 167.28447718887244 114.65839472913585 0
      vertex 100 0 0
      vertex 162.06863540263524 122.88569675858112 0
    endloop
  endfacet
  facet normal 0 0 -1
    outer loop
      vertex 93.33333333333333 0 0
      vertex 162.06863540263524 122.88569675858112 0
      vertex 100 0 0
    endloop
  endfacet
  facet normal 0 0 -1
    outer loop
      vertex 162.06863540263524 122.88569675858112 0
      vertex 93.33333333333333 0 0
      vertex 156.54665141369753 130.8126766227425 0
    endloop
  endfacet
  facet normal 0 0 -1
    outer loop
      vertex 86.66666666666667 0 0
      vertex 156.54665141369753 130.8126766227425 0
      vertex 93.33333333333333 0 0
    endloop
  endfacet
  facet normal 0 0 -1
    outer loop
      vertex 156.54665141369753 130.8126766227425 0
      vertex 86.66666666666667 0 0
      vertex 150.73499633967768 138.4187454245971 0
    endloop
  endfacet
  facet normal 0 0 -1
    outer loop
      vertex 0 86.66666666666667 0
      vertex 150.73499633967768 138.4187454245971 0
      vertex 86.66666666666667 0 0
    endloop
  endfacet
  facet normal 0 0 -1
    outer loop
      vertex 150.73499633967768 138.4187454245971 0
      vertex 0 86.66666666666667 0
      vertex 144.650141298194 145.68331426712194 0
    endloop
  endfacet
  facet normal 0 0 -1
    outer loop
      vertex 0 93.33333333333333 0
      vertex 144.650141298194 145.68331426712194 0
      vertex 0 86.66666666666667 0
    endloop
  endfacet
  facet normal 0 0 -1
    outer loop
      vertex 144.650141298194 145.68331426712194 0
      vertex 0 93.33333333333333 0
      vertex 138.3085574068649 152.58579425329407 0
    endloop
  endfacet
  facet normal 0 0 -1
    outer loop
      vertex 0 100 0
      vertex 138.3085574068649 152.58579425329407 0
      vertex 0 93.33333333333333 0
    endloop
  endfacet
  facet normal 0 0 -1
    outer loop
      vertex 131.7267157833087 159.10559648609058 0
      vertex 0 106.66666666666667 0
      vertex 124.9210875451437 165.2221320684885 0
    endloop
  endfacet
  facet normal 0 0 -1
    outer loop
      vertex 124.9210875451437 165.2221320684885 0
      vertex 0 106.66666666666667 0
      vertex 117.90814380998836 170.91481210346495 0
    endloop
  endfacet
  facet normal 0 0 -1
    outer loop
      vertex 0 113.33333333333333 0
      vertex 117.90814380998836 170.91481210346495 0
      vertex 0 106.66666666666667 0
    endloop
  endfacet
  facet normal 0 0 -1
    outer loop
      vertex 138.3085574068649 152.58579425329407 0
      vertex 0 100 0
      vertex 131.7267157833087 159.10559648609058 0
    endloop
  endfacet
  facet normal 0 0 -1
    outer loop
      vertex 117.90814380998836 170.91481210346495 0
      vertex 0 113.33333333333333 0
      vertex 110.70435569546096 176.16304769399693 0
    endloop
  endfacet
  facet normal 0 0 -1
    outer loop
      vertex 0 86.66666666666667 0
      vertex 86.66666666666667 0 0
      vertex 80 0 0
    endloop
  endfacet
  facet normal 0 0 -1
    outer loop
      vertex 0 80 0
      vertex 80 0 0
      vertex 73.33333333333334 0 0
    endloop
  endfacet
  facet normal 0 0 -1
    outer loop
      vertex 0 120 0
      vertex 110.70435569546096 176.16304769399693 0
      vertex 0 113.33333333333333 0
    endloop
  endfacet
  facet normal 0 0 -1
    outer loop
      vertex 0 73.33333333333334 0
      vertex 73.33333333333334 0 0
      vertex 66.66666666666666 0 0
    endloop
  endfacet
  facet normal 0 0 -1
    outer loop
      vertex 0 126.66666666666666 0
      vertex 103.32619431917985 180.94624994306156 0
      vertex 0 120 0
    endloop
  endfacet
  facet normal 0 0 -1
    outer loop
      vertex 0 66.66666666666667 0
      vertex 66.66666666666666 0 0
      vertex 60 0 0
    endloop
  endfacet
  facet normal 0 0 -1
    outer loop
      vertex 103.32619431917985 180.94624994306156 0
      vertex 0 126.66666666666666 0
      vertex 95.79013079876339 185.24382995363584 0
    endloop
  endfacet
  facet normal 0 0 -1
    outer loop
      vertex 0 60.00000000000001 0
      vertex 60 0 0
      vertex 53.333333333333314 0 0
    endloop
  endfacet
  facet normal 0 0 -1
    outer loop
      vertex 95.79013079876339 185.24382995363584 0
      vertex 0 126.66666666666666 0
      vertex 88.11263625182991 189.03519882869685 0
    endloop
  endfacet
  facet normal 0 0 -1
    outer loop
      vertex 0 53.33333333333334 0
      vertex 53.333333333333314 0 0
      vertex 46.666666666666686 0 0
    endloop
  endfacet
  facet normal 0 0 -1
    outer loop
      vertex 0 46.66666666666666 0
      vertex 46.666666666666686 0 0
      vertex 40 0 0
    endloop
  endfacet
  facet normal 0 0 -1
    outer loop
      vertex 0 133.33333333333334 0
      vertex 88.11263625182991 189.03519882869685 0
      vertex 0 126.66666666666666 0
    endloop
  endfacet
  facet normal 0 0 -1
    outer loop
      vertex 88.11263625182991 189.03519882869685 0
      vertex 0 133.33333333333334 0
      vertex 80.31018179599783 192.29976767122167 0
    endloop
  endfacet
  facet normal 0 0 -1
    outer loop
      vertex 0 140 0
      vertex 80.31018179599783 192.29976767122167 0
      vertex 0 133.33333333333334 0
    endloop
  endfacet
  facet normal 0 0 -1
    outer loop
      vertex 80.31018179599783 192.29976767122167 0
      vertex 0 140 0
      vertex 72.39923854888545 195.0169475841874 0
    endloop
  endfacet
  facet normal 0 0 -1
    outer loop
      vertex 72.39923854888545 195.0169475841874 0
      vertex 0 140 0
      vertex 64.39627762811111 197.166149670571 0
    endloop
  endfacet
  facet normal 0 0 -1
    outer loop
      vertex 0 39.99999999999999 0
      vertex 40 0 0
      vertex 33.333333333333314 0 0
    endloop
  endfacet
  facet normal 0 0 -1
    outer loop
      vertex 0 146.66666666666669 0
      vertex 64.39627762811111 197.166149670571 0
      vertex 0 140 0
    endloop
  endfacet
  facet normal 0 0 -1
    outer loop
      vertex 64.39627762811111 197.166149670571 0
      vertex 0 146.66666666666669 0
      vertex 56.31777015129319 198.72678503334956 0
    endloop
  endfacet
  facet normal 0 0 -1
    outer loop
      vertex 0 153.33333333333331 0
      vertex 56.31777015129319 198.72678503334956 0
      vertex 0 146.66666666666669 0
    endloop
  endfacet
  facet normal 0 0 -1
    outer loop
      vertex 56.31777015129319 198.72678503334956 0
      vertex 0 153.33333333333331 0
      vertex 48.180187236050074 199.67826477550022 0
    endloop
  endfacet
  facet normal 0 0 -1
    outer loop
      vertex 0 160 0
      vertex 48.180187236050074 199.67826477550022 0
      vertex 0 153.33333333333331 0
    endloop
  endfacet
  facet normal 0 0 -1
    outer loop
      vertex 0 33.33333333333333 0
      vertex 33.333333333333314 0 0
      vertex 26.666666666666657 0 0
    endloop
  endfacet
  facet normal 0 0 -1
    outer loop
      vertex 48.180187236050074 199.67826477550022 0
      vertex 0 160 0
      vertex 40 200 0
    endloop
  endfacet
  facet normal 0 0 -1
    outer loop
      vertex 40 200 0
      vertex 0 160 0
      vertex 38.666666666666664 200 0
    endloop
  endfacet
  facet normal 0 0 -1
    outer loop
      vertex 38.666666666666664 200 0
      vertex 0 160 0
      vertex 37.333333333333336 200 0
    endloop
  endfacet
  facet normal 0 0 -1
    outer loop
      vertex 37.333333333333336 200 0
      vertex 0 160 0
      vertex 36 200 0
    endloop
  endfacet
  facet normal 0 0 -1
    outer loop
      vertex 0 166.66666666666669 0
      vertex 36 200 0
      vertex 0 160 0
    endloop
  endfacet
  facet normal 0 0 -1
    outer loop
      vertex 0 26.66666666666666 0
      vertex 26.666666666666657 0 0
      vertex 20 0 0
    endloop
  endfacet
  facet normal 0 0 -1
    outer loop
      vertex 36 200 0
      vertex 0 166.66666666666669 0
      vertex 34.66666666666667 200 0
    endloop
  endfacet
  facet normal 0 0 -1
    outer loop
      vertex 34.66666666666667 200 0
      vertex 0 166.66666666666669 0
      vertex 33.333333333333336 200 0
    endloop
  endfacet
  facet normal 0 0 -1
    outer loop
      vertex 32 200 0
      vertex 0 166.66666666666669 0
      vertex 30.666666666666664 200 0
    endloop
  endfacet
  facet normal 0 0 -1
    outer loop
      vertex 30.666666666666664 200 0
      vertex 0 166.66666666666669 0
      vertex 29.333333333333336 200 0
    endloop
  endfacet
  facet normal 0 0 -1
    outer loop
      vertex 0 173.33333333333334 0
      vertex 29.333333333333336 200 0
      vertex 0 166.66666666666669 0
    endloop
  endfacet
  facet normal 0 0 -1
    outer loop
      vertex 0 19.999999999999996 0
      vertex 20 0 0
      vertex 13.333333333333343 0 0
    endloop
  endfacet
  facet normal 0 0 -1
    outer loop
      vertex 33.333333333333336 200 0
      vertex 0 166.66666666666669 0
      vertex 32 200 0
    endloop
  endfacet
  facet normal 0 0 -1
    outer loop
      vertex 28 200 0
      vertex 0 173.33333333333334 0
      vertex 26.66666666666667 200 0
    endloop
  endfacet
  facet normal 0 0 -1
    outer loop
      vertex 26.66666666666667 200 0
      vertex 0 173.33333333333334 0
      vertex 25.333333333333332 200 0
    endloop
  endfacet
  facet normal 0 0 -1
    outer loop
      vertex 25.333333333333332 200 0
      vertex 0 173.33333333333334 0
      vertex 24 200 0
    endloop
  endfacet
  facet normal 0 0 -1
    outer loop
      vertex 24 200 0
      vertex 0 173.33333333333334 0
      vertex 22.666666666666664 200 0
    endloop
  endfacet
  facet normal 0 0 -1
    outer loop
      vertex 0 13.33333333333333 0
      vertex 13.333333333333343 0 0
      vertex 6.666666666666657 0 0
    endloop
  endfacet
  facet normal 0 0 -1
    outer loop
      vertex 29.333333333333336 200 0
      vertex 0 173.33333333333334 0
      vertex 28 200 0
    endloop
  endfacet
  facet normal 0 0 -1
    outer loop
      vertex 22.666666666666664 200 0
      vertex 0 180 0
      vertex 21.333333333333332 200 0
    endloop
  endfacet
  facet normal 0 0 -1
    outer loop
      vertex 20 200 0
      vertex 0 180 0
      vertex 18.666666666666668 200 0
    endloop
  endfacet
  facet normal 0 0 -1
    outer loop
      vertex 17.333333333333336 200 0
      vertex 0 180 0
      vertex 16 200 0
    endloop
  endfacet
  facet normal 0 0 -1
    outer loop
      vertex 16 200 0
      vertex 0 186.66666666666666 0
      vertex 14.666666666666668 200 0
    endloop
  endfacet
  facet normal 0 0 -1
    outer loop
      vertex 0 6.666666666666665 0
      vertex 6.666666666666657 0 0
      vertex 0 0 0
    endloop
  endfacet
  facet normal 0 0 -1
    outer loop
      vertex 0 13.33333333333333 0
      vertex 6.666666666666657 0 0
      vertex 0 6.666666666666665 0
    endloop
  endfacet
  facet normal 0 0 -1
    outer loop
      vertex 13.333333333333343 0 0
      vertex 0 13.33333333333333 0
      vertex 0 19.999999999999996 0
    endloop
  endfacet
  facet normal 0 0 -1
    outer loop
      vertex 20 0 0
      vertex 0 19.999999999999996 0
      vertex 0 26.66666666666666 0
    endloop
  endfacet
  facet normal 0 0 -1
    outer loop
      vertex 26.666666666666657 0 0
      vertex 0 26.66666666666666 0
      vertex 0 33.33333333333333 0
    endloop
  endfacet
  facet normal 0 0 -1
    outer loop
      vertex 33.333333333333314 0 0
      vertex 0 33.33333333333333 0
      vertex 0 39.99999999999999 0
    endloop
  endfacet
  facet normal 0 0 -1
    outer loop
      vertex 40 0 0
      vertex 0 39.99999999999999 0
      vertex 0 46.66666666666666 0
    endloop
  endfacet
  facet normal 0 0 -1
    outer loop
      vertex 46.666666666666686 0 0
      vertex 0 46.66666666666666 0
      vertex 0 53.33333333333334 0
    endloop
  endfacet
  facet normal 0 0 -1
    outer loop
      vertex 53.333333333333314 0 0
      vertex 0 53.33333333333334 0
      vertex 0 60.00000000000001 0
    endloop
  endfacet
  facet normal 0 0 -1
    outer loop
      vertex 60 0 0
      vertex 0 60.00000000000001 0
      vertex 0 66.66666666666667 0
    endloop
  endfacet
  facet normal 0 0 -1
    outer loop
      vertex 66.66666666666666 0 0
      vertex 0 66.66666666666667 0
      vertex 0 73.33333333333334 0
    endloop
  endfacet
  facet normal 0 0 -1
    outer loop
      vertex 73.33333333333334 0 0
      vertex 0 73.33333333333334 0
      vertex 0 80 0
    endloop
  endfacet
  facet normal 0 0 -1
    outer loop
      vertex 80 0 0
      vertex 0 80 0
      vertex 0 86.66666666666667 0
    endloop
  endfacet
  facet normal 0 0 -1
    outer loop
      vertex 0 106.66666666666667 0
      vertex 131.7267157833087 159.10559648609058 0
      vertex 0 100 0
    endloop
  endfacet
  facet normal 0 0 -1
    outer loop
      vertex 110.70435569546096 176.16304769399693 0
      vertex 0 120 0
      vertex 103.32619431917985 180.94624994306156 0
    endloop
  endfacet
  facet normal 0 0 -1
    outer loop
      vertex 0 180 0
      vertex 22.666666666666664 200 0
      vertex 0 173.33333333333334 0
    endloop
  endfacet
  facet normal 0 0 -1
    outer loop
      vertex 21.333333333333332 200 0
      vertex 0 180 0
      vertex 20 200 0
    endloop
  endfacet
  facet normal 0 0 -1
    outer loop
      vertex 18.666666666666668 200 0
      vertex 0 180 0
      vertex 17.333333333333336 200 0
    endloop
  endfacet
  facet normal 0 0 -1
    outer loop
      vertex 0 186.66666666666666 0
      vertex 16 200 0
      vertex 0 180 0
    endloop
  endfacet
  facet normal 0 0 -1
    outer loop
      vertex 14.666666666666668 200 0
      vertex 0 186.66666666666666 0
      vertex 13.333333333333336 200 0
    endloop
  endfacet
  facet normal 0 0 -1
    outer loop
      vertex 13.333333333333336 200 0
      vertex 0 186.66666666666666 0
      vertex 12.000000000000002 200 0
    endloop
  endfacet
  facet normal 0 0 -1
    outer loop
      vertex 12.000000000000002 200 0
      vertex 0 186.66666666666666 0
      vertex 10.666666666666668 200 0
    endloop
  endfacet
  facet normal 0 0 -1
    outer loop
      vertex 10.666666666666668 200 0
      vertex 0 186.66666666666666 0
      vertex 9.333333333333332 200 0
    endloop
  endfacet
  facet normal 0 0 -1
    outer loop
      vertex 0 193.33333333333334 0
      vertex 9.333333333333332 200 0
      vertex 0 186.66666666666666 0
    endloop
  endfacet
  facet normal 0 0 -1
    outer loop
      vertex 9.333333333333332 200 0
      vertex 0 193.33333333333334 0
      vertex 7.999999999999998 200 0
    endloop
  endfacet
  facet normal 0 0 -1
    outer loop
      vertex 7.999999999999998 200 0
      vertex 0 193.33333333333334 0
      vertex 6.666666666666665 200 0
    endloop
  endfacet
  facet normal 0 0 -1
    outer loop
      vertex 6.666666666666665 200 0
      vertex 0 193.33333333333334 0
      vertex 5.333333333333332 200 0
    endloop
  endfacet
  facet normal 0 0 -1
    outer loop
      vertex 5.333333333333332 200 0
      vertex 0 193.33333333333334 0
      vertex 3.999999999999999 200 0
    endloop
  endfacet
  facet normal 0 0 -1
    outer loop
      vertex 3.999999999999999 200 0
      vertex 0 193.33333333333334 0
      vertex 2.666666666666666 200 0
    endloop
  endfacet
  facet normal 0 0 -1
    outer loop
      vertex 2.666666666666666 200 0
      vertex 0 193.33333333333334 0
      vertex 1.333333333333333 200 0
    endloop
  endfacet
  facet normal 0 0 -1
    outer loop
      vertex 1.333333333333333 200 0
      vertex 0 193.33333333333334 0
      vertex 0 200 0
    endloop
  endfacet
  facet normal 0 0 1
    outer loop
      vertex 205.64950019385577 5.807937661870373 80
      vertex 205.2967552355581 0.219169083740276 80
      vertex 205.69336866776266 3.028659297214954 80
    endloop
  endfacet
  facet normal 0 0 1
    outer loop
      vertex 205.16223810409704 8.549142561407422 80
      vertex 205.2967552355581 0.219169083740276 80
      vertex 205.64950019385577 5.807937661870373 80
    endloop
  endfacet
  facet normal 0 0 1
    outer loop
      vertex 204.2286706887461 11.244412379526977 80
      vertex 205.2967552355581 0.219169083740276 80
      vertex 205.16223810409704 8.549142561407422 80
    endloop
  endfacet
  facet normal 0 0 1
    outer loop
      vertex 205.2967552355581 0.219169083740276 80
      vertex 204.2286706887461 11.244412379526977 80
      vertex 204.46257160698252 -2.6126713622545523 80
    endloop
  endfacet
  facet normal 0 0 1
    outer loop
      vertex 202.84588623806246 13.885885499929916 80
      vertex 204.46257160698252 -2.6126713622545523 80
      vertex 204.2286706887461 11.244412379526977 80
    endloop
  endfacet
  facet normal 0 0 1
    outer loop
      vertex 204.46257160698252 -2.6126713622545523 80
      vertex 202.84588623806246 13.885885499929916 80
      vertex 203.19372949177634 -5.459000424470393 80
    endloop
  endfacet
  facet normal 0 0 1
    outer loop
      vertex 201.01097304230578 16.465700306317135 80
      vertex 203.19372949177634 -5.459000424470393 80
      vertex 202.84588623806246 13.885885499929916 80
    endloop
  endfacet
  facet normal 0 0 1
    outer loop
      vertex 203.19372949177634 -5.459000424470393 80
      vertex 201.01097304230578 16.465700306317135 80
      vertex 201.49314059968003 -8.311956486608128 80
    endloop
  endfacet
  facet normal 0 0 1
    outer loop
      vertex 198.72101939173555 18.9759951823895 80
      vertex 201.49314059968003 -8.311956486608128 80
      vertex 201.01097304230578 16.465700306317135 80
    endloop
  endfacet
  facet normal 0 0 1
    outer loop
      vertex 201.49314059968003 -8.311956486608128 80
      vertex 198.72101939173555 18.9759951823895 80
      vertex 199.3637166404339 -11.163677932368653 80
    endloop
  endfacet
  facet normal 0 0 1
    outer loop
      vertex 195.9731135766114 21.408908511847898 80
      vertex 199.3637166404339 -11.163677932368653 80
      vertex 198.72101939173555 18.9759951823895 80
    endloop
  endfacet
  facet normal 0 0 1
    outer loop
      vertex 199.3637166404339 -11.163677932368653 80
      vertex 195.9731135766114 21.408908511847898 80
      vertex 196.80836932377846 -14.006303145452847 80
    endloop
  endfacet
  facet normal 0 0 1
    outer loop
      vertex 192.76434388719298 23.756578678393197 80
      vertex 196.80836932377846 -14.006303145452847 80
      vertex 195.9731135766114 21.408908511847898 80
    endloop
  endfacet
  facet normal 0 0 1
    outer loop
      vertex 196.80836932377846 -14.006303145452847 80
      vertex 192.76434388719298 23.756578678393197 80
      vertex 193.83001035945404 -16.831970509561575 80
    endloop
  endfacet
  facet normal 0 0 1
    outer loop
      vertex 189.0917986137398 26.011144065726306 80
      vertex 193.83001035945404 -16.831970509561575 80
      vertex 192.76434388719298 23.756578678393197 80
    endloop
  endfacet
  facet normal 0 0 1
    outer loop
      vertex 193.83001035945404 -16.831970509561575 80
      vertex 189.0917986137398 26.011144065726306 80
      vertex 190.43155145720112 -19.63281840839574 80
    endloop
  endfacet
  facet normal 0 0 1
    outer loop
      vertex 184.95256604651146 28.164743057548087 80
      vertex 190.43155145720112 -19.63281840839574 80
      vertex 189.0917986137398 26.011144065726306 80
    endloop
  endfacet
  facet normal 0 0 1
    outer loop
      vertex 190.43155145720112 -19.63281840839574 80
      vertex 184.95256604651146 28.164743057548087 80
      vertex 186.6159043267601 -22.400985225656214 80
    endloop
  endfacet
  facet normal 0 0 1
    outer loop
      vertex 180.34373447576755 30.209514037559412 80
      vertex 186.6159043267601 -22.400985225656214 80
      vertex 184.95256604651146 28.164743057548087 80
    endloop
  endfacet
  facet normal 0 0 1
    outer loop
      vertex 186.6159043267601 -22.400985225656214 80
      vertex 180.34373447576755 30.209514037559412 80
      vertex 182.38598067787134 -25.12860934504387 80
    endloop
  endfacet
  facet normal 0 0 1
    outer loop
      vertex 175.2623921917677 32.13759538946118 80
      vertex 182.38598067787134 -25.12860934504387 80
      vertex 180.34373447576755 30.209514037559412 80
    endloop
  endfacet
  facet normal 0 0 1
    outer loop
      vertex 182.38598067787134 -25.12860934504387 80
      vertex 175.2623921917677 32.13759538946118 80
      vertex 177.7446922202753 -27.8078291502596 80
    endloop
  endfacet
  facet normal 0 0 1
    outer loop
      vertex 169.7056274847714 33.941125496954285 80
      vertex 177.7446922202753 -27.8078291502596 80
      vertex 175.2623921917677 32.13759538946118 80
    endloop
  endfacet
  facet normal 0 0 1
    outer loop
      vertex 177.7446922202753 -27.8078291502596 80
      vertex 169.7056274847714 33.941125496954285 80
      vertex 172.69495066371243 -30.43078302500428 80
    endloop
  endfacet
  facet normal 0 0 1
    outer loop
      vertex 168.76281844318936 34.223968209428904 80
      vertex 172.69495066371243 -30.43078302500428 80
      vertex 169.7056274847714 33.941125496954285 80
    endloop
  endfacet
  facet normal 0 0 1
    outer loop
      vertex 167.82000940160728 34.50681092190352 80
      vertex 172.69495066371243 -30.43078302500428 80
      vertex 168.76281844318936 34.223968209428904 80
    endloop
  endfacet
  facet normal 0 0 1
    outer loop
      vertex 166.87720036002523 34.78965363437815 80
      vertex 172.69495066371243 -30.43078302500428 80
      vertex 167.82000940160728 34.50681092190352 80
    endloop
  endfacet
  facet normal 0 0 1
    outer loop
      vertex 165.93439131844315 35.07249634685276 80
      vertex 172.69495066371243 -30.43078302500428 80
      vertex 166.87720036002523 34.78965363437815 80
    endloop
  endfacet
  facet normal 0 0 1
    outer loop
      vertex 164.9915822768611 35.355339059327385 80
      vertex 172.69495066371243 -30.43078302500428 80
      vertex 165.93439131844315 35.07249634685276 80
    endloop
  endfacet
  facet normal 0 0 1
    outer loop
      vertex 172.69495066371243 -30.43078302500428 80
      vertex 164.9915822768611 35.355339059327385 80
      vertex 167.2396677179231 -32.9896093529788 80
    endloop
  endfacet
  facet normal 0 0 1
    outer loop
      vertex 164.04877323527904 35.638181771802 80
      vertex 167.2396677179231 -32.9896093529788 80
      vertex 164.9915822768611 35.355339059327385 80
    endloop
  endfacet
  facet normal 0 0 1
    outer loop
      vertex 163.10596419369696 35.92102448427662 80
      vertex 167.2396677179231 -32.9896093529788 80
      vertex 164.04877323527904 35.638181771802 80
    endloop
  endfacet
  facet normal 0 0 1
    outer loop
      vertex 162.1631551521149 36.20386719675124 80
      vertex 167.2396677179231 -32.9896093529788 80
      vertex 163.10596419369696 35.92102448427662 80
    endloop
  endfacet
  facet normal 0 0 1
    outer loop
      vertex 161.22034611053283 36.48670990922586 80
      vertex 167.2396677179231 -32.9896093529788 80
      vertex 162.1631551521149 36.20386719675124 80
    endloop
  endfacet
  facet normal 0 0 1
    outer loop
      vertex 167.2396677179231 -32.9896093529788 80
      vertex 161.22034611053283 36.48670990922586 80
      vertex 161.38175509264772 -35.47644651788404 80
    endloop
  endfacet
  facet normal 0 0 1
    outer loop
      vertex 160.27753706895078 36.76955262170048 80
      vertex 161.38175509264772 -35.47644651788404 80
      vertex 161.22034611053283 36.48670990922586 80
    endloop
  endfacet
  facet normal 0 0 1
    outer loop
      vertex 159.33472802736873 37.052395334175095 80
      vertex 161.38175509264772 -35.47644651788404 80
      vertex 160.27753706895078 36.76955262170048 80
    endloop
  endfacet
  facet normal 0 0 1
    outer loop
      vertex 158.39191898578665 37.335238046649714 80
      vertex 161.38175509264772 -35.47644651788404 80
      vertex 159.33472802736873 37.052395334175095 80
    endloop
  endfacet
  facet normal 0 0 1
    outer loop
      vertex 157.4491099442046 37.61808075912434 80
      vertex 161.38175509264772 -35.47644651788404 80
      vertex 158.39191898578665 37.335238046649714 80
    endloop
  endfacet
  facet normal 0 0 1
    outer loop
      vertex 156.5063009026225 37.90092347159896 80
      vertex 161.38175509264772 -35.47644651788404 80
      vertex 157.4491099442046 37.61808075912434 80
    endloop
  endfacet
  facet normal 0 0 1
    outer loop
      vertex 155.56349186104046 38.183766184073576 80
      vertex 161.38175509264772 -35.47644651788404 80
      vertex 156.5063009026225 37.90092347159896 80
    endloop
  endfacet
  facet normal 0 0 1
    outer loop
      vertex 155.56349186104046 38.183766184073576 80
      vertex 155.12412449762675 -37.883432903420875 80
      vertex 161.38175509264772 -35.47644651788404 80
    endloop
  endfacet
  facet normal 0 0 1
    outer loop
      vertex 154.6206828194584 38.466608896548195 80
      vertex 155.12412449762675 -37.883432903420875 80
      vertex 155.56349186104046 38.183766184073576 80
    endloop
  endfacet
  facet normal 0 0 1
    outer loop
      vertex 153.67787377787633 38.74945160902281 80
      vertex 155.12412449762675 -37.883432903420875 80
      vertex 154.6206828194584 38.466608896548195 80
    endloop
  endfacet
  facet normal 0 0 1
    outer loop
      vertex 152.73506473629428 39.03229432149743 80
      vertex 155.12412449762675 -37.883432903420875 80
      vertex 153.67787377787633 38.74945160902281 80
    endloop
  endfacet
  facet normal 0 0 1
    outer loop
      vertex 131.99326582148888 39.59797974644667 80
      vertex 152.73506473629428 39.03229432149743 80
      vertex 151.7922556947122 39.31513703397205 80
    endloop
  endfacet
  facet normal 0 0 1
    outer loop
      vertex 131.99326582148888 39.59797974644667 80
      vertex 151.7922556947122 39.31513703397205 80
      vertex 150.84944665313014 39.59797974644667 80
    endloop
  endfacet
  facet normal 0 0 1
    outer loop
      vertex 131.99326582148888 39.59797974644667 80
      vertex 150.84944665313014 39.59797974644667 80
      vertex 149.9066376115481 39.88082245892129 80
    endloop
  endfacet
  facet normal 0 0 1
    outer loop
      vertex 131.99326582148888 39.59797974644667 80
      vertex 149.9066376115481 39.88082245892129 80
      vertex 148.963828569966 40.163665171395905 80
    endloop
  endfacet
  facet normal 0 0 1
    outer loop
      vertex 152.73506473629428 39.03229432149743 80
      vertex 131.99326582148888 39.59797974644667 80
      vertex 155.12412449762675 -37.883432903420875 80
    endloop
  endfacet
  facet normal 0 0 1
    outer loop
      vertex 131.99326582148888 39.59797974644667 80
      vertex 148.963828569966 40.163665171395905 80
      vertex 148.02101952838396 40.446507883870524 80
    endloop
  endfacet
  facet normal 0 0 1
    outer loop
      vertex 136.7073110293992 41.01219330881977 80
      vertex 148.02101952838396 40.446507883870524 80
      vertex 147.07821048680188 40.72935059634515 80
    endloop
  endfacet
  facet normal 0 0 1
    outer loop
      vertex 136.7073110293992 41.01219330881977 80
      vertex 147.07821048680188 40.72935059634515 80
      vertex 146.13540144521983 41.01219330881977 80
    endloop
  endfacet
  facet normal 0 0 1
    outer loop
      vertex 136.7073110293992 41.01219330881977 80
      vertex 146.13540144521983 41.01219330881977 80
      vertex 145.19259240363778 41.295036021294386 80
    endloop
  endfacet
  facet normal 0 0 1
    outer loop
      vertex 136.7073110293992 41.01219330881977 80
      vertex 145.19259240363778 41.295036021294386 80
      vertex 144.2497833620557 41.577878733769005 80
    endloop
  endfacet
  facet normal 0 0 1
    outer loop
      vertex 136.7073110293992 41.01219330881977 80
      vertex 144.2497833620557 41.577878733769005 80
      vertex 143.30697432047364 41.86072144624362 80
    endloop
  endfacet
  facet normal 0 0 1
    outer loop
      vertex 136.7073110293992 41.01219330881977 80
      vertex 143.30697432047364 41.86072144624362 80
      vertex 142.36416527889156 42.14356415871824 80
    endloop
  endfacet
  facet normal 0 0 1
    outer loop
      vertex 136.7073110293992 41.01219330881977 80
      vertex 142.36416527889156 42.14356415871824 80
      vertex 141.4213562373095 42.42640687119286 80
    endloop
  endfacet
  facet normal 0 0 1
    outer loop
      vertex 148.02101952838396 40.446507883870524 80
      vertex 136.7073110293992 41.01219330881977 80
      vertex 131.99326582148888 39.59797974644667 80
    endloop
  endfacet
  facet normal 0 0 1
    outer loop
      vertex 127.27922061357856 38.183766184073576 80
      vertex 155.12412449762675 -37.883432903420875 80
      vertex 131.99326582148888 39.59797974644667 80
    endloop
  endfacet
  facet normal 0 0 1
    outer loop
      vertex 148.46968764260052 -40.202706893290184 80
      vertex 136.7073110293992 -41.01219330881977 80
      vertex 141.4213562373095 -42.42640687119286 80
    endloop
  endfacet
  facet normal 0 0 1
    outer loop
      vertex 155.12412449762675 -37.883432903420875 80
      vertex 131.99326582148888 -39.59797974644667 80
      vertex 148.46968764260052 -40.202706893290184 80
    endloop
  endfacet
  facet normal 0 0 1
    outer loop
      vertex 148.46968764260052 -40.202706893290184 80
      vertex 131.99326582148888 -39.59797974644667 80
      vertex 136.7073110293992 -41.01219330881977 80
    endloop
  endfacet
  facet normal 0 0 1
    outer loop
      vertex 127.27922061357856 -38.183766184073576 80
      vertex 155.12412449762675 -37.883432903420875 80
      vertex 127.27922061357856 38.183766184073576 80
    endloop
  endfacet
  facet normal 0 0 1
    outer loop
      vertex 155.12412449762675 -37.883432903420875 80
      vertex 127.27922061357856 -38.183766184073576 80
      vertex 131.99326582148888 -39.59797974644667 80
    endloop
  endfacet
  facet normal 0 0 1
    outer loop
      vertex 122.56517540566826 36.769552621700484 80
      vertex 127.27922061357856 -38.183766184073576 80
      vertex 127.27922061357856 38.183766184073576 80
    endloop
  endfacet
  facet normal 0 0 1
    outer loop
      vertex 122.56517540566826 36.769552621700484 80
      vertex 122.56517540566826 -36.769552621700484 80
      vertex 127.27922061357856 -38.183766184073576 80
    endloop
  endfacet
  facet normal 0 0 1
    outer loop
      vertex 117.85113019775794 35.35533905932739 80
      vertex 122.56517540566826 -36.769552621700484 80
      vertex 122.56517540566826 36.769552621700484 80
    endloop
  endfacet
  facet normal 0 0 1
    outer loop
      vertex 117.85113019775794 35.35533905932739 80
      vertex 117.85113019775794 -35.35533905932739 80
      vertex 122.56517540566826 -36.769552621700484 80
    endloop
  endfacet
  facet normal 0 0 1
    outer loop
      vertex 113.13708498984761 33.94112549695429 80
      vertex 117.85113019775794 -35.35533905932739 80
      vertex 117.85113019775794 35.35533905932739 80
    endloop
  endfacet
  facet normal 0 0 1
    outer loop
      vertex 113.13708498984761 33.94112549695429 80
      vertex 113.13708498984761 -33.94112549695429 80
      vertex 117.85113019775794 -35.35533905932739 80
    endloop
  endfacet
  facet normal 0 0 1
    outer loop
      vertex 108.42303978193728 32.52691193458119 80
      vertex 113.13708498984761 -33.94112549695429 80
      vertex 113.13708498984761 33.94112549695429 80
    endloop
  endfacet
  facet normal 0 0 1
    outer loop
      vertex 108.42303978193728 32.52691193458119 80
      vertex 108.4230397819373 -32.52691193458119 80
      vertex 113.13708498984761 -33.94112549695429 80
    endloop
  endfacet
  facet normal 0 0 1
    outer loop
      vertex 103.70899457402699 31.112698372208104 80
      vertex 108.4230397819373 -32.52691193458119 80
      vertex 108.42303978193728 32.52691193458119 80
    endloop
  endfacet
  facet normal 0 0 1
    outer loop
      vertex 103.70899457402699 31.112698372208104 80
      vertex 103.70899457402697 -31.112698372208097 80
      vertex 108.4230397819373 -32.52691193458119 80
    endloop
  endfacet
  facet normal 0 0 1
    outer loop
      vertex 98.99494936611666 29.698484809835005 80
      vertex 103.70899457402697 -31.112698372208097 80
      vertex 103.70899457402699 31.112698372208104 80
    endloop
  endfacet
  facet normal 0 0 1
    outer loop
      vertex 98.99494936611666 29.698484809835005 80
      vertex 98.99494936611666 -29.698484809835005 80
      vertex 103.70899457402697 -31.112698372208097 80
    endloop
  endfacet
  facet normal 0 0 1
    outer loop
      vertex 94.28090415820635 28.28427124746191 80
      vertex 98.99494936611666 -29.698484809835005 80
      vertex 98.99494936611666 29.698484809835005 80
    endloop
  endfacet
  facet normal 0 0 1
    outer loop
      vertex 94.28090415820635 28.28427124746191 80
      vertex 94.28090415820633 -28.284271247461906 80
      vertex 98.99494936611666 -29.698484809835005 80
    endloop
  endfacet
  facet normal 0 0 1
    outer loop
      vertex 89.56685895029602 26.87005768508881 80
      vertex 94.28090415820633 -28.284271247461906 80
      vertex 94.28090415820635 28.28427124746191 80
    endloop
  endfacet
  facet normal 0 0 1
    outer loop
      vertex 89.56685895029602 26.87005768508881 80
      vertex 89.56685895029602 -26.87005768508881 80
      vertex 94.28090415820633 -28.284271247461906 80
    endloop
  endfacet
  facet normal 0 0 1
    outer loop
      vertex 84.8528137423857 25.455844122715718 80
      vertex 89.56685895029602 -26.87005768508881 80
      vertex 89.56685895029602 26.87005768508881 80
    endloop
  endfacet
  facet normal 0 0 1
    outer loop
      vertex 84.8528137423857 25.455844122715718 80
      vertex 84.8528137423857 -25.455844122715718 80
      vertex 89.56685895029602 -26.87005768508881 80
    endloop
  endfacet
  facet normal 0 0 1
    outer loop
      vertex 80.13876853447539 24.04163056034262 80
      vertex 84.8528137423857 -25.455844122715718 80
      vertex 84.8528137423857 25.455844122715718 80
    endloop
  endfacet
  facet normal 0 0 1
    outer loop
      vertex 80.13876853447539 24.04163056034262 80
      vertex 80.13876853447539 -24.04163056034262 80
      vertex 84.8528137423857 -25.455844122715718 80
    endloop
  endfacet
  facet normal 0 0 1
    outer loop
      vertex 75.42472332656507 22.627416997969526 80
      vertex 80.13876853447539 -24.04163056034262 80
      vertex 80.13876853447539 24.04163056034262 80
    endloop
  endfacet
  facet normal 0 0 1
    outer loop
      vertex 75.42472332656507 22.627416997969526 80
      vertex 75.42472332656507 -22.627416997969526 80
      vertex 80.13876853447539 -24.04163056034262 80
    endloop
  endfacet
  facet normal 0 0 1
    outer loop
      vertex 70.71067811865476 21.21320343559643 80
      vertex 75.42472332656507 -22.627416997969526 80
      vertex 75.42472332656507 22.627416997969526 80
    endloop
  endfacet
  facet normal 0 0 1
    outer loop
      vertex 70.71067811865476 21.21320343559643 80
      vertex 70.71067811865476 -21.21320343559643 80
      vertex 75.42472332656507 -22.627416997969526 80
    endloop
  endfacet
  facet normal 0 0 1
    outer loop
      vertex 65.99663291074444 19.798989873223334 80
      vertex 70.71067811865476 -21.21320343559643 80
      vertex 70.71067811865476 21.21320343559643 80
    endloop
  endfacet
  facet normal 0 0 1
    outer loop
      vertex 65.99663291074444 19.798989873223334 80
      vertex 65.99663291074444 -19.798989873223334 80
      vertex 70.71067811865476 -21.21320343559643 80
    endloop
  endfacet
  facet normal 0 0 1
    outer loop
      vertex 61.28258770283413 18.384776310850242 80
      vertex 65.99663291074444 -19.798989873223334 80
      vertex 65.99663291074444 19.798989873223334 80
    endloop
  endfacet
  facet normal 0 0 1
    outer loop
      vertex 61.28258770283413 18.384776310850242 80
      vertex 61.28258770283413 -18.384776310850242 80
      vertex 65.99663291074444 -19.798989873223334 80
    endloop
  endfacet
  facet normal 0 0 1
    outer loop
      vertex 56.568542494923804 16.970562748477146 80
      vertex 61.28258770283413 -18.384776310850242 80
      vertex 61.28258770283413 18.384776310850242 80
    endloop
  endfacet
  facet normal 0 0 1
    outer loop
      vertex 56.568542494923804 16.970562748477146 80
      vertex 56.568542494923804 -16.970562748477146 80
      vertex 61.28258770283413 -18.384776310850242 80
    endloop
  endfacet
  facet normal 0 0 1
    outer loop
      vertex 51.854497287013494 15.556349186104052 80
      vertex 56.568542494923804 -16.970562748477146 80
      vertex 56.568542494923804 16.970562748477146 80
    endloop
  endfacet
  facet normal 0 0 1
    outer loop
      vertex 51.854497287013494 15.556349186104052 80
      vertex 51.854497287013494 -15.556349186104052 80
      vertex 56.568542494923804 -16.970562748477146 80
    endloop
  endfacet
  facet normal 0 0 1
    outer loop
      vertex 47.14045207910318 14.142135623730955 80
      vertex 51.854497287013494 -15.556349186104052 80
      vertex 51.854497287013494 15.556349186104052 80
    endloop
  endfacet
  facet normal 0 0 1
    outer loop
      vertex 47.14045207910318 14.142135623730955 80
      vertex 47.14045207910316 -14.142135623730953 80
      vertex 51.854497287013494 -15.556349186104052 80
    endloop
  endfacet
  facet normal 0 0 1
    outer loop
      vertex 42.42640687119286 12.72792206135786 80
      vertex 47.14045207910316 -14.142135623730953 80
      vertex 47.14045207910318 14.142135623730955 80
    endloop
  endfacet
  facet normal 0 0 1
    outer loop
      vertex 42.42640687119286 12.72792206135786 80
      vertex 42.42640687119285 -12.727922061357859 80
      vertex 47.14045207910316 -14.142135623730953 80
    endloop
  endfacet
  facet normal 0 0 1
    outer loop
      vertex 37.71236166328254 11.313708498984765 80
      vertex 42.42640687119285 -12.727922061357859 80
      vertex 42.42640687119286 12.72792206135786 80
    endloop
  endfacet
  facet normal 0 0 1
    outer loop
      vertex 37.71236166328254 11.313708498984765 80
      vertex 37.71236166328252 -11.31370849898476 80
      vertex 42.42640687119285 -12.727922061357859 80
    endloop
  endfacet
  facet normal 0 0 1
    outer loop
      vertex 32.99831645537221 9.899494936611665 80
      vertex 37.71236166328252 -11.31370849898476 80
      vertex 37.71236166328254 11.313708498984765 80
    endloop
  endfacet
  facet normal 0 0 1
    outer loop
      vertex 32.99831645537221 9.899494936611665 80
      vertex 32.99831645537223 -9.899494936611672 80
      vertex 37.71236166328252 -11.31370849898476 80
    endloop
  endfacet
  facet normal 0 0 1
    outer loop
      vertex 28.2842712474619 8.485281374238571 80
      vertex 32.99831645537223 -9.899494936611672 80
      vertex 32.99831645537221 9.899494936611665 80
    endloop
  endfacet
  facet normal 0 0 1
    outer loop
      vertex 28.2842712474619 8.485281374238571 80
      vertex 28.284271247461902 -8.485281374238573 80
      vertex 32.99831645537223 -9.899494936611672 80
    endloop
  endfacet
  facet normal 0 0 1
    outer loop
      vertex 23.57022603955158 7.071067811865476 80
      vertex 28.284271247461902 -8.485281374238573 80
      vertex 28.2842712474619 8.485281374238571 80
    endloop
  endfacet
  facet normal 0 0 1
    outer loop
      vertex 23.57022603955158 7.071067811865476 80
      vertex 23.57022603955157 -7.071067811865473 80
      vertex 28.284271247461902 -8.485281374238573 80
    endloop
  endfacet
  facet normal 0 0 1
    outer loop
      vertex 18.856180831641264 5.656854249492381 80
      vertex 23.57022603955157 -7.071067811865473 80
      vertex 23.57022603955158 7.071067811865476 80
    endloop
  endfacet
  facet normal 0 0 1
    outer loop
      vertex 18.856180831641264 5.656854249492381 80
      vertex 18.85618083164126 -5.65685424949238 80
      vertex 23.57022603955157 -7.071067811865473 80
    endloop
  endfacet
  facet normal 0 0 1
    outer loop
      vertex 14.14213562373095 4.242640687119286 80
      vertex 18.85618083164126 -5.65685424949238 80
      vertex 18.856180831641264 5.656854249492381 80
    endloop
  endfacet
  facet normal 0 0 1
    outer loop
      vertex 14.14213562373095 4.242640687119286 80
      vertex 14.142135623730951 -4.2426406871192865 80
      vertex 18.85618083164126 -5.65685424949238 80
    endloop
  endfacet
  facet normal 0 0 1
    outer loop
      vertex 9.428090415820632 2.8284271247461903 80
      vertex 14.142135623730951 -4.2426406871192865 80
      vertex 14.14213562373095 4.242640687119286 80
    endloop
  endfacet
  facet normal 0 0 1
    outer loop
      vertex 9.428090415820632 2.8284271247461903 80
      vertex 9.428090415820641 -2.828427124746193 80
      vertex 14.142135623730951 -4.2426406871192865 80
    endloop
  endfacet
  facet normal 0 0 1
    outer loop
      vertex 4.714045207910316 1.4142135623730951 80
      vertex 9.428090415820641 -2.828427124746193 80
      vertex 9.428090415820632 2.8284271247461903 80
    endloop
  endfacet
  facet normal 0 0 1
    outer loop
      vertex 4.714045207910316 1.4142135623730951 80
      vertex 4.714045207910311 -1.4142135623730934 80
      vertex 9.428090415820641 -2.828427124746193 80
    endloop
  endfacet
  facet normal 0 0 1
    outer loop
      vertex 4.714045207910311 -1.4142135623730934 80
      vertex 4.714045207910316 1.4142135623730951 80
      vertex 0 0 80
    endloop
  endfacet
endsolid OpenSCAD_Model
