solid OpenSCAD_Model
  facet normal -0.039259814957810106 -0.001582116457137391 0.9992277837595362
    outer loop
      vertex 25.87752890875822 2.0890501039349108 -57.97648779
      vertex 25.64781729 0 -57.98882087
      vertex 25.961714750000002 0 -57.97648779
    endloop
  endfacet
  facet normal -0.03925981495781019 -0.0015821164571373815 0.9992277837595362
    outer loop
      vertex 25.64781729 0 -57.98882087
      vertex 25.87752890875822 2.0890501039349108 -57.97648779
      vertex 25.56464932149845 2.063791852399815 -57.98882087
    endloop
  endfacet
  facet normal -0.05887071545532392 -0.002372408730540744 0.9982627963310029
    outer loop
      vertex 25.95650429279107 2.0954256560521105 -57.97181521
      vertex 25.961714750000002 0 -57.97648779
      vertex 26.04094706 0 -57.97181521
    endloop
  endfacet
  facet normal -0.05887071545532543 -0.002372408730540747 0.9982627963310029
    outer loop
      vertex 25.961714750000002 0 -57.97648779
      vertex 25.95650429279107 2.0954256560521105 -57.97181521
      vertex 25.87752890875822 2.0890501039349108 -57.97648779
    endloop
  endfacet
  facet normal -0.4363418363741215 -0.01758397488645623 0.8996091404920538
    outer loop
      vertex 31.4477399590981 2.5387240281600936 -55.29970941
      vertex 26.04094706 0 -57.97181521
      vertex 31.55004704 0 -55.29970941
    endloop
  endfacet
  facet normal -0.43634183637412144 -0.017583974886456567 0.8996091404920539
    outer loop
      vertex 26.04094706 0 -57.97181521
      vertex 31.4477399590981 2.5387240281600936 -55.29970941
      vertex 25.95650429279107 2.0954256560521105 -57.97181521
    endloop
  endfacet
  facet normal -0.9441219928344045 -0.0380468156565144 0.32739288701007524
    outer loop
      vertex 33.556104850000004 0 -49.51472332
      vertex 31.4477399590981 2.5387240281600936 -55.29970941
      vertex 31.55004704 0 -55.29970941
    endloop
  endfacet
  facet normal -0.9441219928344046 -0.03804681565651513 0.32739288701007496
    outer loop
      vertex 31.4477399590981 2.5387240281600936 -55.29970941
      vertex 33.556104850000004 0 -49.51472332
      vertex 33.44729274175531 2.700144616778184 -49.51472332
    endloop
  endfacet
  facet normal -0.8991573894020717 -0.03623480408296596 -0.43612272132591334
    outer loop
      vertex 33.556104850000004 0 -49.51472332
      vertex 30.7838517574975 2.4851294318041215 -44.00562334
      vertex 33.44729274175531 2.700144616778184 -49.51472332
    endloop
  endfacet
  facet normal -0.8991573894020716 -0.03623480408296487 -0.43612272132591373
    outer loop
      vertex 30.7838517574975 2.4851294318041215 -44.00562334
      vertex 33.556104850000004 0 -49.51472332
      vertex 30.88399905 0 -44.00562334
    endloop
  endfacet
  facet normal -0.34351907761231654 -0.013843345584158883 -0.939043665171871
    outer loop
      vertex 25.36919932 0 -41.98821032
      vertex 30.7838517574975 2.4851294318041215 -44.00562334
      vertex 30.88399905 0 -44.00562334
    endloop
  endfacet
  facet normal -0.3435190776123165 -0.013843345584159214 -0.939043665171871
    outer loop
      vertex 30.7838517574975 2.4851294318041215 -44.00562334
      vertex 25.36919932 0 -41.98821032
      vertex 25.28693482372343 2.0413724203710952 -41.98821032
    endloop
  endfacet
  facet normal 0.025097573571759416 0.0010113976396671335 -0.9996844946660043
    outer loop
      vertex 24.79921931 0 -42.00251995
      vertex 25.28693482372343 2.0413724203710952 -41.98821032
      vertex 25.36919932 0 -41.98821032
    endloop
  endfacet
  facet normal 0.025097573571759454 0.0010113976396671236 -0.9996844946660044
    outer loop
      vertex 25.28693482372343 2.0413724203710952 -41.98821032
      vertex 24.79921931 0 -42.00251995
      vertex 24.718803083265524 1.9955080847292703 -42.00251995
    endloop
  endfacet
  facet normal 0.4056958056515364 0.01634898206735494 -0.9138619283360655
    outer loop
      vertex 19.20295424 0 -44.486901010000004
      vertex 24.718803083265524 1.9955080847292703 -42.00251995
      vertex 24.79921931 0 -42.00251995
    endloop
  endfacet
  facet normal 0.40569580565153646 0.01634898206735455 -0.9138619283360654
    outer loop
      vertex 24.718803083265524 1.9955080847292703 -42.00251995
      vertex 19.20295424 0 -44.486901010000004
      vertex 19.140684976486817 1.5451958369171026 -44.486901010000004
    endloop
  endfacet
  facet normal 0.9325337657150521 0.03757982606794137 -0.359121890830965
    outer loop
      vertex 19.20295424 0 -44.486901010000004
      vertex 16.947386016860204 1.3681344399141775 -50.20078069
      vertex 19.140684976486817 1.5451958369171026 -44.486901010000004
    endloop
  endfacet
  facet normal 0.9325337657150523 0.037579826067942024 -0.35912189083096485
    outer loop
      vertex 16.947386016860204 1.3681344399141775 -50.20078069
      vertex 19.20295424 0 -44.486901010000004
      vertex 17.00251995 0 -50.20078069
    endloop
  endfacet
  facet normal 0.9133647518596221 0.03680734121745653 0.4054750913347363
    outer loop
      vertex 19.48690101 0 -55.79704576
      vertex 16.947386016860204 1.3681344399141775 -50.20078069
      vertex 17.00251995 0 -50.20078069
    endloop
  endfacet
  facet normal 0.9133647518596221 0.0368073412174573 0.4054750913347362
    outer loop
      vertex 16.947386016860204 1.3681344399141775 -50.20078069
      vertex 19.48690101 0 -55.79704576
      vertex 19.42371099460542 1.5680440591971998 -55.79704576
    endloop
  endfacet
  facet normal 0.36188598065087074 0.014583506473739783 0.9321082868139775
    outer loop
      vertex 25.075492965073394 2.0243030688751897 -57.99845792
      vertex 19.48690101 0 -55.79704576
      vertex 25.15706959 0 -57.99845792
    endloop
  endfacet
  facet normal 0.3618859806508706 0.014583506473740033 0.9321082868139774
    outer loop
      vertex 19.48690101 0 -55.79704576
      vertex 25.075492965073394 2.0243030688751897 -57.99845792
      vertex 19.42371099460542 1.5680440591971998 -55.79704576
    endloop
  endfacet
  facet normal -0.0196336923226894 -0.0007912107525590682 0.9998069274171502
    outer loop
      vertex 25.56464932149845 2.063791852399815 -57.98882087
      vertex 25.15706959 0 -57.99845792
      vertex 25.64781729 0 -57.98882087
    endloop
  endfacet
  facet normal -0.019633692322689356 -0.0007912107525590779 0.9998069274171504
    outer loop
      vertex 25.15706959 0 -57.99845792
      vertex 25.56464932149845 2.063791852399815 -57.98882087
      vertex 25.075492965073394 2.0243030688751897 -57.99845792
    endloop
  endfacet
  facet normal -0.039005199992577955 -0.004736088739079766 0.9992277837595362
    outer loop
      vertex 25.625517362518078 4.164551916311306 -57.97648779
      vertex 25.56464932149845 2.063791852399815 -57.98882087
      vertex 25.87752890875822 2.0890501039349108 -57.97648779
    endloop
  endfacet
  facet normal -0.03900519999257807 -0.004736088739079763 0.9992277837595362
    outer loop
      vertex 25.56464932149845 2.063791852399815 -57.98882087
      vertex 25.625517362518078 4.164551916311306 -57.97648779
      vertex 25.315684792183703 4.114199222694708 -57.98882087
    endloop
  endfacet
  facet normal -0.058488916275044975 -0.007101840210636691 0.9982627963310029
    outer loop
      vertex 25.703723634912986 4.177261672643725 -57.97181521
      vertex 25.87752890875822 2.0890501039349108 -57.97648779
      vertex 25.95650429279107 2.0954256560521105 -57.97181521
    endloop
  endfacet
  facet normal -0.0584889162750425 -0.007101840210636485 0.9982627963310031
    outer loop
      vertex 25.87752890875822 2.0890501039349108 -57.97648779
      vertex 25.703723634912986 4.177261672643725 -57.97181521
      vertex 25.625517362518078 4.164551916311306 -57.97648779
    endloop
  endfacet
  facet normal -0.4335119921270929 -0.052637885834705106 0.899609140492054
    outer loop
      vertex 31.141482217070504 5.060983456808986 -55.29970941
      vertex 25.95650429279107 2.0954256560521105 -57.97181521
      vertex 31.4477399590981 2.5387240281600936 -55.29970941
    endloop
  endfacet
  facet normal -0.4335119921270932 -0.052637885834704495 0.8996091404920538
    outer loop
      vertex 25.95650429279107 2.0954256560521105 -57.97181521
      vertex 31.141482217070504 5.060983456808986 -55.29970941
      vertex 25.703723634912986 4.177261672643725 -57.97181521
    endloop
  endfacet
  facet normal -0.9379989994214493 -0.11389369877024776 0.3273928870100757
    outer loop
      vertex 31.141482217070504 5.060983456808986 -55.29970941
      vertex 33.44729274175531 2.700144616778184 -49.51472332
      vertex 33.12156210529785 5.3827777595858 -49.51472332
    endloop
  endfacet
  facet normal -0.9379989994214493 -0.11389369877024948 0.32739288701007485
    outer loop
      vertex 33.44729274175531 2.700144616778184 -49.51472332
      vertex 31.141482217070504 5.060983456808986 -55.29970941
      vertex 31.4477399590981 2.5387240281600936 -55.29970941
    endloop
  endfacet
  facet normal -0.8933260086967132 -0.10846941563998067 -0.43612272132591395
    outer loop
      vertex 33.44729274175531 2.700144616778184 -49.51472332
      vertex 30.48405937361155 4.95414184562035 -44.00562334
      vertex 33.12156210529785 5.3827777595858 -49.51472332
    endloop
  endfacet
  facet normal -0.8933260086967134 -0.10846941563998262 -0.4361227213259133
    outer loop
      vertex 30.48405937361155 4.95414184562035 -44.00562334
      vertex 33.44729274175531 2.700144616778184 -49.51472332
      vertex 30.7838517574975 2.4851294318041215 -44.00562334
    endloop
  endfacet
  facet normal -0.3412912245748821 -0.04144025734423656 -0.939043665171871
    outer loop
      vertex 25.28693482372343 2.0413724203710952 -41.98821032
      vertex 30.48405937361155 4.95414184562035 -44.00562334
      vertex 30.7838517574975 2.4851294318041215 -44.00562334
    endloop
  endfacet
  facet normal -0.34129122457488204 -0.041440257344236585 -0.9390436651718709
    outer loop
      vertex 30.48405937361155 4.95414184562035 -44.00562334
      vertex 25.28693482372343 2.0413724203710952 -41.98821032
      vertex 25.040674851719558 4.069505757257019 -41.98821032
    endloop
  endfacet
  facet normal 0.024934806176415032 0.0030276336172030236 -0.9996844946660045
    outer loop
      vertex 24.718803083265524 1.9955080847292703 -42.00251995
      vertex 25.040674851719558 4.069505757257019 -41.98821032
      vertex 25.28693482372343 2.0413724203710952 -41.98821032
    endloop
  endfacet
  facet normal 0.02493480617641511 0.0030276336172030114 -0.9996844946660044
    outer loop
      vertex 25.040674851719558 4.069505757257019 -41.98821032
      vertex 24.718803083265524 1.9955080847292703 -42.00251995
      vertex 24.478075933150702 3.978074533789601 -42.00251995
    endloop
  endfacet
  facet normal 0.4030647126735937 0.04894091677973859 -0.9138619283360655
    outer loop
      vertex 19.140684976486817 1.5451958369171026 -44.486901010000004
      vertex 24.478075933150702 3.978074533789601 -42.00251995
      vertex 24.718803083265524 1.9955080847292703 -42.00251995
    endloop
  endfacet
  facet normal 0.4030647126735937 0.048940916779738754 -0.9138619283360654
    outer loop
      vertex 24.478075933150702 3.978074533789601 -42.00251995
      vertex 19.140684976486817 1.5451958369171026 -44.486901010000004
      vertex 18.954281026015824 3.080370485891357 -44.486901010000004
    endloop
  endfacet
  facet normal 0.9264859264017345 0.11249575861121268 -0.35912189083096496
    outer loop
      vertex 19.140684976486817 1.5451958369171026 -44.486901010000004
      vertex 16.782341782153853 2.727396002989121 -50.20078069
      vertex 18.954281026015824 3.080370485891357 -44.486901010000004
    endloop
  endfacet
  facet normal 0.9264859264017345 0.11249575861121253 -0.359121890830965
    outer loop
      vertex 16.782341782153853 2.727396002989121 -50.20078069
      vertex 19.140684976486817 1.5451958369171026 -44.486901010000004
      vertex 16.947386016860204 1.3681344399141775 -50.20078069
    endloop
  endfacet
  facet normal 0.907441230956913 0.11018331392043729 0.40547509133473636
    outer loop
      vertex 16.782341782153853 2.727396002989121 -50.20078069
      vertex 19.42371099460542 1.5680440591971998 -55.79704576
      vertex 19.23455075991951 3.125918750962481 -55.79704576
    endloop
  endfacet
  facet normal 0.907441230956913 0.11018331392043834 0.40547509133473614
    outer loop
      vertex 19.42371099460542 1.5680440591971998 -55.79704576
      vertex 16.782341782153853 2.727396002989121 -50.20078069
      vertex 16.947386016860204 1.3681344399141775 -50.20078069
    endloop
  endfacet
  facet normal 0.3595390111992705 0.043655939785586635 0.9321082868139774
    outer loop
      vertex 24.831292146009748 4.035477755559708 -57.99845792
      vertex 19.42371099460542 1.5680440591971998 -55.79704576
      vertex 25.075492965073394 2.0243030688751897 -57.99845792
    endloop
  endfacet
  facet normal 0.35953901119927084 0.043655939785585796 0.9321082868139773
    outer loop
      vertex 19.42371099460542 1.5680440591971998 -55.79704576
      vertex 24.831292146009748 4.035477755559708 -57.99845792
      vertex 19.23455075991951 3.125918750962481 -55.79704576
    endloop
  endfacet
  facet normal -0.01950636029390894 -0.002368500952334396 0.9998069274171504
    outer loop
      vertex 25.315684792183703 4.114199222694708 -57.98882087
      vertex 25.075492965073394 2.0243030688751897 -57.99845792
      vertex 25.56464932149845 2.063791852399815 -57.98882087
    endloop
  endfacet
  facet normal -0.019506360293908852 -0.002368500952334406 0.9998069274171504
    outer loop
      vertex 25.075492965073394 2.0243030688751897 -57.99845792
      vertex 25.315684792183703 4.114199222694708 -57.98882087
      vertex 24.831292146009748 4.035477755559708 -57.99845792
    endloop
  endfacet
  facet normal -0.038497621337866966 -0.007859345668162248 0.9992277837595362
    outer loop
      vertex 25.207314502861745 6.213045011440337 -57.97648779
      vertex 25.315684792183703 4.114199222694708 -57.98882087
      vertex 25.625517362518078 4.164551916311306 -57.97648779
    endloop
  endfacet
  facet normal -0.03849762133786637 -0.007859345668162215 0.9992277837595362
    outer loop
      vertex 25.315684792183703 4.114199222694708 -57.98882087
      vertex 25.207314502861745 6.213045011440337 -57.97648779
      vertex 24.902538332563918 6.137924432282259 -57.98882087
    endloop
  endfacet
  facet normal -0.057727794028674145 -0.011785213531765842 0.998262796331003
    outer loop
      vertex 25.284244465932005 6.232006544341024 -57.97181521
      vertex 25.625517362518078 4.164551916311306 -57.97648779
      vertex 25.703723634912986 4.177261672643725 -57.97181521
    endloop
  endfacet
  facet normal -0.05772779402867726 -0.01178521353176636 0.9982627963310028
    outer loop
      vertex 25.625517362518078 4.164551916311306 -57.97648779
      vertex 25.284244465932005 6.232006544341024 -57.97181521
      vertex 25.207314502861745 6.213045011440337 -57.97648779
    endloop
  endfacet
  facet normal -0.4278706562588788 -0.08735041989449538 0.8996091404920538
    outer loop
      vertex 30.633260012895033 7.550420465681294 -55.29970941
      vertex 25.703723634912986 4.177261672643725 -57.97181521
      vertex 31.141482217070504 5.060983456808986 -55.29970941
    endloop
  endfacet
  facet normal -0.42787065625887843 -0.087350419894496 0.8996091404920539
    outer loop
      vertex 25.703723634912986 4.177261672643725 -57.97181521
      vertex 30.633260012895033 7.550420465681294 -55.29970941
      vertex 25.284244465932005 6.232006544341024 -57.97181521
    endloop
  endfacet
  facet normal -0.9257927225574079 -0.189001937542848 0.3273928870100753
    outer loop
      vertex 30.633260012895033 7.550420465681294 -55.29970941
      vertex 33.12156210529785 5.3827777595858 -49.51472332
      vertex 32.58102542879816 8.030501523080689 -49.51472332
    endloop
  endfacet
  facet normal -0.9257927225574079 -0.18900193754284716 0.3273928870100756
    outer loop
      vertex 33.12156210529785 5.3827777595858 -49.51472332
      vertex 30.633260012895033 7.550420465681294 -55.29970941
      vertex 31.141482217070504 5.060983456808986 -55.29970941
    endloop
  endfacet
  facet normal -0.8817010660275558 -0.18000056141343146 -0.436122721325914
    outer loop
      vertex 33.12156210529785 5.3827777595858 -49.51472332
      vertex 29.986566166991462 7.391024748507052 -44.00562334
      vertex 32.58102542879816 8.030501523080689 -49.51472332
    endloop
  endfacet
  facet normal -0.881701066027556 -0.1800005614134316 -0.436122721325914
    outer loop
      vertex 29.986566166991462 7.391024748507052 -44.00562334
      vertex 33.12156210529785 5.3827777595858 -49.51472332
      vertex 30.48405937361155 4.95414184562035 -44.00562334
    endloop
  endfacet
  facet normal -0.33684996698185893 -0.0687684131335002 -0.939043665171871
    outer loop
      vertex 25.040674851719558 4.069505757257019 -41.98821032
      vertex 29.986566166991462 7.391024748507052 -44.00562334
      vertex 30.48405937361155 4.95414184562035 -44.00562334
    endloop
  endfacet
  facet normal -0.3368499669818592 -0.06876841313349956 -0.9390436651718709
    outer loop
      vertex 29.986566166991462 7.391024748507052 -44.00562334
      vertex 25.040674851719558 4.069505757257019 -41.98821032
      vertex 24.632016494404564 6.071246787709258 -41.98821032
    endloop
  endfacet
  facet normal 0.024610326994744067 0.0050242342289326105 -0.9996844946660045
    outer loop
      vertex 24.478075933150702 3.978074533789601 -42.00251995
      vertex 24.632016494404564 6.071246787709258 -41.98821032
      vertex 25.040674851719558 4.069505757257019 -41.98821032
    endloop
  endfacet
  facet normal 0.024610326994743924 0.005024234228932623 -0.9996844946660044
    outer loop
      vertex 24.632016494404564 6.071246787709258 -41.98821032
      vertex 24.478075933150702 3.978074533789601 -42.00251995
      vertex 24.078599067598645 5.93484164298548 -42.00251995
    endloop
  endfacet
  facet normal 0.3978195903653036 0.08121545086662955 -0.9138619283360655
    outer loop
      vertex 18.954281026015824 3.080370485891357 -44.486901010000004
      vertex 24.078599067598645 5.93484164298548 -42.00251995
      vertex 24.478075933150702 3.978074533789601 -42.00251995
    endloop
  endfacet
  facet normal 0.39781959036530357 0.08121545086662968 -0.9138619283360655
    outer loop
      vertex 24.078599067598645 5.93484164298548 -42.00251995
      vertex 18.954281026015824 3.080370485891357 -44.486901010000004
      vertex 18.644951289734912 4.595567750229174 -44.486901010000004
    endloop
  endfacet
  facet normal 0.9144294703337933 0.1866821129917126 -0.359121890830965
    outer loop
      vertex 18.954281026015824 3.080370485891357 -44.486901010000004
      vertex 16.508457621075706 4.068969356396703 -50.20078069
      vertex 18.644951289734912 4.595567750229174 -44.486901010000004
    endloop
  endfacet
  facet normal 0.9144294703337933 0.18668211299171283 -0.35912189083096496
    outer loop
      vertex 16.508457621075706 4.068969356396703 -50.20078069
      vertex 18.954281026015824 3.080370485891357 -44.486901010000004
      vertex 16.782341782153853 2.727396002989121 -50.20078069
    endloop
  endfacet
  facet normal 0.8956326054575909 0.1828447055518273 0.4054750913347364
    outer loop
      vertex 16.508457621075706 4.068969356396703 -50.20078069
      vertex 19.23455075991951 3.125918750962481 -55.79704576
      vertex 18.92064708265097 4.66352066011403 -55.79704576
    endloop
  endfacet
  facet normal 0.8956326054575909 0.18284470555182752 0.4054750913347363
    outer loop
      vertex 19.23455075991951 3.125918750962481 -55.79704576
      vertex 16.508457621075706 4.068969356396703 -50.20078069
      vertex 16.782341782153853 2.727396002989121 -50.20078069
    endloop
  endfacet
  facet normal 0.3548602932935707 0.07244524757575962 0.9321082868139774
    outer loop
      vertex 24.426050868828263 6.020480820459167 -57.99845792
      vertex 19.23455075991951 3.125918750962481 -55.79704576
      vertex 24.831292146009748 4.035477755559708 -57.99845792
    endloop
  endfacet
  facet normal 0.35486029329357055 0.07244524757575983 0.9321082868139773
    outer loop
      vertex 19.23455075991951 3.125918750962481 -55.79704576
      vertex 24.426050868828263 6.020480820459167 -57.99845792
      vertex 18.92064708265097 4.66352066011403 -55.79704576
    endloop
  endfacet
  facet normal -0.01925252203341598 -0.003930430514565178 0.9998069274171504
    outer loop
      vertex 24.902538332563918 6.137924432282259 -57.98882087
      vertex 24.831292146009748 4.035477755559708 -57.99845792
      vertex 25.315684792183703 4.114199222694708 -57.98882087
    endloop
  endfacet
  facet normal -0.019252522033416118 -0.003930430514565175 0.9998069274171504
    outer loop
      vertex 24.831292146009748 4.035477755559708 -57.99845792
      vertex 24.902538332563918 6.137924432282259 -57.98882087
      vertex 24.426050868828263 6.020480820459167 -57.99845792
    endloop
  endfacet
  facet normal -0.03774037083602615 -0.010931631724707522 0.9992277837595362
    outer loop
      vertex 24.62563253581173 8.221244125528598 -57.97648779
      vertex 24.902538332563918 6.137924432282259 -57.98882087
      vertex 25.207314502861745 6.213045011440337 -57.97648779
    endloop
  endfacet
  facet normal -0.03774037083602627 -0.010931631724707538 0.9992277837595362
    outer loop
      vertex 24.902538332563918 6.137924432282259 -57.98882087
      vertex 24.62563253581173 8.221244125528598 -57.97648779
      vertex 24.327889355967077 8.121842846611019 -57.98882087
    endloop
  endfacet
  facet normal -0.05659228488605526 -0.016392155220783914 0.9982627963310029
    outer loop
      vertex 24.700787269226378 8.246334462180553 -57.97181521
      vertex 25.207314502861745 6.213045011440337 -57.97648779
      vertex 25.284244465932005 6.232006544341024 -57.97181521
    endloop
  endfacet
  facet normal -0.05659228488605501 -0.016392155220783855 0.9982627963310029
    outer loop
      vertex 25.207314502861745 6.213045011440337 -57.97648779
      vertex 24.700787269226378 8.246334462180553 -57.97181521
      vertex 24.62563253581173 8.221244125528598 -57.97648779
    endloop
  endfacet
  facet normal -0.4194544149973423 -0.12149645296215601 0.8996091404920539
    outer loop
      vertex 29.92636936258667 9.990890100498884 -55.29970941
      vertex 25.284244465932005 6.232006544341024 -57.97181521
      vertex 30.633260012895033 7.550420465681294 -55.29970941
    endloop
  endfacet
  facet normal -0.4194544149973423 -0.12149645296215607 0.8996091404920539
    outer loop
      vertex 25.284244465932005 6.232006544341024 -57.97181521
      vertex 29.92636936258667 9.990890100498884 -55.29970941
      vertex 24.700787269226378 8.246334462180553 -57.97181521
    endloop
  endfacet
  facet normal -0.9075823246316774 -0.26288442622446984 0.3273928870100751
    outer loop
      vertex 29.92636936258667 9.990890100498884 -55.29970941
      vertex 32.58102542879816 8.030501523080689 -49.51472332
      vertex 31.829188300024356 10.626144402641362 -49.51472332
    endloop
  endfacet
  facet normal -0.9075823246316774 -0.2628844262244694 0.3273928870100753
    outer loop
      vertex 32.58102542879816 8.030501523080689 -49.51472332
      vertex 29.92636936258667 9.990890100498884 -55.29970941
      vertex 30.633260012895033 7.550420465681294 -55.29970941
    endloop
  endfacet
  facet normal -0.864357953608667 -0.2503643344742155 -0.4361227213259135
    outer loop
      vertex 32.58102542879816 8.030501523080689 -49.51472332
      vertex 29.294598571986022 9.779974019730082 -44.00562334
      vertex 31.829188300024356 10.626144402641362 -49.51472332
    endloop
  endfacet
  facet normal -0.8643579536086672 -0.2503643344742144 -0.436122721325914
    outer loop
      vertex 29.294598571986022 9.779974019730082 -44.00562334
      vertex 32.58102542879816 8.030501523080689 -49.51472332
      vertex 29.986566166991462 7.391024748507052 -44.00562334
    endloop
  endfacet
  facet normal -0.3302241080929885 -0.09565057937498112 -0.9390436651718708
    outer loop
      vertex 24.632016494404564 6.071246787709258 -41.98821032
      vertex 29.294598571986022 9.779974019730082 -44.00562334
      vertex 29.986566166991462 7.391024748507052 -44.00562334
    endloop
  endfacet
  facet normal -0.3302241080929881 -0.0956505793749817 -0.9390436651718709
    outer loop
      vertex 29.294598571986022 9.779974019730082 -44.00562334
      vertex 24.632016494404564 6.071246787709258 -41.98821032
      vertex 24.06361005804074 8.03361345301408 -41.98821032
    endloop
  endfacet
  facet normal 0.024126240398752292 0.006988250753730325 -0.9996844946660043
    outer loop
      vertex 24.078599067598645 5.93484164298548 -42.00251995
      vertex 24.06361005804074 8.03361345301408 -41.98821032
      vertex 24.632016494404564 6.071246787709258 -41.98821032
    endloop
  endfacet
  facet normal 0.024126240398752385 0.006988250753730325 -0.9996844946660044
    outer loop
      vertex 24.06361005804074 8.03361345301408 -41.98821032
      vertex 24.078599067598645 5.93484164298548 -42.00251995
      vertex 23.522963247374346 7.853119026740437 -42.00251995
    endloop
  endfacet
  facet normal 0.3899944553575546 0.11296327158971749 -0.9138619283360655
    outer loop
      vertex 18.644951289734912 4.595567750229174 -44.486901010000004
      vertex 23.522963247374346 7.853119026740437 -42.00251995
      vertex 24.078599067598645 5.93484164298548 -42.00251995
    endloop
  endfacet
  facet normal 0.38999445535755434 0.11296327158971776 -0.9138619283360655
    outer loop
      vertex 23.522963247374346 7.853119026740437 -42.00251995
      vertex 18.644951289734912 4.595567750229174 -44.486901010000004
      vertex 18.21470188968345 6.08096099424228 -44.486901010000004
    endloop
  endfacet
  facet normal 0.896442588255272 0.25965776223364023 -0.35912189083096463
    outer loop
      vertex 18.644951289734912 4.595567750229174 -44.486901010000004
      vertex 16.127509777508358 5.384153882136012 -50.20078069
      vertex 18.21470188968345 6.08096099424228 -44.486901010000004
    endloop
  endfacet
  facet normal 0.8964425882552722 0.25965776223363873 -0.3591218908309649
    outer loop
      vertex 16.127509777508358 5.384153882136012 -50.20078069
      vertex 18.644951289734912 4.595567750229174 -44.486901010000004
      vertex 16.508457621075706 4.068969356396703 -50.20078069
    endloop
  endfacet
  facet normal 0.8780154588293615 0.25432027910442606 0.40547509133473614
    outer loop
      vertex 16.127509777508358 5.384153882136012 -50.20078069
      vertex 18.92064708265097 4.66352066011403 -55.79704576
      vertex 18.484035748601634 6.170877848244588 -55.79704576
    endloop
  endfacet
  facet normal 0.8780154588293618 0.2543202791044247 0.4054750913347365
    outer loop
      vertex 18.92064708265097 4.66352066011403 -55.79704576
      vertex 16.127509777508358 5.384153882136012 -50.20078069
      vertex 16.508457621075706 4.068969356396703 -50.20078069
    endloop
  endfacet
  facet normal 0.3478801702147606 0.10076472013587533 0.9321082868139774
    outer loop
      vertex 23.86239727871533 7.966438756989332 -57.99845792
      vertex 18.92064708265097 4.66352066011403 -55.79704576
      vertex 24.426050868828263 6.020480820459167 -57.99845792
    endloop
  endfacet
  facet normal 0.3478801702147604 0.10076472013587572 0.9321082868139775
    outer loop
      vertex 18.92064708265097 4.66352066011403 -55.79704576
      vertex 23.86239727871533 7.966438756989332 -57.99845792
      vertex 18.484035748601634 6.170877848244588 -55.79704576
    endloop
  endfacet
  facet normal -0.018873823779735833 -0.005466869726678701 0.9998069274171504
    outer loop
      vertex 24.327889355967077 8.121842846611019 -57.98882087
      vertex 24.426050868828263 6.020480820459167 -57.99845792
      vertex 24.902538332563918 6.137924432282259 -57.98882087
    endloop
  endfacet
  facet normal -0.01887382377973582 -0.005466869726678702 0.9998069274171504
    outer loop
      vertex 24.426050868828263 6.020480820459167 -57.99845792
      vertex 24.327889355967077 8.121842846611019 -57.98882087
      vertex 23.86239727871533 7.966438756989332 -57.99845792
    endloop
  endfacet
  facet normal -0.036738359547142295 -0.013933021954705816 0.9992277837595362
    outer loop
      vertex 23.884243892134094 10.176125316711806 -57.97648779
      vertex 24.327889355967077 8.121842846611019 -57.98882087
      vertex 24.62563253581173 8.221244125528598 -57.97648779
    endloop
  endfacet
  facet normal -0.03673835954714219 -0.013933021954705792 0.9992277837595362
    outer loop
      vertex 24.327889355967077 8.121842846611019 -57.98882087
      vertex 23.884243892134094 10.176125316711806 -57.97648779
      vertex 23.59546468151737 10.053087993471916 -57.98882087
    endloop
  endfacet
  facet normal -0.055089753059700125 -0.02089278749300678 0.9982627963310029
    outer loop
      vertex 23.957135988607696 10.207181736653888 -57.97181521
      vertex 24.62563253581173 8.221244125528598 -57.97648779
      vertex 24.700787269226378 8.246334462180553 -57.97181521
    endloop
  endfacet
  facet normal -0.0550897530596982 -0.020892787493006132 0.9982627963310031
    outer loop
      vertex 24.62563253581173 8.221244125528598 -57.97648779
      vertex 23.957135988607696 10.207181736653888 -57.97181521
      vertex 23.884243892134094 10.176125316711806 -57.97648779
    endloop
  endfacet
  facet normal -0.4083178508966432 -0.15485453491033047 0.8996091404920539
    outer loop
      vertex 29.025394723268935 12.366564979194695 -55.29970941
      vertex 24.700787269226378 8.246334462180553 -57.97181521
      vertex 29.92636936258667 9.990890100498884 -55.29970941
    endloop
  endfacet
  facet normal -0.40831785089664346 -0.15485453491033016 0.8996091404920539
    outer loop
      vertex 24.700787269226378 8.246334462180553 -57.97181521
      vertex 29.025394723268935 12.366564979194695 -55.29970941
      vertex 23.957135988607696 10.207181736653888 -57.97181521
    endloop
  endfacet
  facet normal -0.8834859070627117 -0.33506200852496787 0.3273928870100752
    outer loop
      vertex 29.025394723268935 12.366564979194695 -55.29970941
      vertex 31.829188300024356 10.626144402641362 -49.51472332
      vertex 30.87092667126018 13.152872658163723 -49.51472332
    endloop
  endfacet
  facet normal -0.8834859070627117 -0.3350620085249681 0.3273928870100751
    outer loop
      vertex 31.829188300024356 10.626144402641362 -49.51472332
      vertex 29.025394723268935 12.366564979194695 -55.29970941
      vertex 29.92636936258667 9.990890100498884 -55.29970941
    endloop
  endfacet
  facet normal -0.841409148179183 -0.31910439875323077 -0.43612272132591384
    outer loop
      vertex 31.829188300024356 10.626144402641362 -49.51472332
      vertex 28.412644263978656 12.105496406550278 -44.00562334
      vertex 30.87092667126018 13.152872658163723 -49.51472332
    endloop
  endfacet
  facet normal -0.8414091481791829 -0.3191043987532314 -0.4361227213259137
    outer loop
      vertex 28.412644263978656 12.105496406550278 -44.00562334
      vertex 31.829188300024356 10.626144402641362 -49.51472332
      vertex 29.294598571986022 9.779974019730082 -44.00562334
    endloop
  endfacet
  facet normal -0.32145661914571577 -0.12191241490506763 -0.9390436651718709
    outer loop
      vertex 24.06361005804074 8.03361345301408 -41.98821032
      vertex 28.412644263978656 12.105496406550278 -44.00562334
      vertex 29.294598571986022 9.779974019730082 -44.00562334
    endloop
  endfacet
  facet normal -0.3214566191457158 -0.12191241490506766 -0.939043665171871
    outer loop
      vertex 28.412644263978656 12.105496406550278 -44.00562334
      vertex 24.06361005804074 8.03361345301408 -41.98821032
      vertex 23.33914187648342 9.94387905232492 -41.98821032
    endloop
  endfacet
  facet normal 0.023485685875774515 0.00890694579077753 -0.9996844946660045
    outer loop
      vertex 23.522963247374346 7.853119026740437 -42.00251995
      vertex 23.33914187648342 9.94387905232492 -41.98821032
      vertex 24.06361005804074 8.03361345301408 -41.98821032
    endloop
  endfacet
  facet normal 0.02348568587577451 0.008906945790777528 -0.9996844946660044
    outer loop
      vertex 23.33914187648342 9.94387905232492 -41.98821032
      vertex 23.522963247374346 7.853119026740437 -42.00251995
      vertex 22.814771983986972 9.72046592011721 -42.00251995
    endloop
  endfacet
  facet normal 0.3796400566536233 0.14397848214897066 -0.9138619283360655
    outer loop
      vertex 18.21470188968345 6.08096099424228 -44.486901010000004
      vertex 22.814771983986972 9.72046592011721 -42.00251995
      vertex 23.522963247374346 7.853119026740437 -42.00251995
    endloop
  endfacet
  facet normal 0.37964005665362355 0.14397848214897058 -0.9138619283360656
    outer loop
      vertex 22.814771983986972 9.72046592011721 -42.00251995
      vertex 18.21470188968345 6.08096099424228 -44.486901010000004
      vertex 17.66632315832106 7.526916872750954 -44.486901010000004
    endloop
  endfacet
  facet normal 0.8726419319985852 0.330949431248596 -0.3591218908309648
    outer loop
      vertex 18.21470188968345 6.08096099424228 -44.486901010000004
      vertex 15.64196884439906 6.664420103879793 -50.20078069
      vertex 17.66632315832106 7.526916872750954 -44.486901010000004
    endloop
  endfacet
  facet normal 0.872641931998585 0.3309494312485967 -0.35912189083096463
    outer loop
      vertex 15.64196884439906 6.664420103879793 -50.20078069
      vertex 18.21470188968345 6.08096099424228 -44.486901010000004
      vertex 16.127509777508358 5.384153882136012 -50.20078069
    endloop
  endfacet
  facet normal 0.8547040450283654 0.32414648805630664 0.40547509133473636
    outer loop
      vertex 15.64196884439906 6.664420103879793 -50.20078069
      vertex 18.484035748601634 6.170877848244588 -55.79704576
      vertex 17.92754834981438 7.638214525568572 -55.79704576
    endloop
  endfacet
  facet normal 0.8547040450283651 0.3241464880563074 0.40547509133473614
    outer loop
      vertex 18.484035748601634 6.170877848244588 -55.79704576
      vertex 15.64196884439906 6.664420103879793 -50.20078069
      vertex 16.127509777508358 5.384153882136012 -50.20078069
    endloop
  endfacet
  facet normal 0.33864391073950056 0.12843069481930383 0.9321082868139774
    outer loop
      vertex 23.143986885494524 9.860731281206288 -57.99845792
      vertex 18.484035748601634 6.170877848244588 -55.79704576
      vertex 23.86239727871533 7.966438756989332 -57.99845792
    endloop
  endfacet
  facet normal 0.3386439107395006 0.12843069481930383 0.9321082868139774
    outer loop
      vertex 18.484035748601634 6.170877848244588 -55.79704576
      vertex 23.143986885494524 9.860731281206288 -57.99845792
      vertex 17.92754834981438 7.638214525568572 -55.79704576
    endloop
  endfacet
  facet normal -0.01837272153636174 -0.0069678541908041415 0.9998069274171504
    outer loop
      vertex 23.59546468151737 10.053087993471916 -57.98882087
      vertex 23.86239727871533 7.966438756989332 -57.99845792
      vertex 24.327889355967077 8.121842846611019 -57.98882087
    endloop
  endfacet
  facet normal -0.01837272153636182 -0.006967854190804152 0.9998069274171504
    outer loop
      vertex 23.86239727871533 7.966438756989332 -57.99845792
      vertex 23.59546468151737 10.053087993471916 -57.98882087
      vertex 23.143986885494524 9.860731281206288 -57.99845792
    endloop
  endfacet
  facet normal -0.035498085898926224 -0.016844051190787315 0.9992277837595362
    outer loop
      vertex 22.98795676167732 12.065010430315494 -57.97648779
      vertex 23.59546468151737 10.053087993471916 -57.98882087
      vertex 23.884243892134094 10.176125316711806 -57.97648779
    endloop
  endfacet
  facet normal -0.035498085898926404 -0.01684405119078737 0.9992277837595362
    outer loop
      vertex 23.59546468151737 10.053087993471916 -57.98882087
      vertex 22.98795676167732 12.065010430315494 -57.97648779
      vertex 22.71001436428308 11.91913500700781 -57.98882087
    endloop
  endfacet
  facet normal -0.05322994304507314 -0.025257922021114574 0.9982627963310029
    outer loop
      vertex 23.058113487993243 12.101831520747048 -57.97181521
      vertex 23.884243892134094 10.176125316711806 -57.97648779
      vertex 23.957135988607696 10.207181736653888 -57.97181521
    endloop
  endfacet
  facet normal -0.053229943045073405 -0.025257922021114695 0.9982627963310029
    outer loop
      vertex 23.884243892134094 10.176125316711806 -57.97648779
      vertex 23.058113487993243 12.101831520747048 -57.97181521
      vertex 22.98795676167732 12.065010430315494 -57.97648779
    endloop
  endfacet
  facet normal -0.39453318884842464 -0.18720832577703758 0.8996091404920539
    outer loop
      vertex 27.936179261210217 14.662037938558909 -55.29970941
      vertex 23.957135988607696 10.207181736653888 -57.97181521
      vertex 29.025394723268935 12.366564979194695 -55.29970941
    endloop
  endfacet
  facet normal -0.39453318884842503 -0.18720832577703722 0.8996091404920536
    outer loop
      vertex 23.957135988607696 10.207181736653888 -57.97181521
      vertex 27.936179261210217 14.662037938558909 -55.29970941
      vertex 23.058113487993243 12.101831520747048 -57.97181521
    endloop
  endfacet
  facet normal -0.8536597443649999 -0.4050665851263111 0.3273928870100753
    outer loop
      vertex 27.936179261210217 14.662037938558909 -55.29970941
      vertex 30.87092667126018 13.152872658163723 -49.51472332
      vertex 29.712455236883404 15.594299487325287 -49.51472332
    endloop
  endfacet
  facet normal -0.8536597443649998 -0.4050665851263115 0.32739288701007513
    outer loop
      vertex 30.87092667126018 13.152872658163723 -49.51472332
      vertex 27.936179261210217 14.662037938558909 -55.29970941
      vertex 29.025394723268935 12.366564979194695 -55.29970941
    endloop
  endfacet
  facet normal -0.8130034815484941 -0.3857749485558997 -0.4361227213259134
    outer loop
      vertex 30.87092667126018 13.152872658163723 -49.51472332
      vertex 27.34642305509051 14.352510003912734 -44.00562334
      vertex 29.712455236883404 15.594299487325287 -49.51472332
    endloop
  endfacet
  facet normal -0.8130034815484943 -0.3857749485558986 -0.4361227213259138
    outer loop
      vertex 27.34642305509051 14.352510003912734 -44.00562334
      vertex 30.87092667126018 13.152872658163723 -49.51472332
      vertex 28.412644263978656 12.105496406550278 -44.00562334
    endloop
  endfacet
  facet normal -0.3106043606702269 -0.1473836016428515 -0.939043665171871
    outer loop
      vertex 23.33914187648342 9.94387905232492 -41.98821032
      vertex 27.34642305509051 14.352510003912734 -44.00562334
      vertex 28.412644263978656 12.105496406550278 -44.00562334
    endloop
  endfacet
  facet normal -0.31060436067022723 -0.14738360164285125 -0.939043665171871
    outer loop
      vertex 27.34642305509051 14.352510003912734 -44.00562334
      vertex 23.33914187648342 9.94387905232492 -41.98821032
      vertex 22.463310403891317 11.789654780201015 -41.98821032
    endloop
  endfacet
  facet normal 0.022692817667692888 0.010767875866495177 -0.9996844946660045
    outer loop
      vertex 22.814771983986972 9.72046592011721 -42.00251995
      vertex 22.463310403891317 11.789654780201015 -41.98821032
      vertex 23.33914187648342 9.94387905232492 -41.98821032
    endloop
  endfacet
  facet normal 0.02269281766769276 0.010767875866495155 -0.9996844946660044
    outer loop
      vertex 22.463310403891317 11.789654780201015 -41.98821032
      vertex 22.814771983986972 9.72046592011721 -42.00251995
      vertex 21.95861816953494 11.524771861952276 -42.00251995
    endloop
  endfacet
  facet normal 0.36682354650241433 0.17405993700239816 -0.9138619283360655
    outer loop
      vertex 17.66632315832106 7.526916872750954 -44.486901010000004
      vertex 21.95861816953494 11.524771861952276 -42.00251995
      vertex 22.814771983986972 9.72046592011721 -42.00251995
    endloop
  endfacet
  facet normal 0.3668235465024142 0.17405993700239816 -0.9138619283360655
    outer loop
      vertex 21.95861816953494 11.524771861952276 -42.00251995
      vertex 17.66632315832106 7.526916872750954 -44.486901010000004
      vertex 17.003371542150855 8.924057807024134 -44.486901010000004
    endloop
  endfacet
  facet normal 0.8431818579526189 0.4000947662061603 -0.3591218908309648
    outer loop
      vertex 17.66632315832106 7.526916872750954 -44.486901010000004
      vertex 15.054983741016413 7.901465003901456 -50.20078069
      vertex 17.003371542150855 8.924057807024134 -44.486901010000004
    endloop
  endfacet
  facet normal 0.843181857952619 0.4000947662061602 -0.3591218908309648
    outer loop
      vertex 15.054983741016413 7.901465003901456 -50.20078069
      vertex 17.66632315832106 7.526916872750954 -44.486901010000004
      vertex 15.64196884439906 6.664420103879793 -50.20078069
    endloop
  endfacet
  facet normal 0.8258495475184253 0.39187048264790175 0.40547509133473636
    outer loop
      vertex 15.054983741016413 7.901465003901456 -50.20078069
      vertex 17.92754834981438 7.638214525568572 -55.79704576
      vertex 17.254793920612123 9.056014450670116 -55.79704576
    endloop
  endfacet
  facet normal 0.8258495475184251 0.39187048264790203 0.40547509133473625
    outer loop
      vertex 17.92754834981438 7.638214525568572 -55.79704576
      vertex 15.054983741016413 7.901465003901456 -50.20078069
      vertex 15.64196884439906 6.664420103879793 -50.20078069
    endloop
  endfacet
  facet normal 0.3272114155547316 0.15526374716391692 0.9321082868139774
    outer loop
      vertex 22.275478856242625 11.691073179190626 -57.99845792
      vertex 17.92754834981438 7.638214525568572 -55.79704576
      vertex 23.143986885494524 9.860731281206288 -57.99845792
    endloop
  endfacet
  facet normal 0.3272114155547318 0.15526374716391678 0.9321082868139775
    outer loop
      vertex 17.92754834981438 7.638214525568572 -55.79704576
      vertex 22.275478856242625 11.691073179190626 -57.99845792
      vertex 17.254793920612123 9.056014450670116 -55.79704576
    endloop
  endfacet
  facet normal -0.01775246514363096 -0.00842364944671656 0.9998069274171504
    outer loop
      vertex 22.71001436428308 11.91913500700781 -57.98882087
      vertex 23.143986885494524 9.860731281206288 -57.99845792
      vertex 23.59546468151737 10.053087993471916 -57.98882087
    endloop
  endfacet
  facet normal -0.017752465143630866 -0.00842364944671654 0.9998069274171503
    outer loop
      vertex 23.143986885494524 9.860731281206288 -57.99845792
      vertex 22.71001436428308 11.91913500700781 -57.98882087
      vertex 22.275478856242625 11.691073179190626 -57.99845792
    endloop
  endfacet
  facet normal -0.03402759354191927 -0.019645840291302293 0.9992277837595362
    outer loop
      vertex 21.9425839104161 13.875649321553068 -57.97648779
      vertex 22.71001436428308 11.91913500700781 -57.98882087
      vertex 22.98795676167732 12.065010430315494 -57.97648779
    endloop
  endfacet
  facet normal -0.034027593541919476 -0.019645840291302372 0.9992277837595362
    outer loop
      vertex 22.71001436428308 11.91913500700781 -57.98882087
      vertex 21.9425839104161 13.875649321553068 -57.97648779
      vertex 21.67728088934672 13.707881856274748 -57.98882087
    endloop
  endfacet
  facet normal -0.05102491642379094 -0.029459249232653837 0.9982627963310029
    outer loop
      vertex 22.009550273282834 13.917996283573231 -57.97181521
      vertex 22.98795676167732 12.065010430315494 -57.97648779
      vertex 23.058113487993243 12.101831520747048 -57.97181521
    endloop
  endfacet
  facet normal -0.05102491642378978 -0.02945924923265323 0.9982627963310031
    outer loop
      vertex 22.98795676167732 12.065010430315494 -57.97648779
      vertex 22.009550273282834 13.917996283573231 -57.97181521
      vertex 21.9425839104161 13.875649321553068 -57.97648779
    endloop
  endfacet
  facet normal -0.3781898276756811 -0.21834799881333222 0.8996091404920538
    outer loop
      vertex 26.66578695664835 16.86242195560458 -55.29970941
      vertex 23.058113487993243 12.101831520747048 -57.97181521
      vertex 27.936179261210217 14.662037938558909 -55.29970941
    endloop
  endfacet
  facet normal -0.37818982767568093 -0.21834799881333244 0.8996091404920539
    outer loop
      vertex 23.058113487993243 12.101831520747048 -57.97181521
      vertex 26.66578695664835 16.86242195560458 -55.29970941
      vertex 22.009550273282834 13.917996283573231 -57.97181521
    endloop
  endfacet
  facet normal -0.8182972706488802 -0.47244414948626623 0.3273928870100752
    outer loop
      vertex 26.66578695664835 16.86242195560458 -55.29970941
      vertex 29.712455236883404 15.594299487325287 -49.51472332
      vertex 28.36128712868805 17.934591300286364 -49.51472332
    endloop
  endfacet
  facet normal -0.8182972706488802 -0.4724441494862661 0.32739288701007535
    outer loop
      vertex 29.712455236883404 15.594299487325287 -49.51472332
      vertex 26.66578695664835 16.86242195560458 -55.29970941
      vertex 27.936179261210217 14.662037938558909 -55.29970941
    endloop
  endfacet
  facet normal -0.7793251753648537 -0.4499435997831498 -0.4361227213259137
    outer loop
      vertex 29.712455236883404 15.594299487325287 -49.51472332
      vertex 26.102849799003977 16.506442066388473 -44.00562334
      vertex 28.36128712868805 17.934591300286364 -49.51472332
    endloop
  endfacet
  facet normal -0.7793251753648535 -0.4499435997831507 -0.4361227213259134
    outer loop
      vertex 26.102849799003977 16.506442066388473 -44.00562334
      vertex 29.712455236883404 15.594299487325287 -49.51472332
      vertex 27.34642305509051 14.352510003912734 -44.00562334
    endloop
  endfacet
  facet normal -0.2977377137270897 -0.17189894916823906 -0.9390436651718709
    outer loop
      vertex 22.463310403891317 11.789654780201015 -41.98821032
      vertex 26.102849799003977 16.506442066388473 -44.00562334
      vertex 27.34642305509051 14.352510003912734 -44.00562334
    endloop
  endfacet
  facet normal -0.29773771372708974 -0.17189894916823906 -0.9390436651718709
    outer loop
      vertex 26.102849799003977 16.506442066388473 -44.00562334
      vertex 22.463310403891317 11.789654780201015 -41.98821032
      vertex 21.44179574344838 13.558970072764648 -41.98821032
    endloop
  endfacet
  facet normal 0.021752777829085367 0.012558972135244572 -0.9996844946660043
    outer loop
      vertex 21.95861816953494 11.524771861952276 -42.00251995
      vertex 21.44179574344838 13.558970072764648 -41.98821032
      vertex 22.463310403891317 11.789654780201015 -41.98821032
    endloop
  endfacet
  facet normal 0.021752777829085412 0.012558972135244584 -0.9996844946660044
    outer loop
      vertex 21.44179574344838 13.558970072764648 -41.98821032
      vertex 21.95861816953494 11.524771861952276 -42.00251995
      vertex 20.96005429003823 13.254335235843666 -42.00251995
    endloop
  endfacet
  facet normal 0.35162804489035837 0.2030125463720701 -0.9138619283360655
    outer loop
      vertex 17.003371542150855 8.924057807024134 -44.486901010000004
      vertex 20.96005429003823 13.254335235843666 -42.00251995
      vertex 21.95861816953494 11.524771861952276 -42.00251995
    endloop
  endfacet
  facet normal 0.35162804489035876 0.20301254637206964 -0.9138619283360655
    outer loop
      vertex 20.96005429003823 13.254335235843666 -42.00251995
      vertex 17.003371542150855 8.924057807024134 -44.486901010000004
      vertex 16.23014653679918 10.26332280197596 -44.486901010000004
    endloop
  endfacet
  facet normal 0.8082534260023247 0.4666453330758777 -0.3591218908309651
    outer loop
      vertex 17.003371542150855 8.924057807024134 -44.486901010000004
      vertex 14.370361291000577 9.087265871331168 -50.20078069
      vertex 16.23014653679918 10.26332280197596 -44.486901010000004
    endloop
  endfacet
  facet normal 0.8082534260023244 0.46664533307587897 -0.35912189083096485
    outer loop
      vertex 14.370361291000577 9.087265871331168 -50.20078069
      vertex 17.003371542150855 8.924057807024134 -44.486901010000004
      vertex 15.054983741016413 7.901465003901456 -50.20078069
    endloop
  endfacet
  facet normal 0.7916390987882775 0.45705304678644343 0.40547509133473664
    outer loop
      vertex 14.370361291000577 9.087265871331168 -50.20078069
      vertex 17.254793920612123 9.056014450670116 -55.79704576
      vertex 16.470135531625363 10.41508264698033 -55.79704576
    endloop
  endfacet
  facet normal 0.7916390987882772 0.4570530467864443 0.4054750913347364
    outer loop
      vertex 17.254793920612123 9.056014450670116 -55.79704576
      vertex 14.370361291000577 9.087265871331168 -50.20078069
      vertex 15.054983741016413 7.901465003901456 -50.20078069
    endloop
  endfacet
  facet normal 0.3136568287787374 0.1810898545285677 0.9321082868139773
    outer loop
      vertex 21.2625057988033 13.44559398137393 -57.99845792
      vertex 17.254793920612123 9.056014450670116 -55.79704576
      vertex 22.275478856242625 11.691073179190626 -57.99845792
    endloop
  endfacet
  facet normal 0.3136568287787373 0.18108985452856782 0.9321082868139775
    outer loop
      vertex 17.254793920612123 9.056014450670116 -55.79704576
      vertex 21.2625057988033 13.44559398137393 -57.99845792
      vertex 16.470135531625363 10.41508264698033 -55.79704576
    endloop
  endfacet
  facet normal -0.017017077202262074 -0.009824814103546648 0.9998069274171504
    outer loop
      vertex 21.67728088934672 13.707881856274748 -57.98882087
      vertex 22.275478856242625 11.691073179190626 -57.99845792
      vertex 22.71001436428308 11.91913500700781 -57.98882087
    endloop
  endfacet
  facet normal -0.017017077202262188 -0.009824814103546681 0.9998069274171504
    outer loop
      vertex 22.275478856242625 11.691073179190626 -57.99845792
      vertex 21.67728088934672 13.707881856274748 -57.98882087
      vertex 21.2625057988033 13.44559398137393 -57.99845792
    endloop
  endfacet
  facet normal -0.03233641918333076 -0.02232021857879884 0.9992277837595362
    outer loop
      vertex 20.754904982433438 15.596299302415535 -57.97648779
      vertex 21.67728088934672 13.707881856274748 -57.98882087
      vertex 21.9425839104161 13.875649321553068 -57.97648779
    endloop
  endfacet
  facet normal -0.032336419183330745 -0.022320218578798835 0.9992277837595362
    outer loop
      vertex 21.67728088934672 13.707881856274748 -57.98882087
      vertex 20.754904982433438 15.596299302415535 -57.97648779
      vertex 20.503961929585696 15.407727831556581 -57.98882087
    endloop
  endfacet
  facet normal -0.048488973639627356 -0.03346952190847432 0.9982627963310031
    outer loop
      vertex 20.81824667929068 15.643897499725739 -57.97181521
      vertex 21.9425839104161 13.875649321553068 -57.97648779
      vertex 22.009550273282834 13.917996283573231 -57.97181521
    endloop
  endfacet
  facet normal -0.04848897363962751 -0.033469521908474416 0.9982627963310031
    outer loop
      vertex 21.9425839104161 13.875649321553068 -57.97648779
      vertex 20.81824667929068 15.643897499725739 -57.97181521
      vertex 20.754904982433438 15.596299302415535 -57.97648779
    endloop
  endfacet
  facet normal -0.3593937603470797 -0.24807160129030104 0.8996091404920538
    outer loop
      vertex 25.222456791168053 18.95344669562434 -55.29970941
      vertex 22.009550273282834 13.917996283573231 -57.97181521
      vertex 26.66578695664835 16.86242195560458 -55.29970941
    endloop
  endfacet
  facet normal -0.3593937603470797 -0.248071601290301 0.8996091404920538
    outer loop
      vertex 22.009550273282834 13.917996283573231 -57.97181521
      vertex 25.222456791168053 18.95344669562434 -55.29970941
      vertex 20.81824667929068 15.643897499725739 -57.97181521
    endloop
  endfacet
  facet normal -0.7776278251260967 -0.5367577322450647 0.32739288701007546
    outer loop
      vertex 25.222456791168053 18.95344669562434 -55.29970941
      vertex 28.36128712868805 17.934591300286364 -49.51472332
      vertex 26.826185190341633 20.158570406596027 -49.51472332
    endloop
  endfacet
  facet normal -0.7776278251260965 -0.5367577322450652 0.3273928870100753
    outer loop
      vertex 28.36128712868805 17.934591300286364 -49.51472332
      vertex 25.222456791168053 18.95344669562434 -55.29970941
      vertex 26.66578695664835 16.86242195560458 -55.29970941
    endloop
  endfacet
  facet normal -0.7405926463672905 -0.5111941941082396 -0.43612272132591406
    outer loop
      vertex 28.36128712868805 17.934591300286364 -49.51472332
      vertex 24.689989545483105 18.553323518020587 -44.00562334
      vertex 26.826185190341633 20.158570406596027 -49.51472332
    endloop
  endfacet
  facet normal -0.7405926463672903 -0.5111941941082402 -0.4361227213259137
    outer loop
      vertex 24.689989545483105 18.553323518020587 -44.00562334
      vertex 28.36128712868805 17.934591300286364 -49.51472332
      vertex 26.102849799003977 16.506442066388473 -44.00562334
    endloop
  endfacet
  facet normal -0.2829401234590688 -0.19529946604521511 -0.9390436651718709
    outer loop
      vertex 21.44179574344838 13.558970072764648 -41.98821032
      vertex 24.689989545483105 18.553323518020587 -44.00562334
      vertex 26.102849799003977 16.506442066388473 -44.00562334
    endloop
  endfacet
  facet normal -0.2829401234590686 -0.19529946604521523 -0.9390436651718709
    outer loop
      vertex 24.689989545483105 18.553323518020587 -44.00562334
      vertex 21.44179574344838 13.558970072764648 -41.98821032
      vertex 20.281222809715022 15.240350241401392 -41.98821032
    endloop
  endfacet
  facet normal 0.02067166287902858 0.014268618650422737 -0.9996844946660043
    outer loop
      vertex 20.96005429003823 13.254335235843666 -42.00251995
      vertex 20.281222809715022 15.240350241401392 -41.98821032
      vertex 21.44179574344838 13.558970072764648 -41.98821032
    endloop
  endfacet
  facet normal 0.02067166287902866 0.014268618650422763 -0.9996844946660044
    outer loop
      vertex 20.281222809715022 15.240350241401392 -41.98821032
      vertex 20.96005429003823 13.254335235843666 -42.00251995
      vertex 19.82555641543587 14.897939159623608 -42.00251995
    endloop
  endfacet
  facet normal 0.3341521004764032 0.23064854147619424 -0.9138619283360655
    outer loop
      vertex 16.23014653679918 10.26332280197596 -44.486901010000004
      vertex 19.82555641543587 14.897939159623608 -42.00251995
      vertex 20.96005429003823 13.254335235843666 -42.00251995
    endloop
  endfacet
  facet normal 0.3341521004764028 0.23064854147619446 -0.9138619283360655
    outer loop
      vertex 19.82555641543587 14.897939159623608 -42.00251995
      vertex 16.23014653679918 10.26332280197596 -44.486901010000004
      vertex 15.35166280313658 11.536026210195896 -44.486901010000004
    endloop
  endfacet
  facet normal 0.7680831604320392 0.530169525894051 -0.3591218908309648
    outer loop
      vertex 16.23014653679918 10.26332280197596 -44.486901010000004
      vertex 13.59254153365116 10.214132332514406 -50.20078069
      vertex 15.35166280313658 11.536026210195896 -44.486901010000004
    endloop
  endfacet
  facet normal 0.7680831604320401 0.5301695258940499 -0.35912189083096513
    outer loop
      vertex 13.59254153365116 10.214132332514406 -50.20078069
      vertex 16.23014653679918 10.26332280197596 -44.486901010000004
      vertex 14.370361291000577 9.087265871331168 -50.20078069
    endloop
  endfacet
  facet normal 0.752294566725564 0.5192714465308903 0.40547509133473625
    outer loop
      vertex 13.59254153365116 10.214132332514406 -50.20078069
      vertex 16.470135531625363 10.41508264698033 -55.79704576
      vertex 15.578661993604879 11.706605035728757 -55.79704576
    endloop
  endfacet
  facet normal 0.7522945667255648 0.5192714465308889 0.4054750913347367
    outer loop
      vertex 16.470135531625363 10.41508264698033 -55.79704576
      vertex 13.59254153365116 10.214132332514406 -50.20078069
      vertex 14.370361291000577 9.087265871331168 -50.20078069
    endloop
  endfacet
  facet normal 0.29806805710808154 0.2057415246967063 0.9321082868139774
    outer loop
      vertex 20.111637232163783 15.112914947089001 -57.99845792
      vertex 16.470135531625363 10.41508264698033 -55.79704576
      vertex 21.2625057988033 13.44559398137393 -57.99845792
    endloop
  endfacet
  facet normal 0.2980680571080817 0.20574152469670634 0.9321082868139775
    outer loop
      vertex 16.470135531625363 10.41508264698033 -55.79704576
      vertex 20.111637232163783 15.112914947089001 -57.99845792
      vertex 15.578661993604879 11.706605035728757 -55.79704576
    endloop
  endfacet
  facet normal -0.016171326985246773 -0.011162261070823902 0.9998069274171504
    outer loop
      vertex 20.503961929585696 15.407727831556581 -57.98882087
      vertex 21.2625057988033 13.44559398137393 -57.99845792
      vertex 21.67728088934672 13.707881856274748 -57.98882087
    endloop
  endfacet
  facet normal -0.016171326985246686 -0.011162261070823867 0.9998069274171504
    outer loop
      vertex 21.2625057988033 13.44559398137393 -57.99845792
      vertex 20.503961929585696 15.407727831556581 -57.98882087
      vertex 20.111637232163783 15.112914947089001 -57.99845792
    endloop
  endfacet
  facet normal -0.03043553073783293 -0.024849841683839025 0.9992277837595362
    outer loop
      vertex 19.432622531327215 17.21580129750926 -57.97648779
      vertex 20.503961929585696 15.407727831556581 -57.98882087
      vertex 20.754904982433438 15.596299302415535 -57.97648779
    endloop
  endfacet
  facet normal -0.03043553073783313 -0.024849841683839143 0.9992277837595362
    outer loop
      vertex 20.503961929585696 15.407727831556581 -57.98882087
      vertex 19.432622531327215 17.21580129750926 -57.97648779
      vertex 19.197666908693606 17.007648779419025 -57.98882087
    endloop
  endfacet
  facet normal -0.04563856125466147 -0.03726273189140648 0.998262796331003
    outer loop
      vertex 19.491928766964637 17.268342037535017 -57.97181521
      vertex 20.754904982433438 15.596299302415535 -57.97648779
      vertex 20.81824667929068 15.643897499725739 -57.97181521
    endloop
  endfacet
  facet normal -0.045638561254662736 -0.03726273189140744 0.9982627963310029
    outer loop
      vertex 20.754904982433438 15.596299302415535 -57.97648779
      vertex 19.491928766964637 17.268342037535017 -57.97181521
      vertex 19.432622531327215 17.21580129750926 -57.97648779
    endloop
  endfacet
  facet normal -0.3382668865718924 -0.27618636423999415 0.8996091404920538
    outer loop
      vertex 23.615549314743834 20.92155106078693 -55.29970941
      vertex 20.81824667929068 15.643897499725739 -57.97181521
      vertex 25.222456791168053 18.95344669562434 -55.29970941
    endloop
  endfacet
  facet normal -0.33826688657189224 -0.2761863642399943 0.8996091404920539
    outer loop
      vertex 20.81824667929068 15.643897499725739 -57.97181521
      vertex 23.615549314743834 20.92155106078693 -55.29970941
      vertex 19.491928766964637 17.268342037535017 -57.97181521
    endloop
  endfacet
  facet normal -0.7319151647570167 -0.5975902351393614 0.3273928870100754
    outer loop
      vertex 23.615549314743834 20.92155106078693 -55.29970941
      vertex 26.826185190341633 20.158570406596027 -49.51472332
      vertex 25.11710514698142 22.25181344833884 -49.51472332
    endloop
  endfacet
  facet normal -0.7319151647570169 -0.597590235139361 0.3273928870100755
    outer loop
      vertex 26.826185190341633 20.158570406596027 -49.51472332
      vertex 23.615549314743834 20.92155106078693 -55.29970941
      vertex 25.222456791168053 18.95344669562434 -55.29970941
    endloop
  endfacet
  facet normal -0.6970570898692493 -0.5691294979231817 -0.4361227213259136
    outer loop
      vertex 26.826185190341633 20.158570406596027 -49.51472332
      vertex 23.11700523543108 20.47987954714219 -44.00562334
      vertex 25.11710514698142 22.25181344833884 -49.51472332
    endloop
  endfacet
  facet normal -0.6970570898692499 -0.5691294979231807 -0.43612272132591406
    outer loop
      vertex 23.11700523543108 20.47987954714219 -44.00562334
      vertex 26.826185190341633 20.158570406596027 -49.51472332
      vertex 24.689989545483105 18.553323518020587 -44.00562334
    endloop
  endfacet
  facet normal -0.26630755791735555 -0.21743339094231484 -0.9390436651718709
    outer loop
      vertex 20.281222809715022 15.240350241401392 -41.98821032
      vertex 23.11700523543108 20.47987954714219 -44.00562334
      vertex 24.689989545483105 18.553323518020587 -44.00562334
    endloop
  endfacet
  facet normal -0.2663075579173553 -0.21743339094231495 -0.9390436651718709
    outer loop
      vertex 23.11700523543108 20.47987954714219 -44.00562334
      vertex 20.281222809715022 15.240350241401392 -41.98821032
      vertex 18.98911836351499 16.82289089051897 -41.98821032
    endloop
  endfacet
  facet normal 0.01945648426283148 0.015885727698333327 -0.9996844946660043
    outer loop
      vertex 19.82555641543587 14.897939159623608 -42.00251995
      vertex 18.98911836351499 16.82289089051897 -41.98821032
      vertex 20.281222809715022 15.240350241401392 -41.98821032
    endloop
  endfacet
  facet normal 0.019456484262831496 0.015885727698333334 -0.9996844946660044
    outer loop
      vertex 18.98911836351499 16.82289089051897 -41.98821032
      vertex 19.82555641543587 14.897939159623608 -42.00251995
      vertex 18.562482199787322 16.444924231143656 -42.00251995
    endloop
  endfacet
  facet normal 0.31450905146614483 0.2567886922817157 -0.9138619283360655
    outer loop
      vertex 15.35166280313658 11.536026210195896 -44.486901010000004
      vertex 18.562482199787322 16.444924231143656 -42.00251995
      vertex 19.82555641543587 14.897939159623608 -42.00251995
    endloop
  endfacet
  facet normal 0.3145090514661447 0.25678869228171586 -0.9138619283360656
    outer loop
      vertex 18.562482199787322 16.444924231143656 -42.00251995
      vertex 15.35166280313658 11.536026210195896 -44.486901010000004
      vertex 14.37361764527782 12.733914061705146 -44.486901010000004
    endloop
  endfacet
  facet normal 0.7229315808285889 0.5902553658940086 -0.35912189083096485
    outer loop
      vertex 15.35166280313658 11.536026210195896 -44.486901010000004
      vertex 12.726568928568573 11.27475622603615 -50.20078069
      vertex 14.37361764527782 12.733914061705146 -44.486901010000004
    endloop
  endfacet
  facet normal 0.7229315808285887 0.5902553658940088 -0.3591218908309647
    outer loop
      vertex 12.726568928568573 11.27475622603615 -50.20078069
      vertex 15.35166280313658 11.536026210195896 -44.486901010000004
      vertex 13.59254153365116 10.214132332514406 -50.20078069
    endloop
  endfacet
  facet normal 0.7080711157184544 0.5781221716837286 0.40547509133473647
    outer loop
      vertex 12.726568928568573 11.27475622603615 -50.20078069
      vertex 15.578661993604879 11.706605035728757 -55.79704576
      vertex 14.586154854531287 12.922205598626435 -55.79704576
    endloop
  endfacet
  facet normal 0.7080711157184538 0.5781221716837293 0.4054750913347362
    outer loop
      vertex 15.578661993604879 11.706605035728757 -55.79704576
      vertex 12.726568928568573 11.27475622603615 -50.20078069
      vertex 13.59254153365116 10.214132332514406 -50.20078069
    endloop
  endfacet
  facet normal 0.2805461997089543 0.229058882127665 0.9321082868139774
    outer loop
      vertex 18.830336980603356 16.68222286006947 -57.99845792
      vertex 15.578661993604879 11.706605035728757 -55.79704576
      vertex 20.111637232163783 15.112914947089001 -57.99845792
    endloop
  endfacet
  facet normal 0.2805461997089543 0.229058882127665 0.9321082868139775
    outer loop
      vertex 15.578661993604879 11.706605035728757 -55.79704576
      vertex 18.830336980603356 16.68222286006947 -57.99845792
      vertex 14.586154854531287 12.922205598626435 -55.79704576
    endloop
  endfacet
  facet normal -0.015220699507283145 -0.012427316491744642 0.9998069274171504
    outer loop
      vertex 19.197666908693606 17.007648779419025 -57.98882087
      vertex 20.111637232163783 15.112914947089001 -57.99845792
      vertex 20.503961929585696 15.407727831556581 -57.98882087
    endloop
  endfacet
  facet normal -0.015220699507283086 -0.012427316491744611 0.9998069274171503
    outer loop
      vertex 20.111637232163783 15.112914947089001 -57.99845792
      vertex 19.197666908693606 17.007648779419025 -57.98882087
      vertex 18.830336980603356 16.68222286006947 -57.99845792
    endloop
  endfacet
  facet normal -0.028337256196426144 -0.027218304029890696 0.9992277837595362
    outer loop
      vertex 17.984312066194384 18.723652214942007 -57.97648779
      vertex 19.197666908693606 17.007648779419025 -57.98882087
      vertex 19.432622531327215 17.21580129750926 -57.97648779
    endloop
  endfacet
  facet normal -0.028337256196426047 -0.027218304029890623 0.9992277837595362
    outer loop
      vertex 19.197666908693606 17.007648779419025 -57.98882087
      vertex 17.984312066194384 18.723652214942007 -57.97648779
      vertex 17.766867651147578 18.497268598574998 -57.98882087
    endloop
  endfacet
  facet normal -0.04249216528700296 -0.04081427875913679 0.9982627963310029
    outer loop
      vertex 18.039198216916205 18.78079475082271 -57.97181521
      vertex 19.432622531327215 17.21580129750926 -57.97648779
      vertex 19.491928766964637 17.268342037535017 -57.97181521
    endloop
  endfacet
  facet normal -0.04249216528700234 -0.04081427875913624 0.9982627963310031
    outer loop
      vertex 19.432622531327215 17.21580129750926 -57.97648779
      vertex 18.039198216916205 18.78079475082271 -57.97181521
      vertex 17.984312066194384 18.723652214942007 -57.97648779
    endloop
  endfacet
  facet normal -0.3149462222335996 -0.3025099526361608 0.8996091404920539
    outer loop
      vertex 21.855485938981452 22.753971139060468 -55.29970941
      vertex 19.491928766964637 17.268342037535017 -57.97181521
      vertex 23.615549314743834 20.92155106078693 -55.29970941
    endloop
  endfacet
  facet normal -0.3149462222335997 -0.3025099526361608 0.8996091404920538
    outer loop
      vertex 19.491928766964637 17.268342037535017 -57.97181521
      vertex 21.855485938981452 22.753971139060468 -55.29970941
      vertex 18.039198216916205 18.78079475082271 -57.97181521
    endloop
  endfacet
  facet normal -0.6814557536855254 -0.6545471360445333 0.3273928870100752
    outer loop
      vertex 21.855485938981452 22.753971139060468 -55.29970941
      vertex 25.11710514698142 22.25181344833884 -49.51472332
      vertex 23.24513103851659 24.200744941145643 -49.51472332
    endloop
  endfacet
  facet normal -0.6814557536855255 -0.6545471360445331 0.32739288701007535
    outer loop
      vertex 25.11710514698142 22.25181344833884 -49.51472332
      vertex 21.855485938981452 22.753971139060468 -55.29970941
      vertex 23.615549314743834 20.92155106078693 -55.29970941
    endloop
  endfacet
  facet normal -0.6490008506605879 -0.6233737785511294 -0.4361227213259136
    outer loop
      vertex 25.11710514698142 22.25181344833884 -49.51472332
      vertex 21.394098275702333 22.27361569862404 -44.00562334
      vertex 23.24513103851659 24.200744941145643 -49.51472332
    endloop
  endfacet
  facet normal -0.6490008506605879 -0.6233737785511296 -0.43612272132591356
    outer loop
      vertex 21.394098275702333 22.27361569862404 -44.00562334
      vertex 25.11710514698142 22.25181344833884 -49.51472332
      vertex 23.11700523543108 20.47987954714219 -44.00562334
    endloop
  endfacet
  facet normal -0.24794788567192774 -0.2381571768630955 -0.939043665171871
    outer loop
      vertex 18.98911836351499 16.82289089051897 -41.98821032
      vertex 21.394098275702333 22.27361569862404 -44.00562334
      vertex 23.11700523543108 20.47987954714219 -44.00562334
    endloop
  endfacet
  facet normal -0.24794788567192808 -0.23815717686309543 -0.9390436651718709
    outer loop
      vertex 21.394098275702333 22.27361569862404 -44.00562334
      vertex 18.98911836351499 16.82289089051897 -41.98821032
      vertex 17.57386219800317 18.296328636737034 -41.98821032
    endloop
  endfacet
  facet normal 0.018115122880122417 0.0173998117062648 -0.9996844946660045
    outer loop
      vertex 18.562482199787322 16.444924231143656 -42.00251995
      vertex 17.57386219800317 18.296328636737034 -41.98821032
      vertex 18.98911836351499 16.82289089051897 -41.98821032
    endloop
  endfacet
  facet normal 0.018115122880122386 0.017399811706264787 -0.9996844946660044
    outer loop
      vertex 17.57386219800317 18.296328636737034 -41.98821032
      vertex 18.562482199787322 16.444924231143656 -42.00251995
      vertex 17.179023164062528 17.88525765858798 -42.00251995
    endloop
  endfacet
  facet normal 0.2928262905700736 0.2812634698798597 -0.9138619283360654
    outer loop
      vertex 14.37361764527782 12.733914061705146 -44.486901010000004
      vertex 17.179023164062528 17.88525765858798 -42.00251995
      vertex 18.562482199787322 16.444924231143656 -42.00251995
    endloop
  endfacet
  facet normal 0.29282629057007403 0.28126346987985945 -0.9138619283360655
    outer loop
      vertex 17.179023164062528 17.88525765858798 -42.00251995
      vertex 14.37361764527782 12.733914061705146 -44.486901010000004
      vertex 13.302354061378423 13.84921759411928 -44.486901010000004
    endloop
  endfacet
  facet normal 0.6730915125117879 0.646513173346519 -0.359121890830965
    outer loop
      vertex 14.37361764527782 12.733914061705146 -44.486901010000004
      vertex 11.778059640397817 12.26225899895203 -50.20078069
      vertex 13.302354061378423 13.84921759411928 -44.486901010000004
    endloop
  endfacet
  facet normal 0.6730915125117873 0.6465131733465197 -0.3591218908309648
    outer loop
      vertex 11.778059640397817 12.26225899895203 -50.20078069
      vertex 14.37361764527782 12.733914061705146 -44.486901010000004
      vertex 12.726568928568573 11.27475622603615 -50.20078069
    endloop
  endfacet
  facet normal 0.6592555518166616 0.6332235527094647 0.4054750913347364
    outer loop
      vertex 11.778059640397817 12.26225899895203 -50.20078069
      vertex 14.586154854531287 12.922205598626435 -55.79704576
      vertex 13.499050904057812 14.05400069955865 -55.79704576
    endloop
  endfacet
  facet normal 0.6592555518166618 0.6332235527094644 0.4054750913347364
    outer loop
      vertex 14.586154854531287 12.922205598626435 -55.79704576
      vertex 11.778059640397817 12.26225899895203 -50.20078069
      vertex 12.726568928568573 11.27475622603615 -50.20078069
    endloop
  endfacet
  facet normal 0.26120489255027746 0.2508907048108996 0.9321082868139774
    outer loop
      vertex 17.426914767928753 18.14334015630665 -57.99845792
      vertex 14.586154854531287 12.922205598626435 -55.79704576
      vertex 18.830336980603356 16.68222286006947 -57.99845792
    endloop
  endfacet
  facet normal 0.2612048925502777 0.2508907048108996 0.9321082868139774
    outer loop
      vertex 14.586154854531287 12.922205598626435 -55.79704576
      vertex 17.426914767928753 18.14334015630665 -57.99845792
      vertex 13.499050904057812 14.05400069955865 -55.79704576
    endloop
  endfacet
  facet normal -0.014171359952351713 -0.013611775996462676 0.9998069274171504
    outer loop
      vertex 17.766867651147578 18.497268598574998 -57.98882087
      vertex 18.830336980603356 16.68222286006947 -57.99845792
      vertex 19.197666908693606 17.007648779419025 -57.98882087
    endloop
  endfacet
  facet normal -0.014171359952351732 -0.01361177599646269 0.9998069274171504
    outer loop
      vertex 18.830336980603356 16.68222286006947 -57.99845792
      vertex 17.766867651147578 18.497268598574998 -57.98882087
      vertex 17.426914767928753 18.14334015630665 -57.99845792
    endloop
  endfacet
  facet normal -0.026055203674685196 -0.029410245229785435 0.9992277837595362
    outer loop
      vertex 16.4193664361638 20.11007306290421 -57.97648779
      vertex 17.766867651147578 18.497268598574998 -57.98882087
      vertex 17.984312066194384 18.723652214942007 -57.97648779
    endloop
  endfacet
  facet normal -0.026055203674684977 -0.02941024522978525 0.9992277837595362
    outer loop
      vertex 17.766867651147578 18.497268598574998 -57.98882087
      vertex 16.4193664361638 20.11007306290421 -57.97648779
      vertex 16.22084343917566 19.86692653288311 -57.98882087
    endloop
  endfacet
  facet normal -0.03907019132187066 -0.044101129367384896 0.998262796331003
    outer loop
      vertex 16.469476544221035 20.171446803367274 -57.97181521
      vertex 17.984312066194384 18.723652214942007 -57.97648779
      vertex 18.039198216916205 18.78079475082271 -57.97181521
    endloop
  endfacet
  facet normal -0.03907019132187205 -0.04410112936738633 0.9982627963310029
    outer loop
      vertex 17.984312066194384 18.723652214942007 -57.97648779
      vertex 16.469476544221035 20.171446803367274 -57.97181521
      vertex 16.4193664361638 20.11007306290421 -57.97648779
    endloop
  endfacet
  facet normal -0.2895830107893102 -0.3268716479068603 0.8996091404920538
    outer loop
      vertex 19.95368135026462 24.438822983079906 -55.29970941
      vertex 18.039198216916205 18.78079475082271 -57.97181521
      vertex 21.855485938981452 22.753971139060468 -55.29970941
    endloop
  endfacet
  facet normal -0.2895830107893101 -0.3268716479068604 0.899609140492054
    outer loop
      vertex 18.039198216916205 18.78079475082271 -57.97181521
      vertex 19.95368135026462 24.438822983079906 -55.29970941
      vertex 16.469476544221035 20.171446803367274 -57.97181521
    endloop
  endfacet
  facet normal -0.6265768405552898 -0.70725904760205 0.3273928870100755
    outer loop
      vertex 21.855485938981452 22.753971139060468 -55.29970941
      vertex 21.222403335376114 25.99272531641903 -49.51472332
      vertex 19.95368135026462 24.438822983079906 -55.29970941
    endloop
  endfacet
  facet normal -0.6265768405552904 -0.7072590476020495 0.3273928870100752
    outer loop
      vertex 21.222403335376114 25.99272531641903 -49.51472332
      vertex 21.855485938981452 22.753971139060468 -55.29970941
      vertex 23.24513103851659 24.200744941145643 -49.51472332
    endloop
  endfacet
  facet normal -0.59673559189327 -0.673575241016969 -0.4361227213259142
    outer loop
      vertex 21.222403335376114 25.99272531641903 -49.51472332
      vertex 21.394098275702333 22.27361569862404 -44.00562334
      vertex 19.532442379064523 23.92289890521057 -44.00562334
    endloop
  endfacet
  facet normal -0.5967355918932711 -0.6735752410169682 -0.4361227213259137
    outer loop
      vertex 21.394098275702333 22.27361569862404 -44.00562334
      vertex 21.222403335376114 25.99272531641903 -49.51472332
      vertex 23.24513103851659 24.200744941145643 -49.51472332
    endloop
  endfacet
  facet normal -0.22798017624248382 -0.2573364221034893 -0.9390436651718709
    outer loop
      vertex 17.57386219800317 18.296328636737034 -41.98821032
      vertex 19.532442379064523 23.92289890521057 -44.00562334
      vertex 21.394098275702333 22.27361569862404 -44.00562334
    endloop
  endfacet
  facet normal -0.22798017624248398 -0.2573364221034892 -0.9390436651718708
    outer loop
      vertex 19.532442379064523 23.92289890521057 -44.00562334
      vertex 17.57386219800317 18.296328636737034 -41.98821032
      vertex 16.044632792491388 19.65110767086676 -41.98821032
    endloop
  endfacet
  facet normal 0.016656277974190965 0.0188010512584239 -0.9996844946660043
    outer loop
      vertex 17.179023164062528 17.88525765858798 -42.00251995
      vertex 16.044632792491388 19.65110767086676 -41.98821032
      vertex 17.57386219800317 18.296328636737034 -41.98821032
    endloop
  endfacet
  facet normal 0.016656277974190933 0.018801051258423886 -0.9996844946660044
    outer loop
      vertex 16.044632792491388 19.65110767086676 -41.98821032
      vertex 17.179023164062528 17.88525765858798 -42.00251995
      vertex 15.684151570985083 19.209598326978185 -42.00251995
    endloop
  endfacet
  facet normal 0.26924443881295995 0.30391414594615745 -0.9138619283360655
    outer loop
      vertex 13.302354061378423 13.84921759411928 -44.486901010000004
      vertex 15.684151570985083 19.209598326978185 -42.00251995
      vertex 17.179023164062528 17.88525765858798 -42.00251995
    endloop
  endfacet
  facet normal 0.2692444388129601 0.3039141459461574 -0.9138619283360655
    outer loop
      vertex 15.684151570985083 19.209598326978185 -42.00251995
      vertex 13.302354061378423 13.84921759411928 -44.486901010000004
      vertex 12.144819606857643 14.874703636053399 -44.486901010000004
    endloop
  endfacet
  facet normal 0.6188861874498766 0.6985780947823578 -0.359121890830965
    outer loop
      vertex 11.778059640397817 12.26225899895203 -50.20078069
      vertex 12.144819606857643 14.874703636053399 -44.486901010000004
      vertex 13.302354061378423 13.84921759411928 -44.486901010000004
    endloop
  endfacet
  facet normal 0.6188861874498771 0.6985780947823572 -0.35912189083096474
    outer loop
      vertex 12.144819606857643 14.874703636053399 -44.486901010000004
      vertex 11.778059640397817 12.26225899895203 -50.20078069
      vertex 10.753165115845645 13.170236316843686 -50.20078069
    endloop
  endfacet
  facet normal 0.6061644626841638 0.6842182360080052 0.4054750913347364
    outer loop
      vertex 12.324400428459388 15.094650212990334 -55.79704576
      vertex 11.778059640397817 12.26225899895203 -50.20078069
      vertex 13.499050904057812 14.05400069955865 -55.79704576
    endloop
  endfacet
  facet normal 0.606164462684164 0.6842182360080051 0.4054750913347364
    outer loop
      vertex 11.778059640397817 12.26225899895203 -50.20078069
      vertex 12.324400428459388 15.094650212990334 -55.79704576
      vertex 10.753165115845645 13.170236316843686 -50.20078069
    endloop
  endfacet
  facet normal 0.24016957143084622 0.27109540499874896 0.9321082868139775
    outer loop
      vertex 15.910472325726593 19.486790929457598 -57.99845792
      vertex 13.499050904057812 14.05400069955865 -55.79704576
      vertex 17.426914767928753 18.14334015630665 -57.99845792
    endloop
  endfacet
  facet normal 0.24016957143084638 0.2710954049987488 0.9321082868139774
    outer loop
      vertex 13.499050904057812 14.05400069955865 -55.79704576
      vertex 15.910472325726593 19.486790929457598 -57.99845792
      vertex 12.324400428459388 15.094650212990334 -55.79704576
    endloop
  endfacet
  facet normal -0.013030113690131018 -0.014707957910575366 0.9998069274171504
    outer loop
      vertex 16.22084343917566 19.86692653288311 -57.98882087
      vertex 17.426914767928753 18.14334015630665 -57.99845792
      vertex 17.766867651147578 18.497268598574998 -57.98882087
    endloop
  endfacet
  facet normal -0.013030113690131014 -0.014707957910575366 0.9998069274171504
    outer loop
      vertex 17.426914767928753 18.14334015630665 -57.99845792
      vertex 16.22084343917566 19.86692653288311 -57.98882087
      vertex 15.910472325726593 19.486790929457598 -57.99845792
    endloop
  endfacet
  facet normal -0.02360417315890928 -0.031411449703725114 0.9992277837595362
    outer loop
      vertex 14.747934914165267 21.36607237018336 -57.97648779
      vertex 16.22084343917566 19.86692653288311 -57.98882087
      vertex 16.4193664361638 20.11007306290421 -57.97648779
    endloop
  endfacet
  facet normal -0.023604173158909426 -0.03141144970372526 0.9992277837595362
    outer loop
      vertex 16.22084343917566 19.86692653288311 -57.98882087
      vertex 14.747934914165267 21.36607237018336 -57.97648779
      vertex 14.569620833050811 21.10773982505836 -57.98882087
    endloop
  endfacet
  facet normal -0.035394832173551716 -0.047101967228691685 0.9982627963310029
    outer loop
      vertex 14.79294399627834 21.431279282970845 -57.97181521
      vertex 16.4193664361638 20.11007306290421 -57.97648779
      vertex 16.469476544221035 20.171446803367274 -57.97181521
    endloop
  endfacet
  facet normal -0.035394832173550585 -0.04710196722869028 0.9982627963310029
    outer loop
      vertex 16.4193664361638 20.11007306290421 -57.97648779
      vertex 14.79294399627834 21.431279282970845 -57.97181521
      vertex 14.747934914165267 21.36607237018336 -57.97648779
    endloop
  endfacet
  facet normal -0.2623417423979057 -0.3491134551099099 0.8996091404920539
    outer loop
      vertex 17.922469481133653 25.96517968210591 -55.29970941
      vertex 16.469476544221035 20.171446803367274 -57.97181521
      vertex 19.95368135026462 24.438822983079906 -55.29970941
    endloop
  endfacet
  facet normal -0.2623417423979059 -0.3491134551099098 0.8996091404920538
    outer loop
      vertex 16.469476544221035 20.171446803367274 -57.97181521
      vertex 17.922469481133653 25.96517968210591 -55.29970941
      vertex 14.79294399627834 21.431279282970845 -57.97181521
    endloop
  endfacet
  facet normal -0.5676343361767321 -0.7553841128382359 0.3273928870100753
    outer loop
      vertex 19.95368135026462 24.438822983079906 -55.29970941
      vertex 19.062040202899365 27.616132893785874 -49.51472332
      vertex 17.922469481133653 25.96517968210591 -55.29970941
    endloop
  endfacet
  facet normal -0.5676343361767315 -0.7553841128382363 0.3273928870100755
    outer loop
      vertex 19.062040202899365 27.616132893785874 -49.51472332
      vertex 19.95368135026462 24.438822983079906 -55.29970941
      vertex 21.222403335376114 25.99272531641903 -49.51472332
    endloop
  endfacet
  facet normal -0.540600273826234 -0.7194083095727212 -0.4361227213259136
    outer loop
      vertex 19.062040202899365 27.616132893785874 -49.51472332
      vertex 19.532442379064523 23.92289890521057 -44.00562334
      vertex 17.54411109838351 25.41703293242501 -44.00562334
    endloop
  endfacet
  facet normal -0.5406002738262329 -0.7194083095727217 -0.4361227213259141
    outer loop
      vertex 19.532442379064523 23.92289890521057 -44.00562334
      vertex 19.062040202899365 27.616132893785874 -49.51472332
      vertex 21.222403335376114 25.99272531641903 -49.51472332
    endloop
  endfacet
  facet normal -0.20653392788691438 -0.27484674189842984 -0.9390436651718709
    outer loop
      vertex 16.044632792491388 19.65110767086676 -41.98821032
      vertex 17.54411109838351 25.41703293242501 -44.00562334
      vertex 19.532442379064523 23.92289890521057 -44.00562334
    endloop
  endfacet
  facet normal -0.20653392788691455 -0.2748467418984298 -0.9390436651718709
    outer loop
      vertex 17.54411109838351 25.41703293242501 -44.00562334
      vertex 16.044632792491388 19.65110767086676 -41.98821032
      vertex 14.411347786488014 20.87844173100032 -41.98821032
    endloop
  endfacet
  facet normal 0.015089410714057056 0.02008035877861499 -0.9996844946660045
    outer loop
      vertex 15.684151570985083 19.209598326978185 -42.00251995
      vertex 14.411347786488014 20.87844173100032 -41.98821032
      vertex 16.044632792491388 19.65110767086676 -41.98821032
    endloop
  endfacet
  facet normal 0.01508941071405709 0.020080358778615016 -0.9996844946660044
    outer loop
      vertex 14.411347786488014 20.87844173100032 -41.98821032
      vertex 15.684151570985083 19.209598326978185 -42.00251995
      vertex 14.087562236465542 20.409357378888416 -42.00251995
    endloop
  endfacet
  facet normal 0.24391643355255088 0.32459382215453814 -0.9138619283360654
    outer loop
      vertex 12.144819606857643 14.874703636053399 -44.486901010000004
      vertex 14.087562236465542 20.409357378888416 -42.00251995
      vertex 15.684151570985083 19.209598326978185 -42.00251995
    endloop
  endfacet
  facet normal 0.24391643355255022 0.3245938221545384 -0.9138619283360656
    outer loop
      vertex 14.087562236465542 20.409357378888416 -42.00251995
      vertex 12.144819606857643 14.874703636053399 -44.486901010000004
      vertex 10.908521336835577 15.80372151701418 -44.486901010000004
    endloop
  endfacet
  facet normal 0.5606671479761786 0.7461124692070562 -0.35912189083096485
    outer loop
      vertex 10.753165115845645 13.170236316843686 -50.20078069
      vertex 10.908521336835577 15.80372151701418 -44.486901010000004
      vertex 12.144819606857643 14.874703636053399 -44.486901010000004
    endloop
  endfacet
  facet normal 0.5606671479761781 0.7461124692070565 -0.35912189083096496
    outer loop
      vertex 10.908521336835577 15.80372151701418 -44.486901010000004
      vertex 10.753165115845645 13.170236316843686 -50.20078069
      vertex 9.658532189188175 13.992799598385016 -50.20078069
    endloop
  endfacet
  facet normal 0.5491421644067109 0.7307755014898898 0.40547509133473636
    outer loop
      vertex 11.069821486820757 16.037405127496797 -55.79704576
      vertex 10.753165115845645 13.170236316843686 -50.20078069
      vertex 12.324400428459388 15.094650212990334 -55.79704576
    endloop
  endfacet
  facet normal 0.5491421644067105 0.7307755014898901 0.4054750913347365
    outer loop
      vertex 10.753165115845645 13.170236316843686 -50.20078069
      vertex 11.069821486820757 16.037405127496797 -55.79704576
      vertex 9.658532189188175 13.992799598385016 -50.20078069
    endloop
  endfacet
  facet normal 0.21757665848003666 0.28954194745731326 0.9321082868139775
    outer loop
      vertex 14.290844365141414 20.703862385733938 -57.99845792
      vertex 12.324400428459388 15.094650212990334 -55.79704576
      vertex 15.910472325726593 19.486790929457598 -57.99845792
    endloop
  endfacet
  facet normal 0.21757665848003657 0.2895419474573133 0.9321082868139774
    outer loop
      vertex 12.324400428459388 15.094650212990334 -55.79704576
      vertex 14.290844365141414 20.703862385733938 -57.99845792
      vertex 11.069821486820757 16.037405127496797 -55.79704576
    endloop
  endfacet
  facet normal -0.011804362140563674 -0.015708753073730035 0.9998069274171504
    outer loop
      vertex 14.569620833050811 21.10773982505836 -57.98882087
      vertex 15.910472325726593 19.486790929457598 -57.99845792
      vertex 16.22084343917566 19.86692653288311 -57.98882087
    endloop
  endfacet
  facet normal -0.011804362140563686 -0.015708753073730045 0.9998069274171504
    outer loop
      vertex 15.910472325726593 19.486790929457598 -57.99845792
      vertex 14.569620833050811 21.10773982505836 -57.98882087
      vertex 14.290844365141414 20.703862385733938 -57.99845792
    endloop
  endfacet
  facet normal -0.021000060522531557 -0.03320893887277121 0.9992277837595362
    outer loop
      vertex 12.980857375000005 22.483504499305166 -57.97648779
      vertex 14.569620833050811 21.10773982505836 -57.98882087
      vertex 14.747934914165267 21.36607237018336 -57.97648779
    endloop
  endfacet
  facet normal -0.021000060522531696 -0.033208938872771376 0.9992277837595362
    outer loop
      vertex 14.569620833050811 21.10773982505836 -57.98882087
      vertex 12.980857375000005 22.483504499305166 -57.97648779
      vertex 12.823908645000003 22.211661324761756 -57.98882087
    endloop
  endfacet
  facet normal -0.03148992395647007 -0.0497973307580051 0.9982627963310029
    outer loop
      vertex 13.020473530000004 22.552121692565688 -57.97181521
      vertex 14.747934914165267 21.36607237018336 -57.97648779
      vertex 14.79294399627834 21.431279282970845 -57.97181521
    endloop
  endfacet
  facet normal -0.031489923956470385 -0.049797330758005555 0.9982627963310029
    outer loop
      vertex 14.747934914165267 21.36607237018336 -57.97648779
      vertex 13.020473530000004 22.552121692565688 -57.97181521
      vertex 12.980857375000005 22.483504499305166 -57.97648779
    endloop
  endfacet
  facet normal -0.23339908713823976 -0.3690911275907139 0.8996091404920538
    outer loop
      vertex 15.775023520000003 27.32314222723403 -55.29970941
      vertex 14.79294399627834 21.431279282970845 -57.97181521
      vertex 17.922469481133653 25.96517968210591 -55.29970941
    endloop
  endfacet
  facet normal -0.23339908713823965 -0.3690911275907139 0.8996091404920539
    outer loop
      vertex 14.79294399627834 21.431279282970845 -57.97181521
      vertex 15.775023520000003 27.32314222723403 -55.29970941
      vertex 13.020473530000004 22.552121692565688 -57.97181521
    endloop
  endfacet
  facet normal -0.5050105053088477 -0.7986102222379264 0.3273928870100753
    outer loop
      vertex 17.922469481133653 25.96517968210591 -55.29970941
      vertex 16.778052425000006 29.06043925215421 -49.51472332
      vertex 15.775023520000003 27.32314222723403 -55.29970941
    endloop
  endfacet
  facet normal -0.5050105053088478 -0.7986102222379265 0.32739288701007535
    outer loop
      vertex 16.778052425000006 29.06043925215421 -49.51472332
      vertex 17.922469481133653 25.96517968210591 -55.29970941
      vertex 19.062040202899365 27.616132893785874 -49.51472332
    endloop
  endfacet
  facet normal -0.4809589555380363 -0.7605757391812078 -0.4361227213259137
    outer loop
      vertex 16.778052425000006 29.06043925215421 -49.51472332
      vertex 17.54411109838351 25.41703293242501 -44.00562334
      vertex 15.441999525000004 26.746327747754467 -44.00562334
    endloop
  endfacet
  facet normal -0.4809589555380363 -0.7605757391812078 -0.4361227213259137
    outer loop
      vertex 17.54411109838351 25.41703293242501 -44.00562334
      vertex 16.778052425000006 29.06043925215421 -49.51472332
      vertex 19.062040202899365 27.616132893785874 -49.51472332
    endloop
  endfacet
  facet normal -0.1837482277554075 -0.2905745751047848 -0.9390436651718709
    outer loop
      vertex 14.411347786488014 20.87844173100032 -41.98821032
      vertex 15.441999525000004 26.746327747754467 -44.00562334
      vertex 17.54411109838351 25.41703293242501 -44.00562334
    endloop
  endfacet
  facet normal -0.18374822775540725 -0.2905745751047847 -0.9390436651718709
    outer loop
      vertex 15.441999525000004 26.746327747754467 -44.00562334
      vertex 14.411347786488014 20.87844173100032 -41.98821032
      vertex 12.684599660000003 21.970371084790905 -41.98821032
    endloop
  endfacet
  facet normal 0.01342468283515908 0.021229437466659055 -0.9996844946660045
    outer loop
      vertex 14.087562236465542 20.409357378888416 -42.00251995
      vertex 12.684599660000003 21.970371084790905 -41.98821032
      vertex 14.411347786488014 20.87844173100032 -41.98821032
    endloop
  endfacet
  facet normal 0.013424682835159076 0.021229437466659052 -0.9996844946660044
    outer loop
      vertex 12.684599660000003 21.970371084790905 -41.98821032
      vertex 14.087562236465542 20.409357378888416 -42.00251995
      vertex 12.399609655000004 21.4767539164816 -42.00251995
    endloop
  endfacet
  facet normal 0.21700653662211397 0.34316838286934725 -0.9138619283360655
    outer loop
      vertex 10.908521336835577 15.80372151701418 -44.486901010000004
      vertex 12.399609655000004 21.4767539164816 -42.00251995
      vertex 14.087562236465542 20.409357378888416 -42.00251995
    endloop
  endfacet
  facet normal 0.21700653662211394 0.3431683828693474 -0.9138619283360656
    outer loop
      vertex 12.399609655000004 21.4767539164816 -42.00251995
      vertex 10.908521336835577 15.80372151701418 -44.486901010000004
      vertex 9.601477120000002 16.630246199550097 -44.486901010000004
    endloop
  endfacet
  facet normal 0.49881196690216484 0.78880801796203 -0.3591218908309649
    outer loop
      vertex 9.658532189188175 13.992799598385016 -50.20078069
      vertex 9.601477120000002 16.630246199550097 -44.486901010000004
      vertex 10.908521336835577 15.80372151701418 -44.486901010000004
    endloop
  endfacet
  facet normal 0.4988119669021654 0.7888080179620298 -0.35912189083096485
    outer loop
      vertex 9.601477120000002 16.630246199550097 -44.486901010000004
      vertex 9.658532189188175 13.992799598385016 -50.20078069
      vertex 8.501259975000002 14.724614205051722 -50.20078069
    endloop
  endfacet
  facet normal 0.488558468469891 0.7725934074229742 0.4054750913347365
    outer loop
      vertex 9.743450505000002 16.876151315692635 -55.79704576
      vertex 9.658532189188175 13.992799598385016 -50.20078069
      vertex 11.069821486820757 16.037405127496797 -55.79704576
    endloop
  endfacet
  facet normal 0.4885584684698911 0.772593407422974 0.4054750913347364
    outer loop
      vertex 9.658532189188175 13.992799598385016 -50.20078069
      vertex 9.743450505000002 16.876151315692635 -55.79704576
      vertex 8.501259975000002 14.724614205051722 -50.20078069
    endloop
  endfacet
  facet normal 0.1935726774079495 0.30611069928022755 0.9321082868139773
    outer loop
      vertex 12.578534795000003 21.786661349712972 -57.99845792
      vertex 11.069821486820757 16.037405127496797 -55.79704576
      vertex 14.290844365141414 20.703862385733938 -57.99845792
    endloop
  endfacet
  facet normal 0.1935726774079489 0.30611069928022777 0.9321082868139774
    outer loop
      vertex 11.069821486820757 16.037405127496797 -55.79704576
      vertex 12.578534795000003 21.786661349712972 -57.99845792
      vertex 9.743450505000002 16.876151315692635 -55.79704576
    endloop
  endfacet
  facet normal -0.010502054772808267 -0.016607670945256926 0.9998069274171504
    outer loop
      vertex 12.823908645000003 22.211661324761756 -57.98882087
      vertex 14.290844365141414 20.703862385733938 -57.99845792
      vertex 14.569620833050811 21.10773982505836 -57.98882087
    endloop
  endfacet
  facet normal -0.010502054772808305 -0.016607670945256964 0.9998069274171504
    outer loop
      vertex 14.290844365141414 20.703862385733938 -57.99845792
      vertex 12.823908645000003 22.211661324761756 -57.98882087
      vertex 12.578534795000003 21.786661349712972 -57.99845792
    endloop
  endfacet
  facet normal -0.018259754435278767 -0.034791055329908845 0.9992277837595362
    outer loop
      vertex 11.129593994592955 23.455122474118273 -57.97648779
      vertex 12.823908645000003 22.211661324761756 -57.98882087
      vertex 12.980857375000005 22.483504499305166 -57.97648779
    endloop
  endfacet
  facet normal -0.01825975443527844 -0.03479105532990841 0.9992277837595362
    outer loop
      vertex 12.823908645000003 22.211661324761756 -57.98882087
      vertex 11.129593994592955 23.455122474118273 -57.97648779
      vertex 10.995028488447641 23.171531677458173 -57.98882087
    endloop
  endfacet
  facet normal -0.027380791498853814 -0.05216973948854628 0.9982627963310029
    outer loop
      vertex 11.163560296512735 23.526704939022956 -57.97181521
      vertex 12.980857375000005 22.483504499305166 -57.97648779
      vertex 13.020473530000004 22.552121692565688 -57.97181521
    endloop
  endfacet
  facet normal -0.027380791498853852 -0.05216973948854635 0.998262796331003
    outer loop
      vertex 12.980857375000005 22.483504499305166 -57.97648779
      vertex 11.163560296512735 23.526704939022956 -57.97181521
      vertex 11.129593994592955 23.455122474118273 -57.97648779
    endloop
  endfacet
  facet normal -0.20294274923588176 -0.3866751024771704 0.8996091404920539
    outer loop
      vertex 13.52527047796445 28.503903710266002 -55.29970941
      vertex 13.020473530000004 22.552121692565688 -57.97181521
      vertex 15.775023520000003 27.32314222723403 -55.29970941
    endloop
  endfacet
  facet normal -0.2029427492358819 -0.38667510247717035 0.8996091404920538
    outer loop
      vertex 13.020473530000004 22.552121692565688 -57.97181521
      vertex 13.52527047796445 28.503903710266002 -55.29970941
      vertex 11.163560296512735 23.526704939022956 -57.97181521
    endloop
  endfacet
  facet normal -0.4391114875255564 -0.8366570378944416 0.32739288701007546
    outer loop
      vertex 15.775023520000003 27.32314222723403 -55.29970941
      vertex 14.385252538855953 30.31627751056406 -49.51472332
      vertex 13.52527047796445 28.503903710266002 -55.29970941
    endloop
  endfacet
  facet normal -0.439111487525557 -0.8366570378944415 0.3273928870100753
    outer loop
      vertex 14.385252538855953 30.31627751056406 -49.51472332
      vertex 15.775023520000003 27.32314222723403 -55.29970941
      vertex 16.778052425000006 29.06043925215421 -49.51472332
    endloop
  endfacet
  facet normal -0.41819843386403466 -0.7968105432641738 -0.436122721325914
    outer loop
      vertex 14.385252538855953 30.31627751056406 -49.51472332
      vertex 15.441999525000004 26.746327747754467 -44.00562334
      vertex 13.239740659113993 27.90216236422913 -44.00562334
    endloop
  endfacet
  facet normal -0.4181984338640355 -0.7968105432641737 -0.4361227213259137
    outer loop
      vertex 15.441999525000004 26.746327747754467 -44.00562334
      vertex 14.385252538855953 30.31627751056406 -49.51472332
      vertex 16.778052425000006 29.06043925215421 -49.51472332
    endloop
  endfacet
  facet normal -0.1597708498569089 -0.30441792068894413 -0.9390436651718709
    outer loop
      vertex 12.684599660000003 21.970371084790905 -41.98821032
      vertex 13.239740659113993 27.90216236422913 -44.00562334
      vertex 15.441999525000004 26.746327747754467 -44.00562334
    endloop
  endfacet
  facet normal -0.1597708498569087 -0.3044179206889443 -0.9390436651718709
    outer loop
      vertex 13.239740659113993 27.90216236422913 -44.00562334
      vertex 12.684599660000003 21.970371084790905 -41.98821032
      vertex 10.875587037235421 22.919814151371412 -41.98821032
    endloop
  endfacet
  facet normal 0.011672890736600324 0.02224083510632621 -0.9996844946660045
    outer loop
      vertex 12.399609655000004 21.4767539164816 -42.00251995
      vertex 10.875587037235421 22.919814151371412 -41.98821032
      vertex 12.684599660000003 21.970371084790905 -41.98821032
    endloop
  endfacet
  facet normal 0.01167289073660036 0.022240835106326247 -0.9996844946660044
    outer loop
      vertex 10.875587037235421 22.919814151371412 -41.98821032
      vertex 12.399609655000004 21.4767539164816 -42.00251995
      vertex 10.631240846799983 22.404865463617686 -42.00251995
    endloop
  endfacet
  facet normal 0.188689269029422 0.35951736493670267 -0.9138619283360655
    outer loop
      vertex 9.601477120000002 16.630246199550097 -44.486901010000004
      vertex 10.631240846799983 22.404865463617686 -42.00251995
      vertex 12.399609655000004 21.4767539164816 -42.00251995
    endloop
  endfacet
  facet normal 0.18868926902942182 0.3595173649367026 -0.9138619283360655
    outer loop
      vertex 10.631240846799983 22.404865463617686 -42.00251995
      vertex 9.601477120000002 16.630246199550097 -44.486901010000004
      vertex 8.23216363965124 17.34891735393128 -44.486901010000004
    endloop
  endfacet
  facet normal 0.4337217988128861 0.8263878440299729 -0.3591218908309648
    outer loop
      vertex 8.501259975000002 14.724614205051722 -50.20078069
      vertex 8.23216363965124 17.34891735393128 -44.486901010000004
      vertex 9.601477120000002 16.630246199550097 -44.486901010000004
    endloop
  endfacet
  facet normal 0.4337217988128864 0.8263878440299728 -0.3591218908309647
    outer loop
      vertex 8.23216363965124 17.34891735393128 -44.486901010000004
      vertex 8.501259975000002 14.724614205051722 -50.20078069
      vertex 7.288853827672029 15.360934038299193 -50.20078069
    endloop
  endfacet
  facet normal 0.42480628338973003 0.8094007486404318 0.4054750913347364
    outer loop
      vertex 8.353889507784665 17.605449186693996 -55.79704576
      vertex 8.501259975000002 14.724614205051722 -50.20078069
      vertex 9.743450505000002 16.876151315692635 -55.79704576
    endloop
  endfacet
  facet normal 0.4248062833897304 0.8094007486404318 0.4054750913347363
    outer loop
      vertex 8.501259975000002 14.724614205051722 -50.20078069
      vertex 8.353889507784665 17.605449186693996 -55.79704576
      vertex 7.288853827672029 15.360934038299193 -50.20078069
    endloop
  endfacet
  facet normal 0.16831330324292118 0.32069420575396806 0.9321082868139775
    outer loop
      vertex 10.784648599931982 22.72816545460913 -57.99845792
      vertex 9.743450505000002 16.876151315692635 -55.79704576
      vertex 12.578534795000003 21.786661349712972 -57.99845792
    endloop
  endfacet
  facet normal 0.16831330324292126 0.32069420575396795 0.9321082868139774
    outer loop
      vertex 9.743450505000002 16.876151315692635 -55.79704576
      vertex 10.784648599931982 22.72816545460913 -57.99845792
      vertex 8.353889507784665 17.605449186693996 -55.79704576
    endloop
  endfacet
  facet normal -0.009131637549881088 -0.017398881697816088 0.9998069274171502
    outer loop
      vertex 10.995028488447641 23.171531677458173 -57.98882087
      vertex 12.578534795000003 21.786661349712972 -57.99845792
      vertex 12.823908645000003 22.211661324761756 -57.98882087
    endloop
  endfacet
  facet normal -0.009131637549881125 -0.017398881697816133 0.9998069274171504
    outer loop
      vertex 12.578534795000003 21.786661349712972 -57.99845792
      vertex 10.995028488447641 23.171531677458173 -57.98882087
      vertex 10.784648599931982 22.72816545460913 -57.99845792
    endloop
  endfacet
  facet normal -0.015401026833668416 -0.03614753844280469 0.9992277837595362
    outer loop
      vertex 9.206150926354287 24.274624979215513 -57.97648779
      vertex 10.995028488447641 23.171531677458173 -57.98882087
      vertex 11.129593994592955 23.455122474118273 -57.97648779
    endloop
  endfacet
  facet normal -0.015401026833668474 -0.03614753844280478 0.9992277837595362
    outer loop
      vertex 10.995028488447641 23.171531677458173 -57.98882087
      vertex 9.206150926354287 24.274624979215513 -57.97648779
      vertex 9.094841353008047 23.981125755577814 -57.98882087
    endloop
  endfacet
  facet normal -0.023094084101492777 -0.05420380743932723 0.9982627963310029
    outer loop
      vertex 9.234247090691955 24.348708476010998 -57.97181521
      vertex 11.129593994592955 23.455122474118273 -57.97648779
      vertex 11.163560296512735 23.526704939022956 -57.97181521
    endloop
  endfacet
  facet normal -0.023094084101492628 -0.054203807439326915 0.9982627963310031
    outer loop
      vertex 11.129593994592955 23.455122474118273 -57.97648779
      vertex 9.234247090691955 24.348708476010998 -57.97181521
      vertex 9.206150926354287 24.274624979215513 -57.97648779
    endloop
  endfacet
  facet normal -0.17117024972918732 -0.40175134094461445 0.8996091404920538
    outer loop
      vertex 11.18780086680589 29.49980643988889 -55.29970941
      vertex 11.163560296512735 23.526704939022956 -57.97181521
      vertex 13.52527047796445 28.503903710266002 -55.29970941
    endloop
  endfacet
  facet normal -0.17117024972918737 -0.4017513409446145 0.8996091404920538
    outer loop
      vertex 11.163560296512735 23.526704939022956 -57.97181521
      vertex 11.18780086680589 29.49980643988889 -55.29970941
      vertex 9.234247090691955 24.348708476010998 -57.97181521
    endloop
  endfacet
  facet normal -0.3703646632447172 -0.8692778116084843 0.32739288701007524
    outer loop
      vertex 13.52527047796445 28.503903710266002 -55.29970941
      vertex 11.899158769921739 31.375503076004826 -49.51472332
      vertex 11.18780086680589 29.49980643988889 -55.29970941
    endloop
  endfacet
  facet normal -0.3703646632447165 -0.8692778116084843 0.32739288701007546
    outer loop
      vertex 11.899158769921739 31.375503076004826 -49.51472332
      vertex 13.52527047796445 28.503903710266002 -55.29970941
      vertex 14.385252538855953 30.31627751056406 -49.51472332
    endloop
  endfacet
  facet normal -0.3527257348704803 -0.8278777252127026 -0.4361227213259136
    outer loop
      vertex 11.899158769921739 31.375503076004826 -49.51472332
      vertex 13.239740659113993 27.90216236422913 -44.00562334
      vertex 10.951616994547033 28.87704075083092 -44.00562334
    endloop
  endfacet
  facet normal -0.35272573487047926 -0.8278777252127029 -0.436122721325914
    outer loop
      vertex 13.239740659113993 27.90216236422913 -44.00562334
      vertex 11.899158769921739 31.375503076004826 -49.51472332
      vertex 14.385252538855953 30.31627751056406 -49.51472332
    endloop
  endfacet
  facet normal -0.13475729668796818 -0.3162869992426659 -0.939043665171871
    outer loop
      vertex 10.875587037235421 22.919814151371412 -41.98821032
      vertex 10.951616994547033 28.87704075083092 -44.00562334
      vertex 13.239740659113993 27.90216236422913 -44.00562334
    endloop
  endfacet
  facet normal -0.13475729668796793 -0.3162869992426659 -0.9390436651718709
    outer loop
      vertex 10.951616994547033 28.87704075083092 -44.00562334
      vertex 10.875587037235421 22.919814151371412 -41.98821032
      vertex 8.996042059228175 23.720613428123777 -41.98821032
    endloop
  endfacet
  facet normal 0.009845395462357971 0.023107992395818074 -0.9996844946660043
    outer loop
      vertex 10.631240846799983 22.404865463617686 -42.00251995
      vertex 8.996042059228175 23.720613428123777 -41.98821032
      vertex 10.875587037235421 22.919814151371412 -41.98821032
    endloop
  endfacet
  facet normal 0.00984539546235793 0.02310799239581802 -0.9996844946660044
    outer loop
      vertex 8.996042059228175 23.720613428123777 -41.98821032
      vertex 10.631240846799983 22.404865463617686 -42.00251995
      vertex 8.793924362165622 23.187672860767783 -42.00251995
    endloop
  endfacet
  facet normal 0.15914827912104293 0.37353473893427697 -0.9138619283360655
    outer loop
      vertex 8.23216363965124 17.34891735393128 -44.486901010000004
      vertex 8.793924362165622 23.187672860767783 -42.00251995
      vertex 10.631240846799983 22.404865463617686 -42.00251995
    endloop
  endfacet
  facet normal 0.1591482791210438 0.37353473893427686 -0.9138619283360655
    outer loop
      vertex 8.793924362165622 23.187672860767783 -42.00251995
      vertex 8.23216363965124 17.34891735393128 -44.486901010000004
      vertex 6.8094614191581835 17.955074121944754 -44.486901010000004
    endloop
  endfacet
  facet normal 0.36581877842555677 0.8586082278182676 -0.35912189083096474
    outer loop
      vertex 7.288853827672029 15.360934038299193 -50.20078069
      vertex 6.8094614191581835 17.955074121944754 -44.486901010000004
      vertex 8.23216363965124 17.34891735393128 -44.486901010000004
    endloop
  endfacet
  facet normal 0.36581877842555605 0.8586082278182677 -0.3591218908309649
    outer loop
      vertex 6.8094614191581835 17.955074121944754 -44.486901010000004
      vertex 7.288853827672029 15.360934038299193 -50.20078069
      vertex 6.029176666308211 15.897632319832805 -50.20078069
    endloop
  endfacet
  facet normal 0.3582990665502028 0.840958815410327 0.40547509133473625
    outer loop
      vertex 6.910150331460127 18.220568963952815 -55.79704576
      vertex 7.288853827672029 15.360934038299193 -50.20078069
      vertex 8.353889507784665 17.605449186693996 -55.79704576
    endloop
  endfacet
  facet normal 0.3582990665502022 0.8409588154103271 0.40547509133473636
    outer loop
      vertex 7.288853827672029 15.360934038299193 -50.20078069
      vertex 6.910150331460127 18.220568963952815 -55.79704576
      vertex 6.029176666308211 15.897632319832805 -50.20078069
    endloop
  endfacet
  facet normal 0.14196235271923405 0.3331978872428991 0.9321082868139774
    outer loop
      vertex 8.920819820283162 23.522268685017306 -57.99845792
      vertex 8.353889507784665 17.605449186693996 -55.79704576
      vertex 10.784648599931982 22.72816545460913 -57.99845792
    endloop
  endfacet
  facet normal 0.14196235271923452 0.33319788724289906 0.9321082868139774
    outer loop
      vertex 8.353889507784665 17.605449186693996 -55.79704576
      vertex 8.920819820283162 23.522268685017306 -57.99845792
      vertex 6.910150331460127 18.220568963952815 -55.79704576
    endloop
  endfacet
  facet normal -0.007701998153345311 -0.018077254026064516 0.9998069274171504
    outer loop
      vertex 9.094841353008047 23.981125755577814 -57.98882087
      vertex 10.784648599931982 22.72816545460913 -57.99845792
      vertex 10.995028488447641 23.171531677458173 -57.98882087
    endloop
  endfacet
  facet normal -0.007701998153345284 -0.018077254026064478 0.9998069274171504
    outer loop
      vertex 10.784648599931982 22.72816545460913 -57.99845792
      vertex 9.094841353008047 23.981125755577814 -57.98882087
      vertex 8.920819820283162 23.522268685017306 -57.99845792
    endloop
  endfacet
  facet normal -0.012442417663181687 -0.03726959089794749 0.9992277837595362
    outer loop
      vertex 7.223002436667365 24.936697226382346 -57.97648779
      vertex 9.094841353008047 23.981125755577814 -57.98882087
      vertex 9.206150926354287 24.274624979215513 -57.97648779
    endloop
  endfacet
  facet normal -0.012442417663181743 -0.03726959089794761 0.9992277837595362
    outer loop
      vertex 9.094841353008047 23.981125755577814 -57.98882087
      vertex 7.223002436667365 24.936697226382346 -57.97648779
      vertex 7.1356706814163475 24.63519303085726 -57.98882087
    endloop
  endfacet
  facet normal -0.0186576027068041 -0.05588634289915111 0.9982627963310029
    outer loop
      vertex 7.2450462490158065 25.012801295163737 -57.97181521
      vertex 9.206150926354287 24.274624979215513 -57.97648779
      vertex 9.234247090691955 24.348708476010998 -57.97181521
    endloop
  endfacet
  facet normal -0.018657602706804027 -0.05588634289915092 0.9982627963310031
    outer loop
      vertex 9.206150926354287 24.274624979215513 -57.97648779
      vertex 7.2450462490158065 25.012801295163737 -57.97181521
      vertex 7.223002436667365 24.936697226382346 -57.97648779
    endloop
  endfacet
  facet normal -0.13828764546956865 -0.414222067801356 0.8996091404920538
    outer loop
      vertex 8.777774073913587 30.304391604741763 -55.29970941
      vertex 9.234247090691955 24.348708476010998 -57.97181521
      vertex 11.18780086680589 29.49980643988889 -55.29970941
    endloop
  endfacet
  facet normal -0.13828764546956893 -0.41422206780135595 0.8996091404920538
    outer loop
      vertex 9.234247090691955 24.348708476010998 -57.97181521
      vertex 8.777774073913587 30.304391604741763 -55.29970941
      vertex 7.2450462490158065 25.012801295163737 -57.97181521
    endloop
  endfacet
  facet normal -0.2992158820021182 -0.8962609851448976 0.32739288701007574
    outer loop
      vertex 11.18780086680589 29.49980643988889 -55.29970941
      vertex 9.335894390281581 32.23124646422634 -49.51472332
      vertex 8.777774073913587 30.304391604741763 -55.29970941
    endloop
  endfacet
  facet normal -0.2992158820021193 -0.8962609851448973 0.3273928870100753
    outer loop
      vertex 9.335894390281581 32.23124646422634 -49.51472332
      vertex 11.18780086680589 29.49980643988889 -55.29970941
      vertex 11.899158769921739 31.375503076004826 -49.51472332
    endloop
  endfacet
  facet normal -0.284965474134286 -0.8535758024303998 -0.43612272132591384
    outer loop
      vertex 9.335894390281581 32.23124646422634 -49.51472332
      vertex 10.951616994547033 28.87704075083092 -44.00562334
      vertex 8.592467891289136 29.664640447131095 -44.00562334
    endloop
  endfacet
  facet normal -0.2849654741342868 -0.8535758024303997 -0.4361227213259136
    outer loop
      vertex 10.951616994547033 28.87704075083092 -44.00562334
      vertex 9.335894390281581 32.23124646422634 -49.51472332
      vertex 11.899158769921739 31.375503076004826 -49.51472332
    endloop
  endfacet
  facet normal -0.10886979073937514 -0.3261048352369891 -0.9390436651718709
    outer loop
      vertex 8.996042059228175 23.720613428123777 -41.98821032
      vertex 8.592467891289136 29.664640447131095 -44.00562334
      vertex 10.951616994547033 28.87704075083092 -44.00562334
    endloop
  endfacet
  facet normal -0.10886979073937551 -0.3261048352369891 -0.9390436651718709
    outer loop
      vertex 8.592467891289136 29.664640447131095 -44.00562334
      vertex 8.996042059228175 23.720613428123777 -41.98821032
      vertex 7.058154296401398 24.367575424446294 -41.98821032
    endloop
  endfacet
  facet normal 0.007954049020553043 0.023825285487356504 -0.9996844946660043
    outer loop
      vertex 8.793924362165622 23.187672860767783 -42.00251995
      vertex 7.058154296401398 24.367575424446294 -41.98821032
      vertex 8.996042059228175 23.720613428123777 -41.98821032
    endloop
  endfacet
  facet normal 0.00795404902055302 0.023825285487356473 -0.9996844946660044
    outer loop
      vertex 7.058154296401398 24.367575424446294 -41.98821032
      vertex 8.793924362165622 23.187672860767783 -42.00251995
      vertex 6.899575903536124 23.820099301573464 -42.00251995
    endloop
  endfacet
  facet normal 0.1285751515523442 0.38512959681278675 -0.9138619283360654
    outer loop
      vertex 6.8094614191581835 17.955074121944754 -44.486901010000004
      vertex 6.899575903536124 23.820099301573464 -42.00251995
      vertex 8.793924362165622 23.187672860767783 -42.00251995
    endloop
  endfacet
  facet normal 0.12857515155234367 0.38512959681278675 -0.9138619283360655
    outer loop
      vertex 6.899575903536124 23.820099301573464 -42.00251995
      vertex 6.8094614191581835 17.955074121944754 -44.486901010000004
      vertex 5.342597228356493 18.444785344348453 -44.486901010000004
    endloop
  endfacet
  facet normal 0.2955432828839171 0.88526020777407 -0.35912189083096485
    outer loop
      vertex 6.029176666308211 15.897632319832805 -50.20078069
      vertex 5.342597228356493 18.444785344348453 -44.486901010000004
      vertex 6.8094614191581835 17.955074121944754 -44.486901010000004
    endloop
  endfacet
  facet normal 0.29554328288391823 0.8852602077740697 -0.3591218908309647
    outer loop
      vertex 5.342597228356493 18.444785344348453 -44.486901010000004
      vertex 6.029176666308211 15.897632319832805 -50.20078069
      vertex 4.730397980677893 16.331228355348735 -50.20078069
    endloop
  endfacet
  facet normal 0.2894681427734275 0.8670629415598327 0.4054750913347364
    outer loop
      vertex 5.421596178593162 18.71752135967268 -55.79704576
      vertex 6.029176666308211 15.897632319832805 -50.20078069
      vertex 6.910150331460127 18.220568963952815 -55.79704576
    endloop
  endfacet
  facet normal 0.28946814277342886 0.8670629415598323 0.4054750913347361
    outer loop
      vertex 6.029176666308211 15.897632319832805 -50.20078069
      vertex 5.421596178593162 18.71752135967268 -55.79704576
      vertex 4.730397980677893 16.331228355348735 -50.20078069
    endloop
  endfacet
  facet normal 0.11469072186272465 0.3435406525745085 0.9321082868139774
    outer loop
      vertex 6.999136100899515 24.16382097676582 -57.99845792
      vertex 6.910150331460127 18.220568963952815 -55.79704576
      vertex 8.920819820283162 23.522268685017306 -57.99845792
    endloop
  endfacet
  facet normal 0.11469072186272421 0.34354065257450844 0.9321082868139774
    outer loop
      vertex 6.910150331460127 18.220568963952815 -55.79704576
      vertex 6.999136100899515 24.16382097676582 -57.99845792
      vertex 5.421596178593162 18.71752135967268 -55.79704576
    endloop
  endfacet
  facet normal -0.0062224083432850935 -0.018638388425140585 0.9998069274171504
    outer loop
      vertex 7.1356706814163475 24.63519303085726 -57.98882087
      vertex 8.920819820283162 23.522268685017306 -57.99845792
      vertex 9.094841353008047 23.981125755577814 -57.98882087
    endloop
  endfacet
  facet normal -0.006222408343285081 -0.018638388425140567 0.9998069274171503
    outer loop
      vertex 8.920819820283162 23.522268685017306 -57.99845792
      vertex 7.1356706814163475 24.63519303085726 -57.98882087
      vertex 6.999136100899515 24.16382097676582 -57.99845792
    endloop
  endfacet
  facet normal -0.009403114639600597 -0.038149935754598144 0.9992277837595362
    outer loop
      vertex 5.193010004484517 25.437045423037862 -57.97648779
      vertex 7.1356706814163475 24.63519303085726 -57.98882087
      vertex 7.223002436667365 24.936697226382346 -57.97648779
    endloop
  endfacet
  facet normal -0.009403114639600516 -0.03814993575459794 0.9992277837595362
    outer loop
      vertex 7.1356706814163475 24.63519303085726 -57.98882087
      vertex 5.193010004484517 25.437045423037862 -57.97648779
      vertex 5.1302224472734785 25.129491626030045 -57.98882087
    endloop
  endfacet
  facet normal -0.014100119599050435 -0.05720643397991957 0.9982627963310029
    outer loop
      vertex 5.208858502261745 25.514676499715573 -57.97181521
      vertex 7.223002436667365 24.936697226382346 -57.97648779
      vertex 7.2450462490158065 25.012801295163737 -57.97181521
    endloop
  endfacet
  facet normal -0.014100119599050902 -0.057206433979921194 0.9982627963310029
    outer loop
      vertex 7.223002436667365 24.936697226382346 -57.97648779
      vertex 5.208858502261745 25.514676499715573 -57.97181521
      vertex 5.193010004484517 25.437045423037862 -57.97648779
    endloop
  endfacet
  facet normal -0.10450819276374332 -0.4240064055983171 0.8996091404920536
    outer loop
      vertex 6.310820047842838 30.912441161285816 -55.29970941
      vertex 7.2450462490158065 25.012801295163737 -57.97181521
      vertex 8.777774073913587 30.304391604741763 -55.29970941
    endloop
  endfacet
  facet normal -0.10450819276374276 -0.42400640559831704 0.8996091404920538
    outer loop
      vertex 7.2450462490158065 25.012801295163737 -57.97181521
      vertex 6.310820047842838 30.912441161285816 -55.29970941
      vertex 5.208858502261745 25.514676499715573 -57.97181521
    endloop
  endfacet
  facet normal -0.22612657094615285 -0.9174315622690026 0.3273928870100749
    outer loop
      vertex 8.777774073913587 30.304391604741763 -55.29970941
      vertex 6.712083153042941 32.8779578509802 -49.51472332
      vertex 6.310820047842838 30.912441161285816 -55.29970941
    endloop
  endfacet
  facet normal -0.22612657094615074 -0.9174315622690027 0.3273928870100757
    outer loop
      vertex 6.712083153042941 32.8779578509802 -49.51472332
      vertex 8.777774073913587 30.304391604741763 -55.29970941
      vertex 9.335894390281581 32.23124646422634 -49.51472332
    endloop
  endfacet
  facet normal -0.21535710294807964 -0.8737381130253447 -0.4361227213259131
    outer loop
      vertex 6.712083153042941 32.8779578509802 -49.51472332
      vertex 8.592467891289136 29.664640447131095 -44.00562334
      vertex 6.177593336554948 30.259853566872277 -44.00562334
    endloop
  endfacet
  facet normal -0.2153571029480779 -0.873738113025345 -0.4361227213259139
    outer loop
      vertex 8.592467891289136 29.664640447131095 -44.00562334
      vertex 6.712083153042941 32.8779578509802 -49.51472332
      vertex 9.335894390281581 32.23124646422634 -49.51472332
    endloop
  endfacet
  facet normal -0.0822762224210605 -0.33380775623807696 -0.9390436651718709
    outer loop
      vertex 7.058154296401398 24.367575424446294 -41.98821032
      vertex 6.177593336554948 30.259853566872277 -44.00562334
      vertex 8.592467891289136 29.664640447131095 -44.00562334
    endloop
  endfacet
  facet normal -0.0822762224210603 -0.33380775623807685 -0.939043665171871
    outer loop
      vertex 6.177593336554948 30.259853566872277 -44.00562334
      vertex 7.058154296401398 24.367575424446294 -41.98821032
      vertex 5.074491694525755 24.856504343533054 -41.98821032
    endloop
  endfacet
  facet normal 0.006011117518629963 0.024388062459995044 -0.9996844946660043
    outer loop
      vertex 6.899575903536124 23.820099301573464 -42.00251995
      vertex 5.074491694525755 24.856504343533054 -41.98821032
      vertex 7.058154296401398 24.367575424446294 -41.98821032
    endloop
  endfacet
  facet normal 0.006011117518629959 0.024388062459995034 -0.9996844946660044
    outer loop
      vertex 5.074491694525755 24.856504343533054 -41.98821032
      vertex 6.899575903536124 23.820099301573464 -42.00251995
      vertex 4.960481047587029 24.298043257884096 -42.00251995
    endloop
  endfacet
  facet normal 0.09716816478748108 0.39422674146957715 -0.9138619283360656
    outer loop
      vertex 5.342597228356493 18.444785344348453 -44.486901010000004
      vertex 4.960481047587029 24.298043257884096 -42.00251995
      vertex 6.899575903536124 23.820099301573464 -42.00251995
    endloop
  endfacet
  facet normal 0.09716816478748126 0.39422674146957715 -0.9138619283360655
    outer loop
      vertex 4.960481047587029 24.298043257884096 -42.00251995
      vertex 5.342597228356493 18.444785344348453 -44.486901010000004
      vertex 3.841084244405635 18.81487505594743 -44.486901010000004
    endloop
  endfacet
  facet normal 0.2233510757434852 0.9061709355801589 -0.35912189083096463
    outer loop
      vertex 4.730397980677893 16.331228355348735 -50.20078069
      vertex 3.841084244405635 18.81487505594743 -44.486901010000004
      vertex 5.342597228356493 18.444785344348453 -44.486901010000004
    endloop
  endfacet
  facet normal 0.22335107574348512 0.9061709355801589 -0.35912189083096463
    outer loop
      vertex 3.841084244405635 18.81487505594743 -44.486901010000004
      vertex 4.730397980677893 16.331228355348735 -50.20078069
      vertex 3.4009408489397868 16.658910108172165 -50.20078069
    endloop
  endfacet
  facet normal 0.2187599070127 0.8875438318138897 0.4054750913347362
    outer loop
      vertex 3.8978808940703513 19.093083446871024 -55.79704576
      vertex 4.730397980677893 16.331228355348735 -50.20078069
      vertex 5.421596178593162 18.71752135967268 -55.79704576
    endloop
  endfacet
  facet normal 0.21875990701270026 0.8875438318138896 0.405475091334736
    outer loop
      vertex 4.730397980677893 16.331228355348735 -50.20078069
      vertex 3.8978808940703513 19.093083446871024 -55.79704576
      vertex 3.4009408489397868 16.658910108172165 -50.20078069
    endloop
  endfacet
  facet normal 0.08667527766448296 0.3516554249467747 0.9321082868139774
    outer loop
      vertex 5.03206029811198 24.648661617058803 -57.99845792
      vertex 5.421596178593162 18.71752135967268 -55.79704576
      vertex 6.999136100899515 24.16382097676582 -57.99845792
    endloop
  endfacet
  facet normal 0.08667527766448284 0.35165542494677476 0.9321082868139774
    outer loop
      vertex 5.421596178593162 18.71752135967268 -55.79704576
      vertex 5.03206029811198 24.648661617058803 -57.99845792
      vertex 3.8978808940703513 19.093083446871024 -55.79704576
    endloop
  endfacet
  facet normal -0.0047024638273840645 -0.019078645723141413 0.9998069274171504
    outer loop
      vertex 5.1302224472734785 25.129491626030045 -57.98882087
      vertex 6.999136100899515 24.16382097676582 -57.99845792
      vertex 7.1356706814163475 24.63519303085726 -57.98882087
    endloop
  endfacet
  facet normal -0.004702463827384078 -0.01907864572314144 0.9998069274171503
    outer loop
      vertex 6.999136100899515 24.16382097676582 -57.99845792
      vertex 5.1302224472734785 25.129491626030045 -57.98882087
      vertex 5.03206029811198 24.648661617058803 -57.99845792
    endloop
  endfacet
  facet normal -0.006302828809309549 -0.03878286363854476 0.9992277837595362
    outer loop
      vertex 3.129338909700659 25.772424619127342 -57.97648779
      vertex 5.1302224472734785 25.129491626030045 -57.98882087
      vertex 5.193010004484517 25.437045423037862 -57.97648779
    endloop
  endfacet
  facet normal -0.006302828809309642 -0.038782863638545044 0.9992277837595362
    outer loop
      vertex 5.1302224472734785 25.129491626030045 -57.98882087
      vertex 3.129338909700659 25.772424619127342 -57.97648779
      vertex 3.0915027519316807 25.4608158250285 -57.98882087
    endloop
  endfacet
  facet normal -0.009451191805036237 -0.058155519384414774 0.9982627963310029
    outer loop
      vertex 3.1388893093170194 25.85107923637963 -57.97181521
      vertex 5.193010004484517 25.437045423037862 -57.97648779
      vertex 5.208858502261745 25.514676499715573 -57.97181521
    endloop
  endfacet
  facet normal -0.009451191805035881 -0.05815551938441301 0.9982627963310031
    outer loop
      vertex 5.193010004484517 25.437045423037862 -57.97648779
      vertex 3.1388893093170194 25.85107923637963 -57.97181521
      vertex 3.129338909700659 25.772424619127342 -57.97648779
    endloop
  endfacet
  facet normal -0.07005096432475086 -0.43104089915032506 0.8996091404920539
    outer loop
      vertex 3.802937932100887 31.32001167481904 -55.29970941
      vertex 5.208858502261745 25.514676499715573 -57.97181521
      vertex 6.310820047842838 30.912441161285816 -55.29970941
    endloop
  endfacet
  facet normal -0.07005096432475097 -0.43104089915032506 0.8996091404920538
    outer loop
      vertex 5.208858502261745 25.514676499715573 -57.97181521
      vertex 3.802937932100887 31.32001167481904 -55.29970941
      vertex 3.1388893093170194 25.85107923637963 -57.97181521
    endloop
  endfacet
  facet normal -0.15157074230569464 -0.9326522436643301 0.327392887010075
    outer loop
      vertex 6.310820047842838 30.912441161285816 -55.29970941
      vertex 4.044741480918551 33.31144306475975 -49.51472332
      vertex 3.802937932100887 31.32001167481904 -55.29970941
    endloop
  endfacet
  facet normal -0.15157074230569495 -0.9326522436643302 0.32739288701007485
    outer loop
      vertex 4.044741480918551 33.31144306475975 -49.51472332
      vertex 6.310820047842838 30.912441161285816 -55.29970941
      vertex 6.712083153042941 32.8779578509802 -49.51472332
    endloop
  endfacet
  facet normal -0.14435205830993264 -0.8882338966764133 -0.43612272132591356
    outer loop
      vertex 4.044741480918551 33.31144306475975 -49.51472332
      vertex 6.177593336554948 30.259853566872277 -44.00562334
      vertex 3.7226547184955563 30.658819924570867 -44.00562334
    endloop
  endfacet
  facet normal -0.14435205830993375 -0.8882338966764134 -0.4361227213259132
    outer loop
      vertex 6.177593336554948 30.259853566872277 -44.00562334
      vertex 4.044741480918551 33.31144306475975 -49.51472332
      vertex 6.712083153042941 32.8779578509802 -49.51472332
    endloop
  endfacet
  facet normal -0.05514906122836024 -0.339345805847383 -0.9390436651718709
    outer loop
      vertex 5.074491694525755 24.856504343533054 -41.98821032
      vertex 3.7226547184955563 30.658819924570867 -44.00562334
      vertex 6.177593336554948 30.259853566872277 -44.00562334
    endloop
  endfacet
  facet normal -0.05514906122836025 -0.33934580584738305 -0.9390436651718709
    outer loop
      vertex 3.7226547184955563 30.658819924570867 -44.00562334
      vertex 5.074491694525755 24.856504343533054 -41.98821032
      vertex 3.0579190667684033 25.184229293726315 -41.98821032
    endloop
  endfacet
  facet normal 0.004029201612942994 0.024792673489110784 -0.9996844946660045
    outer loop
      vertex 4.960481047587029 24.298043257884096 -42.00251995
      vertex 3.0579190667684033 25.184229293726315 -41.98821032
      vertex 5.074491694525755 24.856504343533054 -41.98821032
    endloop
  endfacet
  facet normal 0.004029201612943057 0.02479267348911092 -0.9996844946660044
    outer loop
      vertex 3.0579190667684033 25.184229293726315 -41.98821032
      vertex 4.960481047587029 24.298043257884096 -42.00251995
      vertex 2.9892155685511077 24.61840507974082 -42.00251995
    endloop
  endfacet
  facet normal 0.06513100518747884 0.40076717443068677 -0.9138619283360655
    outer loop
      vertex 3.841084244405635 18.81487505594743 -44.486901010000004
      vertex 2.9892155685511077 24.61840507974082 -42.00251995
      vertex 4.960481047587029 24.298043257884096 -42.00251995
    endloop
  endfacet
  facet normal 0.06513100518747852 0.4007671744306868 -0.9138619283360657
    outer loop
      vertex 2.9892155685511077 24.61840507974082 -42.00251995
      vertex 3.841084244405635 18.81487505594743 -44.486901010000004
      vertex 2.3146603551844835 19.062943082946852 -44.486901010000004
    endloop
  endfacet
  facet normal 0.14971035116999626 0.9212047971426056 -0.3591218908309647
    outer loop
      vertex 3.4009408489397868 16.658910108172165 -50.20078069
      vertex 2.3146603551844835 19.062943082946852 -44.486901010000004
      vertex 3.841084244405635 18.81487505594743 -44.486901010000004
    endloop
  endfacet
  facet normal 0.14971035116999631 0.9212047971426056 -0.35912189083096463
    outer loop
      vertex 2.3146603551844835 19.062943082946852 -44.486901010000004
      vertex 3.4009408489397868 16.658910108172165 -50.20078069
      vertex 2.0494273107479044 16.8785524363942 -50.20078069
    endloop
  endfacet
  facet normal 0.14663292930991192 0.9022686597400364 0.4054750913347361
    outer loop
      vertex 2.3488863562095053 19.34481956129733 -55.79704576
      vertex 3.4009408489397868 16.658910108172165 -50.20078069
      vertex 3.8978808940703513 19.093083446871024 -55.79704576
    endloop
  endfacet
  facet normal 0.14663292930991112 0.9022686597400366 0.4054750913347362
    outer loop
      vertex 3.4009408489397868 16.658910108172165 -50.20078069
      vertex 2.3488863562095053 19.34481956129733 -55.79704576
      vertex 2.0494273107479044 16.8785524363942 -50.20078069
    endloop
  endfacet
  facet normal 0.058097711030546166 0.35748957694696926 0.9321082868139774
    outer loop
      vertex 3.0323496533307455 24.97364622829529 -57.99845792
      vertex 3.8978808940703513 19.093083446871024 -55.79704576
      vertex 5.03206029811198 24.648661617058803 -57.99845792
    endloop
  endfacet
  facet normal 0.05809771103054668 0.35748957694696937 0.9321082868139774
    outer loop
      vertex 3.8978808940703513 19.093083446871024 -55.79704576
      vertex 3.0323496533307455 24.97364622829529 -57.99845792
      vertex 2.3488863562095053 19.34481956129733 -55.79704576
    endloop
  endfacet
  facet normal -0.0031520220290786297 -0.019395170682548833 0.9998069274171504
    outer loop
      vertex 3.0915027519316807 25.4608158250285 -57.98882087
      vertex 5.03206029811198 24.648661617058803 -57.99845792
      vertex 5.1302224472734785 25.129491626030045 -57.98882087
    endloop
  endfacet
  facet normal -0.003152022029078612 -0.019395170682548795 0.9998069274171504
    outer loop
      vertex 5.03206029811198 24.648661617058803 -57.99845792
      vertex 3.0915027519316807 25.4608158250285 -57.98882087
      vertex 3.0323496533307455 24.97364622829529 -57.99845792
    endloop
  endfacet
  facet normal -0.0031616667155957854 -0.03916426976958636 0.9992277837595362
    outer loop
      vertex 1.0453728512612224 25.940659751868562 -57.97648779
      vertex 3.0915027519316807 25.4608158250285 -57.98882087
      vertex 3.129338909700659 25.772424619127342 -57.97648779
    endloop
  endfacet
  facet normal -0.003161666715595788 -0.03916426976958637 0.9992277837595362
    outer loop
      vertex 3.0915027519316807 25.4608158250285 -57.98882087
      vertex 1.0453728512612224 25.940659751868562 -57.97648779
      vertex 1.0327334749363646 25.62701686328256 -57.98882087
    endloop
  endfacet
  facet normal -0.004740969405444981 -0.05872744392958925 0.998262796331003
    outer loop
      vertex 1.048563214710413 26.019827804320283 -57.97181521
      vertex 3.129338909700659 25.772424619127342 -57.97648779
      vertex 3.1388893093170194 25.85107923637963 -57.97181521
    endloop
  endfacet
  facet normal -0.004740969405444774 -0.058727443929587515 0.9982627963310031
    outer loop
      vertex 3.129338909700659 25.772424619127342 -57.97648779
      vertex 1.048563214710413 26.019827804320283 -57.97181521
      vertex 1.0453728512612224 25.940659751868562 -57.97648779
    endloop
  endfacet
  facet normal -0.03513942850134483 -0.435279927067338 0.8996091404920538
    outer loop
      vertex 1.2703923045618735 31.524459894163492 -55.29970941
      vertex 3.1388893093170194 25.85107923637963 -57.97181521
      vertex 3.802937932100887 31.32001167481904 -55.29970941
    endloop
  endfacet
  facet normal -0.03513942850134541 -0.4352799270673382 0.8996091404920535
    outer loop
      vertex 3.1388893093170194 25.85107923637963 -57.97181521
      vertex 1.2703923045618735 31.524459894163492 -55.29970941
      vertex 1.048563214710413 26.019827804320283 -57.97181521
    endloop
  endfacet
  facet normal -0.07603191923890278 -0.9418243173713753 0.3273928870100754
    outer loop
      vertex 3.802937932100887 31.32001167481904 -55.29970941
      vertex 1.3511681081953584 33.52889078761165 -49.51472332
      vertex 1.2703923045618735 31.524459894163492 -55.29970941
    endloop
  endfacet
  facet normal -0.07603191923890383 -0.9418243173713754 0.327392887010075
    outer loop
      vertex 1.3511681081953584 33.52889078761165 -49.51472332
      vertex 3.802937932100887 31.32001167481904 -55.29970941
      vertex 4.044741480918551 33.31144306475975 -49.51472332
    endloop
  endfacet
  facet normal -0.07241083518120395 -0.8969691426641387 -0.43612272132591356
    outer loop
      vertex 1.3511681081953584 33.52889078761165 -49.51472332
      vertex 3.7226547184955563 30.658819924570867 -44.00562334
      vertex 1.2435732560865371 30.858952070301207 -44.00562334
    endloop
  endfacet
  facet normal -0.07241083518120399 -0.8969691426641389 -0.4361227213259137
    outer loop
      vertex 3.7226547184955563 30.658819924570867 -44.00562334
      vertex 1.3511681081953584 33.52889078761165 -49.51472332
      vertex 4.044741480918551 33.31144306475975 -49.51472332
    endloop
  endfacet
  facet normal -0.027664237211158182 -0.3426830676880665 -0.9390436651718709
    outer loop
      vertex 3.0579190667684033 25.184229293726315 -41.98821032
      vertex 1.2435732560865371 30.858952070301207 -44.00562334
      vertex 3.7226547184955563 30.658819924570867 -44.00562334
    endloop
  endfacet
  facet normal -0.027664237211158255 -0.3426830676880665 -0.9390436651718709
    outer loop
      vertex 1.2435732560865371 30.858952070301207 -44.00562334
      vertex 3.0579190667684033 25.184229293726315 -41.98821032
      vertex 1.021514660442938 25.348624852965663 -41.98821032
    endloop
  endfacet
  facet normal 0.0020211547886642197 0.02503649451691802 -0.9996844946660045
    outer loop
      vertex 2.9892155685511077 24.61840507974082 -42.00251995
      vertex 1.021514660442938 25.348624852965663 -41.98821032
      vertex 3.0579190667684033 25.184229293726315 -41.98821032
    endloop
  endfacet
  facet normal 0.0020211547886641733 0.025036494516917897 -0.9996844946660044
    outer loop
      vertex 1.021514660442938 25.348624852965663 -41.98821032
      vertex 2.9892155685511077 24.61840507974082 -42.00251995
      vertex 0.998563879496714 24.779107097795944 -42.00251995
    endloop
  endfacet
  facet normal 0.0326714460260108 0.40470847847859237 -0.9138619283360655
    outer loop
      vertex 2.3146603551844835 19.062943082946852 -44.486901010000004
      vertex 0.998563879496714 24.779107097795944 -42.00251995
      vertex 2.9892155685511077 24.61840507974082 -42.00251995
    endloop
  endfacet
  facet normal 0.03267144602601115 0.4047084784785924 -0.9138619283360655
    outer loop
      vertex 0.998563879496714 24.779107097795944 -42.00251995
      vertex 2.3146603551844835 19.062943082946852 -44.486901010000004
      vertex 0.7732250053516815 19.187380609000094 -44.486901010000004
    endloop
  endfacet
  facet normal 0.07509869752057872 0.9302642921002103 -0.35912189083096463
    outer loop
      vertex 2.0494273107479044 16.8785524363942 -50.20078069
      vertex 0.7732250053516815 19.187380609000094 -44.486901010000004
      vertex 2.3146603551844835 19.062943082946852 -44.486901010000004
    endloop
  endfacet
  facet normal 0.07509869752057899 0.9302642921002103 -0.3591218908309646
    outer loop
      vertex 0.7732250053516815 19.187380609000094 -44.486901010000004
      vertex 2.0494273107479044 16.8785524363942 -50.20078069
      vertex 0.6846224500158378 16.988730875232626 -50.20078069
    endloop
  endfacet
  facet normal 0.0735549807928592 0.9111419291787913 0.4054750913347363
    outer loop
      vertex 0.7846583889867634 19.471097097650446 -55.79704576
      vertex 2.0494273107479044 16.8785524363942 -50.20078069
      vertex 2.3488863562095053 19.34481956129733 -55.79704576
    endloop
  endfacet
  facet normal 0.07355498079286038 0.9111419291787912 0.40547509133473597
    outer loop
      vertex 2.0494273107479044 16.8785524363942 -50.20078069
      vertex 0.7846583889867634 19.471097097650446 -55.79704576
      vertex 0.6846224500158378 16.988730875232626 -50.20078069
    endloop
  endfacet
  facet normal 0.02914335844664955 0.3610052718606228 0.9321082868139775
    outer loop
      vertex 1.0129730574393314 25.136667160564556 -57.99845792
      vertex 2.3488863562095053 19.34481956129733 -55.79704576
      vertex 3.0323496533307455 24.97364622829529 -57.99845792
    endloop
  endfacet
  facet normal 0.02914335844664924 0.36100527186062265 0.9321082868139774
    outer loop
      vertex 2.3488863562095053 19.34481956129733 -55.79704576
      vertex 1.0129730574393314 25.136667160564556 -57.99845792
      vertex 0.7846583889867634 19.471097097650446 -55.79704576
    endloop
  endfacet
  facet normal -0.0015811381583841766 -0.019585910517540377 0.9998069274171504
    outer loop
      vertex 1.0327334749363646 25.62701686328256 -57.98882087
      vertex 3.0323496533307455 24.97364622829529 -57.99845792
      vertex 3.0915027519316807 25.4608158250285 -57.98882087
    endloop
  endfacet
  facet normal -0.0015811381583841707 -0.019585910517540356 0.9998069274171504
    outer loop
      vertex 3.0323496533307455 24.97364622829529 -57.99845792
      vertex 1.0327334749363646 25.62701686328256 -57.98882087
      vertex 1.0129730574393314 25.136667160564556 -57.99845792
    endloop
  endfacet
  facet normal -6.756199177736083e-17 -0.03929168058260481 0.9992277837595362
    outer loop
      vertex 1.0453728512612224 25.940659751868562 -57.97648779
      vertex -1.032733474936356 25.627016863282563 -57.98882087
      vertex 1.0327334749363646 25.62701686328256 -57.98882087
    endloop
  endfacet
  facet normal -6.674511439404182e-17 -0.039291680582604814 0.9992277837595362
    outer loop
      vertex -1.032733474936356 25.627016863282563 -57.98882087
      vertex 1.0453728512612224 25.940659751868562 -57.97648779
      vertex -1.0453728512612135 25.940659751868566 -57.97648779
    endloop
  endfacet
  facet normal -1.0004500627811723e-16 -0.05891849846530552 0.9982627963310031
    outer loop
      vertex 1.048563214710413 26.019827804320283 -57.97181521
      vertex -1.0453728512612135 25.940659751868566 -57.97648779
      vertex 1.0453728512612224 25.940659751868562 -57.97648779
    endloop
  endfacet
  facet normal 0 -0.05891849846530817 0.9982627963310029
    outer loop
      vertex -1.0453728512612135 25.940659751868566 -57.97648779
      vertex 1.048563214710413 26.019827804320283 -57.97181521
      vertex -1.048563214710404 26.019827804320283 -57.97181521
    endloop
  endfacet
  facet normal 0 -0.4366959976266652 0.8996091404920538
    outer loop
      vertex 1.2703923045618735 31.524459894163492 -55.29970941
      vertex -1.048563214710404 26.019827804320283 -57.97181521
      vertex 1.048563214710413 26.019827804320283 -57.97181521
    endloop
  endfacet
  facet normal -5.712917186818843e-16 -0.43669599762666506 0.8996091404920539
    outer loop
      vertex -1.048563214710404 26.019827804320283 -57.97181521
      vertex 1.2703923045618735 31.524459894163492 -55.29970941
      vertex -1.2703923045618628 31.524459894163495 -55.29970941
    endloop
  endfacet
  facet normal -2.4694305621463855e-15 -0.9448882989725333 0.32739288701007585
    outer loop
      vertex -1.2703923045618628 31.524459894163495 -55.29970941
      vertex 1.3511681081953584 33.52889078761165 -49.51472332
      vertex -1.351168108195347 33.52889078761166 -49.51472332
    endloop
  endfacet
  facet normal -1.370319255539632e-15 -0.9448882989725336 0.3273928870100754
    outer loop
      vertex 1.3511681081953584 33.52889078761165 -49.51472332
      vertex -1.2703923045618628 31.524459894163495 -55.29970941
      vertex 1.2703923045618735 31.524459894163492 -55.29970941
    endloop
  endfacet
  facet normal -1.2833022285443964e-15 -0.8998871995663007 -0.436122721325914
    outer loop
      vertex -1.351168108195347 33.52889078761166 -49.51472332
      vertex 1.2435732560865371 30.858952070301207 -44.00562334
      vertex -1.2435732560865267 30.85895207030121 -44.00562334
    endloop
  endfacet
  facet normal -2.3622232070375723e-15 -0.8998871995663008 -0.4361227213259136
    outer loop
      vertex 1.2435732560865371 30.858952070301207 -44.00562334
      vertex -1.351168108195347 33.52889078761166 -49.51472332
      vertex 1.3511681081953584 33.52889078761165 -49.51472332
    endloop
  endfacet
  facet normal -5.978453092554039e-16 -0.34379789833647784 -0.9390436651718709
    outer loop
      vertex -1.0215146604429293 25.348624852965667 -41.98821032
      vertex 1.2435732560865371 30.858952070301207 -44.00562334
      vertex 1.021514660442938 25.348624852965663 -41.98821032
    endloop
  endfacet
  facet normal -4.910910918133635e-16 -0.34379789833647795 -0.939043665171871
    outer loop
      vertex 1.2435732560865371 30.858952070301207 -44.00562334
      vertex -1.0215146604429293 25.348624852965667 -41.98821032
      vertex -1.2435732560865267 30.85895207030121 -44.00562334
    endloop
  endfacet
  facet normal 4.468260169699519e-17 0.02511794427048918 -0.9996844946660044
    outer loop
      vertex -0.9985638794967056 24.779107097795947 -42.00251995
      vertex 1.021514660442938 25.348624852965663 -41.98821032
      vertex 0.998563879496714 24.779107097795944 -42.00251995
    endloop
  endfacet
  facet normal 4.3678699703840793e-17 0.02511794427048918 -0.9996844946660043
    outer loop
      vertex 1.021514660442938 25.348624852965663 -41.98821032
      vertex -0.9985638794967056 24.779107097795947 -42.00251995
      vertex -1.0215146604429293 25.348624852965667 -41.98821032
    endloop
  endfacet
  facet normal 9.32775641594956e-16 0.4060250927441405 -0.9138619283360655
    outer loop
      vertex -0.7732250053516749 19.187380609000098 -44.486901010000004
      vertex 0.998563879496714 24.779107097795944 -42.00251995
      vertex 0.7732250053516815 19.187380609000094 -44.486901010000004
    endloop
  endfacet
  facet normal 7.222827355098133e-16 0.4060250927441405 -0.9138619283360655
    outer loop
      vertex 0.998563879496714 24.779107097795944 -42.00251995
      vertex -0.7732250053516749 19.187380609000098 -44.486901010000004
      vertex -0.9985638794967056 24.779107097795947 -42.00251995
    endloop
  endfacet
  facet normal 2.0638248776027677e-15 0.9332906661517584 -0.35912189083096463
    outer loop
      vertex 0.6846224500158378 16.988730875232626 -50.20078069
      vertex -0.7732250053516749 19.187380609000098 -44.486901010000004
      vertex 0.7732250053516815 19.187380609000094 -44.486901010000004
    endloop
  endfacet
  facet normal 0 0.9332906661517582 -0.3591218908309651
    outer loop
      vertex -0.7732250053516749 19.187380609000098 -44.486901010000004
      vertex 0.6846224500158378 16.988730875232626 -50.20078069
      vertex -0.684622450015832 16.988730875232626 -50.20078069
    endloop
  endfacet
  facet normal 0 0.9141060935728891 0.4054750913347359
    outer loop
      vertex 0.7846583889867634 19.471097097650446 -55.79704576
      vertex -0.684622450015832 16.988730875232626 -50.20078069
      vertex 0.6846224500158378 16.988730875232626 -50.20078069
    endloop
  endfacet
  facet normal 2.033811069857068e-15 0.9141060935728887 0.4054750913347364
    outer loop
      vertex -0.684622450015832 16.988730875232626 -50.20078069
      vertex 0.7846583889867634 19.471097097650446 -55.79704576
      vertex -0.7846583889867568 19.47109709765045 -55.79704576
    endloop
  endfacet
  facet normal 9.311343608186408e-16 0.36217970905713637 0.9321082868139774
    outer loop
      vertex 1.0129730574393314 25.136667160564556 -57.99845792
      vertex -0.7846583889867568 19.47109709765045 -55.79704576
      vertex 0.7846583889867634 19.471097097650446 -55.79704576
    endloop
  endfacet
  facet normal 7.212653704108342e-16 0.3621797090571364 0.9321082868139774
    outer loop
      vertex -0.7846583889867568 19.47109709765045 -55.79704576
      vertex 1.0129730574393314 25.136667160564556 -57.99845792
      vertex -1.0129730574393228 25.13666716056456 -57.99845792
    endloop
  endfacet
  facet normal -3.491745536592553e-17 -0.019649628207093293 0.9998069274171504
    outer loop
      vertex 1.0327334749363646 25.62701686328256 -57.98882087
      vertex -1.0129730574393228 25.13666716056456 -57.99845792
      vertex 1.0129730574393314 25.136667160564556 -57.99845792
    endloop
  endfacet
  facet normal -3.4249341556593235e-17 -0.019649628207093293 0.9998069274171504
    outer loop
      vertex -1.0129730574393228 25.13666716056456 -57.99845792
      vertex 1.0327334749363646 25.62701686328256 -57.98882087
      vertex -1.032733474936356 25.627016863282563 -57.98882087
    endloop
  endfacet
  facet normal 0.0031616667155958565 -0.039164269769586375 0.9992277837595362
    outer loop
      vertex -1.0453728512612135 25.940659751868566 -57.97648779
      vertex -3.091502751931672 25.4608158250285 -57.98882087
      vertex -1.032733474936356 25.627016863282563 -57.98882087
    endloop
  endfacet
  facet normal 0.0031616667155958513 -0.039164269769586355 0.9992277837595362
    outer loop
      vertex -3.091502751931672 25.4608158250285 -57.98882087
      vertex -1.0453728512612135 25.940659751868566 -57.97648779
      vertex -3.12933890970065 25.772424619127342 -57.97648779
    endloop
  endfacet
  facet normal 0.004740969405445088 -0.05872744392959016 0.998262796331003
    outer loop
      vertex -1.048563214710404 26.019827804320283 -57.97181521
      vertex -3.12933890970065 25.772424619127342 -57.97648779
      vertex -1.0453728512612135 25.940659751868566 -57.97648779
    endloop
  endfacet
  facet normal 0.004740969405444981 -0.05872744392958925 0.998262796331003
    outer loop
      vertex -3.12933890970065 25.772424619127342 -57.97648779
      vertex -1.048563214710404 26.019827804320283 -57.97181521
      vertex -3.1388893093170105 25.85107923637963 -57.97181521
    endloop
  endfacet
  facet normal 0.03513942850134545 -0.4352799270673379 0.8996091404920538
    outer loop
      vertex -1.2703923045618628 31.524459894163495 -55.29970941
      vertex -3.1388893093170105 25.85107923637963 -57.97181521
      vertex -1.048563214710404 26.019827804320283 -57.97181521
    endloop
  endfacet
  facet normal 0.035139428501345445 -0.4352799270673379 0.8996091404920538
    outer loop
      vertex -3.1388893093170105 25.85107923637963 -57.97181521
      vertex -1.2703923045618628 31.524459894163495 -55.29970941
      vertex -3.802937932100876 31.32001167481904 -55.29970941
    endloop
  endfacet
  facet normal 0.07603191923890631 -0.9418243173713751 0.327392887010075
    outer loop
      vertex -3.802937932100876 31.32001167481904 -55.29970941
      vertex -1.351168108195347 33.52889078761166 -49.51472332
      vertex -4.04474148091854 33.31144306475975 -49.51472332
    endloop
  endfacet
  facet normal 0.07603191923890415 -0.941824317371375 0.3273928870100759
    outer loop
      vertex -1.351168108195347 33.52889078761166 -49.51472332
      vertex -3.802937932100876 31.32001167481904 -55.29970941
      vertex -1.2703923045618628 31.524459894163495 -55.29970941
    endloop
  endfacet
  facet normal 0.07241083518120635 -0.8969691426641385 -0.4361227213259136
    outer loop
      vertex -1.351168108195347 33.52889078761166 -49.51472332
      vertex -3.7226547184955456 30.658819924570867 -44.00562334
      vertex -4.04474148091854 33.31144306475975 -49.51472332
    endloop
  endfacet
  facet normal 0.07241083518120514 -0.8969691426641384 -0.43612272132591406
    outer loop
      vertex -3.7226547184955456 30.658819924570867 -44.00562334
      vertex -1.351168108195347 33.52889078761166 -49.51472332
      vertex -1.2435732560865267 30.85895207030121 -44.00562334
    endloop
  endfacet
  facet normal 0.02766423721115873 -0.34268306768806645 -0.9390436651718708
    outer loop
      vertex -3.057919066768395 25.184229293726315 -41.98821032
      vertex -1.2435732560865267 30.85895207030121 -44.00562334
      vertex -1.0215146604429293 25.348624852965667 -41.98821032
    endloop
  endfacet
  facet normal 0.027664237211158665 -0.34268306768806645 -0.9390436651718709
    outer loop
      vertex -1.2435732560865267 30.85895207030121 -44.00562334
      vertex -3.057919066768395 25.184229293726315 -41.98821032
      vertex -3.7226547184955456 30.658819924570867 -44.00562334
    endloop
  endfacet
  facet normal -0.002021154788664218 0.025036494516917897 -0.9996844946660044
    outer loop
      vertex -2.9892155685510993 24.61840507974082 -42.00251995
      vertex -1.0215146604429293 25.348624852965667 -41.98821032
      vertex -0.9985638794967056 24.779107097795947 -42.00251995
    endloop
  endfacet
  facet normal -0.0020211547886642618 0.025036494516918015 -0.9996844946660043
    outer loop
      vertex -1.0215146604429293 25.348624852965667 -41.98821032
      vertex -2.9892155685510993 24.61840507974082 -42.00251995
      vertex -3.057919066768395 25.184229293726315 -41.98821032
    endloop
  endfacet
  facet normal -0.03267144602601199 0.4047084784785925 -0.9138619283360655
    outer loop
      vertex -2.314660355184477 19.062943082946852 -44.486901010000004
      vertex -0.9985638794967056 24.779107097795947 -42.00251995
      vertex -0.7732250053516749 19.187380609000098 -44.486901010000004
    endloop
  endfacet
  facet normal -0.032671446026011526 0.40470847847859237 -0.9138619283360656
    outer loop
      vertex -0.9985638794967056 24.779107097795947 -42.00251995
      vertex -2.314660355184477 19.062943082946852 -44.486901010000004
      vertex -2.9892155685510993 24.61840507974082 -42.00251995
    endloop
  endfacet
  facet normal -0.07509869752057899 0.9302642921002102 -0.3591218908309651
    outer loop
      vertex -2.049427310747898 16.8785524363942 -50.20078069
      vertex -0.7732250053516749 19.187380609000098 -44.486901010000004
      vertex -0.684622450015832 16.988730875232626 -50.20078069
    endloop
  endfacet
  facet normal -0.07509869752058072 0.9302642921002101 -0.35912189083096474
    outer loop
      vertex -0.7732250053516749 19.187380609000098 -44.486901010000004
      vertex -2.049427310747898 16.8785524363942 -50.20078069
      vertex -2.314660355184477 19.062943082946852 -44.486901010000004
    endloop
  endfacet
  facet normal -0.0735549807928603 0.911141929178791 0.40547509133473647
    outer loop
      vertex -0.7846583889867568 19.47109709765045 -55.79704576
      vertex -2.049427310747898 16.8785524363942 -50.20078069
      vertex -0.684622450015832 16.988730875232626 -50.20078069
    endloop
  endfacet
  facet normal -0.07355498079286113 0.911141929178791 0.40547509133473625
    outer loop
      vertex -2.049427310747898 16.8785524363942 -50.20078069
      vertex -0.7846583889867568 19.47109709765045 -55.79704576
      vertex -2.3488863562094986 19.34481956129733 -55.79704576
    endloop
  endfacet
  facet normal -0.029143358446650024 0.36100527186062265 0.9321082868139774
    outer loop
      vertex -1.0129730574393228 25.13666716056456 -57.99845792
      vertex -2.3488863562094986 19.34481956129733 -55.79704576
      vertex -0.7846583889867568 19.47109709765045 -55.79704576
    endloop
  endfacet
  facet normal -0.02914335844665015 0.3610052718606227 0.9321082868139775
    outer loop
      vertex -2.3488863562094986 19.34481956129733 -55.79704576
      vertex -1.0129730574393228 25.13666716056456 -57.99845792
      vertex -3.0323496533307366 24.97364622829529 -57.99845792
    endloop
  endfacet
  facet normal 0.0015811381583842041 -0.019585910517540352 0.9998069274171504
    outer loop
      vertex -1.032733474936356 25.627016863282563 -57.98882087
      vertex -3.0323496533307366 24.97364622829529 -57.99845792
      vertex -1.0129730574393228 25.13666716056456 -57.99845792
    endloop
  endfacet
  facet normal 0.00158113815838421 -0.01958591051754037 0.9998069274171504
    outer loop
      vertex -3.0323496533307366 24.97364622829529 -57.99845792
      vertex -1.032733474936356 25.627016863282563 -57.98882087
      vertex -3.091502751931672 25.4608158250285 -57.98882087
    endloop
  endfacet
  facet normal 0.006302828809309624 -0.038782863638545044 0.9992277837595362
    outer loop
      vertex -3.12933890970065 25.772424619127342 -57.97648779
      vertex -5.130222447273475 25.129491626030045 -57.98882087
      vertex -3.091502751931672 25.4608158250285 -57.98882087
    endloop
  endfacet
  facet normal 0.006302828809309528 -0.038782863638544746 0.9992277837595362
    outer loop
      vertex -5.130222447273475 25.129491626030045 -57.98882087
      vertex -3.12933890970065 25.772424619127342 -57.97648779
      vertex -5.193010004484514 25.437045423037862 -57.97648779
    endloop
  endfacet
  facet normal 0.009451191805035855 -0.05815551938441303 0.9982627963310031
    outer loop
      vertex -3.1388893093170105 25.85107923637963 -57.97181521
      vertex -5.193010004484514 25.437045423037862 -57.97648779
      vertex -3.12933890970065 25.772424619127342 -57.97648779
    endloop
  endfacet
  facet normal 0.009451191805036206 -0.05815551938441477 0.9982627963310029
    outer loop
      vertex -5.193010004484514 25.437045423037862 -57.97648779
      vertex -3.1388893093170105 25.85107923637963 -57.97181521
      vertex -5.208858502261743 25.514676499715573 -57.97181521
    endloop
  endfacet
  facet normal 0.07005096432475075 -0.43104089915032506 0.8996091404920538
    outer loop
      vertex -3.802937932100876 31.32001167481904 -55.29970941
      vertex -5.208858502261743 25.514676499715573 -57.97181521
      vertex -3.1388893093170105 25.85107923637963 -57.97181521
    endloop
  endfacet
  facet normal 0.07005096432475066 -0.4310408991503251 0.8996091404920538
    outer loop
      vertex -5.208858502261743 25.514676499715573 -57.97181521
      vertex -3.802937932100876 31.32001167481904 -55.29970941
      vertex -6.310820047842834 30.912441161285816 -55.29970941
    endloop
  endfacet
  facet normal 0.1515707423056945 -0.9326522436643302 0.3273928870100749
    outer loop
      vertex -6.310820047842834 30.912441161285816 -55.29970941
      vertex -4.04474148091854 33.31144306475975 -49.51472332
      vertex -6.712083153042937 32.8779578509802 -49.51472332
    endloop
  endfacet
  facet normal 0.1515707423056942 -0.9326522436643301 0.32739288701007496
    outer loop
      vertex -4.04474148091854 33.31144306475975 -49.51472332
      vertex -6.310820047842834 30.912441161285816 -55.29970941
      vertex -3.802937932100876 31.32001167481904 -55.29970941
    endloop
  endfacet
  facet normal 0.14435205830993333 -0.8882338966764136 -0.43612272132591323
    outer loop
      vertex -4.04474148091854 33.31144306475975 -49.51472332
      vertex -6.177593336554945 30.259853566872277 -44.00562334
      vertex -6.712083153042937 32.8779578509802 -49.51472332
    endloop
  endfacet
  facet normal 0.14435205830993222 -0.8882338966764134 -0.43612272132591356
    outer loop
      vertex -6.177593336554945 30.259853566872277 -44.00562334
      vertex -4.04474148091854 33.31144306475975 -49.51472332
      vertex -3.7226547184955456 30.658819924570867 -44.00562334
    endloop
  endfacet
  facet normal 0.055149061228360115 -0.33934580584738305 -0.9390436651718709
    outer loop
      vertex -5.0744916945257525 24.856504343533054 -41.98821032
      vertex -3.7226547184955456 30.658819924570867 -44.00562334
      vertex -3.057919066768395 25.184229293726315 -41.98821032
    endloop
  endfacet
  facet normal 0.05514906122836007 -0.33934580584738305 -0.9390436651718709
    outer loop
      vertex -3.7226547184955456 30.658819924570867 -44.00562334
      vertex -5.0744916945257525 24.856504343533054 -41.98821032
      vertex -6.177593336554945 30.259853566872277 -44.00562334
    endloop
  endfacet
  facet normal -0.004029201612943046 0.024792673489110927 -0.9996844946660044
    outer loop
      vertex -4.9604810475870265 24.298043257884096 -42.00251995
      vertex -3.057919066768395 25.184229293726315 -41.98821032
      vertex -2.9892155685510993 24.61840507974082 -42.00251995
    endloop
  endfacet
  facet normal -0.00402920161294298 0.02479267348911078 -0.9996844946660043
    outer loop
      vertex -3.057919066768395 25.184229293726315 -41.98821032
      vertex -4.9604810475870265 24.298043257884096 -42.00251995
      vertex -5.0744916945257525 24.856504343533054 -41.98821032
    endloop
  endfacet
  facet normal -0.06513100518747844 0.40076717443068677 -0.9138619283360655
    outer loop
      vertex -3.8410842444056326 18.81487505594743 -44.486901010000004
      vertex -2.9892155685510993 24.61840507974082 -42.00251995
      vertex -2.314660355184477 19.062943082946852 -44.486901010000004
    endloop
  endfacet
  facet normal -0.06513100518747873 0.4007671744306868 -0.9138619283360655
    outer loop
      vertex -2.9892155685510993 24.61840507974082 -42.00251995
      vertex -3.8410842444056326 18.81487505594743 -44.486901010000004
      vertex -4.9604810475870265 24.298043257884096 -42.00251995
    endloop
  endfacet
  facet normal -0.1497103511699957 0.9212047971426056 -0.35912189083096463
    outer loop
      vertex -3.400940848939785 16.658910108172165 -50.20078069
      vertex -2.314660355184477 19.062943082946852 -44.486901010000004
      vertex -2.049427310747898 16.8785524363942 -50.20078069
    endloop
  endfacet
  facet normal -0.1497103511699958 0.9212047971426057 -0.3591218908309647
    outer loop
      vertex -2.314660355184477 19.062943082946852 -44.486901010000004
      vertex -3.400940848939785 16.658910108172165 -50.20078069
      vertex -3.8410842444056326 18.81487505594743 -44.486901010000004
    endloop
  endfacet
  facet normal -0.1466329293099105 0.9022686597400367 0.40547509133473625
    outer loop
      vertex -2.3488863562094986 19.34481956129733 -55.79704576
      vertex -3.400940848939785 16.658910108172165 -50.20078069
      vertex -2.049427310747898 16.8785524363942 -50.20078069
    endloop
  endfacet
  facet normal -0.1466329293099115 0.9022686597400366 0.405475091334736
    outer loop
      vertex -3.400940848939785 16.658910108172165 -50.20078069
      vertex -2.3488863562094986 19.34481956129733 -55.79704576
      vertex -3.8978808940703495 19.093083446871024 -55.79704576
    endloop
  endfacet
  facet normal -0.05809771103054647 0.35748957694696937 0.9321082868139774
    outer loop
      vertex -3.0323496533307366 24.97364622829529 -57.99845792
      vertex -3.8978808940703495 19.093083446871024 -55.79704576
      vertex -2.3488863562094986 19.34481956129733 -55.79704576
    endloop
  endfacet
  facet normal -0.0580977110305461 0.3574895769469693 0.9321082868139775
    outer loop
      vertex -3.8978808940703495 19.093083446871024 -55.79704576
      vertex -3.0323496533307366 24.97364622829529 -57.99845792
      vertex -5.032060298111977 24.648661617058803 -57.99845792
    endloop
  endfacet
  facet normal 0.0031520220290786015 -0.0193951706825488 0.9998069274171504
    outer loop
      vertex -3.091502751931672 25.4608158250285 -57.98882087
      vertex -5.032060298111977 24.648661617058803 -57.99845792
      vertex -3.0323496533307366 24.97364622829529 -57.99845792
    endloop
  endfacet
  facet normal 0.003152022029078622 -0.019395170682548844 0.9998069274171502
    outer loop
      vertex -5.032060298111977 24.648661617058803 -57.99845792
      vertex -3.091502751931672 25.4608158250285 -57.98882087
      vertex -5.130222447273475 25.129491626030045 -57.98882087
    endloop
  endfacet
  facet normal 0.009403114639600467 -0.03814993575459792 0.9992277837595362
    outer loop
      vertex -5.193010004484514 25.437045423037862 -57.97648779
      vertex -7.135670681416339 24.635193030857263 -57.98882087
      vertex -5.130222447273475 25.129491626030045 -57.98882087
    endloop
  endfacet
  facet normal 0.009403114639600559 -0.038149935754598144 0.9992277837595362
    outer loop
      vertex -7.135670681416339 24.635193030857263 -57.98882087
      vertex -5.193010004484514 25.437045423037862 -57.97648779
      vertex -7.223002436667356 24.93669722638235 -57.97648779
    endloop
  endfacet
  facet normal 0.014100119599050845 -0.05720643397992119 0.9982627963310029
    outer loop
      vertex -5.208858502261743 25.514676499715573 -57.97181521
      vertex -7.223002436667356 24.93669722638235 -57.97648779
      vertex -5.193010004484514 25.437045423037862 -57.97648779
    endloop
  endfacet
  facet normal 0.014100119599051086 -0.057206433979922026 0.9982627963310029
    outer loop
      vertex -7.223002436667356 24.93669722638235 -57.97648779
      vertex -5.208858502261743 25.514676499715573 -57.97181521
      vertex -7.245046249015798 25.012801295163737 -57.97181521
    endloop
  endfacet
  facet normal 0.10450819276374317 -0.424006405598317 0.8996091404920538
    outer loop
      vertex -6.310820047842834 30.912441161285816 -55.29970941
      vertex -7.245046249015798 25.012801295163737 -57.97181521
      vertex -5.208858502261743 25.514676499715573 -57.97181521
    endloop
  endfacet
  facet normal 0.10450819276374303 -0.424006405598317 0.8996091404920538
    outer loop
      vertex -7.245046249015798 25.012801295163737 -57.97181521
      vertex -6.310820047842834 30.912441161285816 -55.29970941
      vertex -8.777774073913577 30.304391604741767 -55.29970941
    endloop
  endfacet
  facet normal 0.22612657094615135 -0.9174315622690027 0.3273928870100752
    outer loop
      vertex -8.777774073913577 30.304391604741767 -55.29970941
      vertex -6.712083153042937 32.8779578509802 -49.51472332
      vertex -9.33589439028157 32.23124646422634 -49.51472332
    endloop
  endfacet
  facet normal 0.22612657094615218 -0.9174315622690028 0.3273928870100749
    outer loop
      vertex -6.712083153042937 32.8779578509802 -49.51472332
      vertex -8.777774073913577 30.304391604741767 -55.29970941
      vertex -6.310820047842834 30.912441161285816 -55.29970941
    endloop
  endfacet
  facet normal 0.2153571029480785 -0.873738113025345 -0.43612272132591345
    outer loop
      vertex -6.712083153042937 32.8779578509802 -49.51472332
      vertex -8.592467891289125 29.6646404471311 -44.00562334
      vertex -9.33589439028157 32.23124646422634 -49.51472332
    endloop
  endfacet
  facet normal 0.2153571029480791 -0.873738113025345 -0.4361227213259132
    outer loop
      vertex -8.592467891289125 29.6646404471311 -44.00562334
      vertex -6.712083153042937 32.8779578509802 -49.51472332
      vertex -6.177593336554945 30.259853566872277 -44.00562334
    endloop
  endfacet
  facet normal 0.08227622242106002 -0.33380775623807696 -0.9390436651718709
    outer loop
      vertex -7.058154296401389 24.367575424446297 -41.98821032
      vertex -6.177593336554945 30.259853566872277 -44.00562334
      vertex -5.0744916945257525 24.856504343533054 -41.98821032
    endloop
  endfacet
  facet normal 0.08227622242106035 -0.333807756238077 -0.9390436651718709
    outer loop
      vertex -6.177593336554945 30.259853566872277 -44.00562334
      vertex -7.058154296401389 24.367575424446297 -41.98821032
      vertex -8.592467891289125 29.6646404471311 -44.00562334
    endloop
  endfacet
  facet normal -0.00601111751862993 0.024388062459995034 -0.9996844946660044
    outer loop
      vertex -6.899575903536116 23.820099301573467 -42.00251995
      vertex -5.0744916945257525 24.856504343533054 -41.98821032
      vertex -4.9604810475870265 24.298043257884096 -42.00251995
    endloop
  endfacet
  facet normal -0.006011117518629939 0.02438806245999505 -0.9996844946660043
    outer loop
      vertex -5.0744916945257525 24.856504343533054 -41.98821032
      vertex -6.899575903536116 23.820099301573467 -42.00251995
      vertex -7.058154296401389 24.367575424446297 -41.98821032
    endloop
  endfacet
  facet normal -0.09716816478748055 0.3942267414695772 -0.9138619283360655
    outer loop
      vertex -5.342597228356487 18.444785344348457 -44.486901010000004
      vertex -4.9604810475870265 24.298043257884096 -42.00251995
      vertex -3.8410842444056326 18.81487505594743 -44.486901010000004
    endloop
  endfacet
  facet normal -0.09716816478748065 0.39422674146957726 -0.9138619283360655
    outer loop
      vertex -4.9604810475870265 24.298043257884096 -42.00251995
      vertex -5.342597228356487 18.444785344348457 -44.486901010000004
      vertex -6.899575903536116 23.820099301573467 -42.00251995
    endloop
  endfacet
  facet normal -0.22335107574348578 0.9061709355801588 -0.3591218908309647
    outer loop
      vertex -4.730397980677887 16.331228355348735 -50.20078069
      vertex -3.8410842444056326 18.81487505594743 -44.486901010000004
      vertex -3.400940848939785 16.658910108172165 -50.20078069
    endloop
  endfacet
  facet normal -0.22335107574348376 0.9061709355801592 -0.35912189083096513
    outer loop
      vertex -3.8410842444056326 18.81487505594743 -44.486901010000004
      vertex -4.730397980677887 16.331228355348735 -50.20078069
      vertex -5.342597228356487 18.444785344348457 -44.486901010000004
    endloop
  endfacet
  facet normal -0.21875990701270098 0.8875438318138896 0.405475091334736
    outer loop
      vertex -3.8978808940703495 19.093083446871024 -55.79704576
      vertex -4.730397980677887 16.331228355348735 -50.20078069
      vertex -3.400940848939785 16.658910108172165 -50.20078069
    endloop
  endfacet
  facet normal -0.21875990701269865 0.88754383181389 0.40547509133473664
    outer loop
      vertex -4.730397980677887 16.331228355348735 -50.20078069
      vertex -3.8978808940703495 19.093083446871024 -55.79704576
      vertex -5.4215961785931555 18.717521359672684 -55.79704576
    endloop
  endfacet
  facet normal -0.08667527766448245 0.3516554249467749 0.9321082868139774
    outer loop
      vertex -5.032060298111977 24.648661617058803 -57.99845792
      vertex -5.4215961785931555 18.717521359672684 -55.79704576
      vertex -3.8978808940703495 19.093083446871024 -55.79704576
    endloop
  endfacet
  facet normal -0.08667527766448264 0.3516554249467749 0.9321082868139774
    outer loop
      vertex -5.4215961785931555 18.717521359672684 -55.79704576
      vertex -5.032060298111977 24.648661617058803 -57.99845792
      vertex -6.9991361008995066 24.163820976765823 -57.99845792
    endloop
  endfacet
  facet normal 0.004702463827384061 -0.019078645723141448 0.9998069274171503
    outer loop
      vertex -5.130222447273475 25.129491626030045 -57.98882087
      vertex -6.9991361008995066 24.163820976765823 -57.99845792
      vertex -5.032060298111977 24.648661617058803 -57.99845792
    endloop
  endfacet
  facet normal 0.0047024638273840446 -0.019078645723141417 0.9998069274171504
    outer loop
      vertex -6.9991361008995066 24.163820976765823 -57.99845792
      vertex -5.130222447273475 25.129491626030045 -57.98882087
      vertex -7.135670681416339 24.635193030857263 -57.98882087
    endloop
  endfacet
  facet normal 0.012442417663181743 -0.03726959089794761 0.9992277837595362
    outer loop
      vertex -7.223002436667356 24.93669722638235 -57.97648779
      vertex -9.094841353008038 23.981125755577818 -57.98882087
      vertex -7.135670681416339 24.635193030857263 -57.98882087
    endloop
  endfacet
  facet normal 0.01244241766318169 -0.037269590897947506 0.9992277837595362
    outer loop
      vertex -9.094841353008038 23.981125755577818 -57.98882087
      vertex -7.223002436667356 24.93669722638235 -57.97648779
      vertex -9.206150926354278 24.274624979215517 -57.97648779
    endloop
  endfacet
  facet normal 0.018657602706804822 -0.055886342899153306 0.9982627963310028
    outer loop
      vertex -7.245046249015798 25.012801295163737 -57.97181521
      vertex -9.206150926354278 24.274624979215517 -57.97648779
      vertex -7.223002436667356 24.93669722638235 -57.97648779
    endloop
  endfacet
  facet normal 0.018657602706804017 -0.05588634289915117 0.9982627963310029
    outer loop
      vertex -9.206150926354278 24.274624979215517 -57.97648779
      vertex -7.245046249015798 25.012801295163737 -57.97181521
      vertex -9.234247090691946 24.348708476011 -57.97181521
    endloop
  endfacet
  facet normal 0.13828764546956818 -0.41422206780135595 0.8996091404920538
    outer loop
      vertex -8.777774073913577 30.304391604741767 -55.29970941
      vertex -9.234247090691946 24.348708476011 -57.97181521
      vertex -7.245046249015798 25.012801295163737 -57.97181521
    endloop
  endfacet
  facet normal 0.1382876454695686 -0.414222067801356 0.8996091404920538
    outer loop
      vertex -9.234247090691946 24.348708476011 -57.97181521
      vertex -8.777774073913577 30.304391604741767 -55.29970941
      vertex -11.18780086680588 29.499806439888893 -55.29970941
    endloop
  endfacet
  facet normal 0.2992158820021182 -0.8962609851448977 0.3273928870100752
    outer loop
      vertex -11.18780086680588 29.499806439888893 -55.29970941
      vertex -9.33589439028157 32.23124646422634 -49.51472332
      vertex -11.899158769921728 31.37550307600483 -49.51472332
    endloop
  endfacet
  facet normal 0.2992158820021182 -0.8962609851448977 0.3273928870100752
    outer loop
      vertex -9.33589439028157 32.23124646422634 -49.51472332
      vertex -11.18780086680588 29.499806439888893 -55.29970941
      vertex -8.777774073913577 30.304391604741767 -55.29970941
    endloop
  endfacet
  facet normal 0.2849654741342858 -0.8535758024304 -0.43612272132591356
    outer loop
      vertex -9.33589439028157 32.23124646422634 -49.51472332
      vertex -10.951616994547022 28.877040750830922 -44.00562334
      vertex -11.899158769921728 31.37550307600483 -49.51472332
    endloop
  endfacet
  facet normal 0.28496547413428613 -0.8535758024303999 -0.43612272132591334
    outer loop
      vertex -10.951616994547022 28.877040750830922 -44.00562334
      vertex -9.33589439028157 32.23124646422634 -49.51472332
      vertex -8.592467891289125 29.6646404471311 -44.00562334
    endloop
  endfacet
  facet normal 0.1088697907393756 -0.3261048352369892 -0.9390436651718709
    outer loop
      vertex -8.996042059228166 23.72061342812378 -41.98821032
      vertex -8.592467891289125 29.6646404471311 -44.00562334
      vertex -7.058154296401389 24.367575424446297 -41.98821032
    endloop
  endfacet
  facet normal 0.10886979073937518 -0.3261048352369891 -0.9390436651718709
    outer loop
      vertex -8.592467891289125 29.6646404471311 -44.00562334
      vertex -8.996042059228166 23.72061342812378 -41.98821032
      vertex -10.951616994547022 28.877040750830922 -44.00562334
    endloop
  endfacet
  facet normal -0.00795404902055302 0.023825285487356483 -0.9996844946660044
    outer loop
      vertex -8.793924362165615 23.187672860767787 -42.00251995
      vertex -7.058154296401389 24.367575424446297 -41.98821032
      vertex -6.899575903536116 23.820099301573467 -42.00251995
    endloop
  endfacet
  facet normal -0.007954049020553052 0.02382528548735654 -0.9996844946660045
    outer loop
      vertex -7.058154296401389 24.367575424446297 -41.98821032
      vertex -8.793924362165615 23.187672860767787 -42.00251995
      vertex -8.996042059228166 23.72061342812378 -41.98821032
    endloop
  endfacet
  facet normal -0.12857515155234467 0.3851295968127865 -0.9138619283360655
    outer loop
      vertex -6.809461419158177 17.955074121944754 -44.486901010000004
      vertex -6.899575903536116 23.820099301573467 -42.00251995
      vertex -5.342597228356487 18.444785344348457 -44.486901010000004
    endloop
  endfacet
  facet normal -0.1285751515523441 0.38512959681278663 -0.9138619283360656
    outer loop
      vertex -6.899575903536116 23.820099301573467 -42.00251995
      vertex -6.809461419158177 17.955074121944754 -44.486901010000004
      vertex -8.793924362165615 23.187672860767787 -42.00251995
    endloop
  endfacet
  facet normal -0.295543282883917 0.8852602077740699 -0.3591218908309651
    outer loop
      vertex -6.029176666308206 15.897632319832807 -50.20078069
      vertex -5.342597228356487 18.444785344348457 -44.486901010000004
      vertex -4.730397980677887 16.331228355348735 -50.20078069
    endloop
  endfacet
  facet normal -0.2955432828839191 0.8852602077740693 -0.3591218908309646
    outer loop
      vertex -5.342597228356487 18.444785344348457 -44.486901010000004
      vertex -6.029176666308206 15.897632319832807 -50.20078069
      vertex -6.809461419158177 17.955074121944754 -44.486901010000004
    endloop
  endfacet
  facet normal -0.28946814277342775 0.8670629415598325 0.4054750913347366
    outer loop
      vertex -5.4215961785931555 18.717521359672684 -55.79704576
      vertex -6.029176666308206 15.897632319832807 -50.20078069
      vertex -4.730397980677887 16.331228355348735 -50.20078069
    endloop
  endfacet
  facet normal -0.2894681427734294 0.8670629415598321 0.40547509133473625
    outer loop
      vertex -6.029176666308206 15.897632319832807 -50.20078069
      vertex -5.4215961785931555 18.717521359672684 -55.79704576
      vertex -6.9101503314601205 18.220568963952815 -55.79704576
    endloop
  endfacet
  facet normal -0.11469072186272496 0.34354065257450833 0.9321082868139774
    outer loop
      vertex -6.9991361008995066 24.163820976765823 -57.99845792
      vertex -6.9101503314601205 18.220568963952815 -55.79704576
      vertex -5.4215961785931555 18.717521359672684 -55.79704576
    endloop
  endfacet
  facet normal -0.11469072186272465 0.34354065257450833 0.9321082868139774
    outer loop
      vertex -6.9101503314601205 18.220568963952815 -55.79704576
      vertex -6.9991361008995066 24.163820976765823 -57.99845792
      vertex -8.920819820283153 23.52226868501731 -57.99845792
    endloop
  endfacet
  facet normal 0.0062224083432850805 -0.018638388425140564 0.9998069274171503
    outer loop
      vertex -7.135670681416339 24.635193030857263 -57.98882087
      vertex -8.920819820283153 23.52226868501731 -57.99845792
      vertex -6.9991361008995066 24.163820976765823 -57.99845792
    endloop
  endfacet
  facet normal 0.006222408343285095 -0.018638388425140588 0.9998069274171504
    outer loop
      vertex -8.920819820283153 23.52226868501731 -57.99845792
      vertex -7.135670681416339 24.635193030857263 -57.98882087
      vertex -9.094841353008038 23.981125755577818 -57.98882087
    endloop
  endfacet
  facet normal 0.015401026833668419 -0.036147538442804814 0.9992277837595362
    outer loop
      vertex -9.206150926354278 24.274624979215517 -57.97648779
      vertex -10.995028488447632 23.17153167745818 -57.98882087
      vertex -9.094841353008038 23.981125755577818 -57.98882087
    endloop
  endfacet
  facet normal 0.01540102683366836 -0.036147538442804716 0.9992277837595362
    outer loop
      vertex -10.995028488447632 23.17153167745818 -57.98882087
      vertex -9.206150926354278 24.274624979215517 -57.97648779
      vertex -11.129593994592947 23.45512247411828 -57.97648779
    endloop
  endfacet
  facet normal 0.023094084101492548 -0.054203807439326956 0.9982627963310031
    outer loop
      vertex -9.234247090691946 24.348708476011 -57.97181521
      vertex -11.129593994592947 23.45512247411828 -57.97648779
      vertex -9.206150926354278 24.274624979215517 -57.97648779
    endloop
  endfacet
  facet normal 0.0230940841014927 -0.054203807439327276 0.9982627963310029
    outer loop
      vertex -11.129593994592947 23.45512247411828 -57.97648779
      vertex -9.234247090691946 24.348708476011 -57.97181521
      vertex -11.163560296512726 23.526704939022963 -57.97181521
    endloop
  endfacet
  facet normal 0.17117024972918668 -0.4017513409446148 0.8996091404920539
    outer loop
      vertex -11.18780086680588 29.499806439888893 -55.29970941
      vertex -11.163560296512726 23.526704939022963 -57.97181521
      vertex -9.234247090691946 24.348708476011 -57.97181521
    endloop
  endfacet
  facet normal 0.1711702497291868 -0.40175134094461473 0.8996091404920536
    outer loop
      vertex -11.163560296512726 23.526704939022963 -57.97181521
      vertex -11.18780086680588 29.499806439888893 -55.29970941
      vertex -13.525270477964439 28.50390371026601 -55.29970941
    endloop
  endfacet
  facet normal 0.3703646632447157 -0.8692778116084848 0.32739288701007535
    outer loop
      vertex -13.525270477964439 28.50390371026601 -55.29970941
      vertex -11.899158769921728 31.37550307600483 -49.51472332
      vertex -14.38525253885594 30.316277510564067 -49.51472332
    endloop
  endfacet
  facet normal 0.37036466324471606 -0.8692778116084846 0.3273928870100753
    outer loop
      vertex -11.899158769921728 31.37550307600483 -49.51472332
      vertex -13.525270477964439 28.50390371026601 -55.29970941
      vertex -11.18780086680588 29.499806439888893 -55.29970941
    endloop
  endfacet
  facet normal 0.3527257348704784 -0.8278777252127032 -0.4361227213259139
    outer loop
      vertex -11.899158769921728 31.37550307600483 -49.51472332
      vertex -13.239740659113982 27.902162364229138 -44.00562334
      vertex -14.38525253885594 30.316277510564067 -49.51472332
    endloop
  endfacet
  facet normal 0.3527257348704792 -0.8278777252127031 -0.43612272132591356
    outer loop
      vertex -13.239740659113982 27.902162364229138 -44.00562334
      vertex -11.899158769921728 31.37550307600483 -49.51472332
      vertex -10.951616994547022 28.877040750830922 -44.00562334
    endloop
  endfacet
  facet normal 0.1347572966879674 -0.3162869992426661 -0.9390436651718709
    outer loop
      vertex -10.875587037235412 22.91981415137142 -41.98821032
      vertex -10.951616994547022 28.877040750830922 -44.00562334
      vertex -8.996042059228166 23.72061342812378 -41.98821032
    endloop
  endfacet
  facet normal 0.1347572966879678 -0.3162869992426661 -0.939043665171871
    outer loop
      vertex -10.951616994547022 28.877040750830922 -44.00562334
      vertex -10.875587037235412 22.91981415137142 -41.98821032
      vertex -13.239740659113982 27.902162364229138 -44.00562334
    endloop
  endfacet
  facet normal -0.009845395462357942 0.02310799239581805 -0.9996844946660044
    outer loop
      vertex -10.631240846799976 22.40486546361769 -42.00251995
      vertex -8.996042059228166 23.72061342812378 -41.98821032
      vertex -8.793924362165615 23.187672860767787 -42.00251995
    endloop
  endfacet
  facet normal -0.009845395462357893 0.02310799239581799 -0.9996844946660045
    outer loop
      vertex -8.996042059228166 23.72061342812378 -41.98821032
      vertex -10.631240846799976 22.40486546361769 -42.00251995
      vertex -10.875587037235412 22.91981415137142 -41.98821032
    endloop
  endfacet
  facet normal -0.15914827912104207 0.3735347389342773 -0.9138619283360656
    outer loop
      vertex -8.232163639651235 17.348917353931288 -44.486901010000004
      vertex -8.793924362165615 23.187672860767787 -42.00251995
      vertex -6.809461419158177 17.955074121944754 -44.486901010000004
    endloop
  endfacet
  facet normal -0.159148279121043 0.3735347389342771 -0.9138619283360655
    outer loop
      vertex -8.793924362165615 23.187672860767787 -42.00251995
      vertex -8.232163639651235 17.348917353931288 -44.486901010000004
      vertex -10.631240846799976 22.40486546361769 -42.00251995
    endloop
  endfacet
  facet normal -0.3658187784255552 0.8586082278182683 -0.3591218908309646
    outer loop
      vertex -7.288853827672024 15.360934038299197 -50.20078069
      vertex -6.809461419158177 17.955074121944754 -44.486901010000004
      vertex -6.029176666308206 15.897632319832807 -50.20078069
    endloop
  endfacet
  facet normal -0.365818778425553 0.8586082278182691 -0.3591218908309652
    outer loop
      vertex -6.809461419158177 17.955074121944754 -44.486901010000004
      vertex -7.288853827672024 15.360934038299197 -50.20078069
      vertex -8.232163639651235 17.348917353931288 -44.486901010000004
    endloop
  endfacet
  facet normal -0.3582990665502013 0.8409588154103277 0.40547509133473614
    outer loop
      vertex -6.9101503314601205 18.220568963952815 -55.79704576
      vertex -7.288853827672024 15.360934038299197 -50.20078069
      vertex -6.029176666308206 15.897632319832807 -50.20078069
    endloop
  endfacet
  facet normal -0.3582990665502014 0.8409588154103277 0.40547509133473614
    outer loop
      vertex -7.288853827672024 15.360934038299197 -50.20078069
      vertex -6.9101503314601205 18.220568963952815 -55.79704576
      vertex -8.353889507784658 17.605449186694 -55.79704576
    endloop
  endfacet
  facet normal -0.1419623527192339 0.3331978872428993 0.9321082868139775
    outer loop
      vertex -8.920819820283153 23.52226868501731 -57.99845792
      vertex -8.353889507784658 17.605449186694 -55.79704576
      vertex -6.9101503314601205 18.220568963952815 -55.79704576
    endloop
  endfacet
  facet normal -0.14196235271923396 0.3331978872428992 0.9321082868139775
    outer loop
      vertex -8.353889507784658 17.605449186694 -55.79704576
      vertex -8.920819820283153 23.52226868501731 -57.99845792
      vertex -10.784648599931975 22.728165454609133 -57.99845792
    endloop
  endfacet
  facet normal 0.007701998153345278 -0.01807725402606448 0.9998069274171504
    outer loop
      vertex -9.094841353008038 23.981125755577818 -57.98882087
      vertex -10.784648599931975 22.728165454609133 -57.99845792
      vertex -8.920819820283153 23.52226868501731 -57.99845792
    endloop
  endfacet
  facet normal 0.007701998153345241 -0.01807725402606443 0.9998069274171502
    outer loop
      vertex -10.784648599931975 22.728165454609133 -57.99845792
      vertex -9.094841353008038 23.981125755577818 -57.98882087
      vertex -10.995028488447632 23.17153167745818 -57.98882087
    endloop
  endfacet
  facet normal 0.018259754435278545 -0.034791055329908345 0.9992277837595362
    outer loop
      vertex -11.129593994592947 23.45512247411828 -57.97648779
      vertex -12.823908644999994 22.211661324761756 -57.98882087
      vertex -10.995028488447632 23.17153167745818 -57.98882087
    endloop
  endfacet
  facet normal 0.018259754435278636 -0.03479105532990847 0.9992277837595362
    outer loop
      vertex -12.823908644999994 22.211661324761756 -57.98882087
      vertex -11.129593994592947 23.45512247411828 -57.97648779
      vertex -12.980857374999996 22.48350449930517 -57.97648779
    endloop
  endfacet
  facet normal 0.0273807914988539 -0.052169739488546266 0.998262796331003
    outer loop
      vertex -11.163560296512726 23.526704939022963 -57.97181521
      vertex -12.980857374999996 22.48350449930517 -57.97648779
      vertex -11.129593994592947 23.45512247411828 -57.97648779
    endloop
  endfacet
  facet normal 0.027380791498853894 -0.052169739488546245 0.9982627963310029
    outer loop
      vertex -12.980857374999996 22.48350449930517 -57.97648779
      vertex -11.163560296512726 23.526704939022963 -57.97181521
      vertex -13.020473529999995 22.55212169256569 -57.97181521
    endloop
  endfacet
  facet normal 0.20294274923588246 -0.38667510247717024 0.8996091404920539
    outer loop
      vertex -13.525270477964439 28.50390371026601 -55.29970941
      vertex -13.020473529999995 22.55212169256569 -57.97181521
      vertex -11.163560296512726 23.526704939022963 -57.97181521
    endloop
  endfacet
  facet normal 0.20294274923588224 -0.38667510247717024 0.8996091404920538
    outer loop
      vertex -13.020473529999995 22.55212169256569 -57.97181521
      vertex -13.525270477964439 28.50390371026601 -55.29970941
      vertex -15.775023519999992 27.323142227234033 -55.29970941
    endloop
  endfacet
  facet normal 0.4391114875255577 -0.836657037894441 0.3273928870100753
    outer loop
      vertex -15.775023519999992 27.323142227234033 -55.29970941
      vertex -14.38525253885594 30.316277510564067 -49.51472332
      vertex -16.778052424999995 29.060439252154215 -49.51472332
    endloop
  endfacet
  facet normal 0.4391114875255574 -0.8366570378944411 0.32739288701007535
    outer loop
      vertex -14.38525253885594 30.316277510564067 -49.51472332
      vertex -15.775023519999992 27.323142227234033 -55.29970941
      vertex -13.525270477964439 28.50390371026601 -55.29970941
    endloop
  endfacet
  facet normal 0.4181984338640362 -0.7968105432641732 -0.43612272132591373
    outer loop
      vertex -14.38525253885594 30.316277510564067 -49.51472332
      vertex -15.441999524999993 26.74632774775447 -44.00562334
      vertex -16.778052424999995 29.060439252154215 -49.51472332
    endloop
  endfacet
  facet normal 0.41819843386403577 -0.7968105432641733 -0.43612272132591395
    outer loop
      vertex -15.441999524999993 26.74632774775447 -44.00562334
      vertex -14.38525253885594 30.316277510564067 -49.51472332
      vertex -13.239740659113982 27.902162364229138 -44.00562334
    endloop
  endfacet
  facet normal 0.15977084985690923 -0.304417920688944 -0.939043665171871
    outer loop
      vertex -12.684599659999995 21.97037108479091 -41.98821032
      vertex -13.239740659113982 27.902162364229138 -44.00562334
      vertex -10.875587037235412 22.91981415137142 -41.98821032
    endloop
  endfacet
  facet normal 0.15977084985690937 -0.304417920688944 -0.9390436651718709
    outer loop
      vertex -13.239740659113982 27.902162364229138 -44.00562334
      vertex -12.684599659999995 21.97037108479091 -41.98821032
      vertex -15.441999524999993 26.74632774775447 -44.00562334
    endloop
  endfacet
  facet normal -0.011672890736600322 0.022240835106326153 -0.9996844946660044
    outer loop
      vertex -12.399609654999995 21.476753916481602 -42.00251995
      vertex -10.875587037235412 22.91981415137142 -41.98821032
      vertex -10.631240846799976 22.40486546361769 -42.00251995
    endloop
  endfacet
  facet normal -0.01167289073660036 0.022240835106326195 -0.9996844946660045
    outer loop
      vertex -10.875587037235412 22.91981415137142 -41.98821032
      vertex -12.399609654999995 21.476753916481602 -42.00251995
      vertex -12.684599659999995 21.97037108479091 -41.98821032
    endloop
  endfacet
  facet normal -0.18868926902942273 0.3595173649367025 -0.9138619283360655
    outer loop
      vertex -9.601477119999997 16.6302461995501 -44.486901010000004
      vertex -10.631240846799976 22.40486546361769 -42.00251995
      vertex -8.232163639651235 17.348917353931288 -44.486901010000004
    endloop
  endfacet
  facet normal -0.18868926902942224 0.35951736493670255 -0.9138619283360654
    outer loop
      vertex -10.631240846799976 22.40486546361769 -42.00251995
      vertex -9.601477119999997 16.6302461995501 -44.486901010000004
      vertex -12.399609654999995 21.476753916481602 -42.00251995
    endloop
  endfacet
  facet normal -0.4337217988128873 0.8263878440299722 -0.3591218908309651
    outer loop
      vertex -8.501259974999996 14.724614205051724 -50.20078069
      vertex -8.232163639651235 17.348917353931288 -44.486901010000004
      vertex -7.288853827672024 15.360934038299197 -50.20078069
    endloop
  endfacet
  facet normal -0.4337217988128877 0.826387844029972 -0.359121890830965
    outer loop
      vertex -8.232163639651235 17.348917353931288 -44.486901010000004
      vertex -8.501259974999996 14.724614205051724 -50.20078069
      vertex -9.601477119999997 16.6302461995501 -44.486901010000004
    endloop
  endfacet
  facet normal -0.4248062833897315 0.8094007486404312 0.4054750913347362
    outer loop
      vertex -8.353889507784658 17.605449186694 -55.79704576
      vertex -8.501259974999996 14.724614205051724 -50.20078069
      vertex -7.288853827672024 15.360934038299197 -50.20078069
    endloop
  endfacet
  facet normal -0.4248062833897296 0.809400748640432 0.4054750913347366
    outer loop
      vertex -8.501259974999996 14.724614205051724 -50.20078069
      vertex -8.353889507784658 17.605449186694 -55.79704576
      vertex -9.743450504999997 16.87615131569264 -55.79704576
    endloop
  endfacet
  facet normal -0.16831330324292118 0.32069420575396806 0.9321082868139774
    outer loop
      vertex -10.784648599931975 22.728165454609133 -57.99845792
      vertex -9.743450504999997 16.87615131569264 -55.79704576
      vertex -8.353889507784658 17.605449186694 -55.79704576
    endloop
  endfacet
  facet normal -0.16831330324292196 0.3206942057539679 0.9321082868139775
    outer loop
      vertex -9.743450504999997 16.87615131569264 -55.79704576
      vertex -10.784648599931975 22.728165454609133 -57.99845792
      vertex -12.578534794999994 21.786661349712972 -57.99845792
    endloop
  endfacet
  facet normal 0.009131637549881116 -0.017398881697816032 0.9998069274171504
    outer loop
      vertex -10.995028488447632 23.17153167745818 -57.98882087
      vertex -12.578534794999994 21.786661349712972 -57.99845792
      vertex -10.784648599931975 22.728165454609133 -57.99845792
    endloop
  endfacet
  facet normal 0.009131637549881142 -0.017398881697816056 0.9998069274171504
    outer loop
      vertex -12.578534794999994 21.786661349712972 -57.99845792
      vertex -10.995028488447632 23.17153167745818 -57.98882087
      vertex -12.823908644999994 22.211661324761756 -57.98882087
    endloop
  endfacet
  facet normal 0 1 0
    outer loop
      vertex 25.64781729 0 -57.98882087
      vertex 25.36919932 0 -41.98821032
      vertex 30.88399905 0 -44.00562334
    endloop
  endfacet
  facet normal 0 1 0
    outer loop
      vertex 25.36919932 0 -41.98821032
      vertex 25.64781729 0 -57.98882087
      vertex 24.79921931 0 -42.00251995
    endloop
  endfacet
  facet normal 0 1 0
    outer loop
      vertex 25.64781729 0 -57.98882087
      vertex 30.88399905 0 -44.00562334
      vertex 33.556104850000004 0 -49.51472332
    endloop
  endfacet
  facet normal 0 1 0
    outer loop
      vertex 25.15706959 0 -57.99845792
      vertex 24.79921931 0 -42.00251995
      vertex 25.64781729 0 -57.98882087
    endloop
  endfacet
  facet normal 0 1 0
    outer loop
      vertex 25.64781729 0 -57.98882087
      vertex 33.556104850000004 0 -49.51472332
      vertex 31.55004704 0 -55.29970941
    endloop
  endfacet
  facet normal 0 1 0
    outer loop
      vertex 24.79921931 0 -42.00251995
      vertex 25.15706959 0 -57.99845792
      vertex 19.20295424 0 -44.486901010000004
    endloop
  endfacet
  facet normal 0 1 0
    outer loop
      vertex 25.961714750000002 0 -57.97648779
      vertex 31.55004704 0 -55.29970941
      vertex 26.04094706 0 -57.97181521
    endloop
  endfacet
  facet normal 0 1 0
    outer loop
      vertex 25.64781729 0 -57.98882087
      vertex 31.55004704 0 -55.29970941
      vertex 25.961714750000002 0 -57.97648779
    endloop
  endfacet
  facet normal 0 1 0
    outer loop
      vertex 19.20295424 0 -44.486901010000004
      vertex 25.15706959 0 -57.99845792
      vertex 17.00251995 0 -50.20078069
    endloop
  endfacet
  facet normal 0 1 0
    outer loop
      vertex 17.00251995 0 -50.20078069
      vertex 25.15706959 0 -57.99845792
      vertex 19.48690101 0 -55.79704576
    endloop
  endfacet
  facet normal 0.8660254037844389 0.4999999999999999 -2.165032430429584e-16
    outer loop
      vertex -9.601477119999997 16.6302461995501 -44.486901010000004
      vertex -16.778052424999995 29.060439252154215 -49.51472332
      vertex -15.441999524999993 26.74632774775447 -44.00562334
    endloop
  endfacet
  facet normal 0.8660254037844387 0.49999999999999983 5.646039895745507e-17
    outer loop
      vertex -16.778052424999995 29.060439252154215 -49.51472332
      vertex -8.501259974999996 14.724614205051724 -50.20078069
      vertex -15.775023519999992 27.323142227234033 -55.29970941
    endloop
  endfacet
  facet normal 0.8660254037844387 0.4999999999999998 1.2920060885872944e-16
    outer loop
      vertex -9.743450504999997 16.87615131569264 -55.79704576
      vertex -15.775023519999992 27.323142227234033 -55.29970941
      vertex -8.501259974999996 14.724614205051724 -50.20078069
    endloop
  endfacet
  facet normal 0.8660254037844387 0.49999999999999983 -2.4083132338028773e-16
    outer loop
      vertex -12.823908644999994 22.211661324761756 -57.98882087
      vertex -15.775023519999992 27.323142227234033 -55.29970941
      vertex -9.743450504999997 16.87615131569264 -55.79704576
    endloop
  endfacet
  facet normal 0.8660254037844388 0.4999999999999999 -1.354981772415601e-16
    outer loop
      vertex -9.601477119999997 16.6302461995501 -44.486901010000004
      vertex -15.441999524999993 26.74632774775447 -44.00562334
      vertex -12.684599659999995 21.97037108479091 -41.98821032
    endloop
  endfacet
  facet normal 0.8660254037844379 0.5000000000000014 -9.551568618083454e-15
    outer loop
      vertex -15.775023519999992 27.323142227234033 -55.29970941
      vertex -12.980857374999996 22.48350449930517 -57.97648779
      vertex -13.020473529999995 22.55212169256569 -57.97181521
    endloop
  endfacet
  facet normal 0.8660254037844385 0.5000000000000001 -2.659282394099598e-15
    outer loop
      vertex -9.601477119999997 16.6302461995501 -44.486901010000004
      vertex -12.684599659999995 21.97037108479091 -41.98821032
      vertex -12.399609654999995 21.476753916481602 -42.00251995
    endloop
  endfacet
  facet normal 0.8660254037844389 0.49999999999999944 0
    outer loop
      vertex -15.775023519999992 27.323142227234033 -55.29970941
      vertex -12.823908644999994 22.211661324761756 -57.98882087
      vertex -12.980857374999996 22.48350449930517 -57.97648779
    endloop
  endfacet
  facet normal 0.8660254037844387 0.4999999999999998 0
    outer loop
      vertex -16.778052424999995 29.060439252154215 -49.51472332
      vertex -9.601477119999997 16.6302461995501 -44.486901010000004
      vertex -8.501259974999996 14.724614205051724 -50.20078069
    endloop
  endfacet
  facet normal 0.8660254037844386 0.5 3.912743513663935e-16
    outer loop
      vertex -12.823908644999994 22.211661324761756 -57.98882087
      vertex -9.743450504999997 16.87615131569264 -55.79704576
      vertex -12.578534794999994 21.786661349712972 -57.99845792
    endloop
  endfacet
endsolid OpenSCAD_Model
